order_id,date,customer_id,product_name,category,price,quantity,country,total,month,year
1,2024-05-10,1518,Mouse,Office,1476.78,4,Israel,5907.12,5,2024
2,2024-12-31,1711,Desk Lamp,Office,871.83,4,Germany,3487.32,12,2024
3,2024-11-10,1335,Headphones,Accessories,1275.28,3,UK,3825.84,11,2024
4,2022-05-02,1066,USB Cable,Office,1445.52,1,UK,1445.52,5,2022
5,2023-04-12,1492,Laptop,Accessories,1029.14,2,USA,2058.28,4,2023
6,2022-11-27,1649,Keyboard,Accessories,494.81,3,Canada,1484.43,11,2022
7,2022-03-29,1753,USB Cable,Electronics,466.37,1,France,466.37,3,2022
8,2024-05-21,1966,Laptop,Accessories,111.56,2,Canada,223.12,5,2024
9,2022-05-11,1212,Headphones,Accessories,644.52,1,Canada,644.52,5,2022
10,2024-02-09,1180,Desk Lamp,Electronics,1373.51,2,France,2747.02,2,2024
11,2022-12-10,1765,Laptop,Office,719.7,2,Israel,1439.4,12,2022
12,2024-03-16,1612,Webcam,Office,1366.94,2,France,2733.88,3,2024
13,2023-01-21,1862,USB Cable,Accessories,1226.63,4,UK,4906.52,1,2023
14,2024-08-13,1598,USB Cable,Electronics,1476.36,3,USA,4429.08,8,2024
15,2022-10-04,1696,Desk Lamp,Accessories,1421.8,4,France,5687.2,10,2022
16,2023-04-05,1602,Keyboard,Accessories,1061.19,4,Germany,4244.76,4,2023
17,2022-01-22,1247,Laptop,Office,1307.47,2,Germany,2614.94,1,2022
18,2022-09-10,1213,Keyboard,Electronics,1123.38,3,Germany,3370.14,9,2022
19,2024-01-18,1358,USB Cable,Accessories,1056.57,3,France,3169.71,1,2024
20,2024-05-06,1248,Laptop,Office,1074.76,3,USA,3224.28,5,2024
21,2023-04-20,1637,Laptop,Accessories,1082.96,3,France,3248.88,4,2023
22,2024-12-18,1922,Keyboard,Office,572.23,2,UK,1144.46,12,2024
23,2023-05-26,1949,Webcam,Electronics,638.23,3,France,1914.69,5,2023
24,2023-12-01,1880,Laptop,Accessories,444.64,1,Canada,444.64,12,2023
25,2024-09-02,1515,Webcam,Electronics,226.65,1,Germany,226.65,9,2024
26,2022-07-09,1087,Mouse,Office,690.37,4,Germany,2761.48,7,2022
27,2024-08-15,1662,Monitor,Electronics,1350.42,2,Canada,2700.84,8,2024
28,2023-11-18,1175,Mouse,Electronics,978.64,4,USA,3914.56,11,2023
29,2024-08-15,1722,Monitor,Electronics,88.99,4,Israel,355.96,8,2024
30,2023-07-17,1425,Mouse,Accessories,1217.74,3,Germany,3653.22,7,2023
31,2024-04-11,1770,Monitor,Office,1403.43,1,Germany,1403.43,4,2024
32,2023-10-09,1602,Laptop,Electronics,1244.99,1,Israel,1244.99,10,2023
33,2022-01-21,1770,Keyboard,Accessories,1092.67,3,France,3278.01,1,2022
34,2024-04-20,1923,Keyboard,Office,229.43,3,Germany,688.29,4,2024
35,2022-06-16,1702,Desk Lamp,Office,526.75,2,USA,1053.5,6,2022
36,2023-01-23,1080,Headphones,Office,850.1,1,France,850.1,1,2023
37,2023-08-24,1926,Desk Lamp,Electronics,119.91,4,France,479.64,8,2023
38,2022-11-12,1137,Monitor,Electronics,163.87,4,Germany,655.48,11,2022
39,2022-01-14,1432,Headphones,Electronics,1401.71,2,France,2803.42,1,2022
40,2022-08-30,1469,Webcam,Office,1055.52,1,France,1055.52,8,2022
41,2024-02-16,1349,Webcam,Office,416.26,3,USA,1248.78,2,2024
42,2023-07-19,1125,Headphones,Electronics,494.4,4,France,1977.6,7,2023
43,2024-06-16,1880,Monitor,Electronics,579.72,1,Canada,579.72,6,2024
44,2022-04-02,1916,Keyboard,Office,117.23,1,Germany,117.23,4,2022
45,2024-08-13,1867,Monitor,Office,1110.07,1,Germany,1110.07,8,2024
46,2023-05-24,1308,Webcam,Accessories,269.37,3,Canada,808.11,5,2023
47,2024-02-15,1854,Laptop,Accessories,1208.65,4,Canada,4834.6,2,2024
48,2022-02-04,1229,Headphones,Electronics,1269.58,3,Canada,3808.74,2,2022
49,2022-07-25,1459,Headphones,Office,959.46,1,Israel,959.46,7,2022
50,2024-10-22,1344,Webcam,Office,1155.93,1,UK,1155.93,10,2024
51,2024-10-18,1309,Monitor,Accessories,261.89,4,Israel,1047.56,10,2024
52,2023-07-20,1952,Headphones,Office,866.03,4,USA,3464.12,7,2023
53,2023-12-04,1019,Keyboard,Electronics,1016.81,3,USA,3050.43,12,2023
54,2023-02-06,1880,Headphones,Accessories,994.03,3,Germany,2982.09,2,2023
55,2023-12-31,1560,Monitor,Office,180.35,3,UK,541.05,12,2023
56,2022-06-11,1646,Webcam,Office,519.85,1,Israel,519.85,6,2022
57,2022-07-21,1540,Keyboard,Electronics,490.93,4,UK,1963.72,7,2022
58,2024-09-22,1559,Keyboard,Office,860.93,2,Germany,1721.86,9,2024
59,2022-09-27,1476,Headphones,Accessories,1149.03,4,France,4596.12,9,2022
60,2024-03-26,1268,Monitor,Accessories,858.03,4,Germany,3432.12,3,2024
61,2023-04-01,1002,Headphones,Office,1133.47,4,Germany,4533.88,4,2023
62,2024-10-13,1769,USB Cable,Office,152.96,2,UK,305.92,10,2024
63,2022-10-23,1015,Laptop,Office,1317.82,3,USA,3953.46,10,2022
64,2023-12-21,1605,Desk Lamp,Office,807.24,2,France,1614.48,12,2023
65,2022-12-04,1357,Webcam,Accessories,61.06,4,France,244.24,12,2022
66,2024-05-28,1645,USB Cable,Electronics,966.6,4,USA,3866.4,5,2024
67,2024-12-12,1812,Desk Lamp,Accessories,778.43,1,UK,778.43,12,2024
68,2024-03-02,1838,Laptop,Office,334.45,4,UK,1337.8,3,2024
69,2022-08-05,1132,Keyboard,Office,1147.82,2,USA,2295.64,8,2022
70,2024-02-03,1311,Headphones,Accessories,1400.68,2,Israel,2801.36,2,2024
71,2022-07-07,1966,Laptop,Accessories,487.41,2,UK,974.82,7,2022
72,2023-01-15,1481,Mouse,Office,743.4,3,USA,2230.2,1,2023
73,2023-05-08,1894,Laptop,Accessories,196.62,1,Israel,196.62,5,2023
74,2024-11-30,1543,Headphones,Office,1395.05,3,Germany,4185.15,11,2024
75,2022-01-15,1304,Desk Lamp,Accessories,481.6,2,France,963.2,1,2022
76,2022-03-06,1268,Headphones,Office,296.2,3,USA,888.6,3,2022
77,2023-06-05,1413,Webcam,Accessories,720.25,1,UK,720.25,6,2023
78,2023-10-10,1024,Laptop,Office,69.71,1,France,69.71,10,2023
79,2024-12-22,1980,Headphones,Electronics,382.99,1,Israel,382.99,12,2024
80,2023-08-16,1315,Headphones,Electronics,106.15,1,France,106.15,8,2023
81,2023-01-27,1570,USB Cable,Accessories,195.42,2,Canada,390.84,1,2023
82,2023-02-23,1724,Webcam,Electronics,172.68,4,USA,690.72,2,2023
83,2022-10-16,1667,USB Cable,Office,1309.27,2,Germany,2618.54,10,2022
84,2023-01-14,1825,Webcam,Accessories,1396.0,2,Israel,2792.0,1,2023
85,2022-08-19,1275,Webcam,Accessories,714.41,2,Israel,1428.82,8,2022
86,2024-10-14,1929,Desk Lamp,Office,947.47,2,Israel,1894.94,10,2024
87,2022-02-10,1388,USB Cable,Office,1045.37,3,France,3136.11,2,2022
88,2024-11-17,1721,Webcam,Office,590.01,1,Germany,590.01,11,2024
89,2022-05-15,1443,Mouse,Accessories,558.46,4,USA,2233.84,5,2022
90,2022-07-20,1998,Desk Lamp,Office,1014.98,4,USA,4059.92,7,2022
91,2024-02-19,1426,Keyboard,Electronics,568.19,4,France,2272.76,2,2024
92,2024-07-18,1056,Headphones,Accessories,873.61,2,Canada,1747.22,7,2024
93,2024-11-22,1696,Monitor,Office,775.21,1,USA,775.21,11,2024
94,2024-12-07,1970,Webcam,Accessories,789.07,1,USA,789.07,12,2024
95,2023-05-18,1565,Keyboard,Electronics,1244.89,4,Germany,4979.56,5,2023
96,2023-02-11,1720,Webcam,Electronics,1057.57,4,France,4230.28,2,2023
97,2024-03-15,1367,Desk Lamp,Office,1441.22,2,France,2882.44,3,2024
98,2022-04-09,1940,Desk Lamp,Accessories,1187.51,4,Israel,4750.04,4,2022
99,2023-11-15,1341,Keyboard,Office,222.96,2,USA,445.92,11,2023
100,2023-12-27,1804,Monitor,Accessories,1109.03,4,UK,4436.12,12,2023
101,2024-08-18,1851,Desk Lamp,Office,1000.14,1,Canada,1000.14,8,2024
102,2023-09-05,1303,Laptop,Office,970.84,1,Germany,970.84,9,2023
103,2023-10-05,1763,Mouse,Accessories,723.71,1,Germany,723.71,10,2023
104,2024-10-25,1373,Headphones,Accessories,98.38,3,Canada,295.14,10,2024
105,2023-05-18,1949,Laptop,Electronics,1427.47,4,Canada,5709.88,5,2023
106,2024-02-06,1815,USB Cable,Electronics,1278.63,3,UK,3835.89,2,2024
107,2023-02-02,1111,Monitor,Accessories,732.78,1,Israel,732.78,2,2023
108,2024-05-20,1877,Mouse,Electronics,242.08,4,UK,968.32,5,2024
109,2024-03-05,1005,Mouse,Electronics,1237.59,3,Canada,3712.77,3,2024
110,2023-01-28,1929,Mouse,Accessories,648.85,1,Canada,648.85,1,2023
111,2022-07-26,1702,Monitor,Accessories,588.22,1,UK,588.22,7,2022
112,2024-11-04,1845,Webcam,Accessories,999.75,4,Israel,3999.0,11,2024
113,2024-06-10,1943,Webcam,Office,1139.22,4,UK,4556.88,6,2024
114,2024-05-13,1278,Desk Lamp,Accessories,98.95,2,Israel,197.9,5,2024
115,2024-01-13,1381,USB Cable,Accessories,1152.5,4,Canada,4610.0,1,2024
116,2023-07-18,1851,Webcam,Accessories,1102.24,1,Canada,1102.24,7,2023
117,2024-10-17,1012,Desk Lamp,Electronics,885.87,2,Canada,1771.74,10,2024
118,2022-04-06,1302,Laptop,Accessories,510.94,2,USA,1021.88,4,2022
119,2023-04-30,1555,Desk Lamp,Electronics,251.38,4,Israel,1005.52,4,2023
120,2022-08-19,1616,Headphones,Office,158.47,1,Canada,158.47,8,2022
121,2024-01-19,1159,Desk Lamp,Accessories,6.77,3,France,20.31,1,2024
122,2023-06-25,1153,Mouse,Accessories,313.66,1,France,313.66,6,2023
123,2024-11-25,1753,USB Cable,Electronics,619.95,1,UK,619.95,11,2024
124,2023-06-09,1180,USB Cable,Office,369.25,4,France,1477.0,6,2023
125,2023-08-01,1525,Mouse,Accessories,466.92,3,Israel,1400.76,8,2023
126,2023-11-13,1179,Laptop,Office,588.73,2,USA,1177.46,11,2023
127,2023-07-11,1376,Desk Lamp,Office,465.85,3,Israel,1397.55,7,2023
128,2024-10-09,1803,Webcam,Accessories,1088.31,4,Germany,4353.24,10,2024
129,2023-10-08,1775,Desk Lamp,Office,740.13,1,UK,740.13,10,2023
130,2024-03-06,1167,Mouse,Office,33.89,1,Canada,33.89,3,2024
131,2024-11-17,1213,Mouse,Accessories,343.87,3,USA,1031.61,11,2024
132,2022-07-09,1149,Monitor,Electronics,1065.94,3,UK,3197.82,7,2022
133,2023-09-25,1015,Keyboard,Accessories,454.89,4,Germany,1819.56,9,2023
134,2023-09-20,1090,USB Cable,Office,1380.61,3,France,4141.83,9,2023
135,2024-08-30,1119,Laptop,Accessories,1070.43,4,Germany,4281.72,8,2024
136,2023-12-11,1955,Desk Lamp,Electronics,438.44,2,France,876.88,12,2023
137,2023-10-11,1252,Laptop,Office,777.03,3,UK,2331.09,10,2023
138,2022-11-14,1059,Webcam,Office,1002.52,1,UK,1002.52,11,2022
139,2023-11-15,1265,Laptop,Electronics,294.08,3,Canada,882.24,11,2023
140,2023-10-26,1408,Webcam,Electronics,373.05,1,Canada,373.05,10,2023
141,2023-03-18,1030,Desk Lamp,Office,763.15,2,UK,1526.3,3,2023
142,2023-07-18,1020,Monitor,Electronics,1387.72,2,Canada,2775.44,7,2023
143,2024-08-09,1730,Desk Lamp,Accessories,519.3,3,Israel,1557.9,8,2024
144,2023-11-30,1592,Monitor,Electronics,606.18,4,USA,2424.72,11,2023
145,2022-04-23,1288,Headphones,Accessories,289.98,1,Israel,289.98,4,2022
146,2022-01-02,1542,Webcam,Office,891.85,2,Germany,1783.7,1,2022
147,2023-10-04,1497,USB Cable,Office,1111.53,3,USA,3334.59,10,2023
148,2022-08-08,1745,Monitor,Office,663.76,2,UK,1327.52,8,2022
149,2024-05-04,1473,Desk Lamp,Office,1126.62,3,UK,3379.86,5,2024
150,2023-01-20,1404,Webcam,Office,457.39,1,UK,457.39,1,2023
151,2024-12-12,1547,USB Cable,Electronics,1061.94,3,France,3185.82,12,2024
152,2023-12-31,1960,Desk Lamp,Electronics,391.23,1,Germany,391.23,12,2023
153,2022-09-04,1131,USB Cable,Office,1172.07,2,Israel,2344.14,9,2022
154,2024-04-15,1323,Desk Lamp,Electronics,1246.81,1,Canada,1246.81,4,2024
155,2022-07-22,1857,Laptop,Electronics,1197.6,1,Germany,1197.6,7,2022
156,2022-05-03,1131,Headphones,Office,327.13,4,France,1308.52,5,2022
157,2023-02-05,1520,Keyboard,Electronics,1042.9,2,France,2085.8,2,2023
158,2024-02-06,1029,Mouse,Office,810.12,1,Germany,810.12,2,2024
159,2022-10-21,1626,Mouse,Office,1479.13,4,France,5916.52,10,2022
160,2022-10-07,1300,Headphones,Office,545.56,4,Canada,2182.24,10,2022
161,2024-06-02,1003,Webcam,Office,1158.02,1,USA,1158.02,6,2024
162,2022-07-17,1324,Webcam,Electronics,558.27,3,UK,1674.81,7,2022
163,2024-09-08,1508,Webcam,Electronics,598.3,1,Israel,598.3,9,2024
164,2024-01-22,1236,Keyboard,Accessories,170.93,3,France,512.79,1,2024
165,2022-05-24,1534,USB Cable,Accessories,363.29,1,Israel,363.29,5,2022
166,2023-09-01,1015,Mouse,Office,250.9,2,UK,501.8,9,2023
167,2022-07-06,1533,Headphones,Accessories,243.0,4,Canada,972.0,7,2022
168,2023-04-09,1996,Webcam,Electronics,18.48,1,Germany,18.48,4,2023
169,2023-10-22,1583,Monitor,Electronics,1191.7,1,Canada,1191.7,10,2023
170,2024-02-03,1815,Laptop,Accessories,704.56,1,UK,704.56,2,2024
171,2024-08-12,1445,Keyboard,Accessories,1207.23,3,Israel,3621.69,8,2024
172,2023-02-07,1992,Desk Lamp,Electronics,920.76,2,USA,1841.52,2,2023
173,2022-05-27,1502,Webcam,Accessories,1247.85,2,Germany,2495.7,5,2022
174,2024-05-13,1955,Mouse,Electronics,758.13,1,France,758.13,5,2024
175,2023-05-04,1229,Laptop,Electronics,145.59,4,USA,582.36,5,2023
176,2024-07-17,1106,Headphones,Accessories,927.06,4,UK,3708.24,7,2024
177,2023-07-05,1719,Webcam,Accessories,1018.26,1,Israel,1018.26,7,2023
178,2022-12-04,1388,Mouse,Office,941.62,3,Israel,2824.86,12,2022
179,2024-05-21,1719,Laptop,Office,1203.0,4,Israel,4812.0,5,2024
180,2023-10-03,1262,Monitor,Office,1098.59,2,UK,2197.18,10,2023
181,2023-04-18,1562,Keyboard,Office,651.79,4,Germany,2607.16,4,2023
182,2022-05-31,1064,Headphones,Office,1229.56,4,France,4918.24,5,2022
183,2022-09-20,1264,Desk Lamp,Electronics,1039.22,1,USA,1039.22,9,2022
184,2022-05-24,1337,Mouse,Accessories,184.95,4,UK,739.8,5,2022
185,2022-12-12,1300,USB Cable,Electronics,812.11,1,Israel,812.11,12,2022
186,2023-09-16,1377,Monitor,Office,1094.19,2,France,2188.38,9,2023
187,2024-10-13,1174,Keyboard,Office,832.17,4,Israel,3328.68,10,2024
188,2024-05-30,1962,Keyboard,Accessories,1423.8,1,UK,1423.8,5,2024
189,2022-01-02,1151,USB Cable,Electronics,156.73,1,Israel,156.73,1,2022
190,2024-06-15,1475,Desk Lamp,Office,1084.87,2,UK,2169.74,6,2024
191,2022-09-11,1265,Monitor,Office,1237.55,4,Israel,4950.2,9,2022
192,2023-03-29,1328,Mouse,Office,1055.47,3,UK,3166.41,3,2023
193,2024-11-26,1972,Keyboard,Office,581.45,4,Israel,2325.8,11,2024
194,2024-10-11,1815,Headphones,Electronics,581.29,1,France,581.29,10,2024
195,2022-01-09,1162,Laptop,Electronics,881.92,1,France,881.92,1,2022
196,2024-03-26,1437,Headphones,Office,598.66,2,Israel,1197.32,3,2024
197,2022-07-27,1342,Desk Lamp,Electronics,1325.36,2,Israel,2650.72,7,2022
198,2023-02-08,1366,Webcam,Office,169.35,3,UK,508.05,2,2023
199,2022-06-01,1464,Desk Lamp,Accessories,960.54,3,UK,2881.62,6,2022
200,2022-02-23,1749,Keyboard,Accessories,205.5,1,UK,205.5,2,2022
201,2023-09-20,1198,Laptop,Accessories,812.54,3,Germany,2437.62,9,2023
202,2023-08-10,1499,Monitor,Electronics,1074.79,3,Israel,3224.37,8,2023
203,2022-04-14,1015,Laptop,Office,252.44,3,Canada,757.32,4,2022
204,2022-09-11,1820,Desk Lamp,Accessories,1057.53,4,Israel,4230.12,9,2022
205,2023-05-25,1295,Laptop,Accessories,214.27,4,Israel,857.08,5,2023
206,2022-04-09,1867,USB Cable,Electronics,932.73,1,Israel,932.73,4,2022
207,2022-06-02,1510,Laptop,Electronics,760.8,4,UK,3043.2,6,2022
208,2024-07-02,1787,Keyboard,Accessories,450.62,3,UK,1351.86,7,2024
209,2024-05-27,1983,USB Cable,Office,171.77,3,Germany,515.31,5,2024
210,2022-12-04,1238,Desk Lamp,Office,1105.1,3,UK,3315.3,12,2022
211,2024-04-01,1580,Desk Lamp,Office,575.8,4,Canada,2303.2,4,2024
212,2024-08-14,1300,Desk Lamp,Accessories,134.36,2,Israel,268.72,8,2024
213,2022-06-10,1005,USB Cable,Electronics,1160.32,3,Israel,3480.96,6,2022
214,2024-03-11,1219,Webcam,Office,353.18,3,USA,1059.54,3,2024
215,2023-02-02,1765,Webcam,Accessories,1106.0,2,UK,2212.0,2,2023
216,2024-03-26,1452,USB Cable,Accessories,849.52,2,USA,1699.04,3,2024
217,2023-02-05,1432,USB Cable,Electronics,295.82,1,Israel,295.82,2,2023
218,2023-10-02,1806,Desk Lamp,Office,119.23,1,UK,119.23,10,2023
219,2024-11-22,1869,Desk Lamp,Accessories,891.91,4,Israel,3567.64,11,2024
220,2023-11-19,1385,Desk Lamp,Office,42.69,2,USA,85.38,11,2023
221,2023-04-05,1618,Mouse,Office,102.87,1,USA,102.87,4,2023
222,2024-08-12,1294,Webcam,Office,1054.82,3,France,3164.46,8,2024
223,2023-04-15,1117,Keyboard,Accessories,810.62,1,France,810.62,4,2023
224,2024-11-11,1404,Mouse,Office,492.81,3,UK,1478.43,11,2024
225,2024-01-20,1679,Monitor,Electronics,811.15,3,UK,2433.45,1,2024
226,2022-02-07,1996,Monitor,Accessories,889.52,3,UK,2668.56,2,2022
227,2022-08-18,1762,Monitor,Accessories,850.1,4,UK,3400.4,8,2022
228,2023-07-17,1593,Monitor,Office,965.62,2,UK,1931.24,7,2023
229,2023-03-14,1565,Monitor,Office,1410.73,4,UK,5642.92,3,2023
230,2022-01-27,1751,Headphones,Office,586.22,1,Canada,586.22,1,2022
231,2022-08-14,1877,USB Cable,Accessories,455.22,1,UK,455.22,8,2022
232,2024-03-08,1011,Keyboard,Electronics,62.46,2,USA,124.92,3,2024
233,2022-10-11,1208,Mouse,Electronics,224.87,2,USA,449.74,10,2022
234,2024-05-28,1164,Monitor,Accessories,163.84,1,USA,163.84,5,2024
235,2024-08-17,1877,Headphones,Electronics,506.49,2,Canada,1012.98,8,2024
236,2023-03-29,1293,Desk Lamp,Office,916.94,2,Israel,1833.88,3,2023
237,2024-10-16,1910,Desk Lamp,Accessories,74.27,3,Germany,222.81,10,2024
238,2024-03-26,1518,Webcam,Electronics,1092.86,4,Israel,4371.44,3,2024
239,2023-10-21,1077,Headphones,Accessories,599.16,4,UK,2396.64,10,2023
240,2023-07-01,1433,Headphones,Electronics,1445.44,4,Germany,5781.76,7,2023
241,2024-12-08,1576,Keyboard,Accessories,854.74,3,USA,2564.22,12,2024
242,2022-01-17,1613,Monitor,Electronics,1158.19,3,USA,3474.57,1,2022
243,2022-06-07,1962,Headphones,Accessories,1292.47,2,France,2584.94,6,2022
244,2023-04-22,1868,USB Cable,Accessories,1333.83,2,UK,2667.66,4,2023
245,2024-12-05,1811,Headphones,Accessories,780.1,3,UK,2340.3,12,2024
246,2023-06-02,1798,Monitor,Accessories,598.13,3,France,1794.39,6,2023
247,2022-04-09,1682,Keyboard,Accessories,842.97,1,Israel,842.97,4,2022
248,2024-11-26,1076,Headphones,Office,606.1,3,France,1818.3,11,2024
249,2022-10-07,1047,Mouse,Accessories,364.87,3,Canada,1094.61,10,2022
250,2023-05-12,1766,Laptop,Accessories,489.26,4,UK,1957.04,5,2023
251,2022-10-29,1081,Desk Lamp,Accessories,352.99,1,Canada,352.99,10,2022
252,2022-06-30,1894,Webcam,Electronics,407.81,4,Canada,1631.24,6,2022
253,2023-08-30,1720,Laptop,Accessories,144.94,4,Canada,579.76,8,2023
254,2023-12-01,1208,Laptop,Office,642.56,1,USA,642.56,12,2023
255,2024-09-19,1444,Keyboard,Accessories,356.75,1,France,356.75,9,2024
256,2022-07-10,1970,Desk Lamp,Electronics,675.31,1,Germany,675.31,7,2022
257,2022-09-10,1595,Headphones,Electronics,1189.34,2,USA,2378.68,9,2022
258,2024-09-07,1521,Laptop,Accessories,675.23,1,Israel,675.23,9,2024
259,2024-07-16,1028,Laptop,Accessories,1432.14,4,USA,5728.56,7,2024
260,2022-05-08,1303,Desk Lamp,Accessories,226.02,1,Israel,226.02,5,2022
261,2022-01-18,1993,Webcam,Accessories,1276.15,2,USA,2552.3,1,2022
262,2023-07-20,1464,Monitor,Electronics,376.15,4,UK,1504.6,7,2023
263,2023-07-24,1501,USB Cable,Accessories,1401.23,1,Canada,1401.23,7,2023
264,2023-11-17,1445,USB Cable,Electronics,344.59,1,Israel,344.59,11,2023
265,2023-09-18,1627,Desk Lamp,Electronics,1121.71,4,Israel,4486.84,9,2023
266,2024-05-03,1489,Headphones,Office,97.87,4,France,391.48,5,2024
267,2024-08-19,1780,Headphones,Electronics,946.57,1,USA,946.57,8,2024
268,2022-06-04,1427,Webcam,Accessories,331.92,2,Israel,663.84,6,2022
269,2023-05-05,1558,Monitor,Accessories,1006.91,4,Israel,4027.64,5,2023
270,2024-02-24,1358,Desk Lamp,Accessories,955.56,3,USA,2866.68,2,2024
271,2022-09-03,1959,Headphones,Accessories,1385.93,1,USA,1385.93,9,2022
272,2024-11-28,1090,USB Cable,Office,941.88,4,Germany,3767.52,11,2024
273,2024-01-29,1052,USB Cable,Office,615.33,4,France,2461.32,1,2024
274,2023-06-22,1729,Mouse,Office,294.38,1,Israel,294.38,6,2023
275,2024-07-09,1859,Webcam,Office,987.89,1,USA,987.89,7,2024
276,2023-02-12,1588,Keyboard,Electronics,178.97,1,Israel,178.97,2,2023
277,2023-06-09,1203,Monitor,Office,1243.63,2,Germany,2487.26,6,2023
278,2024-04-07,1555,Webcam,Electronics,374.77,3,Germany,1124.31,4,2024
279,2024-06-21,1155,Laptop,Accessories,788.62,4,Israel,3154.48,6,2024
280,2022-02-05,1001,Desk Lamp,Electronics,895.94,1,France,895.94,2,2022
281,2023-11-16,1356,Headphones,Electronics,546.92,1,UK,546.92,11,2023
282,2022-01-20,1824,Mouse,Office,997.49,2,Israel,1994.98,1,2022
283,2022-11-17,1568,USB Cable,Accessories,379.07,3,Germany,1137.21,11,2022
284,2023-05-27,1801,Mouse,Accessories,56.76,4,France,227.04,5,2023
285,2023-02-04,1982,Keyboard,Office,1439.11,3,Canada,4317.33,2,2023
286,2023-10-16,1057,Desk Lamp,Electronics,483.47,3,USA,1450.41,10,2023
287,2024-08-29,1253,Webcam,Office,1071.63,1,Canada,1071.63,8,2024
288,2023-04-16,1179,Mouse,Electronics,763.76,1,France,763.76,4,2023
289,2024-04-13,1492,Webcam,Office,1005.15,1,France,1005.15,4,2024
290,2023-12-28,1668,Desk Lamp,Office,170.85,2,Israel,341.7,12,2023
291,2024-05-03,1034,Headphones,Accessories,780.68,2,France,1561.36,5,2024
292,2022-02-20,1074,Headphones,Accessories,591.37,2,USA,1182.74,2,2022
293,2023-07-29,1943,USB Cable,Accessories,680.52,1,Canada,680.52,7,2023
294,2022-05-30,1288,Mouse,Office,1449.48,1,Israel,1449.48,5,2022
295,2022-11-10,1370,Headphones,Accessories,208.75,1,Germany,208.75,11,2022
296,2023-07-24,1586,Desk Lamp,Accessories,1133.28,3,USA,3399.84,7,2023
297,2022-11-01,1328,Webcam,Office,498.86,2,Israel,997.72,11,2022
298,2023-11-13,1589,USB Cable,Accessories,439.09,2,Israel,878.18,11,2023
299,2024-04-17,1766,Headphones,Electronics,409.81,3,UK,1229.43,4,2024
300,2024-12-13,1776,Desk Lamp,Accessories,526.43,4,USA,2105.72,12,2024
301,2024-09-29,1998,Desk Lamp,Electronics,538.89,3,France,1616.67,9,2024
302,2023-03-20,1303,USB Cable,Accessories,409.77,3,USA,1229.31,3,2023
303,2023-09-05,1578,Laptop,Office,1002.9,1,USA,1002.9,9,2023
304,2024-09-19,1220,Webcam,Office,76.34,4,UK,305.36,9,2024
305,2022-09-21,1978,Desk Lamp,Accessories,501.78,3,France,1505.34,9,2022
306,2024-12-12,1163,USB Cable,Electronics,423.91,4,Canada,1695.64,12,2024
307,2024-09-30,1479,Monitor,Accessories,1128.37,4,UK,4513.48,9,2024
308,2022-01-05,1454,Desk Lamp,Office,224.02,1,UK,224.02,1,2022
309,2024-02-13,1374,Headphones,Accessories,1411.33,4,UK,5645.32,2,2024
310,2024-05-26,1219,Headphones,Office,259.93,1,USA,259.93,5,2024
311,2024-09-18,1683,Webcam,Electronics,558.19,2,Canada,1116.38,9,2024
312,2024-06-02,1253,Desk Lamp,Electronics,303.55,3,UK,910.65,6,2024
313,2022-02-16,1721,Keyboard,Office,433.61,1,Germany,433.61,2,2022
314,2024-05-16,1187,Monitor,Electronics,1142.73,1,France,1142.73,5,2024
315,2024-04-02,1190,USB Cable,Office,717.23,3,Canada,2151.69,4,2024
316,2024-07-24,1388,Monitor,Office,248.05,1,France,248.05,7,2024
317,2023-10-18,1214,USB Cable,Office,74.72,4,Canada,298.88,10,2023
318,2022-09-26,1374,Desk Lamp,Accessories,348.72,1,UK,348.72,9,2022
319,2023-01-05,1085,Monitor,Electronics,1418.68,1,Canada,1418.68,1,2023
320,2023-09-28,1473,Mouse,Accessories,1268.75,4,USA,5075.0,9,2023
321,2023-10-19,1617,Laptop,Accessories,663.06,3,Canada,1989.18,10,2023
322,2022-04-30,1843,Laptop,Electronics,725.58,1,Israel,725.58,4,2022
323,2024-04-10,1807,Keyboard,Accessories,1349.55,2,Israel,2699.1,4,2024
324,2024-12-17,1530,Monitor,Office,889.06,3,USA,2667.18,12,2024
325,2024-01-11,1046,Monitor,Accessories,1321.75,2,UK,2643.5,1,2024
326,2022-04-27,1064,Headphones,Office,740.3,2,UK,1480.6,4,2022
327,2024-03-01,1962,USB Cable,Electronics,304.15,2,Germany,608.3,3,2024
328,2024-10-09,1474,Webcam,Accessories,1090.26,1,Israel,1090.26,10,2024
329,2024-12-17,1145,Mouse,Electronics,791.96,4,Israel,3167.84,12,2024
330,2023-09-26,1945,Mouse,Office,1004.32,1,France,1004.32,9,2023
331,2023-05-28,1797,Desk Lamp,Accessories,240.06,2,UK,480.12,5,2023
332,2024-03-12,1381,Keyboard,Office,973.16,2,USA,1946.32,3,2024
333,2023-07-14,1065,Laptop,Office,576.47,4,UK,2305.88,7,2023
334,2023-05-03,1516,Desk Lamp,Office,501.34,3,UK,1504.02,5,2023
335,2024-06-15,1092,Monitor,Electronics,1008.86,2,Germany,2017.72,6,2024
336,2023-12-05,1864,Webcam,Electronics,890.4,1,Canada,890.4,12,2023
337,2023-08-04,1425,Keyboard,Electronics,975.42,2,Canada,1950.84,8,2023
338,2024-02-29,1467,USB Cable,Accessories,1448.17,2,USA,2896.34,2,2024
339,2024-05-10,1093,Mouse,Office,1053.29,3,Germany,3159.87,5,2024
340,2022-09-04,1617,Mouse,Electronics,963.14,4,Germany,3852.56,9,2022
341,2022-06-03,1132,Mouse,Office,922.26,2,Germany,1844.52,6,2022
342,2024-09-23,1433,Monitor,Electronics,601.08,3,Canada,1803.24,9,2024
343,2023-11-28,1340,Monitor,Office,1259.59,3,Germany,3778.77,11,2023
344,2024-12-28,1313,Monitor,Electronics,574.5,2,UK,1149.0,12,2024
345,2024-12-06,1590,Headphones,Electronics,1051.86,2,Canada,2103.72,12,2024
346,2024-10-05,1211,Laptop,Electronics,443.25,4,Canada,1773.0,10,2024
347,2022-04-04,1519,USB Cable,Electronics,225.9,1,France,225.9,4,2022
348,2024-08-15,1158,Mouse,Office,199.0,1,UK,199.0,8,2024
349,2024-10-08,1267,Mouse,Electronics,953.67,4,Germany,3814.68,10,2024
350,2023-03-29,1660,Desk Lamp,Electronics,495.29,3,Germany,1485.87,3,2023
351,2024-06-30,1861,Headphones,Electronics,416.2,3,France,1248.6,6,2024
352,2022-08-06,1957,Mouse,Office,890.13,4,Israel,3560.52,8,2022
353,2023-04-19,1602,USB Cable,Electronics,43.38,1,USA,43.38,4,2023
354,2023-03-08,1747,Mouse,Office,373.11,3,Germany,1119.33,3,2023
355,2022-12-07,1473,Monitor,Accessories,514.12,1,Germany,514.12,12,2022
356,2023-07-05,1800,Monitor,Office,1064.02,3,UK,3192.06,7,2023
357,2022-12-23,1409,Laptop,Accessories,819.78,1,Germany,819.78,12,2022
358,2022-01-23,1473,USB Cable,Electronics,1284.7,4,Germany,5138.8,1,2022
359,2023-06-06,1355,USB Cable,Electronics,505.09,1,USA,505.09,6,2023
360,2024-03-12,1679,Mouse,Office,448.18,3,UK,1344.54,3,2024
361,2024-02-01,1192,Keyboard,Electronics,54.63,3,Israel,163.89,2,2024
362,2023-03-18,1698,Mouse,Electronics,1427.82,3,Germany,4283.46,3,2023
363,2024-02-08,1270,Mouse,Office,754.73,2,Germany,1509.46,2,2024
364,2024-10-12,1113,Laptop,Electronics,756.27,2,Israel,1512.54,10,2024
365,2023-05-31,1896,Keyboard,Accessories,1385.54,3,France,4156.62,5,2023
366,2024-11-05,1522,Desk Lamp,Accessories,438.43,4,Israel,1753.72,11,2024
367,2024-03-02,1054,Mouse,Electronics,501.5,3,Israel,1504.5,3,2024
368,2022-12-02,1769,Webcam,Electronics,986.24,4,UK,3944.96,12,2022
369,2022-09-15,1064,Webcam,Accessories,1178.84,3,Canada,3536.52,9,2022
370,2023-05-12,1990,USB Cable,Electronics,1050.47,3,Israel,3151.41,5,2023
371,2024-06-14,1683,USB Cable,Accessories,1184.13,4,UK,4736.52,6,2024
372,2022-06-09,1271,Keyboard,Office,864.79,1,Canada,864.79,6,2022
373,2024-05-01,1501,Webcam,Accessories,1294.92,2,Israel,2589.84,5,2024
374,2023-11-21,1661,Monitor,Electronics,827.41,3,Germany,2482.23,11,2023
375,2023-01-15,1361,Monitor,Electronics,347.86,4,Germany,1391.44,1,2023
376,2024-08-14,1145,Keyboard,Accessories,814.84,4,Canada,3259.36,8,2024
377,2023-11-22,1942,Desk Lamp,Accessories,1070.85,2,France,2141.7,11,2023
378,2024-12-02,1208,Mouse,Electronics,982.1,2,Canada,1964.2,12,2024
379,2022-10-12,1285,USB Cable,Electronics,368.31,1,Israel,368.31,10,2022
380,2023-02-01,1009,Keyboard,Electronics,66.41,3,USA,199.23,2,2023
381,2022-01-12,1738,Webcam,Office,382.46,2,Israel,764.92,1,2022
382,2023-05-14,1185,Keyboard,Office,1476.14,1,Canada,1476.14,5,2023
383,2024-01-24,1573,Webcam,Accessories,280.78,3,USA,842.34,1,2024
384,2022-02-04,1596,USB Cable,Accessories,699.24,3,Canada,2097.72,2,2022
385,2023-12-28,1463,Monitor,Office,959.33,4,Israel,3837.32,12,2023
386,2024-04-28,1133,Keyboard,Office,1319.81,2,UK,2639.62,4,2024
387,2022-03-31,1834,USB Cable,Accessories,1141.59,1,Germany,1141.59,3,2022
388,2024-02-15,1808,USB Cable,Office,1363.88,1,USA,1363.88,2,2024
389,2023-08-28,1170,Headphones,Accessories,908.55,4,USA,3634.2,8,2023
390,2024-08-27,1212,Desk Lamp,Electronics,1298.65,1,Israel,1298.65,8,2024
391,2024-10-18,1972,Webcam,Accessories,399.45,1,Germany,399.45,10,2024
392,2023-02-22,1529,Headphones,Office,648.69,3,France,1946.07,2,2023
393,2022-04-25,1825,Monitor,Office,1266.44,2,USA,2532.88,4,2022
394,2023-09-09,1501,USB Cable,Office,491.72,4,Germany,1966.88,9,2023
395,2024-04-05,1571,USB Cable,Accessories,1307.48,2,Germany,2614.96,4,2024
396,2023-02-17,1599,Mouse,Office,547.86,1,USA,547.86,2,2023
397,2023-12-30,1026,Webcam,Accessories,548.28,1,UK,548.28,12,2023
398,2024-10-17,1067,Desk Lamp,Electronics,467.0,1,Canada,467.0,10,2024
399,2024-01-31,1789,Desk Lamp,Electronics,822.68,2,UK,1645.36,1,2024
400,2023-11-07,1407,Mouse,Office,197.96,4,Israel,791.84,11,2023
401,2023-04-02,1551,Monitor,Accessories,59.72,4,Canada,238.88,4,2023
402,2024-07-08,1108,Mouse,Accessories,1346.63,3,Canada,4039.89,7,2024
403,2022-07-11,1073,USB Cable,Office,1393.76,4,Israel,5575.04,7,2022
404,2024-01-09,1577,Webcam,Accessories,118.88,3,Germany,356.64,1,2024
405,2024-09-04,1679,Laptop,Office,826.8,1,USA,826.8,9,2024
406,2024-10-05,1261,Webcam,Office,811.82,4,UK,3247.28,10,2024
407,2022-04-06,1367,Webcam,Electronics,561.78,3,Germany,1685.34,4,2022
408,2023-10-25,1785,Headphones,Office,855.51,3,UK,2566.53,10,2023
409,2022-02-06,1848,Laptop,Accessories,689.89,2,USA,1379.78,2,2022
410,2022-10-06,1869,Laptop,Office,737.0,1,UK,737.0,10,2022
411,2022-08-05,1236,Laptop,Electronics,1134.23,4,France,4536.92,8,2022
412,2024-05-16,1726,Webcam,Electronics,791.31,4,Israel,3165.24,5,2024
413,2024-05-22,1365,Monitor,Accessories,488.87,4,Canada,1955.48,5,2024
414,2022-03-03,1285,Laptop,Office,874.28,3,UK,2622.84,3,2022
415,2023-08-19,1377,Keyboard,Accessories,962.93,4,USA,3851.72,8,2023
416,2023-12-30,1660,Mouse,Accessories,995.16,4,USA,3980.64,12,2023
417,2023-02-01,1829,Monitor,Office,929.37,4,France,3717.48,2,2023
418,2023-11-30,1905,Keyboard,Electronics,998.58,1,USA,998.58,11,2023
419,2024-11-08,1375,Webcam,Accessories,468.59,1,France,468.59,11,2024
420,2022-06-26,1618,Webcam,Accessories,671.97,3,Germany,2015.91,6,2022
421,2023-01-31,1652,Keyboard,Electronics,1004.72,2,UK,2009.44,1,2023
422,2023-03-21,1075,Headphones,Office,1132.78,4,USA,4531.12,3,2023
423,2022-03-17,1008,Headphones,Office,654.05,4,Israel,2616.2,3,2022
424,2022-09-22,1195,Keyboard,Office,551.17,3,UK,1653.51,9,2022
425,2023-03-31,1806,Desk Lamp,Electronics,1075.24,4,France,4300.96,3,2023
426,2023-12-19,1791,Headphones,Accessories,337.15,2,UK,674.3,12,2023
427,2024-01-05,1892,Mouse,Electronics,19.19,3,UK,57.57,1,2024
428,2024-04-30,1629,Mouse,Accessories,709.39,1,USA,709.39,4,2024
429,2022-05-24,1289,Desk Lamp,Accessories,264.19,2,Israel,528.38,5,2022
430,2024-06-03,1998,Webcam,Office,570.53,4,Germany,2282.12,6,2024
431,2024-12-28,1060,Headphones,Office,440.4,2,Israel,880.8,12,2024
432,2023-01-31,1936,Desk Lamp,Office,1167.01,1,Canada,1167.01,1,2023
433,2024-11-14,1388,Laptop,Electronics,500.46,3,France,1501.38,11,2024
434,2024-08-05,1846,Desk Lamp,Office,962.81,2,Canada,1925.62,8,2024
435,2024-06-09,1817,Keyboard,Electronics,1012.5,3,Israel,3037.5,6,2024
436,2023-07-23,1899,Mouse,Office,687.4,3,Israel,2062.2,7,2023
437,2024-11-28,1562,Desk Lamp,Office,126.21,4,France,504.84,11,2024
438,2022-04-19,1563,USB Cable,Office,1052.05,4,Israel,4208.2,4,2022
439,2024-12-01,1633,Headphones,Electronics,117.38,3,Germany,352.14,12,2024
440,2024-07-23,1678,USB Cable,Accessories,153.32,1,UK,153.32,7,2024
441,2023-02-02,1007,Headphones,Electronics,298.02,3,Germany,894.06,2,2023
442,2023-09-26,1368,Desk Lamp,Electronics,424.16,1,Canada,424.16,9,2023
443,2024-01-03,1044,Desk Lamp,Electronics,1270.45,2,UK,2540.9,1,2024
444,2022-08-23,1343,Mouse,Accessories,1014.01,3,UK,3042.03,8,2022
445,2023-10-20,1756,Mouse,Electronics,583.88,2,Israel,1167.76,10,2023
446,2024-01-21,1795,Desk Lamp,Office,1468.05,3,UK,4404.15,1,2024
447,2023-08-11,1374,Laptop,Accessories,369.19,2,France,738.38,8,2023
448,2024-10-29,1618,Headphones,Electronics,916.67,1,Germany,916.67,10,2024
449,2024-08-11,1026,Desk Lamp,Electronics,1271.59,2,UK,2543.18,8,2024
450,2023-05-07,1192,Headphones,Accessories,1204.02,2,Israel,2408.04,5,2023
451,2024-07-01,1929,Monitor,Electronics,140.01,4,Israel,560.04,7,2024
452,2022-06-19,1848,Webcam,Accessories,1047.42,3,Israel,3142.26,6,2022
453,2024-08-03,1356,Laptop,Office,390.51,3,USA,1171.53,8,2024
454,2024-03-05,1061,Mouse,Electronics,536.82,3,Germany,1610.46,3,2024
455,2023-09-26,1061,USB Cable,Electronics,736.04,3,Israel,2208.12,9,2023
456,2022-01-29,1421,Mouse,Office,1187.17,4,France,4748.68,1,2022
457,2022-12-05,1793,Keyboard,Electronics,253.47,1,Israel,253.47,12,2022
458,2023-05-15,1632,Webcam,Electronics,167.29,2,USA,334.58,5,2023
459,2023-05-26,1791,Mouse,Accessories,234.39,2,Germany,468.78,5,2023
460,2022-08-05,1550,Headphones,Electronics,331.24,1,UK,331.24,8,2022
461,2024-12-29,1379,Mouse,Office,93.96,2,Germany,187.92,12,2024
462,2023-03-21,1276,Desk Lamp,Electronics,1389.9,4,UK,5559.6,3,2023
463,2024-05-25,1605,Headphones,Accessories,482.03,3,UK,1446.09,5,2024
464,2022-06-16,1430,Headphones,Office,269.58,3,Israel,808.74,6,2022
465,2022-04-01,1114,Laptop,Office,958.56,4,Canada,3834.24,4,2022
466,2023-12-15,1687,Mouse,Office,1181.56,3,France,3544.68,12,2023
467,2022-02-08,1120,Laptop,Office,1131.09,2,France,2262.18,2,2022
468,2022-06-22,1524,USB Cable,Accessories,1079.47,1,Canada,1079.47,6,2022
469,2023-10-15,1996,USB Cable,Accessories,80.54,1,Israel,80.54,10,2023
470,2024-01-24,1898,Webcam,Accessories,1174.33,2,USA,2348.66,1,2024
471,2024-12-17,1415,Headphones,Accessories,755.31,1,UK,755.31,12,2024
472,2023-04-21,1162,Desk Lamp,Electronics,975.38,1,Canada,975.38,4,2023
473,2023-04-01,1786,Desk Lamp,Accessories,1434.85,3,France,4304.55,4,2023
474,2024-04-08,1909,USB Cable,Electronics,1216.96,2,Germany,2433.92,4,2024
475,2024-06-13,1687,Webcam,Office,1238.93,4,USA,4955.72,6,2024
476,2024-10-21,1981,Mouse,Electronics,276.29,1,Israel,276.29,10,2024
477,2023-01-22,1336,Webcam,Electronics,717.24,2,USA,1434.48,1,2023
478,2022-12-14,1378,Webcam,Electronics,1424.24,4,France,5696.96,12,2022
479,2022-07-09,1323,Mouse,Accessories,876.11,4,Canada,3504.44,7,2022
480,2023-05-20,1172,Laptop,Accessories,158.37,3,Israel,475.11,5,2023
481,2024-04-03,1999,Laptop,Office,1099.07,3,France,3297.21,4,2024
482,2024-07-17,1786,Headphones,Accessories,69.18,1,UK,69.18,7,2024
483,2024-07-22,1063,Desk Lamp,Electronics,1114.73,2,USA,2229.46,7,2024
484,2022-05-14,1100,Headphones,Accessories,1320.26,2,Canada,2640.52,5,2022
485,2022-02-27,1321,Mouse,Accessories,640.75,3,UK,1922.25,2,2022
486,2023-11-16,1974,Mouse,Electronics,623.35,3,Germany,1870.05,11,2023
487,2023-11-03,1065,Monitor,Office,459.8,3,UK,1379.4,11,2023
488,2022-06-22,1842,Monitor,Accessories,1316.02,1,USA,1316.02,6,2022
489,2024-03-25,1556,Keyboard,Office,823.94,2,Germany,1647.88,3,2024
490,2022-03-21,1598,Desk Lamp,Electronics,870.99,1,France,870.99,3,2022
491,2024-06-04,1457,USB Cable,Accessories,994.25,2,Canada,1988.5,6,2024
492,2022-07-22,1578,Headphones,Office,453.85,3,Germany,1361.55,7,2022
493,2024-02-03,1452,Webcam,Office,652.02,1,USA,652.02,2,2024
494,2022-02-16,1258,USB Cable,Electronics,1113.7,4,Israel,4454.8,2,2022
495,2023-10-18,1933,Keyboard,Accessories,1478.3,1,Germany,1478.3,10,2023
496,2023-04-16,1716,USB Cable,Office,56.29,1,France,56.29,4,2023
497,2024-08-28,1425,Desk Lamp,Office,68.76,4,Germany,275.04,8,2024
498,2024-11-01,1978,Desk Lamp,Office,644.98,4,Canada,2579.92,11,2024
499,2024-01-06,1935,Desk Lamp,Office,991.13,3,UK,2973.39,1,2024
500,2024-02-23,1177,Keyboard,Office,582.62,4,Israel,2330.48,2,2024
501,2024-08-25,1930,Laptop,Office,1499.46,4,USA,5997.84,8,2024
502,2022-12-24,1279,Webcam,Office,297.06,1,Israel,297.06,12,2022
503,2024-08-29,1343,Desk Lamp,Office,16.85,1,UK,16.85,8,2024
504,2023-10-30,1016,Laptop,Office,289.24,3,Israel,867.72,10,2023
505,2023-01-08,1295,Desk Lamp,Office,1330.83,4,UK,5323.32,1,2023
506,2024-10-28,1201,Monitor,Accessories,222.0,2,Canada,444.0,10,2024
507,2023-11-07,1961,Keyboard,Electronics,721.07,1,Germany,721.07,11,2023
508,2022-03-31,1683,USB Cable,Electronics,631.82,3,USA,1895.46,3,2022
509,2023-11-29,1918,Monitor,Electronics,1000.26,1,UK,1000.26,11,2023
510,2023-06-24,1773,Webcam,Office,86.62,1,UK,86.62,6,2023
511,2024-01-02,1193,Desk Lamp,Electronics,989.83,2,Germany,1979.66,1,2024
512,2024-05-18,1148,Webcam,Office,535.35,3,UK,1606.05,5,2024
513,2022-02-10,1374,Headphones,Accessories,1389.43,2,USA,2778.86,2,2022
514,2024-01-10,1887,Desk Lamp,Electronics,1274.09,2,France,2548.18,1,2024
515,2023-05-17,1034,Mouse,Accessories,602.26,3,Israel,1806.78,5,2023
516,2024-08-16,1368,Laptop,Accessories,1489.37,4,Canada,5957.48,8,2024
517,2024-07-17,1028,Headphones,Office,82.66,2,Canada,165.32,7,2024
518,2023-04-06,1774,USB Cable,Electronics,1184.01,4,UK,4736.04,4,2023
519,2024-01-02,1220,Headphones,Accessories,653.59,1,Israel,653.59,1,2024
520,2024-01-22,1052,USB Cable,Electronics,652.79,3,Canada,1958.37,1,2024
521,2024-07-13,1932,Laptop,Accessories,259.35,3,Israel,778.05,7,2024
522,2024-06-27,1790,Laptop,Accessories,774.75,1,Canada,774.75,6,2024
523,2023-01-25,1352,Webcam,Office,131.65,1,France,131.65,1,2023
524,2024-06-01,1391,Webcam,Electronics,926.78,1,UK,926.78,6,2024
525,2022-09-13,1075,Keyboard,Office,366.18,2,USA,732.36,9,2022
526,2023-12-10,1493,Monitor,Office,1088.66,2,UK,2177.32,12,2023
527,2023-03-26,1687,Webcam,Office,913.01,2,Israel,1826.02,3,2023
528,2022-01-10,1521,Headphones,Office,1120.88,2,Germany,2241.76,1,2022
529,2024-04-03,1974,Keyboard,Office,1125.86,2,France,2251.72,4,2024
530,2024-03-08,1116,USB Cable,Accessories,299.08,4,USA,1196.32,3,2024
531,2024-05-26,1279,Keyboard,Electronics,6.01,4,USA,24.04,5,2024
532,2024-10-25,1729,Headphones,Electronics,551.81,2,Israel,1103.62,10,2024
533,2024-10-12,1174,Webcam,Office,1379.01,3,USA,4137.03,10,2024
534,2023-01-09,1745,Desk Lamp,Electronics,868.96,3,Israel,2606.88,1,2023
535,2024-12-24,1948,USB Cable,Accessories,1092.62,4,USA,4370.48,12,2024
536,2022-05-26,1763,Headphones,Office,1319.96,4,USA,5279.84,5,2022
537,2022-08-12,1294,Mouse,Accessories,1359.56,3,Canada,4078.68,8,2022
538,2022-06-26,1450,Webcam,Accessories,795.89,3,Canada,2387.67,6,2022
539,2024-05-02,1833,Monitor,Office,813.71,3,Israel,2441.13,5,2024
540,2022-03-04,1517,USB Cable,Accessories,1277.15,4,France,5108.6,3,2022
541,2024-04-06,1020,Headphones,Office,1212.19,4,USA,4848.76,4,2024
542,2024-03-05,1072,Webcam,Accessories,1049.79,3,UK,3149.37,3,2024
543,2023-11-20,1841,Laptop,Electronics,908.67,4,Germany,3634.68,11,2023
544,2022-04-15,1035,Mouse,Electronics,927.74,2,Canada,1855.48,4,2022
545,2023-05-26,1506,USB Cable,Electronics,547.55,3,Israel,1642.65,5,2023
546,2023-01-20,1898,USB Cable,Office,1262.17,1,USA,1262.17,1,2023
547,2023-02-09,1232,Monitor,Accessories,928.58,3,Canada,2785.74,2,2023
548,2024-04-02,1727,Webcam,Accessories,339.17,4,France,1356.68,4,2024
549,2023-06-02,1981,Laptop,Electronics,363.57,1,Canada,363.57,6,2023
550,2023-04-21,1496,Webcam,Electronics,1293.1,1,UK,1293.1,4,2023
551,2023-12-10,1205,Laptop,Office,940.43,3,Israel,2821.29,12,2023
552,2024-02-10,1425,Monitor,Office,601.06,2,UK,1202.12,2,2024
553,2024-11-12,1940,Mouse,Accessories,284.72,2,Canada,569.44,11,2024
554,2024-09-23,1043,USB Cable,Office,917.27,4,Germany,3669.08,9,2024
555,2023-11-08,1090,Laptop,Office,280.54,1,France,280.54,11,2023
556,2023-12-15,1928,Keyboard,Office,707.9,2,Israel,1415.8,12,2023
557,2022-03-24,1827,Monitor,Electronics,1017.88,4,Israel,4071.52,3,2022
558,2023-04-02,1469,Monitor,Electronics,850.3,1,USA,850.3,4,2023
559,2022-01-01,1604,Headphones,Accessories,1383.54,4,UK,5534.16,1,2022
560,2022-02-20,1466,Mouse,Office,64.38,2,Israel,128.76,2,2022
561,2023-11-16,1850,Keyboard,Electronics,423.29,4,UK,1693.16,11,2023
562,2023-12-18,1453,Keyboard,Office,90.34,4,Germany,361.36,12,2023
563,2023-03-25,1594,Headphones,Accessories,295.93,2,USA,591.86,3,2023
564,2024-05-30,1332,Laptop,Office,190.36,2,Germany,380.72,5,2024
565,2023-05-03,1506,Laptop,Accessories,1100.33,4,USA,4401.32,5,2023
566,2022-02-03,1793,Desk Lamp,Accessories,557.22,2,USA,1114.44,2,2022
567,2022-04-05,1469,Desk Lamp,Electronics,1387.94,3,UK,4163.82,4,2022
568,2024-12-31,1020,Keyboard,Office,39.95,3,Canada,119.85,12,2024
569,2022-06-03,1227,Mouse,Electronics,981.12,3,USA,2943.36,6,2022
570,2022-09-07,1375,Laptop,Office,1455.96,1,Germany,1455.96,9,2022
571,2023-11-05,1129,Monitor,Office,267.88,3,Canada,803.64,11,2023
572,2023-03-14,1686,Webcam,Accessories,666.44,3,Germany,1999.32,3,2023
573,2022-04-28,1619,Headphones,Accessories,1054.33,3,Canada,3162.99,4,2022
574,2024-02-10,1413,Mouse,Office,951.54,2,Germany,1903.08,2,2024
575,2022-09-25,1794,Laptop,Electronics,851.21,2,UK,1702.42,9,2022
576,2024-12-13,1070,Webcam,Accessories,493.5,2,UK,987.0,12,2024
577,2022-08-24,1403,Keyboard,Accessories,1093.66,2,France,2187.32,8,2022
578,2023-01-24,1561,Headphones,Office,981.62,2,Israel,1963.24,1,2023
579,2024-09-16,1606,Laptop,Office,248.39,3,France,745.17,9,2024
580,2024-02-02,1790,Keyboard,Accessories,1446.32,3,France,4338.96,2,2024
581,2023-02-05,1396,Laptop,Electronics,835.73,2,USA,1671.46,2,2023
582,2023-09-16,1336,Headphones,Accessories,790.57,4,USA,3162.28,9,2023
583,2024-02-06,1643,Monitor,Office,1273.11,2,France,2546.22,2,2024
584,2024-07-07,1504,USB Cable,Accessories,962.42,3,Israel,2887.26,7,2024
585,2024-05-02,1909,Monitor,Office,116.35,3,France,349.05,5,2024
586,2023-08-01,1275,USB Cable,Accessories,762.35,2,UK,1524.7,8,2023
587,2022-03-16,1891,Webcam,Office,1171.99,1,Germany,1171.99,3,2022
588,2023-03-11,1012,Keyboard,Office,1051.47,4,France,4205.88,3,2023
589,2022-04-13,1002,USB Cable,Electronics,1456.3,2,USA,2912.6,4,2022
590,2024-02-03,1985,Monitor,Office,42.25,3,Israel,126.75,2,2024
591,2024-01-08,1985,Headphones,Accessories,395.52,4,USA,1582.08,1,2024
592,2024-03-16,1977,Keyboard,Office,825.99,1,UK,825.99,3,2024
593,2022-04-08,1223,Laptop,Accessories,931.14,4,Canada,3724.56,4,2022
594,2024-03-08,1973,USB Cable,Electronics,415.16,2,USA,830.32,3,2024
595,2024-05-08,1174,Desk Lamp,Accessories,1241.07,3,Canada,3723.21,5,2024
596,2023-03-11,1898,USB Cable,Electronics,250.7,3,USA,752.1,3,2023
597,2023-03-23,1384,Mouse,Electronics,6.27,3,Israel,18.81,3,2023
598,2022-09-06,1601,USB Cable,Office,1428.83,4,Canada,5715.32,9,2022
599,2022-06-15,1919,USB Cable,Electronics,590.38,2,Israel,1180.76,6,2022
600,2024-09-10,1240,Laptop,Accessories,1436.45,2,USA,2872.9,9,2024
601,2024-10-16,1546,Headphones,Electronics,420.51,4,USA,1682.04,10,2024
602,2023-06-26,1013,Webcam,Electronics,99.86,4,France,399.44,6,2023
603,2024-01-29,1194,Keyboard,Office,1159.92,1,UK,1159.92,1,2024
604,2022-03-22,1396,Laptop,Accessories,1254.55,3,Canada,3763.65,3,2022
605,2022-05-13,1430,Keyboard,Electronics,740.67,4,France,2962.68,5,2022
606,2024-03-07,1305,Desk Lamp,Office,115.41,3,Israel,346.23,3,2024
607,2024-06-18,1333,Monitor,Office,982.93,1,France,982.93,6,2024
608,2022-05-18,1724,Mouse,Accessories,277.31,2,France,554.62,5,2022
609,2022-07-03,1409,Desk Lamp,Office,1274.83,3,Canada,3824.49,7,2022
610,2024-02-24,1002,Headphones,Electronics,414.66,4,USA,1658.64,2,2024
611,2024-09-10,1690,Laptop,Office,1272.32,4,USA,5089.28,9,2024
612,2022-03-10,1551,Mouse,Accessories,643.25,1,Canada,643.25,3,2022
613,2023-06-30,1451,USB Cable,Accessories,896.75,3,UK,2690.25,6,2023
614,2022-02-22,1675,Headphones,Office,1185.4,2,Germany,2370.8,2,2022
615,2022-07-24,1818,Desk Lamp,Electronics,65.46,2,Germany,130.92,7,2022
616,2022-05-06,1746,Headphones,Office,1232.64,4,Canada,4930.56,5,2022
617,2022-02-12,1768,Webcam,Accessories,212.28,1,Canada,212.28,2,2022
618,2022-04-21,1871,Desk Lamp,Office,540.84,4,France,2163.36,4,2022
619,2024-01-31,1494,Desk Lamp,Office,711.81,4,UK,2847.24,1,2024
620,2024-04-27,1416,Monitor,Electronics,1343.66,4,UK,5374.64,4,2024
621,2022-04-05,1390,Webcam,Office,38.55,4,Israel,154.2,4,2022
622,2024-06-18,1372,Webcam,Electronics,841.01,1,USA,841.01,6,2024
623,2022-12-26,1627,Keyboard,Office,965.57,4,Canada,3862.28,12,2022
624,2024-06-18,1051,Keyboard,Office,478.29,3,Canada,1434.87,6,2024
625,2022-10-08,1375,USB Cable,Electronics,439.28,4,Canada,1757.12,10,2022
626,2023-10-29,1394,Mouse,Electronics,738.25,4,Canada,2953.0,10,2023
627,2022-04-03,1922,Monitor,Accessories,284.72,2,Israel,569.44,4,2022
628,2023-11-03,1141,Desk Lamp,Electronics,704.84,2,Germany,1409.68,11,2023
629,2022-03-02,1085,Headphones,Office,1148.71,1,UK,1148.71,3,2022
630,2023-09-26,1463,USB Cable,Accessories,1268.87,1,Germany,1268.87,9,2023
631,2024-12-10,1045,Monitor,Electronics,580.82,3,USA,1742.46,12,2024
632,2024-10-25,1843,Monitor,Electronics,927.87,4,USA,3711.48,10,2024
633,2023-08-27,1237,Desk Lamp,Accessories,5.03,2,Canada,10.06,8,2023
634,2023-11-13,1009,Desk Lamp,Office,827.78,3,USA,2483.34,11,2023
635,2023-06-18,1663,Mouse,Office,1462.98,3,Germany,4388.94,6,2023
636,2024-04-17,1572,Keyboard,Accessories,471.84,1,UK,471.84,4,2024
637,2023-10-07,1529,Desk Lamp,Office,894.19,2,Israel,1788.38,10,2023
638,2022-08-21,1597,Monitor,Electronics,1144.61,4,UK,4578.44,8,2022
639,2023-06-08,1648,Monitor,Office,915.35,1,UK,915.35,6,2023
640,2022-12-12,1912,Monitor,Electronics,630.66,3,France,1891.98,12,2022
641,2024-12-05,1741,Laptop,Office,233.1,3,UK,699.3,12,2024
642,2023-06-30,1639,Monitor,Electronics,698.23,2,Israel,1396.46,6,2023
643,2024-03-04,1615,Monitor,Accessories,445.7,2,France,891.4,3,2024
644,2022-09-06,1697,Desk Lamp,Electronics,1045.4,4,UK,4181.6,9,2022
645,2022-02-16,1908,Headphones,Office,665.66,2,France,1331.32,2,2022
646,2022-08-02,1177,Webcam,Electronics,1275.57,2,UK,2551.14,8,2022
647,2022-08-27,1868,Laptop,Office,294.02,1,USA,294.02,8,2022
648,2024-12-15,1005,Monitor,Office,629.49,1,USA,629.49,12,2024
649,2022-12-16,1852,Webcam,Electronics,838.47,4,UK,3353.88,12,2022
650,2022-04-17,1306,Monitor,Office,193.39,1,France,193.39,4,2022
651,2024-04-10,1547,Mouse,Accessories,883.93,4,Israel,3535.72,4,2024
652,2022-02-17,1326,Desk Lamp,Office,439.93,1,USA,439.93,2,2022
653,2022-12-03,1355,Desk Lamp,Accessories,348.16,3,France,1044.48,12,2022
654,2024-11-15,1792,Mouse,Accessories,217.16,1,Israel,217.16,11,2024
655,2024-03-14,1394,Webcam,Office,528.07,4,France,2112.28,3,2024
656,2022-01-08,1299,Desk Lamp,Accessories,1393.83,1,UK,1393.83,1,2022
657,2023-09-17,1525,Laptop,Accessories,51.35,2,USA,102.7,9,2023
658,2023-12-20,1748,Headphones,Electronics,1278.97,3,USA,3836.91,12,2023
659,2022-10-30,1284,Laptop,Accessories,599.05,1,USA,599.05,10,2022
660,2023-10-01,1329,Laptop,Accessories,844.59,3,UK,2533.77,10,2023
661,2022-02-25,1049,Mouse,Accessories,771.65,3,Israel,2314.95,2,2022
662,2023-12-27,1772,Mouse,Accessories,1388.98,3,Israel,4166.94,12,2023
663,2023-06-10,1967,Headphones,Accessories,1156.34,3,Canada,3469.02,6,2023
664,2023-04-19,1621,USB Cable,Office,1477.31,2,Canada,2954.62,4,2023
665,2022-01-28,1708,USB Cable,Accessories,1192.67,2,USA,2385.34,1,2022
666,2022-03-19,1377,USB Cable,Office,447.35,4,Canada,1789.4,3,2022
667,2022-12-31,1763,Monitor,Office,1444.51,4,Israel,5778.04,12,2022
668,2023-10-28,1599,Headphones,Office,1475.43,4,Canada,5901.72,10,2023
669,2023-06-10,1999,Monitor,Electronics,189.03,4,Canada,756.12,6,2023
670,2023-11-30,1824,Webcam,Electronics,1352.06,3,USA,4056.18,11,2023
671,2024-06-01,1537,Webcam,Office,997.98,3,Israel,2993.94,6,2024
672,2024-10-27,1773,Keyboard,Electronics,1383.38,3,USA,4150.14,10,2024
673,2024-10-23,1143,USB Cable,Accessories,1374.03,2,Israel,2748.06,10,2024
674,2024-07-07,1059,Mouse,Office,1337.6,2,France,2675.2,7,2024
675,2024-01-20,1867,Keyboard,Office,1328.49,3,USA,3985.47,1,2024
676,2022-12-29,1779,Keyboard,Office,180.88,3,Canada,542.64,12,2022
677,2024-03-16,1074,Mouse,Electronics,219.56,3,Canada,658.68,3,2024
678,2024-01-09,1002,Desk Lamp,Electronics,181.08,3,USA,543.24,1,2024
679,2024-11-04,1574,Keyboard,Electronics,141.09,2,Canada,282.18,11,2024
680,2023-04-30,1747,Desk Lamp,Accessories,533.16,1,Germany,533.16,4,2023
681,2022-01-28,1447,USB Cable,Electronics,1027.52,4,USA,4110.08,1,2022
682,2023-12-15,1957,Laptop,Office,535.27,4,Israel,2141.08,12,2023
683,2024-11-28,1740,Desk Lamp,Electronics,1081.85,1,France,1081.85,11,2024
684,2022-03-27,1901,Monitor,Electronics,1231.32,2,France,2462.64,3,2022
685,2022-05-06,1274,USB Cable,Electronics,1000.99,2,Israel,2001.98,5,2022
686,2024-03-22,1529,Desk Lamp,Electronics,700.33,1,UK,700.33,3,2024
687,2023-06-21,1591,Headphones,Office,446.8,4,Canada,1787.2,6,2023
688,2022-05-25,1214,Mouse,Electronics,190.98,4,USA,763.92,5,2022
689,2022-01-25,1682,Laptop,Office,743.01,1,France,743.01,1,2022
690,2022-03-08,1484,Webcam,Electronics,1080.8,1,Israel,1080.8,3,2022
691,2022-08-21,1328,Headphones,Accessories,824.62,3,France,2473.86,8,2022
692,2022-04-19,1254,Headphones,Accessories,1083.62,1,France,1083.62,4,2022
693,2022-04-21,1386,Desk Lamp,Office,506.15,1,Israel,506.15,4,2022
694,2022-08-16,1125,Headphones,Office,104.86,4,Germany,419.44,8,2022
695,2022-04-21,1766,Keyboard,Accessories,1157.79,3,France,3473.37,4,2022
696,2022-02-03,1583,Keyboard,Accessories,333.49,3,France,1000.47,2,2022
697,2023-09-15,1549,Keyboard,Electronics,926.35,4,UK,3705.4,9,2023
698,2024-01-18,1323,USB Cable,Accessories,1207.42,4,Germany,4829.68,1,2024
699,2023-08-18,1203,Desk Lamp,Office,212.97,2,UK,425.94,8,2023
700,2023-03-01,1171,Keyboard,Office,899.75,3,Israel,2699.25,3,2023
701,2023-09-05,1734,Laptop,Accessories,1035.61,1,Canada,1035.61,9,2023
702,2023-11-23,1216,Keyboard,Office,1121.06,3,USA,3363.18,11,2023
703,2022-11-11,1244,Desk Lamp,Electronics,225.76,2,Israel,451.52,11,2022
704,2024-05-26,1335,Mouse,Electronics,1238.55,1,Germany,1238.55,5,2024
705,2023-10-24,1702,Headphones,Accessories,145.75,2,Canada,291.5,10,2023
706,2022-10-04,1297,Laptop,Office,781.78,4,Israel,3127.12,10,2022
707,2023-09-16,1831,Desk Lamp,Accessories,667.9,2,Germany,1335.8,9,2023
708,2023-05-31,1181,Webcam,Office,336.54,4,Canada,1346.16,5,2023
709,2024-04-22,1333,Keyboard,Office,456.39,2,UK,912.78,4,2024
710,2022-12-16,1510,Webcam,Office,250.83,4,France,1003.32,12,2022
711,2024-04-02,1382,Headphones,Electronics,641.46,3,Israel,1924.38,4,2024
712,2024-01-29,1716,Laptop,Office,58.09,4,Israel,232.36,1,2024
713,2024-06-17,1872,Headphones,Electronics,1333.93,3,Canada,4001.79,6,2024
714,2022-08-31,1198,Webcam,Office,249.41,4,France,997.64,8,2022
715,2023-06-27,1331,USB Cable,Accessories,1329.6,2,Israel,2659.2,6,2023
716,2024-11-29,1164,Laptop,Electronics,1296.05,2,Israel,2592.1,11,2024
717,2022-08-17,1241,Monitor,Electronics,680.26,2,Canada,1360.52,8,2022
718,2023-07-02,1899,USB Cable,Electronics,749.1,4,USA,2996.4,7,2023
719,2024-07-08,1641,Laptop,Accessories,456.36,4,Canada,1825.44,7,2024
720,2022-01-06,1226,Keyboard,Electronics,1495.33,2,Canada,2990.66,1,2022
721,2023-04-13,1633,Desk Lamp,Accessories,1007.8,3,Canada,3023.4,4,2023
722,2022-03-16,1555,Webcam,Office,1427.95,4,USA,5711.8,3,2022
723,2022-01-04,1450,Headphones,Office,625.12,3,France,1875.36,1,2022
724,2023-10-08,1195,Desk Lamp,Accessories,1325.11,4,UK,5300.44,10,2023
725,2022-04-28,1869,Headphones,Electronics,675.11,2,Israel,1350.22,4,2022
726,2024-05-30,1203,Headphones,Electronics,1300.91,3,Canada,3902.73,5,2024
727,2023-05-19,1978,Mouse,Accessories,200.74,1,Israel,200.74,5,2023
728,2024-08-04,1457,Mouse,Office,957.1,4,UK,3828.4,8,2024
729,2023-07-28,1829,Keyboard,Accessories,1019.66,3,Israel,3058.98,7,2023
730,2022-07-13,1256,Monitor,Electronics,985.98,2,UK,1971.96,7,2022
731,2024-04-26,1528,Desk Lamp,Electronics,673.31,3,France,2019.93,4,2024
732,2023-12-16,1271,Mouse,Electronics,1027.45,1,France,1027.45,12,2023
733,2024-11-15,1008,Laptop,Electronics,363.0,1,UK,363.0,11,2024
734,2022-06-22,1760,USB Cable,Office,895.79,3,UK,2687.37,6,2022
735,2022-11-22,1948,Webcam,Office,833.58,1,Germany,833.58,11,2022
736,2024-04-15,1200,Keyboard,Office,480.92,4,USA,1923.68,4,2024
737,2023-12-25,1058,USB Cable,Electronics,1169.4,1,USA,1169.4,12,2023
738,2022-08-13,1886,Monitor,Electronics,125.9,3,Canada,377.7,8,2022
739,2023-06-16,1392,USB Cable,Electronics,261.3,3,Israel,783.9,6,2023
740,2022-04-23,1651,Desk Lamp,Accessories,709.37,4,Israel,2837.48,4,2022
741,2022-05-20,1118,Laptop,Electronics,1338.15,4,UK,5352.6,5,2022
742,2023-07-13,1552,Headphones,Office,864.86,3,Canada,2594.58,7,2023
743,2022-01-01,1398,Mouse,Office,1263.89,2,UK,2527.78,1,2022
744,2022-03-31,1833,Laptop,Office,778.77,4,USA,3115.08,3,2022
745,2023-10-16,1330,Monitor,Accessories,1179.26,2,Canada,2358.52,10,2023
746,2022-11-16,1266,Keyboard,Office,492.07,1,Canada,492.07,11,2022
747,2022-05-19,1519,USB Cable,Accessories,1223.64,1,Israel,1223.64,5,2022
748,2024-04-24,1694,Laptop,Accessories,605.52,4,USA,2422.08,4,2024
749,2022-09-16,1479,Desk Lamp,Accessories,840.45,4,France,3361.8,9,2022
750,2024-06-20,1133,Keyboard,Electronics,267.94,3,USA,803.82,6,2024
751,2023-11-21,1692,Headphones,Electronics,1381.05,1,USA,1381.05,11,2023
752,2022-01-10,1915,Monitor,Office,1053.68,4,UK,4214.72,1,2022
753,2022-09-18,1934,Monitor,Office,1288.99,3,Israel,3866.97,9,2022
754,2022-06-21,1354,USB Cable,Accessories,315.76,2,France,631.52,6,2022
755,2024-06-16,1583,Mouse,Electronics,106.19,3,USA,318.57,6,2024
756,2022-01-13,1497,Webcam,Office,509.13,1,USA,509.13,1,2022
757,2022-11-17,1624,Monitor,Office,777.44,3,UK,2332.32,11,2022
758,2022-11-25,1106,Desk Lamp,Electronics,1204.54,3,Canada,3613.62,11,2022
759,2024-02-24,1289,Laptop,Accessories,599.6,4,Germany,2398.4,2,2024
760,2024-02-16,1824,Desk Lamp,Office,408.59,3,Israel,1225.77,2,2024
761,2024-06-29,1628,Laptop,Office,561.95,1,Israel,561.95,6,2024
762,2022-11-14,1631,Laptop,Electronics,1056.89,3,Israel,3170.67,11,2022
763,2022-08-24,1146,Headphones,Electronics,507.65,3,USA,1522.95,8,2022
764,2022-11-30,1326,Monitor,Accessories,1468.85,1,USA,1468.85,11,2022
765,2023-01-11,1414,Monitor,Accessories,266.59,2,USA,533.18,1,2023
766,2023-08-11,1209,Laptop,Office,1130.88,2,Canada,2261.76,8,2023
767,2023-05-28,1295,USB Cable,Accessories,885.8,1,Germany,885.8,5,2023
768,2024-07-06,1397,Desk Lamp,Office,353.48,2,USA,706.96,7,2024
769,2024-05-22,1102,Mouse,Office,1131.65,3,Israel,3394.95,5,2024
770,2022-09-27,1635,USB Cable,Electronics,674.07,4,Canada,2696.28,9,2022
771,2024-03-08,1756,Mouse,Office,1025.19,1,Israel,1025.19,3,2024
772,2023-12-26,1507,Monitor,Electronics,995.07,3,UK,2985.21,12,2023
773,2022-01-05,1890,USB Cable,Office,170.41,4,Germany,681.64,1,2022
774,2024-04-30,1867,Desk Lamp,Office,1260.77,3,France,3782.31,4,2024
775,2022-03-19,1208,Monitor,Office,1023.8,1,USA,1023.8,3,2022
776,2023-07-28,1932,Keyboard,Accessories,1171.98,3,France,3515.94,7,2023
777,2022-05-12,1427,Monitor,Accessories,674.41,1,USA,674.41,5,2022
778,2023-08-24,1392,USB Cable,Electronics,296.62,3,Germany,889.86,8,2023
779,2024-12-01,1825,Desk Lamp,Office,492.69,4,Germany,1970.76,12,2024
780,2022-03-30,1915,Laptop,Electronics,1352.7,4,Israel,5410.8,3,2022
781,2023-02-06,1108,Webcam,Electronics,1407.34,4,Germany,5629.36,2,2023
782,2022-10-23,1888,Headphones,Office,725.39,2,Canada,1450.78,10,2022
783,2023-09-08,1347,Desk Lamp,Accessories,451.7,3,Canada,1355.1,9,2023
784,2024-03-10,1049,Monitor,Accessories,1096.82,3,France,3290.46,3,2024
785,2023-02-26,1915,Monitor,Electronics,1150.16,4,France,4600.64,2,2023
786,2024-11-12,1104,Laptop,Accessories,1224.12,1,Germany,1224.12,11,2024
787,2023-07-29,1419,Desk Lamp,Office,51.47,2,France,102.94,7,2023
788,2022-05-23,1372,Keyboard,Office,19.55,3,Canada,58.65,5,2022
789,2024-09-19,1026,Webcam,Accessories,538.95,3,USA,1616.85,9,2024
790,2023-10-27,1967,Desk Lamp,Accessories,232.98,2,UK,465.96,10,2023
791,2022-05-25,1799,Monitor,Electronics,1208.45,2,Canada,2416.9,5,2022
792,2024-10-03,1768,Mouse,Accessories,801.6,4,Israel,3206.4,10,2024
793,2023-05-18,1272,Mouse,Electronics,1238.9,2,UK,2477.8,5,2023
794,2024-03-31,1648,Mouse,Office,269.49,4,France,1077.96,3,2024
795,2022-04-14,1339,Headphones,Office,942.7,2,Israel,1885.4,4,2022
796,2024-11-28,1300,Headphones,Office,872.36,2,UK,1744.72,11,2024
797,2022-07-17,1479,Desk Lamp,Accessories,513.87,3,UK,1541.61,7,2022
798,2023-08-02,1833,Webcam,Accessories,778.04,4,France,3112.16,8,2023
799,2023-01-26,1543,Monitor,Accessories,885.6,2,Israel,1771.2,1,2023
800,2023-07-08,1556,Monitor,Electronics,1334.78,2,Canada,2669.56,7,2023
801,2024-11-04,1264,Monitor,Electronics,88.18,3,Canada,264.54,11,2024
802,2023-04-23,1541,Headphones,Electronics,1235.94,1,Israel,1235.94,4,2023
803,2024-07-11,1595,Webcam,Office,1470.33,3,UK,4410.99,7,2024
804,2023-02-24,1165,Monitor,Electronics,1099.0,4,Israel,4396.0,2,2023
805,2022-06-06,1315,Laptop,Accessories,1107.33,1,Canada,1107.33,6,2022
806,2023-07-04,1000,Keyboard,Accessories,330.87,2,Israel,661.74,7,2023
807,2024-10-17,1760,USB Cable,Office,786.99,4,USA,3147.96,10,2024
808,2024-09-23,1260,Desk Lamp,Accessories,1060.38,1,France,1060.38,9,2024
809,2024-08-08,1062,Desk Lamp,Accessories,905.41,4,Canada,3621.64,8,2024
810,2022-10-16,1482,Mouse,Accessories,580.77,3,France,1742.31,10,2022
811,2022-07-15,1675,Mouse,Electronics,1410.48,1,USA,1410.48,7,2022
812,2023-08-21,1320,Desk Lamp,Electronics,773.41,1,UK,773.41,8,2023
813,2023-06-01,1845,Laptop,Accessories,1454.96,1,Germany,1454.96,6,2023
814,2024-05-14,1200,Monitor,Accessories,847.99,2,Canada,1695.98,5,2024
815,2024-03-16,1221,Webcam,Accessories,1191.11,3,UK,3573.33,3,2024
816,2024-03-25,1151,Webcam,Accessories,1114.32,1,USA,1114.32,3,2024
817,2022-08-16,1643,Headphones,Electronics,992.93,4,Israel,3971.72,8,2022
818,2022-08-04,1625,Monitor,Office,26.62,2,USA,53.24,8,2022
819,2024-08-05,1461,Webcam,Accessories,120.76,3,France,362.28,8,2024
820,2022-01-15,1216,Monitor,Electronics,874.32,3,Israel,2622.96,1,2022
821,2022-02-16,1195,Mouse,Accessories,1368.11,3,UK,4104.33,2,2022
822,2022-11-20,1792,USB Cable,Office,903.71,3,Israel,2711.13,11,2022
823,2024-04-23,1201,USB Cable,Electronics,357.81,2,France,715.62,4,2024
824,2022-05-10,1994,USB Cable,Electronics,483.73,3,USA,1451.19,5,2022
825,2022-04-05,1646,Mouse,Office,936.62,4,UK,3746.48,4,2022
826,2023-09-19,1233,Headphones,Office,897.6,4,Germany,3590.4,9,2023
827,2024-01-25,1140,USB Cable,Electronics,1433.78,4,Germany,5735.12,1,2024
828,2024-03-04,1707,Mouse,Office,795.98,1,USA,795.98,3,2024
829,2022-03-10,1497,Monitor,Accessories,535.75,3,UK,1607.25,3,2022
830,2022-01-11,1554,USB Cable,Office,789.86,4,UK,3159.44,1,2022
831,2024-05-21,1056,Laptop,Office,1180.42,3,Israel,3541.26,5,2024
832,2023-07-04,1931,Headphones,Electronics,812.84,2,Canada,1625.68,7,2023
833,2023-12-13,1503,Laptop,Office,492.45,4,USA,1969.8,12,2023
834,2022-01-23,1141,Desk Lamp,Electronics,511.24,1,Israel,511.24,1,2022
835,2024-03-25,1721,Monitor,Accessories,1136.43,1,USA,1136.43,3,2024
836,2022-12-12,1583,Headphones,Office,104.34,2,France,208.68,12,2022
837,2022-10-29,1735,Laptop,Office,415.76,4,USA,1663.04,10,2022
838,2022-12-29,1538,Headphones,Electronics,233.79,2,Israel,467.58,12,2022
839,2023-01-31,1639,Monitor,Electronics,1417.29,1,UK,1417.29,1,2023
840,2022-08-06,1105,Desk Lamp,Office,139.69,1,USA,139.69,8,2022
841,2022-05-21,1164,Webcam,Electronics,1138.48,3,UK,3415.44,5,2022
842,2024-08-15,1214,USB Cable,Office,947.49,2,France,1894.98,8,2024
843,2024-09-11,1070,Desk Lamp,Accessories,951.04,1,Germany,951.04,9,2024
844,2024-09-19,1715,Headphones,Office,1146.33,4,Germany,4585.32,9,2024
845,2024-04-07,1664,USB Cable,Accessories,603.73,4,Israel,2414.92,4,2024
846,2023-11-14,1578,Desk Lamp,Accessories,604.11,1,USA,604.11,11,2023
847,2024-09-30,1089,USB Cable,Electronics,436.62,2,France,873.24,9,2024
848,2022-12-22,1771,Webcam,Electronics,898.64,2,France,1797.28,12,2022
849,2024-10-04,1873,Monitor,Electronics,1395.06,4,UK,5580.24,10,2024
850,2024-06-06,1227,Headphones,Electronics,1386.35,1,Canada,1386.35,6,2024
851,2022-05-07,1078,Headphones,Office,1055.93,4,Israel,4223.72,5,2022
852,2024-10-05,1607,Webcam,Accessories,1359.75,2,France,2719.5,10,2024
853,2023-08-27,1348,Mouse,Office,1445.46,1,USA,1445.46,8,2023
854,2024-10-10,1841,Webcam,Accessories,1193.68,4,France,4774.72,10,2024
855,2022-02-20,1980,Webcam,Accessories,614.71,1,Germany,614.71,2,2022
856,2024-11-18,1893,Webcam,Accessories,727.42,3,Israel,2182.26,11,2024
857,2024-02-18,1245,Monitor,Office,1397.23,4,UK,5588.92,2,2024
858,2024-03-24,1271,Desk Lamp,Electronics,1006.66,4,USA,4026.64,3,2024
859,2023-02-24,1402,Keyboard,Office,1231.94,3,Germany,3695.82,2,2023
860,2024-09-09,1668,Webcam,Accessories,178.59,2,France,357.18,9,2024
861,2024-04-04,1115,Headphones,Office,294.88,4,Israel,1179.52,4,2024
862,2024-10-21,1434,Laptop,Accessories,519.44,4,Israel,2077.76,10,2024
863,2023-07-21,1529,Mouse,Electronics,286.42,2,USA,572.84,7,2023
864,2023-01-06,1441,Webcam,Electronics,1360.17,1,UK,1360.17,1,2023
865,2024-07-24,1171,Webcam,Office,329.25,3,Germany,987.75,7,2024
866,2023-10-23,1015,Mouse,Electronics,837.99,2,Canada,1675.98,10,2023
867,2024-08-26,1960,Webcam,Accessories,132.75,1,UK,132.75,8,2024
868,2022-07-21,1751,Headphones,Accessories,236.67,3,USA,710.01,7,2022
869,2022-11-09,1897,Keyboard,Electronics,374.89,1,USA,374.89,11,2022
870,2022-04-27,1055,Webcam,Electronics,1474.43,4,Germany,5897.72,4,2022
871,2024-07-25,1590,Mouse,Electronics,1196.61,3,Israel,3589.83,7,2024
872,2023-07-29,1102,Webcam,Office,1011.96,1,Israel,1011.96,7,2023
873,2022-09-01,1283,Monitor,Office,1374.81,3,Germany,4124.43,9,2022
874,2023-06-21,1704,Headphones,Accessories,1434.53,1,UK,1434.53,6,2023
875,2022-03-16,1516,Headphones,Office,683.09,1,Germany,683.09,3,2022
876,2023-01-21,1617,Keyboard,Office,494.9,4,Canada,1979.6,1,2023
877,2023-04-20,1277,Desk Lamp,Accessories,476.4,2,Israel,952.8,4,2023
878,2023-02-22,1884,Monitor,Accessories,58.42,3,UK,175.26,2,2023
879,2022-12-13,1611,Monitor,Electronics,423.06,4,France,1692.24,12,2022
880,2023-10-02,1749,Keyboard,Electronics,535.79,3,UK,1607.37,10,2023
881,2024-07-27,1268,USB Cable,Office,60.16,2,Israel,120.32,7,2024
882,2024-08-12,1832,USB Cable,Accessories,1324.49,4,USA,5297.96,8,2024
883,2024-05-25,1399,Desk Lamp,Office,1272.55,2,UK,2545.1,5,2024
884,2024-02-02,1502,Laptop,Office,380.99,4,UK,1523.96,2,2024
885,2023-10-26,1085,Desk Lamp,Accessories,1204.83,4,USA,4819.32,10,2023
886,2022-01-25,1319,USB Cable,Accessories,1195.34,4,Israel,4781.36,1,2022
887,2023-12-11,1031,Desk Lamp,Accessories,505.84,4,France,2023.36,12,2023
888,2022-06-26,1335,Webcam,Accessories,1047.12,1,France,1047.12,6,2022
889,2022-10-12,1050,Monitor,Office,438.34,3,Germany,1315.02,10,2022
890,2022-03-04,1078,Desk Lamp,Office,110.06,1,France,110.06,3,2022
891,2024-09-29,1697,Laptop,Office,759.67,1,France,759.67,9,2024
892,2023-10-24,1173,Laptop,Accessories,660.3,1,UK,660.3,10,2023
893,2023-10-28,1947,Headphones,Electronics,211.54,4,Germany,846.16,10,2023
894,2022-06-05,1617,Webcam,Office,738.38,4,France,2953.52,6,2022
895,2024-12-08,1500,Headphones,Electronics,1424.32,2,UK,2848.64,12,2024
896,2024-08-24,1574,Mouse,Electronics,1098.43,3,Germany,3295.29,8,2024
897,2024-04-28,1075,USB Cable,Electronics,1109.61,2,UK,2219.22,4,2024
898,2023-11-20,1315,Headphones,Accessories,1137.54,2,USA,2275.08,11,2023
899,2022-05-28,1832,Monitor,Accessories,1118.23,3,Israel,3354.69,5,2022
900,2022-12-08,1372,Monitor,Office,34.75,3,Israel,104.25,12,2022
901,2023-04-21,1080,Webcam,Office,1387.41,2,Israel,2774.82,4,2023
902,2024-12-22,1872,Laptop,Accessories,1246.06,2,France,2492.12,12,2024
903,2023-07-15,1639,Monitor,Accessories,415.5,2,Israel,831.0,7,2023
904,2022-11-23,1694,USB Cable,Electronics,831.35,4,Israel,3325.4,11,2022
905,2024-09-16,1754,Headphones,Accessories,924.43,3,Germany,2773.29,9,2024
906,2022-08-03,1696,USB Cable,Accessories,202.26,3,Germany,606.78,8,2022
907,2023-03-11,1731,Desk Lamp,Accessories,384.68,1,Canada,384.68,3,2023
908,2024-08-09,1070,Headphones,Accessories,39.76,4,Germany,159.04,8,2024
909,2023-12-24,1968,Webcam,Electronics,1296.61,4,France,5186.44,12,2023
910,2022-02-01,1853,Desk Lamp,Office,42.23,3,Canada,126.69,2,2022
911,2023-11-01,1665,USB Cable,Electronics,481.45,4,Canada,1925.8,11,2023
912,2022-10-12,1756,Headphones,Accessories,121.98,2,Israel,243.96,10,2022
913,2023-03-05,1651,USB Cable,Accessories,1173.2,3,France,3519.6,3,2023
914,2022-10-13,1070,Keyboard,Office,1387.85,3,France,4163.55,10,2022
915,2024-11-08,1045,Webcam,Office,846.41,4,France,3385.64,11,2024
916,2022-01-18,1046,Webcam,Office,213.65,3,France,640.95,1,2022
917,2024-02-08,1590,Monitor,Electronics,839.45,4,France,3357.8,2,2024
918,2023-08-13,1421,Webcam,Office,1156.66,4,France,4626.64,8,2023
919,2024-10-06,1148,Mouse,Accessories,1079.03,4,Canada,4316.12,10,2024
920,2022-07-13,1909,Monitor,Accessories,1113.87,2,Israel,2227.74,7,2022
921,2023-05-17,1129,Monitor,Accessories,422.36,4,Germany,1689.44,5,2023
922,2024-09-14,1455,Desk Lamp,Electronics,115.24,4,Canada,460.96,9,2024
923,2022-04-24,1638,Desk Lamp,Office,227.7,1,UK,227.7,4,2022
924,2024-08-04,1876,USB Cable,Office,1433.48,1,UK,1433.48,8,2024
925,2024-04-10,1630,Keyboard,Office,922.2,2,UK,1844.4,4,2024
926,2024-07-13,1965,Monitor,Office,1093.21,2,USA,2186.42,7,2024
927,2022-02-24,1996,Desk Lamp,Accessories,1349.1,4,Germany,5396.4,2,2022
928,2024-03-10,1868,Laptop,Electronics,1279.87,1,Israel,1279.87,3,2024
929,2024-02-17,1504,Headphones,Office,331.51,2,France,663.02,2,2024
930,2022-06-11,1928,Headphones,Accessories,91.8,3,UK,275.4,6,2022
931,2022-03-28,1773,Webcam,Accessories,1388.07,3,Germany,4164.21,3,2022
932,2022-02-24,1243,USB Cable,Electronics,1472.59,4,Israel,5890.36,2,2022
933,2024-10-28,1473,Keyboard,Office,853.18,1,UK,853.18,10,2024
934,2024-04-12,1381,Headphones,Electronics,1333.16,3,Germany,3999.48,4,2024
935,2022-11-09,1102,Laptop,Office,351.56,1,Canada,351.56,11,2022
936,2024-01-29,1488,Keyboard,Electronics,171.0,2,Israel,342.0,1,2024
937,2023-03-19,1036,Mouse,Office,752.23,1,Canada,752.23,3,2023
938,2022-11-24,1653,Headphones,Office,1217.72,4,Germany,4870.88,11,2022
939,2024-12-13,1548,Monitor,Electronics,983.71,1,France,983.71,12,2024
940,2024-01-31,1519,Laptop,Office,957.79,3,Germany,2873.37,1,2024
941,2023-08-02,1742,USB Cable,Electronics,31.1,1,Germany,31.1,8,2023
942,2024-12-10,1332,USB Cable,Electronics,479.65,1,USA,479.65,12,2024
943,2024-10-03,1396,Laptop,Office,1409.55,1,France,1409.55,10,2024
944,2022-04-06,1295,Headphones,Office,205.74,2,Canada,411.48,4,2022
945,2024-03-24,1106,Desk Lamp,Electronics,1090.92,4,Germany,4363.68,3,2024
946,2023-05-06,1859,Desk Lamp,Accessories,1140.17,3,France,3420.51,5,2023
947,2023-03-28,1953,Webcam,Electronics,1100.59,3,Germany,3301.77,3,2023
948,2022-06-14,1529,Mouse,Accessories,1483.98,1,France,1483.98,6,2022
949,2022-07-01,1824,Monitor,Accessories,616.77,1,Israel,616.77,7,2022
950,2023-04-14,1082,Mouse,Electronics,1024.88,2,UK,2049.76,4,2023
951,2024-06-28,1933,Mouse,Electronics,294.51,4,USA,1178.04,6,2024
952,2024-01-05,1287,Headphones,Electronics,602.57,3,UK,1807.71,1,2024
953,2024-04-02,1981,Monitor,Accessories,739.88,4,Germany,2959.52,4,2024
954,2024-08-01,1705,Headphones,Electronics,326.17,3,Germany,978.51,8,2024
955,2022-01-07,1460,Headphones,Electronics,1360.68,1,Israel,1360.68,1,2022
956,2022-11-26,1214,Webcam,Office,1075.72,2,Germany,2151.44,11,2022
957,2024-02-14,1280,Laptop,Office,429.22,2,Canada,858.44,2,2024
958,2022-05-31,1731,USB Cable,Office,206.76,1,France,206.76,5,2022
959,2022-05-27,1953,Webcam,Electronics,435.36,1,Canada,435.36,5,2022
960,2024-07-03,1458,USB Cable,Electronics,936.36,1,UK,936.36,7,2024
961,2023-12-01,1800,Webcam,Electronics,1240.48,4,Germany,4961.92,12,2023
962,2022-03-23,1343,Headphones,Accessories,757.24,1,Israel,757.24,3,2022
963,2023-05-29,1193,Webcam,Accessories,158.23,4,USA,632.92,5,2023
964,2024-03-25,1157,USB Cable,Office,377.73,1,Canada,377.73,3,2024
965,2023-12-10,1464,Webcam,Accessories,520.99,2,UK,1041.98,12,2023
966,2024-01-16,1103,Keyboard,Accessories,956.02,4,Israel,3824.08,1,2024
967,2024-10-19,1033,Monitor,Accessories,373.73,2,Israel,747.46,10,2024
968,2023-12-08,1101,Laptop,Office,354.72,1,UK,354.72,12,2023
969,2023-04-16,1638,USB Cable,Office,432.87,1,Israel,432.87,4,2023
970,2023-01-31,1725,Monitor,Accessories,890.83,3,USA,2672.49,1,2023
971,2022-09-18,1324,Laptop,Electronics,741.48,4,USA,2965.92,9,2022
972,2024-03-15,1943,Desk Lamp,Office,1263.25,4,Germany,5053.0,3,2024
973,2024-07-22,1807,Keyboard,Accessories,1048.41,4,France,4193.64,7,2024
974,2024-06-23,1690,Headphones,Electronics,1001.9,4,Germany,4007.6,6,2024
975,2024-12-12,1591,Desk Lamp,Electronics,236.2,2,France,472.4,12,2024
976,2024-07-28,1140,USB Cable,Office,87.57,4,UK,350.28,7,2024
977,2024-05-03,1473,Desk Lamp,Electronics,767.45,2,Israel,1534.9,5,2024
978,2023-08-16,1030,Laptop,Office,112.1,1,Germany,112.1,8,2023
979,2023-12-15,1883,Laptop,Accessories,549.21,2,Israel,1098.42,12,2023
980,2023-09-24,1934,Laptop,Office,44.04,4,Germany,176.16,9,2023
981,2022-02-28,1062,Keyboard,Electronics,269.33,2,Germany,538.66,2,2022
982,2022-05-08,1559,Desk Lamp,Office,170.0,4,USA,680.0,5,2022
983,2024-01-06,1086,Monitor,Office,1202.47,2,France,2404.94,1,2024
984,2023-12-22,1303,Keyboard,Accessories,522.46,3,UK,1567.38,12,2023
985,2023-06-10,1060,Laptop,Electronics,122.88,4,Israel,491.52,6,2023
986,2023-06-05,1395,Webcam,Office,401.89,2,Germany,803.78,6,2023
987,2023-07-06,1333,Laptop,Accessories,1025.8,4,Israel,4103.2,7,2023
988,2022-08-25,1951,Webcam,Accessories,1119.72,1,USA,1119.72,8,2022
989,2023-05-09,1785,Headphones,Accessories,184.2,2,UK,368.4,5,2023
990,2022-01-04,1410,Keyboard,Accessories,1168.96,2,France,2337.92,1,2022
991,2023-10-28,1283,Webcam,Accessories,558.99,3,France,1676.97,10,2023
992,2023-03-18,1465,Keyboard,Office,1020.68,4,Germany,4082.72,3,2023
993,2022-01-29,1079,Mouse,Office,1008.9,2,UK,2017.8,1,2022
994,2023-09-02,1691,Monitor,Electronics,1191.42,3,France,3574.26,9,2023
995,2024-03-15,1783,Mouse,Office,1047.29,3,UK,3141.87,3,2024
996,2022-03-16,1076,Webcam,Electronics,63.11,3,Israel,189.33,3,2022
997,2024-04-17,1953,Mouse,Electronics,781.62,4,USA,3126.48,4,2024
998,2022-05-08,1732,Desk Lamp,Electronics,253.44,4,UK,1013.76,5,2022
999,2022-02-11,1904,USB Cable,Office,1455.1,2,UK,2910.2,2,2022
1000,2022-02-10,1793,Monitor,Accessories,387.47,4,France,1549.88,2,2022
1001,2024-07-22,1539,Webcam,Electronics,633.06,4,Canada,2532.24,7,2024
1002,2022-02-03,1360,Headphones,Accessories,299.07,1,Germany,299.07,2,2022
1003,2024-11-06,1076,Desk Lamp,Electronics,206.21,4,Germany,824.84,11,2024
1004,2024-09-24,1508,Headphones,Office,903.39,1,Canada,903.39,9,2024
1005,2023-08-11,1163,Monitor,Electronics,742.3,2,Canada,1484.6,8,2023
1006,2022-12-08,1008,Monitor,Office,565.12,3,Canada,1695.36,12,2022
1007,2022-01-27,1174,Webcam,Accessories,132.7,1,Israel,132.7,1,2022
1008,2023-10-08,1461,Keyboard,Office,1105.26,2,France,2210.52,10,2023
1009,2024-01-01,1306,USB Cable,Accessories,13.76,1,France,13.76,1,2024
1010,2022-06-17,1587,Webcam,Office,689.2,4,USA,2756.8,6,2022
1011,2023-09-02,1244,Desk Lamp,Electronics,950.7,2,Germany,1901.4,9,2023
1012,2022-09-25,1121,Keyboard,Electronics,648.91,3,France,1946.73,9,2022
1013,2024-03-31,1184,Keyboard,Office,193.68,1,Canada,193.68,3,2024
1014,2023-03-31,1031,Keyboard,Accessories,1168.48,4,Israel,4673.92,3,2023
1015,2024-06-24,1997,Webcam,Accessories,489.3,2,USA,978.6,6,2024
1016,2024-07-10,1962,Laptop,Accessories,206.46,4,Germany,825.84,7,2024
1017,2024-09-07,1761,Laptop,Office,827.65,2,Germany,1655.3,9,2024
1018,2023-12-03,1568,Headphones,Office,33.66,1,Germany,33.66,12,2023
1019,2023-09-26,1309,Laptop,Office,489.48,2,USA,978.96,9,2023
1020,2022-05-10,1371,Laptop,Office,1127.21,1,Israel,1127.21,5,2022
1021,2024-10-16,1655,Keyboard,Accessories,1369.5,2,Israel,2739.0,10,2024
1022,2024-03-29,1829,Keyboard,Accessories,889.63,4,France,3558.52,3,2024
1023,2023-11-24,1595,Monitor,Office,330.33,4,France,1321.32,11,2023
1024,2024-03-04,1991,Keyboard,Office,333.9,1,Germany,333.9,3,2024
1025,2022-01-29,1055,Webcam,Accessories,907.79,3,Canada,2723.37,1,2022
1026,2022-05-29,1790,Monitor,Accessories,613.11,1,UK,613.11,5,2022
1027,2022-01-11,1272,USB Cable,Electronics,270.01,4,France,1080.04,1,2022
1028,2023-11-07,1463,Monitor,Office,1182.16,2,Israel,2364.32,11,2023
1029,2022-07-06,1677,Desk Lamp,Electronics,304.36,3,Germany,913.08,7,2022
1030,2024-03-17,1455,Laptop,Accessories,485.85,4,Israel,1943.4,3,2024
1031,2024-01-14,1978,Desk Lamp,Accessories,96.84,3,Germany,290.52,1,2024
1032,2022-04-08,1669,Keyboard,Office,1053.55,1,USA,1053.55,4,2022
1033,2022-02-24,1248,Laptop,Electronics,416.54,4,France,1666.16,2,2022
1034,2023-09-15,1697,Keyboard,Accessories,353.14,1,Canada,353.14,9,2023
1035,2023-10-26,1993,Laptop,Electronics,458.52,4,USA,1834.08,10,2023
1036,2024-01-28,1077,USB Cable,Electronics,1311.83,4,France,5247.32,1,2024
1037,2023-02-10,1533,Laptop,Electronics,779.44,1,Canada,779.44,2,2023
1038,2022-03-10,1107,Laptop,Electronics,241.04,4,Canada,964.16,3,2022
1039,2024-01-21,1272,Webcam,Electronics,1162.85,3,Canada,3488.55,1,2024
1040,2024-08-15,1763,USB Cable,Office,316.64,3,Israel,949.92,8,2024
1041,2022-12-31,1014,Desk Lamp,Office,621.65,1,Israel,621.65,12,2022
1042,2023-04-27,1369,Headphones,Electronics,854.27,2,UK,1708.54,4,2023
1043,2022-07-20,1303,USB Cable,Office,878.74,3,Israel,2636.22,7,2022
1044,2022-06-03,1671,Laptop,Accessories,108.2,4,Germany,432.8,6,2022
1045,2022-03-14,1204,Mouse,Electronics,1256.02,1,UK,1256.02,3,2022
1046,2023-12-14,1980,Mouse,Office,721.75,2,Germany,1443.5,12,2023
1047,2022-10-23,1112,Mouse,Office,1483.94,1,UK,1483.94,10,2022
1048,2024-11-06,1679,Webcam,Accessories,1077.58,3,Germany,3232.74,11,2024
1049,2022-03-02,1864,Monitor,Accessories,1488.89,4,UK,5955.56,3,2022
1050,2024-07-27,1252,Desk Lamp,Accessories,682.95,3,France,2048.85,7,2024
1051,2022-02-11,1440,Laptop,Accessories,215.47,1,Canada,215.47,2,2022
1052,2022-01-25,1185,USB Cable,Electronics,1092.33,4,France,4369.32,1,2022
1053,2024-11-28,1858,Mouse,Office,1167.75,2,UK,2335.5,11,2024
1054,2022-05-11,1226,Webcam,Office,1279.99,3,USA,3839.97,5,2022
1055,2022-04-18,1527,Monitor,Accessories,455.67,1,UK,455.67,4,2022
1056,2022-06-21,1667,Desk Lamp,Office,768.47,4,USA,3073.88,6,2022
1057,2022-04-12,1353,Mouse,Office,1286.97,1,Canada,1286.97,4,2022
1058,2024-05-15,1622,Keyboard,Office,1297.78,2,Germany,2595.56,5,2024
1059,2023-06-08,1000,Headphones,Accessories,43.4,2,UK,86.8,6,2023
1060,2022-10-02,1552,Laptop,Office,1008.02,3,USA,3024.06,10,2022
1061,2024-12-03,1559,Headphones,Office,904.52,2,Canada,1809.04,12,2024
1062,2024-03-27,1926,Headphones,Office,129.59,2,UK,259.18,3,2024
1063,2024-08-14,1419,Keyboard,Electronics,1395.55,3,France,4186.65,8,2024
1064,2024-11-06,1619,Keyboard,Electronics,670.83,1,France,670.83,11,2024
1065,2022-11-26,1160,Keyboard,Office,1013.02,3,UK,3039.06,11,2022
1066,2022-01-12,1160,Monitor,Office,1324.78,3,UK,3974.34,1,2022
1067,2022-08-04,1870,Mouse,Office,199.53,4,Israel,798.12,8,2022
1068,2022-12-05,1127,USB Cable,Office,1284.49,2,Canada,2568.98,12,2022
1069,2023-10-23,1721,Laptop,Office,1087.84,2,France,2175.68,10,2023
1070,2023-01-09,1150,Keyboard,Office,1260.19,1,Germany,1260.19,1,2023
1071,2024-09-02,1443,Webcam,Electronics,744.78,2,UK,1489.56,9,2024
1072,2023-12-11,1766,Desk Lamp,Accessories,55.06,1,Israel,55.06,12,2023
1073,2023-04-11,1470,Laptop,Office,1007.42,4,Canada,4029.68,4,2023
1074,2023-05-04,1462,Desk Lamp,Office,564.93,1,UK,564.93,5,2023
1075,2022-02-16,1729,USB Cable,Office,606.61,1,France,606.61,2,2022
1076,2024-02-17,1029,Laptop,Accessories,664.69,4,USA,2658.76,2,2024
1077,2024-11-05,1472,Laptop,Office,741.9,3,Canada,2225.7,11,2024
1078,2023-12-12,1556,Keyboard,Office,994.59,4,USA,3978.36,12,2023
1079,2023-02-05,1079,Keyboard,Accessories,1091.53,2,France,2183.06,2,2023
1080,2024-09-07,1038,Mouse,Office,1166.38,2,Germany,2332.76,9,2024
1081,2022-09-07,1239,USB Cable,Accessories,1009.05,4,Canada,4036.2,9,2022
1082,2023-01-26,1556,Keyboard,Accessories,1206.2,1,Israel,1206.2,1,2023
1083,2022-12-01,1589,Keyboard,Office,187.61,4,UK,750.44,12,2022
1084,2023-09-21,1336,Laptop,Electronics,1256.04,2,UK,2512.08,9,2023
1085,2022-05-17,1907,Mouse,Electronics,583.98,4,UK,2335.92,5,2022
1086,2024-06-01,1860,Headphones,Office,795.52,1,Israel,795.52,6,2024
1087,2023-11-19,1799,Keyboard,Accessories,653.5,2,Israel,1307.0,11,2023
1088,2024-04-06,1951,Webcam,Accessories,716.2,3,France,2148.6,4,2024
1089,2023-12-28,1279,Keyboard,Accessories,431.71,4,Israel,1726.84,12,2023
1090,2023-08-17,1115,Headphones,Office,259.08,4,UK,1036.32,8,2023
1091,2024-09-16,1268,Laptop,Electronics,161.82,4,Canada,647.28,9,2024
1092,2023-01-07,1915,USB Cable,Accessories,679.84,4,UK,2719.36,1,2023
1093,2024-07-23,1334,Mouse,Accessories,192.27,2,Israel,384.54,7,2024
1094,2024-09-21,1311,Laptop,Office,371.26,1,Israel,371.26,9,2024
1095,2023-02-06,1052,USB Cable,Electronics,204.76,3,France,614.28,2,2023
1096,2023-09-07,1067,Monitor,Electronics,168.14,4,USA,672.56,9,2023
1097,2024-09-21,1693,Keyboard,Office,1324.28,2,Israel,2648.56,9,2024
1098,2023-09-12,1033,USB Cable,Electronics,1012.67,4,USA,4050.68,9,2023
1099,2022-07-07,1795,Webcam,Office,1386.02,3,Germany,4158.06,7,2022
1100,2022-05-11,1817,USB Cable,Accessories,967.8,4,USA,3871.2,5,2022
1101,2024-03-15,1385,Monitor,Office,1266.71,1,Israel,1266.71,3,2024
1102,2024-07-24,1248,Keyboard,Accessories,835.17,4,UK,3340.68,7,2024
1103,2024-09-12,1110,Monitor,Office,696.63,4,UK,2786.52,9,2024
1104,2022-07-02,1093,Headphones,Accessories,795.07,4,Israel,3180.28,7,2022
1105,2024-09-09,1409,Keyboard,Accessories,483.74,1,France,483.74,9,2024
1106,2022-12-30,1178,Webcam,Office,988.67,2,Canada,1977.34,12,2022
1107,2022-02-08,1046,Keyboard,Accessories,1346.28,1,Israel,1346.28,2,2022
1108,2023-05-12,1793,Monitor,Electronics,1174.62,2,Israel,2349.24,5,2023
1109,2024-09-08,1851,Desk Lamp,Office,695.69,1,Canada,695.69,9,2024
1110,2024-07-09,1873,Mouse,Electronics,1431.11,1,France,1431.11,7,2024
1111,2023-12-23,1603,Monitor,Accessories,1478.21,4,France,5912.84,12,2023
1112,2022-01-16,1375,Keyboard,Accessories,742.19,1,Germany,742.19,1,2022
1113,2023-05-08,1723,Desk Lamp,Accessories,1297.64,2,Germany,2595.28,5,2023
1114,2024-06-12,1586,Keyboard,Office,12.13,2,Germany,24.26,6,2024
1115,2022-11-07,1889,USB Cable,Accessories,104.65,2,France,209.3,11,2022
1116,2024-01-09,1201,Desk Lamp,Electronics,38.47,2,USA,76.94,1,2024
1117,2023-06-30,1444,Mouse,Electronics,1160.88,1,Israel,1160.88,6,2023
1118,2023-02-18,1918,Laptop,Office,124.27,4,Germany,497.08,2,2023
1119,2022-09-08,1932,Mouse,Electronics,30.49,3,USA,91.47,9,2022
1120,2024-01-29,1296,Laptop,Office,225.39,2,Israel,450.78,1,2024
1121,2024-11-28,1307,Webcam,Office,462.91,1,Canada,462.91,11,2024
1122,2024-03-24,1722,Keyboard,Accessories,699.73,4,Canada,2798.92,3,2024
1123,2022-01-29,1492,USB Cable,Electronics,102.78,1,Canada,102.78,1,2022
1124,2024-08-15,1337,Desk Lamp,Electronics,750.98,2,USA,1501.96,8,2024
1125,2023-04-22,1944,Headphones,Electronics,375.85,2,Canada,751.7,4,2023
1126,2022-11-14,1922,Headphones,Accessories,415.19,4,UK,1660.76,11,2022
1127,2022-09-02,1645,Monitor,Office,1233.74,1,UK,1233.74,9,2022
1128,2024-01-18,1841,Mouse,Electronics,1480.45,2,Canada,2960.9,1,2024
1129,2023-11-28,1065,Desk Lamp,Electronics,698.48,2,Israel,1396.96,11,2023
1130,2022-09-29,1791,Mouse,Electronics,486.05,3,USA,1458.15,9,2022
1131,2023-01-12,1421,Desk Lamp,Electronics,1397.52,3,USA,4192.56,1,2023
1132,2022-09-23,1539,Headphones,Accessories,753.17,2,Canada,1506.34,9,2022
1133,2024-07-14,1923,Laptop,Office,1096.88,3,France,3290.64,7,2024
1134,2024-07-09,1628,Mouse,Electronics,623.54,3,Germany,1870.62,7,2024
1135,2022-12-06,1492,Laptop,Electronics,307.81,2,Israel,615.62,12,2022
1136,2023-01-24,1881,Laptop,Office,984.05,1,USA,984.05,1,2023
1137,2023-07-31,1998,Laptop,Accessories,998.94,1,Germany,998.94,7,2023
1138,2022-01-03,1961,Laptop,Accessories,692.97,1,Canada,692.97,1,2022
1139,2023-01-11,1316,USB Cable,Accessories,408.57,4,Israel,1634.28,1,2023
1140,2022-11-20,1941,Monitor,Accessories,1248.56,1,USA,1248.56,11,2022
1141,2022-05-26,1836,Monitor,Electronics,416.6,4,Canada,1666.4,5,2022
1142,2022-10-20,1625,USB Cable,Office,990.24,4,UK,3960.96,10,2022
1143,2023-03-08,1074,Headphones,Office,579.06,3,USA,1737.18,3,2023
1144,2023-12-06,1713,Desk Lamp,Office,711.36,4,UK,2845.44,12,2023
1145,2024-08-06,1938,Monitor,Accessories,321.05,4,Canada,1284.2,8,2024
1146,2023-08-08,1058,Desk Lamp,Accessories,975.97,4,UK,3903.88,8,2023
1147,2023-02-03,1385,Webcam,Office,342.61,4,France,1370.44,2,2023
1148,2024-03-27,1014,USB Cable,Electronics,731.14,3,Canada,2193.42,3,2024
1149,2024-08-21,1230,Mouse,Accessories,496.05,2,Canada,992.1,8,2024
1150,2022-07-06,1616,Webcam,Electronics,1445.59,4,France,5782.36,7,2022
1151,2022-03-02,1676,USB Cable,Office,1473.42,2,Germany,2946.84,3,2022
1152,2024-07-27,1198,Monitor,Accessories,1131.47,1,Israel,1131.47,7,2024
1153,2023-12-11,1915,Mouse,Electronics,1475.96,1,Germany,1475.96,12,2023
1154,2024-03-17,1353,Desk Lamp,Accessories,174.76,2,France,349.52,3,2024
1155,2022-01-11,1034,Mouse,Office,1488.53,2,Germany,2977.06,1,2022
1156,2024-12-21,1161,Desk Lamp,Office,159.82,1,Israel,159.82,12,2024
1157,2022-08-14,1756,Laptop,Office,626.1,3,Israel,1878.3,8,2022
1158,2023-07-18,1981,Headphones,Electronics,362.23,3,USA,1086.69,7,2023
1159,2024-02-11,1798,Laptop,Accessories,1431.0,4,Germany,5724.0,2,2024
1160,2024-06-03,1894,USB Cable,Accessories,955.51,3,France,2866.53,6,2024
1161,2022-08-14,1470,Laptop,Accessories,897.71,3,USA,2693.13,8,2022
1162,2024-04-04,1530,Webcam,Office,1496.17,4,Germany,5984.68,4,2024
1163,2022-08-06,1963,Desk Lamp,Electronics,920.58,4,Canada,3682.32,8,2022
1164,2024-07-25,1791,Desk Lamp,Office,971.01,3,Israel,2913.03,7,2024
1165,2024-01-23,1851,Monitor,Office,71.94,2,France,143.88,1,2024
1166,2023-05-21,1422,Desk Lamp,Electronics,1289.28,4,Canada,5157.12,5,2023
1167,2022-09-16,1347,Webcam,Office,1455.28,2,Germany,2910.56,9,2022
1168,2022-02-23,1693,Monitor,Office,1440.67,1,Israel,1440.67,2,2022
1169,2024-12-06,1934,Webcam,Accessories,335.55,4,Israel,1342.2,12,2024
1170,2023-12-28,1912,Mouse,Electronics,342.74,2,Canada,685.48,12,2023
1171,2023-11-20,1146,Monitor,Electronics,552.24,4,Germany,2208.96,11,2023
1172,2024-11-09,1373,Desk Lamp,Accessories,468.76,4,Germany,1875.04,11,2024
1173,2023-02-23,1687,Monitor,Electronics,461.89,4,France,1847.56,2,2023
1174,2023-11-21,1674,Webcam,Accessories,909.8,4,USA,3639.2,11,2023
1175,2024-04-29,1415,Keyboard,Office,1209.38,2,Israel,2418.76,4,2024
1176,2022-03-03,1686,Mouse,Electronics,1405.47,2,USA,2810.94,3,2022
1177,2022-08-04,1493,USB Cable,Electronics,106.45,2,USA,212.9,8,2022
1178,2022-01-03,1558,Desk Lamp,Office,420.58,1,Israel,420.58,1,2022
1179,2022-06-09,1255,Mouse,Office,386.25,4,Germany,1545.0,6,2022
1180,2024-02-20,1959,Desk Lamp,Electronics,539.37,4,Israel,2157.48,2,2024
1181,2024-06-11,1685,USB Cable,Electronics,639.38,2,Canada,1278.76,6,2024
1182,2022-11-25,1102,Keyboard,Electronics,586.81,2,USA,1173.62,11,2022
1183,2023-08-03,1120,Webcam,Accessories,1428.46,4,France,5713.84,8,2023
1184,2024-08-09,1418,Webcam,Electronics,658.51,4,Israel,2634.04,8,2024
1185,2023-09-27,1349,Mouse,Electronics,829.63,1,France,829.63,9,2023
1186,2024-09-14,1656,Webcam,Office,1124.21,4,Germany,4496.84,9,2024
1187,2024-07-09,1041,Headphones,Office,1089.0,2,Germany,2178.0,7,2024
1188,2024-01-08,1366,Headphones,Accessories,876.53,1,Canada,876.53,1,2024
1189,2022-06-19,1028,Desk Lamp,Office,1291.94,3,France,3875.82,6,2022
1190,2023-06-05,1965,USB Cable,Electronics,938.15,3,France,2814.45,6,2023
1191,2022-02-09,1891,Keyboard,Electronics,1312.76,4,Israel,5251.04,2,2022
1192,2024-08-12,1784,Desk Lamp,Accessories,457.63,2,Germany,915.26,8,2024
1193,2024-09-10,1976,Monitor,Office,202.38,4,France,809.52,9,2024
1194,2024-09-01,1013,Desk Lamp,Office,1230.18,2,UK,2460.36,9,2024
1195,2022-02-07,1919,Headphones,Office,576.86,2,Israel,1153.72,2,2022
1196,2022-11-24,1952,Desk Lamp,Accessories,978.37,2,Israel,1956.74,11,2022
1197,2024-07-02,1817,USB Cable,Office,1107.28,3,UK,3321.84,7,2024
1198,2023-03-30,1824,Desk Lamp,Office,493.43,4,Germany,1973.72,3,2023
1199,2022-02-06,1484,Webcam,Office,760.22,4,France,3040.88,2,2022
1200,2024-08-30,1188,Keyboard,Electronics,1342.92,3,France,4028.76,8,2024
1201,2024-03-06,1871,USB Cable,Accessories,1320.29,2,Germany,2640.58,3,2024
1202,2024-08-30,1294,USB Cable,Electronics,1125.29,1,UK,1125.29,8,2024
1203,2023-08-16,1182,Headphones,Accessories,1145.3,1,UK,1145.3,8,2023
1204,2024-11-29,1863,Laptop,Office,1347.04,3,UK,4041.12,11,2024
1205,2022-08-12,1547,Keyboard,Electronics,1105.82,1,Israel,1105.82,8,2022
1206,2022-11-14,1881,Mouse,Office,512.68,2,France,1025.36,11,2022
1207,2022-12-15,1036,USB Cable,Office,185.57,2,USA,371.14,12,2022
1208,2022-04-25,1013,Headphones,Accessories,635.72,4,Israel,2542.88,4,2022
1209,2023-11-29,1922,Mouse,Office,135.58,2,Israel,271.16,11,2023
1210,2024-11-29,1634,Keyboard,Electronics,178.08,2,France,356.16,11,2024
1211,2022-02-09,1594,Headphones,Accessories,1425.51,2,Germany,2851.02,2,2022
1212,2022-08-04,1158,Mouse,Accessories,1015.45,1,Canada,1015.45,8,2022
1213,2022-12-02,1493,Desk Lamp,Electronics,1278.16,1,France,1278.16,12,2022
1214,2022-04-02,1328,Monitor,Office,966.13,3,Germany,2898.39,4,2022
1215,2022-12-19,1613,USB Cable,Office,630.72,3,France,1892.16,12,2022
1216,2023-07-25,1848,Monitor,Office,42.61,1,Israel,42.61,7,2023
1217,2024-03-26,1082,Laptop,Office,1433.98,4,Canada,5735.92,3,2024
1218,2024-02-20,1555,Webcam,Office,111.04,4,UK,444.16,2,2024
1219,2022-12-29,1579,Keyboard,Accessories,917.19,1,Israel,917.19,12,2022
1220,2023-07-11,1559,Webcam,Accessories,157.79,3,Israel,473.37,7,2023
1221,2022-12-22,1568,Webcam,Electronics,429.8,4,USA,1719.2,12,2022
1222,2022-07-10,1586,Mouse,Office,282.8,2,Israel,565.6,7,2022
1223,2023-02-26,1021,Laptop,Office,832.81,4,Israel,3331.24,2,2023
1224,2023-12-01,1131,Keyboard,Office,1331.18,4,Israel,5324.72,12,2023
1225,2022-01-07,1464,Monitor,Electronics,955.26,4,Canada,3821.04,1,2022
1226,2022-05-13,1455,Webcam,Office,997.96,3,USA,2993.88,5,2022
1227,2023-07-11,1301,Mouse,Accessories,1363.85,3,Germany,4091.55,7,2023
1228,2024-04-05,1954,Webcam,Office,1125.39,1,Canada,1125.39,4,2024
1229,2024-01-31,1929,Headphones,Electronics,1299.6,4,Canada,5198.4,1,2024
1230,2024-11-20,1266,Monitor,Accessories,627.51,3,USA,1882.53,11,2024
1231,2023-06-19,1798,Webcam,Accessories,1298.71,3,UK,3896.13,6,2023
1232,2023-03-02,1394,Headphones,Accessories,970.56,1,Germany,970.56,3,2023
1233,2023-11-03,1119,Headphones,Office,207.73,2,Canada,415.46,11,2023
1234,2022-12-29,1245,Mouse,Electronics,62.88,2,Canada,125.76,12,2022
1235,2022-03-23,1567,Mouse,Electronics,369.83,4,USA,1479.32,3,2022
1236,2022-12-22,1037,Headphones,Office,570.63,2,UK,1141.26,12,2022
1237,2023-08-12,1244,Laptop,Electronics,1257.16,1,UK,1257.16,8,2023
1238,2022-10-22,1020,Webcam,Accessories,1113.16,3,France,3339.48,10,2022
1239,2024-12-05,1109,Headphones,Accessories,1433.29,2,France,2866.58,12,2024
1240,2022-01-17,1605,Headphones,Electronics,840.97,4,Canada,3363.88,1,2022
1241,2022-12-26,1393,Mouse,Electronics,1122.87,4,Canada,4491.48,12,2022
1242,2024-05-15,1409,Webcam,Office,416.55,3,Israel,1249.65,5,2024
1243,2023-12-01,1986,Keyboard,Office,1020.97,4,Germany,4083.88,12,2023
1244,2023-03-24,1647,Monitor,Office,1060.7,1,USA,1060.7,3,2023
1245,2024-05-05,1742,Mouse,Office,1273.38,2,Israel,2546.76,5,2024
1246,2022-12-31,1007,Webcam,Office,806.92,4,Germany,3227.68,12,2022
1247,2023-11-06,1443,Webcam,Office,975.26,2,Canada,1950.52,11,2023
1248,2024-10-04,1327,Desk Lamp,Accessories,308.56,3,France,925.68,10,2024
1249,2023-04-12,1886,USB Cable,Electronics,1106.45,2,USA,2212.9,4,2023
1250,2023-02-18,1289,Laptop,Office,1258.43,1,UK,1258.43,2,2023
1251,2023-08-09,1762,Monitor,Accessories,892.64,3,UK,2677.92,8,2023
1252,2024-09-20,1510,Mouse,Electronics,177.93,4,Israel,711.72,9,2024
1253,2023-07-26,1911,Mouse,Electronics,472.72,3,Israel,1418.16,7,2023
1254,2022-12-01,1360,Keyboard,Electronics,715.89,2,USA,1431.78,12,2022
1255,2022-02-06,1908,USB Cable,Office,1017.36,2,UK,2034.72,2,2022
1256,2024-09-15,1598,USB Cable,Office,483.89,2,Israel,967.78,9,2024
1257,2022-10-05,1715,Laptop,Office,1261.24,2,UK,2522.48,10,2022
1258,2024-07-04,1218,Desk Lamp,Electronics,560.83,3,France,1682.49,7,2024
1259,2023-04-29,1405,Desk Lamp,Electronics,69.04,3,Israel,207.12,4,2023
1260,2024-01-01,1991,USB Cable,Accessories,1192.02,2,Canada,2384.04,1,2024
1261,2022-07-11,1752,Laptop,Accessories,968.11,4,Germany,3872.44,7,2022
1262,2024-11-06,1922,Desk Lamp,Accessories,1203.92,3,Israel,3611.76,11,2024
1263,2023-06-08,1831,Webcam,Accessories,526.59,1,France,526.59,6,2023
1264,2024-07-06,1769,Webcam,Electronics,31.36,3,USA,94.08,7,2024
1265,2023-02-05,1620,Mouse,Office,115.26,1,UK,115.26,2,2023
1266,2024-06-04,1767,Desk Lamp,Office,172.14,4,Canada,688.56,6,2024
1267,2023-12-06,1992,Keyboard,Office,1208.7,1,USA,1208.7,12,2023
1268,2022-01-22,1793,Mouse,Office,455.64,1,Israel,455.64,1,2022
1269,2023-04-19,1219,USB Cable,Accessories,1496.86,4,Germany,5987.44,4,2023
1270,2022-07-29,1594,Headphones,Electronics,1138.79,2,USA,2277.58,7,2022
1271,2022-11-02,1106,Webcam,Office,903.73,3,Germany,2711.19,11,2022
1272,2023-12-05,1580,Headphones,Electronics,1475.51,4,Israel,5902.04,12,2023
1273,2023-11-18,1608,USB Cable,Accessories,477.88,1,Germany,477.88,11,2023
1274,2022-10-12,1723,Desk Lamp,Accessories,252.6,2,Germany,505.2,10,2022
1275,2023-12-17,1285,Keyboard,Office,1107.22,3,France,3321.66,12,2023
1276,2024-02-02,1748,Mouse,Office,420.73,4,USA,1682.92,2,2024
1277,2024-08-05,1007,Webcam,Accessories,1441.75,3,Israel,4325.25,8,2024
1278,2023-01-16,1805,Keyboard,Accessories,1482.16,2,France,2964.32,1,2023
1279,2023-04-05,1188,Mouse,Electronics,1389.97,3,Germany,4169.91,4,2023
1280,2024-10-27,1080,Mouse,Accessories,1417.42,2,France,2834.84,10,2024
1281,2022-01-29,1107,Headphones,Electronics,925.4,4,France,3701.6,1,2022
1282,2024-06-25,1320,Monitor,Accessories,1039.72,2,Germany,2079.44,6,2024
1283,2024-11-22,1578,USB Cable,Electronics,145.9,4,Israel,583.6,11,2024
1284,2024-05-28,1685,Laptop,Accessories,1145.76,2,UK,2291.52,5,2024
1285,2022-03-20,1345,Webcam,Accessories,307.08,3,France,921.24,3,2022
1286,2024-08-04,1862,Laptop,Electronics,1261.29,2,USA,2522.58,8,2024
1287,2023-04-04,1327,Desk Lamp,Electronics,1442.49,2,Germany,2884.98,4,2023
1288,2023-07-24,1554,Keyboard,Office,322.5,3,UK,967.5,7,2023
1289,2024-01-08,1698,Desk Lamp,Office,121.66,1,France,121.66,1,2024
1290,2023-05-31,1301,Desk Lamp,Accessories,728.42,2,Germany,1456.84,5,2023
1291,2023-02-01,1199,Laptop,Accessories,1188.37,4,Germany,4753.48,2,2023
1292,2022-02-08,1892,Headphones,Electronics,1157.11,2,France,2314.22,2,2022
1293,2024-06-05,1418,Monitor,Accessories,1046.74,1,Canada,1046.74,6,2024
1294,2024-03-07,1038,Webcam,Office,1231.94,4,Canada,4927.76,3,2024
1295,2022-06-06,1731,USB Cable,Electronics,266.61,3,USA,799.83,6,2022
1296,2024-06-02,1306,Mouse,Accessories,979.65,3,Germany,2938.95,6,2024
1297,2024-08-31,1003,Mouse,Electronics,910.49,3,Germany,2731.47,8,2024
1298,2024-11-11,1632,USB Cable,Office,234.38,4,France,937.52,11,2024
1299,2024-04-28,1847,Headphones,Office,624.57,2,UK,1249.14,4,2024
1300,2024-01-18,1076,Webcam,Office,1279.53,4,Germany,5118.12,1,2024
1301,2024-09-15,1467,Laptop,Accessories,1457.84,4,Germany,5831.36,9,2024
1302,2022-01-21,1178,USB Cable,Accessories,999.82,1,France,999.82,1,2022
1303,2022-10-30,1644,Mouse,Accessories,1383.3,4,Canada,5533.2,10,2022
1304,2024-05-18,1822,Laptop,Accessories,202.41,3,Germany,607.23,5,2024
1305,2022-03-25,1740,Headphones,Accessories,1462.72,4,France,5850.88,3,2022
1306,2023-07-24,1275,Mouse,Accessories,55.09,1,USA,55.09,7,2023
1307,2024-07-22,1151,Keyboard,Office,793.25,4,France,3173.0,7,2024
1308,2024-10-05,1163,Monitor,Office,440.06,4,Canada,1760.24,10,2024
1309,2024-03-03,1289,Laptop,Accessories,1221.79,3,UK,3665.37,3,2024
1310,2024-03-02,1377,USB Cable,Office,330.23,4,Germany,1320.92,3,2024
1311,2023-05-07,1620,Webcam,Electronics,22.24,2,USA,44.48,5,2023
1312,2022-07-27,1637,Laptop,Accessories,624.84,3,Germany,1874.52,7,2022
1313,2024-12-19,1751,Laptop,Electronics,100.84,1,Germany,100.84,12,2024
1314,2023-03-06,1309,Laptop,Accessories,438.69,1,Canada,438.69,3,2023
1315,2024-09-11,1929,USB Cable,Accessories,967.4,1,France,967.4,9,2024
1316,2023-06-04,1978,Headphones,Office,445.58,4,Germany,1782.32,6,2023
1317,2023-08-14,1912,Headphones,Electronics,372.46,2,Canada,744.92,8,2023
1318,2024-11-16,1388,Webcam,Office,237.47,3,USA,712.41,11,2024
1319,2022-07-18,1856,Headphones,Accessories,207.08,2,Canada,414.16,7,2022
1320,2023-01-22,1657,USB Cable,Electronics,791.16,2,Canada,1582.32,1,2023
1321,2022-12-15,1763,Webcam,Accessories,1023.85,1,Canada,1023.85,12,2022
1322,2024-08-17,1182,Desk Lamp,Office,681.84,1,Israel,681.84,8,2024
1323,2023-11-24,1820,Webcam,Accessories,189.79,2,Canada,379.58,11,2023
1324,2023-01-13,1305,Headphones,Accessories,973.4,2,Germany,1946.8,1,2023
1325,2024-06-17,1071,Desk Lamp,Office,837.9,3,Canada,2513.7,6,2024
1326,2024-07-04,1218,Mouse,Accessories,575.01,1,France,575.01,7,2024
1327,2023-06-11,1718,Headphones,Electronics,498.42,1,UK,498.42,6,2023
1328,2024-01-04,1172,Mouse,Office,278.81,4,Germany,1115.24,1,2024
1329,2022-07-25,1652,Keyboard,Accessories,223.72,1,Canada,223.72,7,2022
1330,2023-03-31,1271,Headphones,Office,511.46,3,Canada,1534.38,3,2023
1331,2023-06-05,1725,Keyboard,Accessories,67.24,4,France,268.96,6,2023
1332,2024-10-13,1467,Headphones,Office,657.76,3,Germany,1973.28,10,2024
1333,2024-08-13,1268,Keyboard,Office,904.35,1,Israel,904.35,8,2024
1334,2023-12-27,1019,Monitor,Electronics,1412.77,1,Israel,1412.77,12,2023
1335,2024-10-10,1577,Keyboard,Office,940.61,2,USA,1881.22,10,2024
1336,2023-05-16,1994,Mouse,Electronics,937.99,2,Israel,1875.98,5,2023
1337,2022-04-27,1814,Laptop,Office,564.75,3,France,1694.25,4,2022
1338,2023-01-21,1502,Webcam,Office,204.31,4,Israel,817.24,1,2023
1339,2023-08-07,1146,Keyboard,Accessories,673.17,1,France,673.17,8,2023
1340,2023-01-30,1428,Laptop,Accessories,900.02,2,Germany,1800.04,1,2023
1341,2024-12-23,1164,USB Cable,Accessories,1087.43,2,USA,2174.86,12,2024
1342,2023-12-22,1889,Monitor,Office,1240.0,1,Canada,1240.0,12,2023
1343,2022-03-13,1309,Monitor,Office,387.61,1,Canada,387.61,3,2022
1344,2022-10-01,1517,Desk Lamp,Electronics,365.62,4,Canada,1462.48,10,2022
1345,2022-12-04,1013,USB Cable,Electronics,850.12,2,USA,1700.24,12,2022
1346,2023-08-30,1131,USB Cable,Electronics,851.19,4,Canada,3404.76,8,2023
1347,2022-06-15,1853,Desk Lamp,Accessories,330.83,4,Israel,1323.32,6,2022
1348,2022-01-11,1754,USB Cable,Accessories,883.28,1,Canada,883.28,1,2022
1349,2023-12-30,1438,Mouse,Electronics,522.09,4,Canada,2088.36,12,2023
1350,2024-03-11,1742,USB Cable,Office,960.78,1,UK,960.78,3,2024
1351,2022-04-12,1739,Mouse,Accessories,440.11,3,Israel,1320.33,4,2022
1352,2024-02-18,1673,Desk Lamp,Accessories,890.48,4,Canada,3561.92,2,2024
1353,2022-08-02,1794,Keyboard,Electronics,1153.62,2,UK,2307.24,8,2022
1354,2023-02-05,1262,Desk Lamp,Accessories,1470.34,2,Israel,2940.68,2,2023
1355,2023-08-11,1642,Headphones,Electronics,1367.05,3,France,4101.15,8,2023
1356,2024-06-07,1942,USB Cable,Accessories,757.79,3,France,2273.37,6,2024
1357,2024-12-05,1224,USB Cable,Office,735.08,4,Canada,2940.32,12,2024
1358,2023-08-15,1257,Monitor,Office,659.36,2,Canada,1318.72,8,2023
1359,2022-04-02,1233,Desk Lamp,Accessories,46.49,2,UK,92.98,4,2022
1360,2023-11-04,1335,Desk Lamp,Electronics,253.1,1,USA,253.1,11,2023
1361,2023-12-15,1408,Laptop,Accessories,93.49,1,UK,93.49,12,2023
1362,2024-07-24,1827,Headphones,Electronics,1046.05,2,Germany,2092.1,7,2024
1363,2022-08-30,1974,Monitor,Accessories,622.79,1,USA,622.79,8,2022
1364,2022-01-02,1023,Keyboard,Office,100.34,1,UK,100.34,1,2022
1365,2022-08-13,1270,USB Cable,Office,1037.41,1,Germany,1037.41,8,2022
1366,2024-03-11,1094,Monitor,Accessories,968.43,3,Germany,2905.29,3,2024
1367,2023-08-12,1141,Mouse,Accessories,1081.34,2,Canada,2162.68,8,2023
1368,2022-04-26,1693,Laptop,Accessories,901.75,2,Israel,1803.5,4,2022
1369,2024-07-06,1717,Laptop,Office,246.5,2,Canada,493.0,7,2024
1370,2022-07-13,1901,Mouse,Office,96.78,1,UK,96.78,7,2022
1371,2024-05-20,1973,Desk Lamp,Electronics,1226.63,4,France,4906.52,5,2024
1372,2022-03-31,1080,USB Cable,Accessories,327.63,4,Canada,1310.52,3,2022
1373,2022-05-02,1273,USB Cable,Accessories,816.08,1,Israel,816.08,5,2022
1374,2022-05-23,1275,Headphones,Office,730.4,3,Canada,2191.2,5,2022
1375,2024-09-20,1882,Mouse,Accessories,1381.97,3,Canada,4145.91,9,2024
1376,2022-04-16,1957,USB Cable,Electronics,830.9,2,USA,1661.8,4,2022
1377,2024-06-05,1464,Laptop,Accessories,872.13,4,France,3488.52,6,2024
1378,2023-03-04,1207,USB Cable,Office,482.66,3,Germany,1447.98,3,2023
1379,2022-11-13,1295,Keyboard,Accessories,1438.25,4,USA,5753.0,11,2022
1380,2023-09-27,1038,USB Cable,Office,920.5,4,Israel,3682.0,9,2023
1381,2022-01-09,1947,Headphones,Electronics,12.45,3,Canada,37.35,1,2022
1382,2024-02-13,1287,Webcam,Electronics,836.34,1,Germany,836.34,2,2024
1383,2022-08-11,1123,Monitor,Accessories,548.98,2,Canada,1097.96,8,2022
1384,2023-07-07,1875,Webcam,Accessories,53.01,2,Germany,106.02,7,2023
1385,2023-12-17,1968,Keyboard,Office,650.17,3,Germany,1950.51,12,2023
1386,2022-04-21,1282,Webcam,Electronics,1161.48,1,France,1161.48,4,2022
1387,2022-09-08,1877,USB Cable,Electronics,758.17,3,Israel,2274.51,9,2022
1388,2023-01-18,1179,Headphones,Electronics,960.99,3,Israel,2882.97,1,2023
1389,2022-01-07,1096,Laptop,Electronics,961.41,4,Canada,3845.64,1,2022
1390,2023-04-04,1190,Laptop,Accessories,1008.17,4,France,4032.68,4,2023
1391,2022-07-27,1073,Keyboard,Accessories,584.46,2,Israel,1168.92,7,2022
1392,2024-06-18,1446,Webcam,Office,558.16,4,Germany,2232.64,6,2024
1393,2022-01-22,1784,Desk Lamp,Electronics,11.85,4,Germany,47.4,1,2022
1394,2023-02-14,1496,Desk Lamp,Accessories,235.56,1,Canada,235.56,2,2023
1395,2024-06-13,1560,Headphones,Accessories,1426.46,3,Germany,4279.38,6,2024
1396,2023-05-30,1483,Monitor,Electronics,1264.41,3,Israel,3793.23,5,2023
1397,2024-03-19,1848,USB Cable,Accessories,416.29,1,UK,416.29,3,2024
1398,2024-05-23,1721,Webcam,Office,604.78,4,USA,2419.12,5,2024
1399,2022-01-14,1115,Desk Lamp,Office,1410.18,4,UK,5640.72,1,2022
1400,2024-08-28,1534,Desk Lamp,Electronics,379.41,3,France,1138.23,8,2024
1401,2024-09-04,1097,Webcam,Office,801.14,2,UK,1602.28,9,2024
1402,2024-10-10,1327,Monitor,Accessories,38.01,3,Canada,114.03,10,2024
1403,2024-11-01,1908,Mouse,Office,931.5,2,UK,1863.0,11,2024
1404,2022-03-28,1406,USB Cable,Accessories,1395.46,4,Canada,5581.84,3,2022
1405,2024-06-27,1312,Keyboard,Electronics,1327.69,2,France,2655.38,6,2024
1406,2022-05-02,1701,USB Cable,Electronics,755.44,2,UK,1510.88,5,2022
1407,2024-01-20,1693,Headphones,Accessories,976.21,2,USA,1952.42,1,2024
1408,2023-11-16,1147,Keyboard,Accessories,856.85,2,Israel,1713.7,11,2023
1409,2022-11-05,1341,Monitor,Office,105.13,2,France,210.26,11,2022
1410,2023-11-26,1494,Headphones,Accessories,242.29,3,UK,726.87,11,2023
1411,2022-10-15,1947,Laptop,Electronics,1445.91,1,Germany,1445.91,10,2022
1412,2022-11-03,1022,Laptop,Accessories,387.67,4,Germany,1550.68,11,2022
1413,2024-07-02,1104,USB Cable,Office,579.75,3,France,1739.25,7,2024
1414,2023-10-24,1674,Headphones,Office,765.87,1,Germany,765.87,10,2023
1415,2023-07-03,1578,Keyboard,Accessories,1468.8,3,USA,4406.4,7,2023
1416,2022-11-08,1801,Keyboard,Office,1036.54,1,UK,1036.54,11,2022
1417,2024-05-22,1800,Laptop,Office,946.25,3,USA,2838.75,5,2024
1418,2024-12-18,1557,Laptop,Electronics,788.98,4,USA,3155.92,12,2024
1419,2024-07-12,1592,Monitor,Accessories,1052.51,4,Israel,4210.04,7,2024
1420,2024-01-25,1940,Headphones,Electronics,997.7,2,UK,1995.4,1,2024
1421,2022-02-04,1658,Keyboard,Electronics,1354.75,1,France,1354.75,2,2022
1422,2023-03-21,1221,Desk Lamp,Office,815.04,3,Germany,2445.12,3,2023
1423,2022-04-03,1854,Monitor,Electronics,635.15,2,Israel,1270.3,4,2022
1424,2022-12-19,1014,Keyboard,Accessories,1211.71,3,USA,3635.13,12,2022
1425,2024-06-21,1890,Laptop,Accessories,1200.68,4,Germany,4802.72,6,2024
1426,2024-05-11,1632,Headphones,Accessories,258.91,4,UK,1035.64,5,2024
1427,2022-06-08,1077,Mouse,Electronics,359.0,1,USA,359.0,6,2022
1428,2024-08-14,1321,Headphones,Accessories,1438.16,3,USA,4314.48,8,2024
1429,2022-01-24,1806,Webcam,Accessories,668.94,3,UK,2006.82,1,2022
1430,2023-02-08,1240,Desk Lamp,Electronics,781.89,2,France,1563.78,2,2023
1431,2024-03-15,1017,Desk Lamp,Electronics,468.69,4,Israel,1874.76,3,2024
1432,2023-05-31,1767,Desk Lamp,Electronics,724.2,2,UK,1448.4,5,2023
1433,2024-01-02,1453,Mouse,Electronics,1116.32,2,Germany,2232.64,1,2024
1434,2023-06-16,1442,USB Cable,Office,726.11,1,Germany,726.11,6,2023
1435,2024-08-13,1927,USB Cable,Electronics,475.6,2,USA,951.2,8,2024
1436,2022-06-01,1276,Monitor,Electronics,148.52,1,Canada,148.52,6,2022
1437,2024-08-04,1423,Mouse,Accessories,1392.75,4,Israel,5571.0,8,2024
1438,2023-08-31,1475,Mouse,Accessories,1308.13,2,France,2616.26,8,2023
1439,2023-02-24,1026,Monitor,Electronics,1188.09,2,France,2376.18,2,2023
1440,2024-05-15,1513,Headphones,Electronics,1042.64,2,Canada,2085.28,5,2024
1441,2023-08-01,1864,Monitor,Electronics,775.69,2,Germany,1551.38,8,2023
1442,2022-12-01,1463,Webcam,Accessories,1346.61,4,France,5386.44,12,2022
1443,2024-07-20,1806,Laptop,Accessories,1188.59,1,Germany,1188.59,7,2024
1444,2022-10-22,1981,USB Cable,Electronics,1224.94,4,Israel,4899.76,10,2022
1445,2024-01-25,1823,Laptop,Accessories,467.78,1,Canada,467.78,1,2024
1446,2022-07-05,1362,USB Cable,Accessories,638.07,1,USA,638.07,7,2022
1447,2023-09-29,1382,Mouse,Electronics,1061.67,2,Germany,2123.34,9,2023
1448,2023-06-14,1750,Desk Lamp,Accessories,559.74,2,Israel,1119.48,6,2023
1449,2022-01-21,1524,Monitor,Electronics,743.49,2,Canada,1486.98,1,2022
1450,2024-06-29,1381,Monitor,Office,971.54,1,Germany,971.54,6,2024
1451,2024-05-16,1183,Monitor,Office,659.45,3,UK,1978.35,5,2024
1452,2024-03-04,1193,Desk Lamp,Office,1190.59,3,Germany,3571.77,3,2024
1453,2022-04-10,1461,Webcam,Accessories,178.84,3,Israel,536.52,4,2022
1454,2024-01-22,1055,Webcam,Office,1078.49,4,France,4313.96,1,2024
1455,2023-04-23,1229,Desk Lamp,Accessories,222.09,1,Germany,222.09,4,2023
1456,2024-07-28,1488,Headphones,Electronics,1407.07,3,USA,4221.21,7,2024
1457,2023-06-10,1027,Desk Lamp,Office,474.49,1,Israel,474.49,6,2023
1458,2022-11-30,1831,Keyboard,Accessories,1194.17,1,France,1194.17,11,2022
1459,2022-01-02,1582,USB Cable,Office,784.52,4,Israel,3138.08,1,2022
1460,2023-01-10,1721,Keyboard,Accessories,141.18,2,Germany,282.36,1,2023
1461,2022-10-20,1959,Keyboard,Accessories,875.97,2,UK,1751.94,10,2022
1462,2024-04-16,1183,Desk Lamp,Electronics,1368.71,4,UK,5474.84,4,2024
1463,2024-10-01,1424,USB Cable,Accessories,240.07,4,USA,960.28,10,2024
1464,2023-07-07,1374,Headphones,Accessories,485.35,1,Canada,485.35,7,2023
1465,2022-11-14,1867,Monitor,Office,661.54,3,Canada,1984.62,11,2022
1466,2023-01-16,1040,Keyboard,Electronics,416.2,1,USA,416.2,1,2023
1467,2022-01-14,1483,Desk Lamp,Accessories,1415.95,1,France,1415.95,1,2022
1468,2023-05-19,1259,Monitor,Office,569.36,3,UK,1708.08,5,2023
1469,2022-08-19,1440,Desk Lamp,Electronics,988.8,2,Germany,1977.6,8,2022
1470,2022-05-10,1925,Mouse,Accessories,339.76,1,Israel,339.76,5,2022
1471,2024-04-17,1855,Keyboard,Office,333.46,2,Israel,666.92,4,2024
1472,2024-06-09,1083,Mouse,Electronics,267.89,2,UK,535.78,6,2024
1473,2022-01-28,1045,Headphones,Electronics,655.04,2,UK,1310.08,1,2022
1474,2022-03-07,1439,Laptop,Electronics,801.62,1,Israel,801.62,3,2022
1475,2022-09-18,1670,Webcam,Electronics,21.07,3,France,63.21,9,2022
1476,2023-04-05,1855,USB Cable,Accessories,1250.22,3,Israel,3750.66,4,2023
1477,2022-10-28,1518,Desk Lamp,Accessories,771.57,2,USA,1543.14,10,2022
1478,2024-07-07,1985,Headphones,Electronics,240.03,2,Germany,480.06,7,2024
1479,2022-10-14,1844,Headphones,Electronics,105.6,3,UK,316.8,10,2022
1480,2024-10-30,1437,Headphones,Accessories,99.48,4,Canada,397.92,10,2024
1481,2023-09-22,1135,Keyboard,Office,390.18,4,UK,1560.72,9,2023
1482,2022-09-27,1182,Mouse,Electronics,751.44,2,France,1502.88,9,2022
1483,2023-08-15,1708,Webcam,Accessories,1291.06,3,USA,3873.18,8,2023
1484,2024-04-23,1171,Keyboard,Accessories,1354.93,4,Israel,5419.72,4,2024
1485,2024-05-11,1908,Laptop,Office,1249.33,3,USA,3747.99,5,2024
1486,2022-05-13,1860,USB Cable,Accessories,496.2,1,USA,496.2,5,2022
1487,2024-08-29,1787,USB Cable,Electronics,463.3,2,France,926.6,8,2024
1488,2023-05-28,1589,Webcam,Accessories,1481.25,4,France,5925.0,5,2023
1489,2022-11-09,1927,USB Cable,Electronics,1023.51,2,Canada,2047.02,11,2022
1490,2023-07-30,1955,USB Cable,Accessories,460.9,1,Israel,460.9,7,2023
1491,2024-06-04,1689,Headphones,Electronics,496.97,3,Canada,1490.91,6,2024
1492,2023-11-18,1538,Monitor,Electronics,654.79,2,Israel,1309.58,11,2023
1493,2022-06-14,1119,Laptop,Accessories,934.6,4,Germany,3738.4,6,2022
1494,2022-11-01,1280,Mouse,Electronics,1347.48,1,USA,1347.48,11,2022
1495,2022-06-05,1307,Desk Lamp,Accessories,301.47,4,Israel,1205.88,6,2022
1496,2023-09-12,1707,Laptop,Accessories,131.18,3,France,393.54,9,2023
1497,2024-08-14,1276,Keyboard,Accessories,611.6,4,Germany,2446.4,8,2024
1498,2022-11-30,1529,USB Cable,Electronics,371.96,4,Canada,1487.84,11,2022
1499,2024-08-26,1294,Monitor,Accessories,866.17,4,Germany,3464.68,8,2024
1500,2023-05-26,1782,Desk Lamp,Office,1050.33,1,France,1050.33,5,2023
1501,2024-11-09,1052,Keyboard,Electronics,469.55,4,Israel,1878.2,11,2024
1502,2022-10-09,1805,Webcam,Office,1029.75,4,France,4119.0,10,2022
1503,2024-03-07,1431,Headphones,Office,518.01,1,Israel,518.01,3,2024
1504,2024-10-21,1051,USB Cable,Office,954.28,1,France,954.28,10,2024
1505,2022-04-29,1727,Headphones,Office,951.43,1,France,951.43,4,2022
1506,2024-11-24,1071,Laptop,Accessories,420.85,3,UK,1262.55,11,2024
1507,2022-07-17,1027,Headphones,Office,955.41,1,Israel,955.41,7,2022
1508,2023-04-30,1468,Headphones,Electronics,574.53,3,USA,1723.59,4,2023
1509,2024-12-18,1911,Webcam,Office,508.0,1,UK,508.0,12,2024
1510,2024-04-16,1763,Mouse,Office,437.49,1,UK,437.49,4,2024
1511,2024-10-05,1885,Mouse,Office,521.74,2,UK,1043.48,10,2024
1512,2023-11-22,1911,Keyboard,Accessories,1181.18,2,UK,2362.36,11,2023
1513,2024-11-01,1546,USB Cable,Office,371.54,2,USA,743.08,11,2024
1514,2023-05-05,1400,Keyboard,Office,1024.57,2,UK,2049.14,5,2023
1515,2022-10-03,1200,Mouse,Office,1351.43,1,Canada,1351.43,10,2022
1516,2023-11-24,1760,Laptop,Electronics,528.89,1,USA,528.89,11,2023
1517,2022-08-30,1610,Mouse,Accessories,49.12,3,Canada,147.36,8,2022
1518,2022-05-06,1819,Keyboard,Accessories,41.79,1,USA,41.79,5,2022
1519,2022-08-05,1988,Monitor,Accessories,213.56,3,Canada,640.68,8,2022
1520,2024-11-28,1998,USB Cable,Electronics,169.52,4,UK,678.08,11,2024
1521,2023-05-10,1465,Headphones,Office,1123.39,4,Germany,4493.56,5,2023
1522,2023-03-03,1651,Webcam,Electronics,445.8,1,USA,445.8,3,2023
1523,2024-07-07,1594,Monitor,Accessories,980.5,4,UK,3922.0,7,2024
1524,2022-05-31,1559,Monitor,Accessories,68.47,1,France,68.47,5,2022
1525,2023-01-19,1789,Headphones,Accessories,447.13,3,France,1341.39,1,2023
1526,2022-11-04,1378,Mouse,Electronics,355.05,2,Israel,710.1,11,2022
1527,2024-01-16,1759,Desk Lamp,Accessories,418.94,4,USA,1675.76,1,2024
1528,2024-06-10,1894,USB Cable,Office,290.12,1,USA,290.12,6,2024
1529,2023-01-10,1176,Laptop,Electronics,928.78,2,Canada,1857.56,1,2023
1530,2024-10-28,1051,Monitor,Office,995.7,3,France,2987.1,10,2024
1531,2022-05-09,1078,Laptop,Accessories,226.96,1,USA,226.96,5,2022
1532,2024-10-11,1384,Webcam,Accessories,1113.01,4,USA,4452.04,10,2024
1533,2023-10-31,1833,Webcam,Electronics,378.82,3,France,1136.46,10,2023
1534,2023-06-01,1575,Webcam,Office,427.97,1,UK,427.97,6,2023
1535,2022-03-27,1007,Keyboard,Electronics,1244.07,4,Canada,4976.28,3,2022
1536,2022-11-07,1213,Monitor,Office,1352.24,3,France,4056.72,11,2022
1537,2023-03-03,1024,Webcam,Accessories,1238.01,3,Germany,3714.03,3,2023
1538,2022-04-24,1449,Keyboard,Electronics,225.91,2,France,451.82,4,2022
1539,2022-10-30,1767,Webcam,Electronics,1498.91,2,Canada,2997.82,10,2022
1540,2024-01-14,1754,Mouse,Office,1009.87,2,France,2019.74,1,2024
1541,2023-08-11,1968,Monitor,Accessories,768.45,1,Canada,768.45,8,2023
1542,2024-09-13,1456,Keyboard,Accessories,1432.49,3,UK,4297.47,9,2024
1543,2022-12-11,1460,Webcam,Office,1226.98,2,France,2453.96,12,2022
1544,2024-03-24,1197,USB Cable,Office,1039.16,4,France,4156.64,3,2024
1545,2024-03-11,1093,Keyboard,Office,1258.4,1,UK,1258.4,3,2024
1546,2024-10-21,1718,Webcam,Office,581.27,2,France,1162.54,10,2024
1547,2024-12-12,1946,Mouse,Office,1028.24,1,UK,1028.24,12,2024
1548,2024-12-28,1436,Laptop,Accessories,289.92,3,Germany,869.76,12,2024
1549,2022-12-27,1526,Desk Lamp,Accessories,1482.06,4,UK,5928.24,12,2022
1550,2024-10-06,1689,Webcam,Electronics,885.53,3,USA,2656.59,10,2024
1551,2023-12-05,1966,Laptop,Accessories,1222.28,4,USA,4889.12,12,2023
1552,2023-07-29,1377,Monitor,Office,613.97,3,Canada,1841.91,7,2023
1553,2023-11-19,1586,Mouse,Accessories,1139.09,1,UK,1139.09,11,2023
1554,2024-02-20,1103,USB Cable,Accessories,584.14,3,France,1752.42,2,2024
1555,2023-08-08,1805,Monitor,Accessories,887.06,4,Israel,3548.24,8,2023
1556,2023-08-12,1679,USB Cable,Electronics,1168.31,1,Israel,1168.31,8,2023
1557,2023-05-04,1961,Laptop,Electronics,179.13,1,Germany,179.13,5,2023
1558,2024-08-28,1626,Mouse,Office,538.39,4,Germany,2153.56,8,2024
1559,2023-05-09,1038,Headphones,Office,819.68,4,Israel,3278.72,5,2023
1560,2022-01-19,1457,Mouse,Electronics,504.33,1,Israel,504.33,1,2022
1561,2023-02-01,1363,Mouse,Accessories,467.21,4,UK,1868.84,2,2023
1562,2024-09-27,1784,USB Cable,Accessories,426.09,3,Israel,1278.27,9,2024
1563,2024-04-30,1134,Headphones,Electronics,345.55,3,USA,1036.65,4,2024
1564,2024-04-01,1373,Keyboard,Office,1274.11,3,Germany,3822.33,4,2024
1565,2023-03-31,1231,Keyboard,Accessories,1385.92,1,Canada,1385.92,3,2023
1566,2023-12-26,1038,Keyboard,Office,1051.75,3,Germany,3155.25,12,2023
1567,2024-12-24,1963,Laptop,Accessories,49.85,1,USA,49.85,12,2024
1568,2023-12-12,1802,Mouse,Office,1180.42,4,Germany,4721.68,12,2023
1569,2022-05-23,1818,Webcam,Accessories,800.25,3,Israel,2400.75,5,2022
1570,2024-07-05,1046,Headphones,Office,1138.37,1,Germany,1138.37,7,2024
1571,2024-04-07,1035,Webcam,Office,658.82,2,USA,1317.64,4,2024
1572,2023-08-28,1831,Laptop,Office,66.72,3,Germany,200.16,8,2023
1573,2022-11-01,1094,Headphones,Electronics,1024.21,3,Canada,3072.63,11,2022
1574,2024-01-06,1984,Webcam,Office,668.97,1,Canada,668.97,1,2024
1575,2022-10-18,1360,Desk Lamp,Electronics,1311.7,1,Canada,1311.7,10,2022
1576,2022-04-12,1524,USB Cable,Electronics,1108.52,4,Canada,4434.08,4,2022
1577,2024-05-16,1145,Laptop,Office,542.54,1,Israel,542.54,5,2024
1578,2024-08-25,1916,Laptop,Electronics,1087.5,4,Canada,4350.0,8,2024
1579,2024-08-31,1367,Desk Lamp,Electronics,745.34,2,Canada,1490.68,8,2024
1580,2024-04-21,1064,Laptop,Electronics,303.17,4,UK,1212.68,4,2024
1581,2024-08-19,1227,Headphones,Accessories,632.73,3,Canada,1898.19,8,2024
1582,2024-07-30,1753,Webcam,Office,337.73,1,Israel,337.73,7,2024
1583,2024-10-23,1519,Webcam,Electronics,12.44,2,Canada,24.88,10,2024
1584,2022-03-26,1815,Monitor,Office,373.96,2,Germany,747.92,3,2022
1585,2022-11-24,1852,Laptop,Electronics,318.23,1,Canada,318.23,11,2022
1586,2024-03-26,1554,Keyboard,Office,11.48,3,France,34.44,3,2024
1587,2023-03-30,1755,Mouse,Electronics,1176.97,1,Germany,1176.97,3,2023
1588,2023-09-21,1180,USB Cable,Accessories,120.09,1,Canada,120.09,9,2023
1589,2023-10-27,1500,USB Cable,Accessories,676.34,1,Canada,676.34,10,2023
1590,2022-01-12,1596,Monitor,Accessories,629.74,4,Germany,2518.96,1,2022
1591,2022-10-31,1154,Monitor,Electronics,276.21,2,USA,552.42,10,2022
1592,2024-09-01,1786,Headphones,Office,1450.47,2,France,2900.94,9,2024
1593,2024-02-22,1534,Monitor,Electronics,907.58,3,USA,2722.74,2,2024
1594,2022-02-12,1626,Webcam,Accessories,1221.2,2,Canada,2442.4,2,2022
1595,2024-08-01,1817,Headphones,Electronics,746.73,1,USA,746.73,8,2024
1596,2022-12-09,1434,Headphones,Office,1085.6,2,Israel,2171.2,12,2022
1597,2023-05-13,1810,USB Cable,Accessories,1454.82,3,UK,4364.46,5,2023
1598,2022-12-30,1098,USB Cable,Electronics,525.87,4,Germany,2103.48,12,2022
1599,2024-06-09,1615,Keyboard,Office,758.87,4,France,3035.48,6,2024
1600,2023-03-03,1371,Laptop,Accessories,774.23,1,Germany,774.23,3,2023
1601,2024-10-01,1562,Desk Lamp,Office,1488.03,1,USA,1488.03,10,2024
1602,2022-01-21,1361,Desk Lamp,Office,353.48,2,UK,706.96,1,2022
1603,2023-02-11,1111,Monitor,Accessories,1014.58,2,USA,2029.16,2,2023
1604,2023-09-11,1452,Laptop,Electronics,211.65,3,Germany,634.95,9,2023
1605,2024-10-11,1755,Laptop,Electronics,1390.97,1,Israel,1390.97,10,2024
1606,2022-12-02,1168,Laptop,Electronics,887.62,3,Germany,2662.86,12,2022
1607,2023-02-03,1583,Headphones,Electronics,1289.82,4,USA,5159.28,2,2023
1608,2024-03-03,1138,Laptop,Office,1343.39,2,France,2686.78,3,2024
1609,2023-12-16,1847,Monitor,Electronics,837.88,1,France,837.88,12,2023
1610,2022-02-20,1230,Headphones,Electronics,1024.6,2,France,2049.2,2,2022
1611,2022-11-20,1238,Monitor,Office,1049.59,1,France,1049.59,11,2022
1612,2024-02-28,1983,Headphones,Office,693.42,4,France,2773.68,2,2024
1613,2022-05-21,1252,Desk Lamp,Accessories,655.08,3,Canada,1965.24,5,2022
1614,2023-04-15,1980,Mouse,Office,283.35,1,UK,283.35,4,2023
1615,2024-02-26,1435,Mouse,Accessories,578.95,2,UK,1157.9,2,2024
1616,2024-08-21,1918,Desk Lamp,Accessories,1486.18,1,Israel,1486.18,8,2024
1617,2024-10-04,1560,Mouse,Electronics,408.44,3,France,1225.32,10,2024
1618,2023-01-08,1421,Mouse,Electronics,1144.85,4,USA,4579.4,1,2023
1619,2023-05-09,1302,Desk Lamp,Electronics,93.72,2,USA,187.44,5,2023
1620,2024-01-21,1071,Headphones,Office,703.87,4,Germany,2815.48,1,2024
1621,2022-10-18,1262,Laptop,Office,92.32,4,France,369.28,10,2022
1622,2022-04-16,1833,Desk Lamp,Electronics,716.32,3,USA,2148.96,4,2022
1623,2023-11-01,1221,Keyboard,Electronics,46.19,1,Canada,46.19,11,2023
1624,2022-01-02,1076,USB Cable,Office,921.88,1,Israel,921.88,1,2022
1625,2023-08-12,1061,Webcam,Accessories,881.83,1,USA,881.83,8,2023
1626,2023-10-06,1470,Keyboard,Accessories,1197.78,1,Canada,1197.78,10,2023
1627,2022-03-31,1156,Mouse,Electronics,877.01,2,Canada,1754.02,3,2022
1628,2022-12-16,1805,Laptop,Electronics,1389.37,4,Israel,5557.48,12,2022
1629,2024-11-28,1124,Monitor,Electronics,1175.74,1,France,1175.74,11,2024
1630,2024-06-27,1740,Laptop,Accessories,203.32,4,Germany,813.28,6,2024
1631,2022-06-08,1851,Monitor,Electronics,401.88,2,Germany,803.76,6,2022
1632,2024-08-16,1160,Keyboard,Accessories,44.21,2,UK,88.42,8,2024
1633,2022-11-08,1540,Laptop,Office,582.27,2,France,1164.54,11,2022
1634,2023-03-21,1625,Laptop,Office,766.76,4,USA,3067.04,3,2023
1635,2022-10-25,1590,Webcam,Office,1419.19,1,Germany,1419.19,10,2022
1636,2024-08-09,1534,Desk Lamp,Electronics,785.79,4,Canada,3143.16,8,2024
1637,2022-02-05,1105,Keyboard,Office,1172.64,1,Israel,1172.64,2,2022
1638,2023-07-13,1130,Laptop,Accessories,405.7,3,Canada,1217.1,7,2023
1639,2024-06-09,1356,Monitor,Accessories,233.97,1,Israel,233.97,6,2024
1640,2022-05-21,1988,USB Cable,Accessories,1217.2,1,USA,1217.2,5,2022
1641,2024-06-05,1684,Laptop,Electronics,374.9,1,USA,374.9,6,2024
1642,2023-12-27,1775,Monitor,Electronics,1307.65,2,France,2615.3,12,2023
1643,2024-11-15,1853,Mouse,Accessories,258.93,3,USA,776.79,11,2024
1644,2023-06-05,1884,Laptop,Accessories,1278.12,1,USA,1278.12,6,2023
1645,2022-01-10,1796,Monitor,Accessories,1160.41,3,USA,3481.23,1,2022
1646,2024-09-10,1001,USB Cable,Accessories,918.77,4,Germany,3675.08,9,2024
1647,2023-01-13,1232,Keyboard,Office,1276.08,4,France,5104.32,1,2023
1648,2023-11-13,1368,Mouse,Accessories,499.41,2,USA,998.82,11,2023
1649,2023-08-07,1250,Laptop,Electronics,253.22,4,USA,1012.88,8,2023
1650,2022-06-01,1945,Webcam,Electronics,239.78,3,Canada,719.34,6,2022
1651,2023-12-21,1832,Monitor,Electronics,409.19,3,Canada,1227.57,12,2023
1652,2024-12-08,1107,USB Cable,Electronics,672.11,3,Israel,2016.33,12,2024
1653,2024-05-08,1275,Webcam,Electronics,1314.65,3,Germany,3943.95,5,2024
1654,2022-02-19,1179,Laptop,Accessories,138.86,3,USA,416.58,2,2022
1655,2023-10-26,1724,Monitor,Accessories,1373.29,2,Germany,2746.58,10,2023
1656,2023-06-15,1292,Laptop,Office,1388.61,1,France,1388.61,6,2023
1657,2024-12-19,1583,Mouse,Office,1092.22,4,France,4368.88,12,2024
1658,2024-05-06,1794,USB Cable,Office,1350.92,3,Canada,4052.76,5,2024
1659,2022-05-26,1174,USB Cable,Accessories,1156.13,4,UK,4624.52,5,2022
1660,2024-07-03,1122,Mouse,Office,794.81,2,Israel,1589.62,7,2024
1661,2024-09-19,1226,Laptop,Accessories,903.12,2,UK,1806.24,9,2024
1662,2022-08-30,1901,Laptop,Electronics,944.2,1,Germany,944.2,8,2022
1663,2023-08-04,1443,Headphones,Accessories,194.71,2,Israel,389.42,8,2023
1664,2023-11-18,1812,Laptop,Accessories,293.62,1,Canada,293.62,11,2023
1665,2023-04-28,1427,USB Cable,Electronics,787.44,3,USA,2362.32,4,2023
1666,2023-11-04,1082,Laptop,Electronics,177.27,2,Canada,354.54,11,2023
1667,2023-09-23,1764,Webcam,Electronics,1447.64,4,Canada,5790.56,9,2023
1668,2023-10-23,1657,Webcam,Office,763.16,2,Israel,1526.32,10,2023
1669,2023-10-24,1631,Mouse,Office,573.23,2,Israel,1146.46,10,2023
1670,2024-03-15,1064,Webcam,Office,240.52,3,France,721.56,3,2024
1671,2023-02-23,1280,Laptop,Electronics,627.72,1,UK,627.72,2,2023
1672,2024-09-14,1794,Keyboard,Office,457.13,1,France,457.13,9,2024
1673,2023-10-12,1390,Desk Lamp,Electronics,136.45,2,France,272.9,10,2023
1674,2024-08-26,1427,Laptop,Electronics,1450.67,4,UK,5802.68,8,2024
1675,2023-08-13,1617,Desk Lamp,Electronics,401.14,2,France,802.28,8,2023
1676,2023-05-24,1924,USB Cable,Office,1037.25,4,Israel,4149.0,5,2023
1677,2023-03-17,1990,Headphones,Office,141.53,3,Germany,424.59,3,2023
1678,2024-07-09,1811,Monitor,Electronics,1370.19,3,USA,4110.57,7,2024
1679,2024-02-09,1106,USB Cable,Office,888.17,1,USA,888.17,2,2024
1680,2022-09-20,1547,Desk Lamp,Accessories,987.02,4,France,3948.08,9,2022
1681,2023-09-29,1658,Mouse,Office,1173.77,2,UK,2347.54,9,2023
1682,2023-04-04,1261,Webcam,Electronics,910.84,2,Israel,1821.68,4,2023
1683,2024-09-25,1920,Keyboard,Electronics,111.01,2,France,222.02,9,2024
1684,2023-12-01,1158,USB Cable,Electronics,647.23,2,Israel,1294.46,12,2023
1685,2022-10-29,1264,Monitor,Accessories,396.73,3,Israel,1190.19,10,2022
1686,2023-07-08,1467,Keyboard,Electronics,732.64,4,Canada,2930.56,7,2023
1687,2022-10-15,1201,Mouse,Electronics,609.47,3,USA,1828.41,10,2022
1688,2023-09-13,1932,Webcam,Office,1240.67,4,Germany,4962.68,9,2023
1689,2024-10-02,1154,Headphones,Accessories,374.34,1,Germany,374.34,10,2024
1690,2022-02-05,1012,Desk Lamp,Office,305.95,4,UK,1223.8,2,2022
1691,2024-01-14,1296,USB Cable,Electronics,1437.34,2,Germany,2874.68,1,2024
1692,2022-12-19,1895,USB Cable,Electronics,1424.53,3,France,4273.59,12,2022
1693,2022-03-14,1833,USB Cable,Accessories,1490.23,2,USA,2980.46,3,2022
1694,2023-10-10,1497,Desk Lamp,Electronics,854.73,4,USA,3418.92,10,2023
1695,2024-12-29,1596,Mouse,Accessories,174.15,4,Israel,696.6,12,2024
1696,2023-03-01,1992,Keyboard,Office,1320.85,1,France,1320.85,3,2023
1697,2024-09-25,1791,Keyboard,Accessories,221.95,4,France,887.8,9,2024
1698,2023-12-09,1244,Mouse,Office,237.61,4,Israel,950.44,12,2023
1699,2023-07-15,1299,USB Cable,Electronics,294.13,2,Canada,588.26,7,2023
1700,2024-04-07,1361,Laptop,Office,981.86,4,Canada,3927.44,4,2024
1701,2024-08-13,1353,Mouse,Office,165.26,4,Israel,661.04,8,2024
1702,2023-06-01,1827,Webcam,Office,1168.53,3,USA,3505.59,6,2023
1703,2023-03-04,1520,Webcam,Accessories,92.09,3,France,276.27,3,2023
1704,2022-06-09,1385,Headphones,Office,170.12,1,Germany,170.12,6,2022
1705,2022-05-29,1758,Mouse,Accessories,654.56,1,Germany,654.56,5,2022
1706,2024-02-15,1311,Monitor,Accessories,571.86,2,USA,1143.72,2,2024
1707,2022-03-08,1413,Desk Lamp,Accessories,1484.61,2,Germany,2969.22,3,2022
1708,2024-10-10,1277,Desk Lamp,Electronics,1450.46,3,Germany,4351.38,10,2024
1709,2023-01-16,1749,Webcam,Electronics,288.57,3,France,865.71,1,2023
1710,2022-02-27,1714,Webcam,Electronics,1420.26,3,France,4260.78,2,2022
1711,2022-12-08,1758,Webcam,Accessories,1039.93,1,UK,1039.93,12,2022
1712,2023-12-28,1746,Laptop,Electronics,616.22,1,France,616.22,12,2023
1713,2024-02-09,1592,Monitor,Office,1110.75,4,UK,4443.0,2,2024
1714,2023-09-06,1355,USB Cable,Accessories,1350.71,1,Canada,1350.71,9,2023
1715,2022-12-20,1524,USB Cable,Electronics,274.31,4,France,1097.24,12,2022
1716,2022-04-26,1838,Mouse,Accessories,298.0,2,Israel,596.0,4,2022
1717,2023-10-24,1015,Laptop,Electronics,616.04,1,France,616.04,10,2023
1718,2023-03-29,1992,Webcam,Office,257.97,2,UK,515.94,3,2023
1719,2022-10-14,1044,USB Cable,Accessories,543.79,4,Germany,2175.16,10,2022
1720,2024-10-13,1320,Monitor,Electronics,970.31,2,France,1940.62,10,2024
1721,2022-11-07,1650,USB Cable,Electronics,1220.16,2,Germany,2440.32,11,2022
1722,2022-07-27,1325,Desk Lamp,Office,456.39,1,Germany,456.39,7,2022
1723,2023-09-10,1147,Monitor,Office,426.19,4,France,1704.76,9,2023
1724,2023-03-22,1354,Laptop,Electronics,1170.72,4,France,4682.88,3,2023
1725,2023-11-01,1235,USB Cable,Electronics,574.63,3,Israel,1723.89,11,2023
1726,2023-09-25,1702,Webcam,Accessories,1228.62,1,Canada,1228.62,9,2023
1727,2022-02-24,1612,Laptop,Accessories,1490.1,1,UK,1490.1,2,2022
1728,2024-06-30,1104,Desk Lamp,Electronics,1469.6,4,France,5878.4,6,2024
1729,2024-11-01,1473,Keyboard,Office,995.72,1,Germany,995.72,11,2024
1730,2023-10-19,1761,Webcam,Accessories,565.94,2,Germany,1131.88,10,2023
1731,2024-09-06,1395,Laptop,Electronics,102.91,3,France,308.73,9,2024
1732,2023-05-30,1445,Mouse,Office,1108.37,4,UK,4433.48,5,2023
1733,2022-08-25,1605,USB Cable,Office,1467.06,1,Canada,1467.06,8,2022
1734,2022-12-14,1219,Webcam,Electronics,106.64,1,Germany,106.64,12,2022
1735,2023-09-19,1986,Headphones,Electronics,14.22,2,Canada,28.44,9,2023
1736,2023-09-22,1809,Webcam,Accessories,1248.51,1,Canada,1248.51,9,2023
1737,2022-12-30,1850,Keyboard,Electronics,157.88,1,Israel,157.88,12,2022
1738,2022-11-17,1964,Laptop,Accessories,127.03,2,Germany,254.06,11,2022
1739,2022-10-13,1441,Desk Lamp,Office,1365.95,1,UK,1365.95,10,2022
1740,2022-05-29,1644,Headphones,Accessories,123.94,3,USA,371.82,5,2022
1741,2023-02-10,1872,Keyboard,Electronics,175.46,2,Israel,350.92,2,2023
1742,2024-09-04,1666,Mouse,Accessories,856.51,4,Israel,3426.04,9,2024
1743,2023-04-01,1027,Desk Lamp,Office,1136.44,3,USA,3409.32,4,2023
1744,2024-03-10,1793,Desk Lamp,Office,602.36,1,Israel,602.36,3,2024
1745,2024-10-09,1474,Webcam,Electronics,633.78,2,Israel,1267.56,10,2024
1746,2024-02-23,1627,USB Cable,Accessories,950.78,2,Israel,1901.56,2,2024
1747,2023-04-05,1304,Headphones,Electronics,760.61,1,Germany,760.61,4,2023
1748,2024-01-08,1745,USB Cable,Electronics,32.85,4,Germany,131.4,1,2024
1749,2023-05-24,1404,Desk Lamp,Office,174.81,3,France,524.43,5,2023
1750,2023-04-26,1512,Laptop,Accessories,874.49,1,France,874.49,4,2023
1751,2022-04-24,1501,Laptop,Electronics,1191.53,4,Germany,4766.12,4,2022
1752,2024-01-19,1347,Mouse,Office,1145.84,2,Israel,2291.68,1,2024
1753,2022-12-27,1239,Keyboard,Electronics,1111.38,2,UK,2222.76,12,2022
1754,2022-12-07,1569,Headphones,Accessories,1158.05,2,USA,2316.1,12,2022
1755,2024-02-09,1846,Mouse,Electronics,71.44,1,France,71.44,2,2024
1756,2024-01-31,1694,Keyboard,Accessories,1343.18,4,Israel,5372.72,1,2024
1757,2024-08-26,1336,Monitor,Office,1334.48,1,France,1334.48,8,2024
1758,2023-03-25,1025,Monitor,Office,800.23,1,Canada,800.23,3,2023
1759,2024-04-14,1979,Keyboard,Electronics,376.65,3,UK,1129.95,4,2024
1760,2022-11-07,1408,Laptop,Office,890.31,3,Canada,2670.93,11,2022
1761,2022-09-19,1076,Laptop,Electronics,839.04,3,Israel,2517.12,9,2022
1762,2023-02-10,1928,Monitor,Electronics,338.32,4,Germany,1353.28,2,2023
1763,2022-05-23,1216,Desk Lamp,Accessories,906.68,2,UK,1813.36,5,2022
1764,2022-12-08,1327,Laptop,Electronics,1196.95,3,France,3590.85,12,2022
1765,2022-09-01,1836,USB Cable,Accessories,1210.13,2,Israel,2420.26,9,2022
1766,2023-05-05,1773,Desk Lamp,Electronics,94.25,4,Canada,377.0,5,2023
1767,2022-01-12,1022,Laptop,Accessories,299.76,3,Israel,899.28,1,2022
1768,2023-07-15,1755,Keyboard,Office,1003.99,3,USA,3011.97,7,2023
1769,2022-02-11,1669,Webcam,Electronics,1290.45,2,USA,2580.9,2,2022
1770,2023-11-09,1717,Keyboard,Accessories,784.22,1,Canada,784.22,11,2023
1771,2023-08-17,1309,Laptop,Electronics,1062.75,4,USA,4251.0,8,2023
1772,2022-05-14,1598,Keyboard,Accessories,36.5,4,Germany,146.0,5,2022
1773,2024-12-26,1266,Headphones,Accessories,914.59,3,Israel,2743.77,12,2024
1774,2024-10-27,1414,Monitor,Electronics,1443.05,4,Israel,5772.2,10,2024
1775,2024-08-05,1645,Webcam,Electronics,993.22,2,France,1986.44,8,2024
1776,2022-03-14,1266,Desk Lamp,Office,1383.8,1,Germany,1383.8,3,2022
1777,2023-02-03,1332,Desk Lamp,Office,851.18,1,USA,851.18,2,2023
1778,2023-08-01,1779,Headphones,Office,1265.85,4,Israel,5063.4,8,2023
1779,2024-05-08,1449,Headphones,Electronics,190.62,1,USA,190.62,5,2024
1780,2022-05-10,1564,Laptop,Office,189.65,2,UK,379.3,5,2022
1781,2024-07-19,1610,Laptop,Accessories,184.67,3,Germany,554.01,7,2024
1782,2022-09-23,1246,Desk Lamp,Electronics,735.83,3,USA,2207.49,9,2022
1783,2024-03-03,1035,Headphones,Accessories,498.74,4,Germany,1994.96,3,2024
1784,2022-09-10,1400,Headphones,Accessories,1080.18,4,Canada,4320.72,9,2022
1785,2024-04-01,1027,Desk Lamp,Accessories,1354.42,4,Israel,5417.68,4,2024
1786,2022-06-13,1219,Mouse,Electronics,930.97,3,UK,2792.91,6,2022
1787,2022-04-05,1405,Mouse,Electronics,323.75,4,France,1295.0,4,2022
1788,2024-04-12,1613,USB Cable,Office,1396.66,1,UK,1396.66,4,2024
1789,2022-12-02,1774,Monitor,Office,794.15,3,Germany,2382.45,12,2022
1790,2024-04-01,1270,Headphones,Office,1081.32,2,UK,2162.64,4,2024
1791,2022-08-26,1735,Keyboard,Office,1336.31,4,Israel,5345.24,8,2022
1792,2023-01-16,1650,Webcam,Accessories,1484.8,3,Germany,4454.4,1,2023
1793,2024-06-17,1791,Mouse,Electronics,761.57,4,Germany,3046.28,6,2024
1794,2023-04-28,1510,Desk Lamp,Office,1213.05,3,Israel,3639.15,4,2023
1795,2024-06-20,1962,Laptop,Accessories,852.47,3,Canada,2557.41,6,2024
1796,2024-11-14,1285,Headphones,Electronics,732.25,3,USA,2196.75,11,2024
1797,2023-04-27,1453,Keyboard,Electronics,808.88,2,France,1617.76,4,2023
1798,2024-07-05,1761,Webcam,Electronics,728.99,3,Canada,2186.97,7,2024
1799,2024-09-20,1833,Keyboard,Accessories,634.44,1,Canada,634.44,9,2024
1800,2024-08-21,1316,USB Cable,Office,1086.96,4,UK,4347.84,8,2024
1801,2023-06-21,1589,Keyboard,Electronics,378.27,4,Canada,1513.08,6,2023
1802,2024-11-01,1296,Laptop,Accessories,926.49,4,France,3705.96,11,2024
1803,2022-05-08,1337,Mouse,Electronics,1070.88,3,France,3212.64,5,2022
1804,2022-04-02,1306,Keyboard,Accessories,1338.68,4,Canada,5354.72,4,2022
1805,2023-06-27,1427,Webcam,Office,501.16,1,Israel,501.16,6,2023
1806,2024-04-25,1350,Mouse,Office,1291.6,1,USA,1291.6,4,2024
1807,2024-09-15,1510,USB Cable,Electronics,1418.21,1,France,1418.21,9,2024
1808,2023-03-23,1524,USB Cable,Office,974.78,2,Germany,1949.56,3,2023
1809,2023-01-25,1857,Monitor,Office,1158.29,1,Canada,1158.29,1,2023
1810,2023-11-03,1491,Laptop,Accessories,611.53,1,USA,611.53,11,2023
1811,2022-02-12,1907,Mouse,Accessories,1428.44,4,Israel,5713.76,2,2022
1812,2022-09-11,1593,USB Cable,Electronics,1007.94,3,Canada,3023.82,9,2022
1813,2024-12-19,1008,USB Cable,Accessories,468.68,4,France,1874.72,12,2024
1814,2023-10-25,1496,Mouse,Office,609.37,2,Canada,1218.74,10,2023
1815,2023-04-12,1724,Keyboard,Accessories,928.54,2,Israel,1857.08,4,2023
1816,2022-10-14,1559,Desk Lamp,Office,355.03,2,UK,710.06,10,2022
1817,2024-10-07,1560,Webcam,Electronics,1132.1,1,Israel,1132.1,10,2024
1818,2024-02-17,1820,Keyboard,Office,340.91,1,Germany,340.91,2,2024
1819,2022-12-11,1439,Webcam,Accessories,889.72,1,Israel,889.72,12,2022
1820,2023-10-04,1551,USB Cable,Accessories,1047.02,3,USA,3141.06,10,2023
1821,2023-01-17,1874,USB Cable,Accessories,1290.32,4,UK,5161.28,1,2023
1822,2023-11-21,1791,Laptop,Accessories,1102.18,1,Canada,1102.18,11,2023
1823,2024-12-15,1737,Mouse,Electronics,1199.24,2,Canada,2398.48,12,2024
1824,2023-04-02,1967,Headphones,Office,1369.83,3,Germany,4109.49,4,2023
1825,2024-09-09,1107,USB Cable,Accessories,898.67,3,UK,2696.01,9,2024
1826,2022-03-24,1244,Webcam,Office,1270.19,2,Germany,2540.38,3,2022
1827,2022-05-29,1254,Webcam,Electronics,351.65,1,Canada,351.65,5,2022
1828,2022-07-09,1032,Desk Lamp,Office,1223.03,3,UK,3669.09,7,2022
1829,2024-06-01,1022,Desk Lamp,Accessories,336.42,2,France,672.84,6,2024
1830,2022-09-20,1844,Keyboard,Office,1402.27,1,Israel,1402.27,9,2022
1831,2023-02-04,1565,Keyboard,Accessories,498.31,3,USA,1494.93,2,2023
1832,2024-02-03,1820,USB Cable,Accessories,261.9,3,USA,785.7,2,2024
1833,2023-09-01,1048,USB Cable,Electronics,226.51,4,France,906.04,9,2023
1834,2024-02-24,1461,Monitor,Electronics,284.97,4,UK,1139.88,2,2024
1835,2022-04-11,1589,Webcam,Office,674.07,3,Israel,2022.21,4,2022
1836,2024-03-30,1335,Laptop,Office,785.61,3,France,2356.83,3,2024
1837,2024-03-30,1944,Mouse,Accessories,1371.11,3,UK,4113.33,3,2024
1838,2023-02-24,1357,Mouse,Accessories,574.62,4,Israel,2298.48,2,2023
1839,2022-05-04,1121,Desk Lamp,Accessories,330.14,1,UK,330.14,5,2022
1840,2023-02-26,1443,Mouse,Accessories,1117.01,4,USA,4468.04,2,2023
1841,2024-12-22,1358,Webcam,Electronics,206.31,2,Israel,412.62,12,2024
1842,2024-02-07,1601,Keyboard,Accessories,1338.96,3,USA,4016.88,2,2024
1843,2023-04-28,1345,Laptop,Electronics,617.05,2,USA,1234.1,4,2023
1844,2023-06-03,1192,Mouse,Office,922.69,2,Israel,1845.38,6,2023
1845,2022-06-04,1415,Webcam,Office,283.35,2,France,566.7,6,2022
1846,2022-04-02,1376,Headphones,Electronics,222.57,4,UK,890.28,4,2022
1847,2024-09-08,1462,USB Cable,Accessories,1199.26,4,Israel,4797.04,9,2024
1848,2023-03-31,1755,Monitor,Office,647.4,1,Canada,647.4,3,2023
1849,2023-08-21,1660,Monitor,Electronics,1480.18,2,USA,2960.36,8,2023
1850,2023-05-25,1145,Mouse,Office,788.83,2,UK,1577.66,5,2023
1851,2023-01-21,1477,Keyboard,Accessories,1269.25,4,Israel,5077.0,1,2023
1852,2023-02-09,1827,Monitor,Electronics,1470.05,2,France,2940.1,2,2023
1853,2022-09-03,1889,Monitor,Office,425.32,4,Israel,1701.28,9,2022
1854,2024-01-12,1652,Desk Lamp,Accessories,1202.32,3,Israel,3606.96,1,2024
1855,2023-10-23,1407,Monitor,Electronics,37.9,3,Germany,113.7,10,2023
1856,2023-10-12,1285,Monitor,Electronics,1021.23,2,Canada,2042.46,10,2023
1857,2024-06-19,1897,Mouse,Electronics,1119.08,1,UK,1119.08,6,2024
1858,2022-03-06,1850,Desk Lamp,Electronics,718.66,4,Israel,2874.64,3,2022
1859,2024-11-02,1110,Webcam,Office,247.35,3,USA,742.05,11,2024
1860,2022-08-01,1619,Laptop,Electronics,927.0,3,USA,2781.0,8,2022
1861,2022-08-30,1878,Laptop,Electronics,1346.81,2,Germany,2693.62,8,2022
1862,2023-05-08,1792,Keyboard,Electronics,1397.32,4,USA,5589.28,5,2023
1863,2022-12-04,1049,Webcam,Electronics,1120.42,2,Israel,2240.84,12,2022
1864,2022-06-22,1013,USB Cable,Electronics,399.25,4,UK,1597.0,6,2022
1865,2023-11-03,1133,Headphones,Accessories,1306.14,1,Germany,1306.14,11,2023
1866,2022-06-13,1587,Laptop,Office,1333.79,4,Canada,5335.16,6,2022
1867,2023-04-10,1595,Headphones,Accessories,554.03,3,Germany,1662.09,4,2023
1868,2024-09-21,1342,Laptop,Office,278.56,2,France,557.12,9,2024
1869,2023-05-12,1669,Desk Lamp,Electronics,1312.62,4,France,5250.48,5,2023
1870,2023-12-01,1285,Laptop,Office,1328.22,3,UK,3984.66,12,2023
1871,2023-01-30,1933,Desk Lamp,Electronics,155.85,2,UK,311.7,1,2023
1872,2023-12-04,1313,Desk Lamp,Electronics,1450.64,2,Germany,2901.28,12,2023
1873,2022-11-04,1605,Keyboard,Accessories,801.96,1,Israel,801.96,11,2022
1874,2022-07-02,1296,Monitor,Accessories,1490.63,3,Israel,4471.89,7,2022
1875,2023-09-21,1605,Keyboard,Accessories,670.29,4,France,2681.16,9,2023
1876,2023-05-25,1568,Desk Lamp,Office,802.26,3,UK,2406.78,5,2023
1877,2023-06-30,1163,Desk Lamp,Office,402.79,2,UK,805.58,6,2023
1878,2023-09-16,1831,Laptop,Accessories,1348.93,1,Israel,1348.93,9,2023
1879,2023-08-17,1496,Webcam,Accessories,668.35,4,France,2673.4,8,2023
1880,2024-01-14,1609,Monitor,Electronics,1222.85,1,Israel,1222.85,1,2024
1881,2023-07-08,1015,Webcam,Office,124.2,1,Israel,124.2,7,2023
1882,2022-01-21,1343,Webcam,Electronics,1183.43,3,Germany,3550.29,1,2022
1883,2023-07-08,1077,Webcam,Office,737.91,2,UK,1475.82,7,2023
1884,2023-02-01,1345,Monitor,Accessories,13.08,2,Germany,26.16,2,2023
1885,2023-09-17,1071,Webcam,Office,343.26,4,Germany,1373.04,9,2023
1886,2022-04-15,1269,Monitor,Office,294.63,1,Israel,294.63,4,2022
1887,2022-07-11,1286,Headphones,Electronics,1128.89,1,France,1128.89,7,2022
1888,2022-01-17,1065,Desk Lamp,Accessories,718.42,1,Israel,718.42,1,2022
1889,2023-01-28,1879,USB Cable,Accessories,243.78,3,Canada,731.34,1,2023
1890,2023-03-01,1067,Laptop,Accessories,388.92,2,France,777.84,3,2023
1891,2022-05-09,1192,Mouse,Electronics,758.59,1,UK,758.59,5,2022
1892,2023-07-26,1054,Webcam,Electronics,34.36,1,Canada,34.36,7,2023
1893,2022-01-29,1979,Keyboard,Electronics,639.07,2,Canada,1278.14,1,2022
1894,2024-10-30,1378,Headphones,Office,1018.7,4,Canada,4074.8,10,2024
1895,2022-08-30,1973,Keyboard,Office,779.04,3,USA,2337.12,8,2022
1896,2022-08-20,1167,Mouse,Electronics,899.16,3,UK,2697.48,8,2022
1897,2024-02-28,1408,Monitor,Electronics,493.29,3,Israel,1479.87,2,2024
1898,2023-12-16,1507,Mouse,Accessories,278.7,2,France,557.4,12,2023
1899,2024-01-29,1536,Keyboard,Office,1215.56,3,Canada,3646.68,1,2024
1900,2024-03-12,1642,Desk Lamp,Office,1358.92,1,USA,1358.92,3,2024
1901,2024-02-15,1836,Desk Lamp,Accessories,768.56,3,Canada,2305.68,2,2024
1902,2023-12-27,1101,Mouse,Accessories,461.04,2,France,922.08,12,2023
1903,2022-07-19,1885,Desk Lamp,Accessories,769.25,3,France,2307.75,7,2022
1904,2024-08-02,1793,Laptop,Electronics,1319.08,4,USA,5276.32,8,2024
1905,2022-03-20,1807,Mouse,Electronics,1038.65,4,USA,4154.6,3,2022
1906,2024-08-13,1805,Webcam,Electronics,1288.63,2,UK,2577.26,8,2024
1907,2024-05-05,1421,Laptop,Electronics,495.93,2,Germany,991.86,5,2024
1908,2023-04-12,1963,Webcam,Electronics,1069.41,4,Canada,4277.64,4,2023
1909,2023-08-04,1774,USB Cable,Office,981.31,3,USA,2943.93,8,2023
1910,2024-07-28,1477,USB Cable,Office,859.57,1,Canada,859.57,7,2024
1911,2023-03-25,1925,Mouse,Office,794.7,2,Germany,1589.4,3,2023
1912,2022-03-28,1119,Laptop,Accessories,828.71,4,Germany,3314.84,3,2022
1913,2022-04-11,1914,Desk Lamp,Office,1275.26,3,Germany,3825.78,4,2022
1914,2024-10-28,1742,Laptop,Accessories,1374.41,2,Germany,2748.82,10,2024
1915,2024-04-24,1290,USB Cable,Office,173.73,3,USA,521.19,4,2024
1916,2022-03-28,1487,Mouse,Electronics,855.31,1,Canada,855.31,3,2022
1917,2022-02-12,1160,Headphones,Office,1378.02,2,France,2756.04,2,2022
1918,2023-02-12,1672,Monitor,Electronics,206.44,1,Canada,206.44,2,2023
1919,2023-10-26,1077,Monitor,Electronics,622.22,1,Canada,622.22,10,2023
1920,2024-11-06,1037,Monitor,Office,138.17,1,USA,138.17,11,2024
1921,2022-05-28,1393,Desk Lamp,Office,174.65,4,USA,698.6,5,2022
1922,2022-10-04,1440,Laptop,Electronics,1356.65,1,Israel,1356.65,10,2022
1923,2022-08-20,1539,Desk Lamp,Accessories,672.04,1,Israel,672.04,8,2022
1924,2023-01-01,1461,USB Cable,Accessories,1034.67,3,UK,3104.01,1,2023
1925,2023-03-12,1611,Monitor,Office,212.68,4,Germany,850.72,3,2023
1926,2023-02-03,1293,USB Cable,Electronics,37.81,4,Germany,151.24,2,2023
1927,2023-05-14,1399,Laptop,Accessories,1336.27,4,Israel,5345.08,5,2023
1928,2023-06-24,1635,USB Cable,Office,863.95,4,France,3455.8,6,2023
1929,2023-07-17,1916,Headphones,Office,34.88,1,UK,34.88,7,2023
1930,2023-03-18,1091,Desk Lamp,Electronics,1488.55,3,Canada,4465.65,3,2023
1931,2024-02-12,1766,Mouse,Accessories,740.83,1,France,740.83,2,2024
1932,2022-12-16,1608,USB Cable,Office,716.44,1,Israel,716.44,12,2022
1933,2023-06-04,1005,USB Cable,Accessories,933.27,4,Canada,3733.08,6,2023
1934,2022-05-18,1680,Mouse,Office,16.82,4,France,67.28,5,2022
1935,2024-09-18,1894,Laptop,Office,855.86,2,Germany,1711.72,9,2024
1936,2023-01-03,1270,Laptop,Accessories,946.08,3,Israel,2838.24,1,2023
1937,2022-12-26,1619,Desk Lamp,Accessories,448.95,4,Canada,1795.8,12,2022
1938,2024-07-09,1898,USB Cable,Electronics,1091.64,4,France,4366.56,7,2024
1939,2022-11-25,1810,Headphones,Electronics,569.26,1,UK,569.26,11,2022
1940,2024-08-19,1558,Monitor,Electronics,1078.07,1,UK,1078.07,8,2024
1941,2023-04-08,1098,Headphones,Electronics,220.02,1,USA,220.02,4,2023
1942,2024-08-03,1525,Mouse,Accessories,1370.98,4,Canada,5483.92,8,2024
1943,2024-08-20,1193,Mouse,Electronics,1319.79,3,Israel,3959.37,8,2024
1944,2024-04-15,1156,Webcam,Accessories,230.19,4,Israel,920.76,4,2024
1945,2022-06-18,1899,Monitor,Office,1407.99,4,Canada,5631.96,6,2022
1946,2022-08-05,1665,USB Cable,Accessories,838.88,3,Israel,2516.64,8,2022
1947,2023-01-13,1114,Mouse,Electronics,1053.97,4,Germany,4215.88,1,2023
1948,2022-04-29,1395,Webcam,Accessories,1261.24,4,Germany,5044.96,4,2022
1949,2022-07-09,1769,Laptop,Accessories,129.94,3,Israel,389.82,7,2022
1950,2024-02-06,1656,Mouse,Accessories,258.08,4,Canada,1032.32,2,2024
1951,2023-01-05,1802,Keyboard,Accessories,439.13,2,France,878.26,1,2023
1952,2022-05-29,1521,Monitor,Accessories,718.42,2,Germany,1436.84,5,2022
1953,2023-10-14,1879,Webcam,Electronics,522.35,1,Canada,522.35,10,2023
1954,2024-02-09,1213,Monitor,Accessories,761.24,4,Israel,3044.96,2,2024
1955,2023-01-09,1744,Monitor,Electronics,282.95,3,Germany,848.85,1,2023
1956,2024-02-20,1682,Keyboard,Office,1024.82,3,Canada,3074.46,2,2024
1957,2022-06-09,1532,Headphones,Accessories,88.32,2,USA,176.64,6,2022
1958,2022-12-17,1014,Laptop,Office,545.37,1,UK,545.37,12,2022
1959,2024-06-10,1418,Monitor,Electronics,272.65,4,USA,1090.6,6,2024
1960,2023-06-07,1367,Mouse,Accessories,1096.25,3,Israel,3288.75,6,2023
1961,2023-06-06,1637,Desk Lamp,Office,1326.06,3,Canada,3978.18,6,2023
1962,2024-02-22,1852,Laptop,Electronics,122.79,4,UK,491.16,2,2024
1963,2022-09-30,1852,Mouse,Office,1178.63,1,France,1178.63,9,2022
1964,2024-07-24,1212,Laptop,Accessories,1344.1,2,Israel,2688.2,7,2024
1965,2022-07-02,1699,USB Cable,Accessories,1461.09,4,France,5844.36,7,2022
1966,2023-05-03,1683,Laptop,Accessories,871.18,4,France,3484.72,5,2023
1967,2024-04-25,1991,Webcam,Electronics,494.45,4,Germany,1977.8,4,2024
1968,2022-05-04,1758,Mouse,Office,486.35,2,Germany,972.7,5,2022
1969,2024-09-11,1004,Desk Lamp,Electronics,571.56,3,UK,1714.68,9,2024
1970,2024-02-29,1230,Mouse,Office,920.94,4,UK,3683.76,2,2024
1971,2023-02-18,1200,USB Cable,Electronics,737.89,4,Canada,2951.56,2,2023
1972,2023-11-17,1884,Laptop,Accessories,982.18,4,Germany,3928.72,11,2023
1973,2022-04-23,1401,Monitor,Office,63.77,4,UK,255.08,4,2022
1974,2024-06-06,1148,Desk Lamp,Office,163.29,1,Canada,163.29,6,2024
1975,2022-05-02,1583,Mouse,Office,1464.93,1,USA,1464.93,5,2022
1976,2022-02-08,1491,USB Cable,Electronics,1493.1,1,Israel,1493.1,2,2022
1977,2023-05-12,1225,Desk Lamp,Accessories,1121.25,3,USA,3363.75,5,2023
1978,2024-02-19,1585,Keyboard,Office,388.31,4,Israel,1553.24,2,2024
1979,2024-07-31,1818,Keyboard,Electronics,1430.31,4,Canada,5721.24,7,2024
1980,2022-05-29,1168,Laptop,Office,324.49,4,Germany,1297.96,5,2022
1981,2024-10-18,1760,Headphones,Accessories,1098.49,4,USA,4393.96,10,2024
1982,2023-10-23,1791,Laptop,Office,177.31,2,France,354.62,10,2023
1983,2022-10-29,1999,USB Cable,Accessories,975.11,2,USA,1950.22,10,2022
1984,2022-08-26,1151,Laptop,Electronics,1140.47,2,UK,2280.94,8,2022
1985,2023-10-09,1223,Monitor,Electronics,1290.16,4,USA,5160.64,10,2023
1986,2023-10-25,1503,Monitor,Accessories,1102.79,2,Germany,2205.58,10,2023
1987,2022-08-24,1736,Webcam,Accessories,1385.61,2,Germany,2771.22,8,2022
1988,2022-07-22,1549,USB Cable,Electronics,783.78,3,UK,2351.34,7,2022
1989,2022-09-13,1043,Headphones,Accessories,1017.76,3,Israel,3053.28,9,2022
1990,2023-08-21,1696,Desk Lamp,Accessories,557.48,2,UK,1114.96,8,2023
1991,2023-10-24,1503,USB Cable,Office,20.53,2,Canada,41.06,10,2023
1992,2022-08-23,1954,USB Cable,Electronics,1136.26,3,Israel,3408.78,8,2022
1993,2023-06-18,1240,Headphones,Electronics,1305.44,2,Germany,2610.88,6,2023
1994,2024-05-09,1929,USB Cable,Accessories,265.02,4,Germany,1060.08,5,2024
1995,2024-02-09,1842,Headphones,Accessories,47.82,2,Canada,95.64,2,2024
1996,2023-06-25,1350,Headphones,Accessories,250.93,4,Israel,1003.72,6,2023
1997,2022-08-01,1721,Headphones,Electronics,1343.46,2,USA,2686.92,8,2022
1998,2023-04-08,1022,USB Cable,Office,446.79,1,USA,446.79,4,2023
1999,2023-03-12,1635,USB Cable,Electronics,354.39,2,UK,708.78,3,2023
2000,2022-10-10,1597,Laptop,Office,26.81,1,Germany,26.81,10,2022
2001,2022-03-29,1042,USB Cable,Accessories,449.1,2,USA,898.2,3,2022
2002,2024-12-03,1465,Laptop,Electronics,1074.88,2,Germany,2149.76,12,2024
2003,2023-04-06,1039,Webcam,Office,1438.84,4,UK,5755.36,4,2023
2004,2022-10-05,1302,Keyboard,Electronics,472.55,3,France,1417.65,10,2022
2005,2023-02-25,1680,Keyboard,Office,364.82,3,Germany,1094.46,2,2023
2006,2023-11-27,1174,Webcam,Office,1332.66,4,France,5330.64,11,2023
2007,2023-05-30,1998,Webcam,Electronics,1279.49,3,Germany,3838.47,5,2023
2008,2023-12-04,1531,Mouse,Accessories,495.6,1,Israel,495.6,12,2023
2009,2022-01-19,1460,Laptop,Electronics,107.86,1,Canada,107.86,1,2022
2010,2022-01-23,1620,Headphones,Accessories,1488.02,2,France,2976.04,1,2022
2011,2023-02-17,1192,Desk Lamp,Office,1022.65,1,Israel,1022.65,2,2023
2012,2024-11-19,1243,Mouse,Office,1390.24,3,Canada,4170.72,11,2024
2013,2022-04-18,1835,Monitor,Electronics,516.1,1,Israel,516.1,4,2022
2014,2022-05-16,1279,Laptop,Electronics,973.29,2,UK,1946.58,5,2022
2015,2022-12-28,1739,USB Cable,Accessories,1013.37,1,UK,1013.37,12,2022
2016,2022-05-09,1035,Webcam,Accessories,1309.99,3,USA,3929.97,5,2022
2017,2023-05-30,1556,Keyboard,Electronics,1489.62,4,France,5958.48,5,2023
2018,2023-03-25,1897,Laptop,Accessories,167.46,2,USA,334.92,3,2023
2019,2024-05-23,1539,Webcam,Accessories,948.52,4,France,3794.08,5,2024
2020,2023-04-18,1153,Desk Lamp,Electronics,507.98,1,UK,507.98,4,2023
2021,2024-10-30,1022,Desk Lamp,Electronics,1218.43,2,UK,2436.86,10,2024
2022,2022-10-29,1718,Laptop,Office,1132.45,2,Canada,2264.9,10,2022
2023,2022-08-19,1931,USB Cable,Office,1339.32,1,Canada,1339.32,8,2022
2024,2024-07-11,1090,Laptop,Electronics,518.84,2,UK,1037.68,7,2024
2025,2024-12-25,1389,USB Cable,Office,280.87,1,France,280.87,12,2024
2026,2024-07-25,1930,Laptop,Accessories,37.59,4,UK,150.36,7,2024
2027,2022-04-22,1358,Monitor,Electronics,386.98,4,USA,1547.92,4,2022
2028,2024-11-02,1549,Keyboard,Office,553.92,3,Israel,1661.76,11,2024
2029,2023-05-15,1930,Laptop,Electronics,1419.37,3,Canada,4258.11,5,2023
2030,2024-07-20,1227,Webcam,Office,739.6,1,France,739.6,7,2024
2031,2023-08-21,1201,Monitor,Electronics,836.88,1,Israel,836.88,8,2023
2032,2022-08-22,1349,Desk Lamp,Accessories,1320.79,4,USA,5283.16,8,2022
2033,2023-08-25,1820,Mouse,Office,1328.18,2,Germany,2656.36,8,2023
2034,2022-11-10,1765,Laptop,Electronics,794.23,1,Canada,794.23,11,2022
2035,2023-07-20,1037,USB Cable,Accessories,174.99,2,UK,349.98,7,2023
2036,2024-11-01,1732,Monitor,Office,409.42,3,Canada,1228.26,11,2024
2037,2022-07-28,1499,Headphones,Office,688.05,4,Canada,2752.2,7,2022
2038,2024-11-03,1698,Mouse,Electronics,1128.0,1,Canada,1128.0,11,2024
2039,2024-11-09,1042,Keyboard,Accessories,1068.96,3,USA,3206.88,11,2024
2040,2023-08-10,1870,Laptop,Electronics,965.85,1,Germany,965.85,8,2023
2041,2024-10-11,1625,Laptop,Office,1320.97,3,France,3962.91,10,2024
2042,2024-12-29,1771,Monitor,Electronics,1204.96,4,USA,4819.84,12,2024
2043,2023-11-29,1516,Desk Lamp,Electronics,1473.26,1,France,1473.26,11,2023
2044,2022-05-12,1067,Keyboard,Accessories,1334.29,1,Israel,1334.29,5,2022
2045,2024-11-09,1739,Headphones,Accessories,297.51,2,Israel,595.02,11,2024
2046,2023-06-20,1122,Mouse,Office,91.14,2,France,182.28,6,2023
2047,2024-10-10,1684,Webcam,Accessories,624.69,1,Israel,624.69,10,2024
2048,2022-08-15,1335,Keyboard,Electronics,928.17,4,Israel,3712.68,8,2022
2049,2024-04-01,1152,Laptop,Office,966.44,2,UK,1932.88,4,2024
2050,2024-05-20,1973,Monitor,Accessories,404.93,1,France,404.93,5,2024
2051,2023-02-09,1778,Headphones,Electronics,1290.52,1,France,1290.52,2,2023
2052,2022-07-21,1668,Monitor,Electronics,497.22,3,Germany,1491.66,7,2022
2053,2022-02-07,1161,Mouse,Office,1379.08,4,Canada,5516.32,2,2022
2054,2024-07-30,1213,USB Cable,Office,710.04,2,UK,1420.08,7,2024
2055,2022-07-07,1909,USB Cable,Accessories,20.53,2,USA,41.06,7,2022
2056,2024-12-16,1375,Keyboard,Accessories,247.25,3,UK,741.75,12,2024
2057,2024-07-29,1919,Monitor,Accessories,157.97,1,USA,157.97,7,2024
2058,2024-11-09,1442,Webcam,Accessories,70.82,2,France,141.64,11,2024
2059,2022-09-30,1422,Webcam,Office,1072.46,1,UK,1072.46,9,2022
2060,2023-08-06,1537,USB Cable,Electronics,292.51,2,Germany,585.02,8,2023
2061,2023-05-31,1938,USB Cable,Electronics,1258.74,2,Canada,2517.48,5,2023
2062,2023-06-10,1803,Monitor,Accessories,400.38,1,Israel,400.38,6,2023
2063,2022-12-02,1934,Desk Lamp,Office,53.33,1,USA,53.33,12,2022
2064,2023-11-29,1700,Laptop,Accessories,1231.91,2,Israel,2463.82,11,2023
2065,2024-12-14,1911,Monitor,Accessories,701.89,3,Canada,2105.67,12,2024
2066,2023-05-15,1633,Headphones,Office,901.26,3,France,2703.78,5,2023
2067,2024-06-18,1229,Keyboard,Electronics,507.66,3,France,1522.98,6,2024
2068,2024-02-05,1058,Mouse,Electronics,73.83,3,France,221.49,2,2024
2069,2023-06-20,1095,Desk Lamp,Accessories,558.41,3,Israel,1675.23,6,2023
2070,2022-06-11,1261,Webcam,Office,779.84,1,Canada,779.84,6,2022
2071,2023-08-17,1353,Desk Lamp,Electronics,22.47,2,France,44.94,8,2023
2072,2022-06-08,1311,Monitor,Electronics,863.56,3,France,2590.68,6,2022
2073,2022-03-01,1135,Headphones,Office,1340.1,4,Israel,5360.4,3,2022
2074,2024-07-03,1861,Desk Lamp,Office,330.67,2,France,661.34,7,2024
2075,2022-07-30,1794,USB Cable,Electronics,1390.52,4,Canada,5562.08,7,2022
2076,2023-02-10,1966,Webcam,Accessories,150.92,1,USA,150.92,2,2023
2077,2023-10-26,1922,Desk Lamp,Accessories,1239.03,2,UK,2478.06,10,2023
2078,2023-06-26,1472,Webcam,Electronics,1261.28,1,USA,1261.28,6,2023
2079,2024-09-24,1631,Mouse,Accessories,390.35,4,France,1561.4,9,2024
2080,2024-07-15,1429,Webcam,Accessories,1436.98,2,Canada,2873.96,7,2024
2081,2024-05-17,1936,Desk Lamp,Office,627.82,2,Canada,1255.64,5,2024
2082,2022-01-19,1974,Headphones,Office,216.18,1,France,216.18,1,2022
2083,2023-03-08,1536,Webcam,Office,889.61,2,France,1779.22,3,2023
2084,2024-01-10,1853,Webcam,Accessories,1494.94,4,France,5979.76,1,2024
2085,2022-07-02,1145,Monitor,Office,1349.44,1,Israel,1349.44,7,2022
2086,2022-04-23,1523,Monitor,Office,421.51,4,Canada,1686.04,4,2022
2087,2023-04-26,1086,USB Cable,Electronics,867.59,2,UK,1735.18,4,2023
2088,2024-04-10,1946,Keyboard,Office,177.47,4,Israel,709.88,4,2024
2089,2024-02-02,1108,Laptop,Electronics,695.46,2,Israel,1390.92,2,2024
2090,2023-04-21,1422,Headphones,Accessories,786.99,4,Canada,3147.96,4,2023
2091,2024-02-02,1344,Laptop,Office,476.34,4,France,1905.36,2,2024
2092,2024-08-28,1265,Laptop,Electronics,728.86,3,USA,2186.58,8,2024
2093,2024-10-16,1733,Webcam,Electronics,1380.31,2,Canada,2760.62,10,2024
2094,2022-06-10,1585,Desk Lamp,Electronics,752.71,3,USA,2258.13,6,2022
2095,2023-02-05,1993,USB Cable,Accessories,1247.33,3,Germany,3741.99,2,2023
2096,2022-07-17,1493,Mouse,Office,479.5,1,Canada,479.5,7,2022
2097,2023-10-22,1332,Desk Lamp,Accessories,1457.25,1,UK,1457.25,10,2023
2098,2024-12-06,1821,Desk Lamp,Electronics,144.73,4,Canada,578.92,12,2024
2099,2023-02-03,1412,Mouse,Accessories,880.45,2,Germany,1760.9,2,2023
2100,2022-03-19,1613,Webcam,Accessories,1185.88,1,Israel,1185.88,3,2022
2101,2022-05-04,1936,USB Cable,Electronics,1221.99,3,Germany,3665.97,5,2022
2102,2022-03-16,1648,Headphones,Office,301.43,2,Germany,602.86,3,2022
2103,2022-05-17,1190,Laptop,Office,605.46,4,Canada,2421.84,5,2022
2104,2023-08-25,1972,Keyboard,Accessories,938.17,4,Germany,3752.68,8,2023
2105,2024-04-16,1932,USB Cable,Office,477.24,1,UK,477.24,4,2024
2106,2023-05-15,1141,Laptop,Electronics,989.15,1,Canada,989.15,5,2023
2107,2022-05-18,1868,Mouse,Office,571.28,1,USA,571.28,5,2022
2108,2022-02-19,1072,Laptop,Accessories,529.55,4,USA,2118.2,2,2022
2109,2024-08-30,1839,Monitor,Electronics,166.56,3,Germany,499.68,8,2024
2110,2022-09-11,1166,Monitor,Electronics,63.68,1,Canada,63.68,9,2022
2111,2023-12-11,1167,Keyboard,Electronics,1253.73,4,UK,5014.92,12,2023
2112,2023-07-17,1565,Headphones,Accessories,736.87,2,USA,1473.74,7,2023
2113,2024-01-27,1258,Laptop,Accessories,846.5,4,France,3386.0,1,2024
2114,2023-07-01,1438,Monitor,Office,561.47,2,Canada,1122.94,7,2023
2115,2024-07-10,1110,Headphones,Accessories,209.43,2,Canada,418.86,7,2024
2116,2023-08-04,1743,USB Cable,Electronics,677.11,3,USA,2031.33,8,2023
2117,2022-02-18,1672,USB Cable,Accessories,347.29,1,USA,347.29,2,2022
2118,2024-07-05,1863,Monitor,Accessories,1257.34,2,UK,2514.68,7,2024
2119,2023-12-05,1838,Headphones,Office,1480.25,1,UK,1480.25,12,2023
2120,2022-09-18,1530,Headphones,Electronics,1334.2,4,USA,5336.8,9,2022
2121,2022-12-22,1289,Monitor,Office,794.77,1,France,794.77,12,2022
2122,2023-09-30,1973,Webcam,Office,944.06,4,France,3776.24,9,2023
2123,2024-01-13,1561,Mouse,Office,1422.44,2,Germany,2844.88,1,2024
2124,2024-10-06,1509,Headphones,Electronics,810.33,3,Germany,2430.99,10,2024
2125,2024-07-19,1174,USB Cable,Office,959.69,2,USA,1919.38,7,2024
2126,2023-10-03,1301,Webcam,Electronics,945.7,4,USA,3782.8,10,2023
2127,2024-03-02,1695,Laptop,Office,1063.64,2,USA,2127.28,3,2024
2128,2023-09-04,1184,Webcam,Office,962.23,3,Canada,2886.69,9,2023
2129,2024-03-19,1338,Monitor,Electronics,1007.7,1,France,1007.7,3,2024
2130,2023-11-17,1509,Webcam,Accessories,1090.21,4,Israel,4360.84,11,2023
2131,2022-07-07,1818,Mouse,Office,1214.6,1,Germany,1214.6,7,2022
2132,2024-09-11,1309,Monitor,Accessories,607.57,3,Germany,1822.71,9,2024
2133,2023-07-02,1506,Keyboard,Office,1120.02,2,Israel,2240.04,7,2023
2134,2023-12-26,1345,Laptop,Accessories,154.8,3,USA,464.4,12,2023
2135,2024-07-14,1080,USB Cable,Accessories,1314.9,4,Germany,5259.6,7,2024
2136,2024-05-25,1373,Keyboard,Accessories,438.62,4,France,1754.48,5,2024
2137,2023-09-10,1155,Webcam,Accessories,608.17,2,Israel,1216.34,9,2023
2138,2023-02-18,1786,Headphones,Accessories,1206.4,4,France,4825.6,2,2023
2139,2024-06-21,1794,Webcam,Electronics,957.3,3,Canada,2871.9,6,2024
2140,2022-06-12,1431,Desk Lamp,Accessories,466.4,4,USA,1865.6,6,2022
2141,2022-09-27,1499,USB Cable,Electronics,341.97,1,Germany,341.97,9,2022
2142,2023-09-24,1760,USB Cable,Office,1436.78,3,France,4310.34,9,2023
2143,2024-06-24,1146,Desk Lamp,Electronics,136.23,3,Israel,408.69,6,2024
2144,2022-07-24,1480,Headphones,Accessories,11.48,4,USA,45.92,7,2022
2145,2023-08-05,1434,Keyboard,Electronics,1011.04,2,Germany,2022.08,8,2023
2146,2024-04-20,1518,Keyboard,Accessories,923.64,2,Germany,1847.28,4,2024
2147,2023-08-19,1668,Headphones,Electronics,1107.73,2,USA,2215.46,8,2023
2148,2022-09-07,1682,Mouse,Office,1098.79,4,USA,4395.16,9,2022
2149,2024-05-24,1068,Desk Lamp,Accessories,1295.57,4,USA,5182.28,5,2024
2150,2022-07-15,1605,Laptop,Accessories,1383.55,4,Canada,5534.2,7,2022
2151,2023-11-21,1880,Monitor,Electronics,1163.66,3,France,3490.98,11,2023
2152,2024-12-29,1874,Desk Lamp,Electronics,352.28,3,UK,1056.84,12,2024
2153,2023-10-01,1887,Keyboard,Electronics,697.93,4,Canada,2791.72,10,2023
2154,2023-11-03,1185,Laptop,Electronics,964.36,2,Germany,1928.72,11,2023
2155,2024-08-01,1903,Monitor,Electronics,811.35,1,France,811.35,8,2024
2156,2022-07-18,1681,Webcam,Accessories,242.55,2,Israel,485.1,7,2022
2157,2023-05-07,1203,Monitor,Office,885.96,3,Germany,2657.88,5,2023
2158,2024-06-14,1553,Keyboard,Electronics,1330.36,3,Canada,3991.08,6,2024
2159,2022-05-22,1012,Mouse,Accessories,630.68,2,UK,1261.36,5,2022
2160,2022-06-14,1665,Mouse,Office,1005.05,2,Israel,2010.1,6,2022
2161,2022-11-10,1273,Laptop,Office,925.82,3,Germany,2777.46,11,2022
2162,2022-01-21,1297,Webcam,Electronics,568.68,3,UK,1706.04,1,2022
2163,2024-09-10,1050,Laptop,Accessories,850.08,4,USA,3400.32,9,2024
2164,2022-11-01,1499,Headphones,Accessories,319.27,1,UK,319.27,11,2022
2165,2023-01-06,1368,Mouse,Accessories,821.43,4,Germany,3285.72,1,2023
2166,2024-05-02,1723,Laptop,Accessories,1199.25,4,UK,4797.0,5,2024
2167,2023-01-19,1655,Headphones,Accessories,1139.63,2,Canada,2279.26,1,2023
2168,2023-03-21,1356,Webcam,Office,540.14,2,Germany,1080.28,3,2023
2169,2023-03-01,1002,USB Cable,Office,172.57,1,Germany,172.57,3,2023
2170,2022-06-10,1253,Monitor,Office,1200.91,4,UK,4803.64,6,2022
2171,2023-09-21,1474,Laptop,Accessories,401.23,4,UK,1604.92,9,2023
2172,2024-06-13,1846,Headphones,Office,84.3,3,Canada,252.9,6,2024
2173,2023-05-05,1505,Mouse,Office,670.56,3,Israel,2011.68,5,2023
2174,2024-10-13,1255,Desk Lamp,Electronics,1110.51,1,Israel,1110.51,10,2024
2175,2022-11-23,1609,Monitor,Office,1213.7,2,France,2427.4,11,2022
2176,2023-08-21,1684,Laptop,Electronics,1473.39,3,Germany,4420.17,8,2023
2177,2024-10-11,1149,Mouse,Accessories,288.16,1,Israel,288.16,10,2024
2178,2022-10-16,1487,USB Cable,Accessories,444.22,4,France,1776.88,10,2022
2179,2023-08-16,1278,Monitor,Accessories,916.19,1,Canada,916.19,8,2023
2180,2023-07-27,1058,Keyboard,Accessories,1217.96,1,Germany,1217.96,7,2023
2181,2022-01-28,1445,Mouse,Office,354.94,3,Canada,1064.82,1,2022
2182,2024-08-11,1112,Keyboard,Electronics,617.82,3,France,1853.46,8,2024
2183,2022-02-12,1835,Webcam,Accessories,615.56,4,Israel,2462.24,2,2022
2184,2023-02-27,1754,Laptop,Accessories,1160.54,4,France,4642.16,2,2023
2185,2022-06-26,1821,USB Cable,Electronics,365.19,4,UK,1460.76,6,2022
2186,2023-06-13,1568,Headphones,Electronics,1453.29,1,Canada,1453.29,6,2023
2187,2024-08-23,1488,Laptop,Electronics,768.14,1,France,768.14,8,2024
2188,2022-07-17,1406,Mouse,Electronics,426.69,3,Canada,1280.07,7,2022
2189,2023-09-02,1366,Keyboard,Electronics,430.0,4,USA,1720.0,9,2023
2190,2024-04-21,1059,Desk Lamp,Office,32.36,3,USA,97.08,4,2024
2191,2024-05-02,1328,Keyboard,Electronics,1040.18,4,France,4160.72,5,2024
2192,2022-01-22,1727,Monitor,Office,1165.04,4,USA,4660.16,1,2022
2193,2024-12-16,1468,Laptop,Electronics,53.48,3,France,160.44,12,2024
2194,2024-12-25,1744,Laptop,Electronics,880.97,3,Canada,2642.91,12,2024
2195,2024-04-21,1566,Mouse,Accessories,1173.6,3,France,3520.8,4,2024
2196,2022-04-08,1884,Desk Lamp,Accessories,567.48,4,France,2269.92,4,2022
2197,2023-03-11,1719,Keyboard,Accessories,651.95,1,USA,651.95,3,2023
2198,2023-09-29,1062,Mouse,Accessories,545.63,3,Germany,1636.89,9,2023
2199,2023-08-11,1183,Mouse,Accessories,476.9,3,France,1430.7,8,2023
2200,2022-12-10,1310,Webcam,Accessories,739.26,1,France,739.26,12,2022
2201,2023-07-25,1792,Keyboard,Electronics,253.32,1,UK,253.32,7,2023
2202,2023-09-03,1537,Mouse,Electronics,663.83,2,UK,1327.66,9,2023
2203,2022-08-31,1176,Keyboard,Accessories,1413.03,3,Israel,4239.09,8,2022
2204,2023-07-15,1574,Mouse,Accessories,45.97,2,USA,91.94,7,2023
2205,2024-08-17,1428,Desk Lamp,Accessories,251.29,2,Germany,502.58,8,2024
2206,2022-02-01,1072,Headphones,Electronics,1167.67,1,France,1167.67,2,2022
2207,2023-01-26,1846,Desk Lamp,Accessories,202.43,4,France,809.72,1,2023
2208,2022-10-04,1166,Desk Lamp,Accessories,410.56,4,USA,1642.24,10,2022
2209,2023-06-16,1224,Mouse,Electronics,684.98,1,Israel,684.98,6,2023
2210,2023-01-18,1576,Desk Lamp,Electronics,1415.03,2,Israel,2830.06,1,2023
2211,2024-12-27,1580,Desk Lamp,Office,279.33,2,UK,558.66,12,2024
2212,2024-06-02,1951,Desk Lamp,Accessories,1385.01,2,USA,2770.02,6,2024
2213,2022-08-02,1008,Mouse,Electronics,1079.19,2,Israel,2158.38,8,2022
2214,2023-01-11,1235,USB Cable,Office,1008.36,3,Israel,3025.08,1,2023
2215,2024-01-14,1709,Headphones,Electronics,1086.7,2,Germany,2173.4,1,2024
2216,2022-08-01,1923,Laptop,Office,51.71,1,UK,51.71,8,2022
2217,2022-03-20,1684,Keyboard,Office,152.86,2,UK,305.72,3,2022
2218,2023-09-20,1793,USB Cable,Accessories,505.59,2,UK,1011.18,9,2023
2219,2023-08-27,1027,Monitor,Accessories,115.58,1,Canada,115.58,8,2023
2220,2024-02-21,1807,Headphones,Office,1481.45,2,Israel,2962.9,2,2024
2221,2024-09-27,1910,USB Cable,Accessories,872.72,4,France,3490.88,9,2024
2222,2023-11-11,1645,Desk Lamp,Electronics,733.58,1,Canada,733.58,11,2023
2223,2022-02-27,1026,Laptop,Electronics,1179.34,3,Israel,3538.02,2,2022
2224,2024-11-15,1549,Mouse,Office,1465.55,3,Israel,4396.65,11,2024
2225,2024-05-30,1195,Webcam,Office,1432.92,1,USA,1432.92,5,2024
2226,2023-03-23,1202,Laptop,Electronics,1190.63,3,UK,3571.89,3,2023
2227,2022-03-07,1084,Headphones,Electronics,568.88,3,UK,1706.64,3,2022
2228,2024-12-03,1831,Webcam,Office,103.61,3,Germany,310.83,12,2024
2229,2024-10-08,1029,Mouse,Electronics,152.07,1,UK,152.07,10,2024
2230,2022-08-15,1465,Laptop,Electronics,6.72,2,Israel,13.44,8,2022
2231,2024-02-13,1098,Monitor,Office,7.84,3,USA,23.52,2,2024
2232,2023-11-10,1898,Keyboard,Accessories,1404.95,4,Germany,5619.8,11,2023
2233,2023-08-24,1189,Keyboard,Electronics,1390.89,2,Israel,2781.78,8,2023
2234,2023-01-14,1011,Headphones,Accessories,1002.99,2,Israel,2005.98,1,2023
2235,2023-12-10,1602,USB Cable,Accessories,1091.38,3,Canada,3274.14,12,2023
2236,2022-11-03,1029,Mouse,Electronics,772.25,3,Germany,2316.75,11,2022
2237,2024-02-18,1724,Mouse,Accessories,360.57,2,Canada,721.14,2,2024
2238,2023-05-19,1037,Keyboard,Office,1372.01,3,Israel,4116.03,5,2023
2239,2022-09-25,1852,Laptop,Electronics,420.15,1,Israel,420.15,9,2022
2240,2022-01-08,1571,Mouse,Electronics,1110.81,1,Canada,1110.81,1,2022
2241,2023-05-23,1293,Monitor,Accessories,371.93,3,USA,1115.79,5,2023
2242,2023-04-21,1359,Monitor,Electronics,1305.87,2,USA,2611.74,4,2023
2243,2022-06-13,1654,Mouse,Electronics,978.6,3,Canada,2935.8,6,2022
2244,2023-04-30,1913,Mouse,Accessories,965.83,4,USA,3863.32,4,2023
2245,2024-12-31,1179,Keyboard,Accessories,150.56,1,UK,150.56,12,2024
2246,2023-07-21,1796,Headphones,Electronics,632.11,2,Germany,1264.22,7,2023
2247,2024-06-23,1111,Keyboard,Electronics,789.74,4,USA,3158.96,6,2024
2248,2023-07-13,1741,Headphones,Office,444.58,3,Israel,1333.74,7,2023
2249,2022-08-26,1443,Desk Lamp,Office,1322.06,1,UK,1322.06,8,2022
2250,2023-07-08,1020,Monitor,Electronics,1257.32,4,Germany,5029.28,7,2023
2251,2024-04-07,1144,Headphones,Electronics,742.96,2,USA,1485.92,4,2024
2252,2023-04-13,1498,Keyboard,Office,513.35,1,USA,513.35,4,2023
2253,2023-01-21,1145,Mouse,Accessories,1203.31,3,Germany,3609.93,1,2023
2254,2024-02-14,1440,Headphones,Electronics,299.35,3,USA,898.05,2,2024
2255,2024-04-27,1886,Keyboard,Office,111.92,1,Canada,111.92,4,2024
2256,2023-01-22,1420,Monitor,Office,73.34,4,Germany,293.36,1,2023
2257,2024-05-26,1315,Webcam,Electronics,62.83,1,Germany,62.83,5,2024
2258,2022-09-16,1165,Desk Lamp,Electronics,735.89,1,Israel,735.89,9,2022
2259,2022-10-10,1651,Headphones,Office,386.69,1,Germany,386.69,10,2022
2260,2022-02-09,1202,Monitor,Electronics,1037.11,4,France,4148.44,2,2022
2261,2023-05-01,1495,Monitor,Accessories,982.57,1,USA,982.57,5,2023
2262,2024-07-17,1755,Laptop,Electronics,815.32,2,Israel,1630.64,7,2024
2263,2022-08-08,1624,Webcam,Office,532.5,3,UK,1597.5,8,2022
2264,2024-10-11,1467,Headphones,Office,1276.43,4,France,5105.72,10,2024
2265,2024-10-20,1712,Keyboard,Electronics,1066.01,2,Germany,2132.02,10,2024
2266,2023-09-05,1384,Headphones,Office,410.93,1,UK,410.93,9,2023
2267,2024-07-16,1313,Headphones,Accessories,755.02,2,UK,1510.04,7,2024
2268,2023-11-19,1770,Webcam,Electronics,238.63,4,UK,954.52,11,2023
2269,2023-09-05,1254,USB Cable,Electronics,496.52,3,UK,1489.56,9,2023
2270,2022-09-17,1958,Monitor,Office,1495.72,4,Israel,5982.88,9,2022
2271,2024-09-16,1916,Monitor,Accessories,339.65,1,Israel,339.65,9,2024
2272,2024-08-23,1022,Monitor,Electronics,1048.96,1,UK,1048.96,8,2024
2273,2023-01-01,1904,Monitor,Office,361.44,3,France,1084.32,1,2023
2274,2023-06-28,1757,Webcam,Electronics,1407.51,4,USA,5630.04,6,2023
2275,2023-10-11,1338,Keyboard,Accessories,468.65,4,Canada,1874.6,10,2023
2276,2024-03-24,1492,Mouse,Office,523.3,4,USA,2093.2,3,2024
2277,2024-11-05,1822,Laptop,Electronics,892.82,2,Israel,1785.64,11,2024
2278,2023-07-29,1510,USB Cable,Office,884.23,3,France,2652.69,7,2023
2279,2024-10-09,1365,USB Cable,Office,870.72,4,France,3482.88,10,2024
2280,2023-11-01,1371,Desk Lamp,Accessories,862.02,3,Germany,2586.06,11,2023
2281,2022-09-26,1914,Monitor,Accessories,471.72,2,Israel,943.44,9,2022
2282,2024-07-12,1829,Desk Lamp,Electronics,654.44,4,France,2617.76,7,2024
2283,2022-09-04,1598,Monitor,Office,892.18,2,France,1784.36,9,2022
2284,2022-05-11,1218,Laptop,Office,1008.55,1,USA,1008.55,5,2022
2285,2022-12-19,1474,Monitor,Office,383.43,1,France,383.43,12,2022
2286,2022-07-15,1422,Mouse,Electronics,1053.71,1,France,1053.71,7,2022
2287,2024-07-18,1355,USB Cable,Accessories,1385.3,3,UK,4155.9,7,2024
2288,2024-10-18,1459,Headphones,Accessories,1138.1,4,USA,4552.4,10,2024
2289,2023-10-07,1502,Laptop,Office,130.93,4,USA,523.72,10,2023
2290,2022-08-15,1026,USB Cable,Electronics,706.34,2,UK,1412.68,8,2022
2291,2023-12-02,1941,Keyboard,Office,655.72,2,USA,1311.44,12,2023
2292,2022-09-22,1801,USB Cable,Accessories,508.07,1,Germany,508.07,9,2022
2293,2023-10-08,1800,Laptop,Office,739.52,3,Canada,2218.56,10,2023
2294,2022-07-30,1859,Mouse,Office,662.25,3,Germany,1986.75,7,2022
2295,2024-07-31,1222,Webcam,Office,14.22,2,Israel,28.44,7,2024
2296,2023-04-02,1863,Keyboard,Accessories,358.65,2,Canada,717.3,4,2023
2297,2023-12-26,1689,Headphones,Electronics,324.6,4,USA,1298.4,12,2023
2298,2024-09-08,1147,Monitor,Office,527.14,4,USA,2108.56,9,2024
2299,2023-08-11,1423,Laptop,Accessories,265.81,2,Germany,531.62,8,2023
2300,2023-04-21,1738,Keyboard,Office,106.36,4,Israel,425.44,4,2023
2301,2024-09-12,1350,Laptop,Electronics,298.94,2,Israel,597.88,9,2024
2302,2022-06-05,1185,Headphones,Office,1282.01,3,Germany,3846.03,6,2022
2303,2022-07-09,1414,Laptop,Electronics,1196.57,1,Germany,1196.57,7,2022
2304,2024-09-07,1805,Desk Lamp,Accessories,665.93,2,Canada,1331.86,9,2024
2305,2023-06-30,1981,USB Cable,Electronics,1317.33,2,UK,2634.66,6,2023
2306,2022-02-10,1428,USB Cable,Electronics,352.84,4,Israel,1411.36,2,2022
2307,2022-11-03,1040,Keyboard,Accessories,878.39,2,Israel,1756.78,11,2022
2308,2024-07-31,1904,Mouse,Electronics,218.67,3,UK,656.01,7,2024
2309,2022-12-04,1392,Webcam,Electronics,1250.93,1,Germany,1250.93,12,2022
2310,2024-08-10,1702,Keyboard,Accessories,200.22,4,UK,800.88,8,2024
2311,2022-10-06,1078,Laptop,Electronics,52.63,3,UK,157.89,10,2022
2312,2024-06-14,1716,Headphones,Electronics,413.8,1,France,413.8,6,2024
2313,2022-09-30,1895,USB Cable,Office,1351.9,4,Israel,5407.6,9,2022
2314,2024-04-16,1789,Monitor,Electronics,198.54,3,Germany,595.62,4,2024
2315,2023-09-12,1783,Monitor,Electronics,499.35,2,France,998.7,9,2023
2316,2024-05-11,1543,Headphones,Electronics,478.04,4,Canada,1912.16,5,2024
2317,2024-07-19,1449,Laptop,Accessories,1203.46,2,France,2406.92,7,2024
2318,2022-10-16,1473,Webcam,Electronics,635.18,4,France,2540.72,10,2022
2319,2023-12-25,1141,Desk Lamp,Accessories,919.29,1,Germany,919.29,12,2023
2320,2024-06-11,1250,Headphones,Accessories,609.55,4,UK,2438.2,6,2024
2321,2022-09-29,1293,Laptop,Electronics,829.43,4,Germany,3317.72,9,2022
2322,2024-12-25,1609,Keyboard,Electronics,98.35,3,Israel,295.05,12,2024
2323,2023-04-28,1135,Webcam,Electronics,564.17,4,Canada,2256.68,4,2023
2324,2024-07-24,1483,Desk Lamp,Electronics,1283.38,1,Canada,1283.38,7,2024
2325,2022-09-05,1788,Desk Lamp,Electronics,1038.15,3,Canada,3114.45,9,2022
2326,2022-06-05,1311,Mouse,Electronics,1472.83,2,Israel,2945.66,6,2022
2327,2024-12-06,1813,Laptop,Electronics,1182.94,4,UK,4731.76,12,2024
2328,2023-03-30,1554,Desk Lamp,Accessories,680.01,1,Germany,680.01,3,2023
2329,2022-07-20,1631,Monitor,Office,1016.04,1,UK,1016.04,7,2022
2330,2022-05-04,1731,Monitor,Accessories,1164.99,4,UK,4659.96,5,2022
2331,2022-01-01,1045,USB Cable,Electronics,408.18,4,Germany,1632.72,1,2022
2332,2024-08-25,1235,Webcam,Office,94.73,2,Israel,189.46,8,2024
2333,2024-05-04,1047,Desk Lamp,Office,611.74,2,Germany,1223.48,5,2024
2334,2023-10-02,1197,Mouse,Electronics,221.29,2,Canada,442.58,10,2023
2335,2022-07-10,1083,Laptop,Electronics,419.48,2,Israel,838.96,7,2022
2336,2023-05-31,1542,Mouse,Accessories,1420.53,2,USA,2841.06,5,2023
2337,2023-03-18,1160,USB Cable,Office,1271.39,2,USA,2542.78,3,2023
2338,2022-05-23,1427,Keyboard,Office,890.73,3,USA,2672.19,5,2022
2339,2023-06-17,1070,Mouse,Electronics,604.88,3,Canada,1814.64,6,2023
2340,2022-08-15,1519,Keyboard,Electronics,400.17,1,France,400.17,8,2022
2341,2024-08-06,1968,Monitor,Office,859.33,3,Israel,2577.99,8,2024
2342,2023-04-05,1897,Keyboard,Office,802.07,4,Israel,3208.28,4,2023
2343,2023-07-05,1912,Laptop,Electronics,1172.27,4,Germany,4689.08,7,2023
2344,2023-01-28,1051,Webcam,Electronics,1392.39,4,Israel,5569.56,1,2023
2345,2024-04-24,1044,Webcam,Electronics,496.76,1,Germany,496.76,4,2024
2346,2022-07-29,1292,Laptop,Accessories,313.41,3,France,940.23,7,2022
2347,2023-10-08,1937,Laptop,Accessories,607.19,4,Germany,2428.76,10,2023
2348,2022-08-07,1811,Laptop,Electronics,659.12,3,USA,1977.36,8,2022
2349,2023-02-11,1464,Headphones,Accessories,64.61,4,Germany,258.44,2,2023
2350,2024-06-06,1884,Desk Lamp,Office,1293.24,2,Germany,2586.48,6,2024
2351,2023-07-12,1549,USB Cable,Office,1493.41,3,Germany,4480.23,7,2023
2352,2023-07-04,1866,Keyboard,Electronics,1385.2,3,Israel,4155.6,7,2023
2353,2022-05-22,1379,Desk Lamp,Office,1291.69,4,UK,5166.76,5,2022
2354,2023-09-04,1742,Laptop,Office,1488.94,3,UK,4466.82,9,2023
2355,2023-05-16,1477,Webcam,Office,1362.17,2,Canada,2724.34,5,2023
2356,2024-04-19,1261,Mouse,Office,1034.11,4,UK,4136.44,4,2024
2357,2023-12-03,1579,Mouse,Office,254.3,2,Canada,508.6,12,2023
2358,2023-08-19,1178,Headphones,Accessories,238.74,4,Israel,954.96,8,2023
2359,2022-10-08,1356,Desk Lamp,Accessories,77.93,3,USA,233.79,10,2022
2360,2023-02-28,1418,Desk Lamp,Electronics,620.69,4,UK,2482.76,2,2023
2361,2024-05-05,1697,Desk Lamp,Office,1214.19,1,UK,1214.19,5,2024
2362,2022-09-27,1952,Keyboard,Accessories,737.99,4,France,2951.96,9,2022
2363,2022-06-03,1200,Keyboard,Accessories,552.65,3,Canada,1657.95,6,2022
2364,2023-09-06,1901,USB Cable,Accessories,168.31,2,Canada,336.62,9,2023
2365,2023-10-24,1012,Keyboard,Office,82.37,2,France,164.74,10,2023
2366,2022-03-24,1442,Webcam,Accessories,601.77,1,USA,601.77,3,2022
2367,2024-08-04,1725,Webcam,Electronics,154.39,4,Germany,617.56,8,2024
2368,2024-06-17,1731,Desk Lamp,Electronics,159.8,4,Germany,639.2,6,2024
2369,2022-10-11,1285,USB Cable,Office,596.05,2,France,1192.1,10,2022
2370,2024-09-06,1755,Desk Lamp,Electronics,756.75,2,France,1513.5,9,2024
2371,2022-06-22,1867,Headphones,Accessories,284.09,3,USA,852.27,6,2022
2372,2024-12-22,1257,Keyboard,Office,1028.53,1,USA,1028.53,12,2024
2373,2024-02-02,1569,Keyboard,Electronics,630.94,2,Israel,1261.88,2,2024
2374,2023-09-25,1547,Desk Lamp,Office,142.42,4,Germany,569.68,9,2023
2375,2024-02-26,1839,Desk Lamp,Accessories,957.37,2,Israel,1914.74,2,2024
2376,2024-07-31,1940,Laptop,Electronics,538.63,3,UK,1615.89,7,2024
2377,2024-10-08,1489,Desk Lamp,Accessories,83.22,4,Canada,332.88,10,2024
2378,2023-02-02,1497,Keyboard,Electronics,1422.23,3,Canada,4266.69,2,2023
2379,2024-07-22,1904,Webcam,Office,858.94,3,USA,2576.82,7,2024
2380,2023-11-07,1893,Laptop,Electronics,719.19,3,Germany,2157.57,11,2023
2381,2024-07-24,1704,Laptop,Electronics,1289.41,1,Germany,1289.41,7,2024
2382,2023-04-10,1332,Keyboard,Electronics,1405.43,4,Israel,5621.72,4,2023
2383,2022-10-13,1561,Mouse,Office,334.38,4,France,1337.52,10,2022
2384,2022-09-22,1974,Monitor,Electronics,1216.17,3,France,3648.51,9,2022
2385,2022-11-16,1031,Desk Lamp,Accessories,1247.46,1,USA,1247.46,11,2022
2386,2023-11-04,1609,Webcam,Office,86.33,2,Canada,172.66,11,2023
2387,2024-03-30,1042,Mouse,Office,1069.36,4,France,4277.44,3,2024
2388,2022-03-30,1892,Keyboard,Accessories,99.14,2,UK,198.28,3,2022
2389,2024-03-31,1350,Desk Lamp,Office,894.04,4,Germany,3576.16,3,2024
2390,2024-09-27,1333,Keyboard,Electronics,1005.51,3,France,3016.53,9,2024
2391,2022-11-30,1821,Desk Lamp,Office,553.75,4,USA,2215.0,11,2022
2392,2022-08-10,1558,Desk Lamp,Accessories,1321.78,3,UK,3965.34,8,2022
2393,2022-02-10,1269,Mouse,Office,1201.77,4,Canada,4807.08,2,2022
2394,2022-03-09,1943,Keyboard,Accessories,1389.31,3,Canada,4167.93,3,2022
2395,2024-09-14,1822,Webcam,Office,475.76,2,Israel,951.52,9,2024
2396,2023-05-29,1412,USB Cable,Accessories,37.18,2,Israel,74.36,5,2023
2397,2023-11-26,1942,Desk Lamp,Office,1218.13,2,UK,2436.26,11,2023
2398,2024-11-05,1574,Laptop,Electronics,338.35,4,USA,1353.4,11,2024
2399,2023-04-22,1018,Headphones,Accessories,703.4,1,Israel,703.4,4,2023
2400,2024-12-21,1346,Keyboard,Accessories,1226.9,2,Germany,2453.8,12,2024
2401,2024-05-30,1904,Keyboard,Office,328.12,4,Canada,1312.48,5,2024
2402,2023-03-08,1612,Mouse,Office,471.3,3,Canada,1413.9,3,2023
2403,2022-09-25,1036,Desk Lamp,Office,661.42,1,Germany,661.42,9,2022
2404,2024-11-24,1618,Laptop,Electronics,411.38,1,Canada,411.38,11,2024
2405,2024-02-18,1091,Mouse,Office,694.68,1,Canada,694.68,2,2024
2406,2023-05-09,1819,USB Cable,Accessories,19.35,2,Canada,38.7,5,2023
2407,2023-10-23,1184,Desk Lamp,Office,322.22,2,USA,644.44,10,2023
2408,2024-10-09,1727,Webcam,Electronics,1249.67,2,USA,2499.34,10,2024
2409,2024-11-24,1027,Mouse,Office,623.16,2,Germany,1246.32,11,2024
2410,2024-09-03,1547,Keyboard,Office,956.43,3,USA,2869.29,9,2024
2411,2023-04-27,1371,Desk Lamp,Accessories,352.27,4,UK,1409.08,4,2023
2412,2023-12-29,1831,Laptop,Office,976.57,1,USA,976.57,12,2023
2413,2023-04-25,1529,Webcam,Electronics,1499.96,4,Canada,5999.84,4,2023
2414,2024-12-24,1344,Keyboard,Office,894.96,1,Germany,894.96,12,2024
2415,2024-10-28,1418,Webcam,Office,944.4,1,France,944.4,10,2024
2416,2022-12-09,1195,Keyboard,Accessories,171.72,1,USA,171.72,12,2022
2417,2022-11-28,1077,Keyboard,Office,608.06,1,Israel,608.06,11,2022
2418,2023-03-14,1166,Keyboard,Accessories,1291.78,3,UK,3875.34,3,2023
2419,2022-06-23,1089,Desk Lamp,Accessories,1252.24,3,UK,3756.72,6,2022
2420,2023-07-13,1263,Headphones,Office,785.99,1,UK,785.99,7,2023
2421,2023-06-11,1471,Monitor,Accessories,1355.66,1,Israel,1355.66,6,2023
2422,2023-10-21,1207,Laptop,Accessories,218.69,2,Israel,437.38,10,2023
2423,2022-01-26,1723,USB Cable,Office,988.99,1,UK,988.99,1,2022
2424,2024-03-30,1270,Headphones,Office,377.08,4,UK,1508.32,3,2024
2425,2023-08-28,1262,Monitor,Electronics,970.11,3,UK,2910.33,8,2023
2426,2023-02-10,1505,Webcam,Electronics,135.66,4,USA,542.64,2,2023
2427,2022-08-20,1784,Monitor,Accessories,1415.7,2,Canada,2831.4,8,2022
2428,2023-06-17,1511,Desk Lamp,Accessories,1180.57,3,Israel,3541.71,6,2023
2429,2023-05-20,1853,Desk Lamp,Office,305.44,2,Germany,610.88,5,2023
2430,2022-06-28,1725,Desk Lamp,Electronics,957.73,2,Canada,1915.46,6,2022
2431,2022-05-12,1885,Monitor,Electronics,1139.92,4,USA,4559.68,5,2022
2432,2022-12-14,1575,Headphones,Office,318.12,1,Germany,318.12,12,2022
2433,2023-06-24,1523,Laptop,Office,144.53,3,USA,433.59,6,2023
2434,2024-02-11,1721,Mouse,Office,530.91,3,USA,1592.73,2,2024
2435,2022-03-17,1311,Monitor,Office,207.95,1,Germany,207.95,3,2022
2436,2023-08-02,1173,Desk Lamp,Electronics,850.74,4,UK,3402.96,8,2023
2437,2024-05-03,1430,Mouse,Office,639.05,2,Canada,1278.1,5,2024
2438,2022-07-13,1767,Mouse,Office,696.32,4,Germany,2785.28,7,2022
2439,2022-12-13,1462,Keyboard,Electronics,816.58,2,France,1633.16,12,2022
2440,2024-08-08,1100,Mouse,Office,1473.17,3,Israel,4419.51,8,2024
2441,2022-08-02,1015,Webcam,Electronics,1189.99,1,France,1189.99,8,2022
2442,2023-07-27,1708,Webcam,Electronics,946.06,1,Canada,946.06,7,2023
2443,2024-02-19,1257,Keyboard,Office,548.74,3,USA,1646.22,2,2024
2444,2022-09-19,1895,Laptop,Office,45.47,2,Germany,90.94,9,2022
2445,2023-12-31,1243,USB Cable,Accessories,179.21,4,UK,716.84,12,2023
2446,2022-10-10,1347,Laptop,Accessories,1097.65,2,Canada,2195.3,10,2022
2447,2022-12-28,1248,Webcam,Electronics,556.96,1,UK,556.96,12,2022
2448,2023-03-17,1104,USB Cable,Electronics,504.98,4,France,2019.92,3,2023
2449,2022-04-03,1693,Keyboard,Accessories,1334.02,4,France,5336.08,4,2022
2450,2024-01-23,1666,Laptop,Electronics,729.34,2,USA,1458.68,1,2024
2451,2024-05-16,1286,USB Cable,Accessories,1349.87,2,Israel,2699.74,5,2024
2452,2022-05-22,1168,USB Cable,Office,1330.52,2,USA,2661.04,5,2022
2453,2024-01-19,1419,Monitor,Office,124.87,4,Canada,499.48,1,2024
2454,2023-10-15,1046,Laptop,Office,1418.32,3,UK,4254.96,10,2023
2455,2023-12-02,1042,Keyboard,Electronics,120.05,4,Canada,480.2,12,2023
2456,2024-09-24,1320,USB Cable,Office,1445.44,1,Germany,1445.44,9,2024
2457,2022-02-18,1817,Webcam,Electronics,681.66,3,France,2044.98,2,2022
2458,2024-05-30,1220,Desk Lamp,Office,1142.49,3,UK,3427.47,5,2024
2459,2023-07-09,1512,Monitor,Electronics,1060.69,2,USA,2121.38,7,2023
2460,2023-02-08,1711,Mouse,Electronics,780.15,4,Israel,3120.6,2,2023
2461,2024-06-10,1440,Mouse,Accessories,931.08,1,Germany,931.08,6,2024
2462,2024-05-14,1143,Mouse,Accessories,1425.13,4,Israel,5700.52,5,2024
2463,2023-08-25,1889,Webcam,Accessories,1391.39,2,USA,2782.78,8,2023
2464,2022-12-07,1027,Desk Lamp,Electronics,983.22,4,USA,3932.88,12,2022
2465,2023-12-05,1853,USB Cable,Accessories,988.29,1,UK,988.29,12,2023
2466,2022-11-14,1849,Keyboard,Accessories,374.17,2,Germany,748.34,11,2022
2467,2023-09-10,1789,Mouse,Accessories,1243.79,4,Canada,4975.16,9,2023
2468,2023-01-17,1552,Laptop,Electronics,950.74,1,USA,950.74,1,2023
2469,2022-08-21,1843,Mouse,Electronics,1240.24,1,UK,1240.24,8,2022
2470,2024-03-27,1658,USB Cable,Accessories,988.49,2,USA,1976.98,3,2024
2471,2023-07-07,1856,Headphones,Accessories,452.48,2,UK,904.96,7,2023
2472,2024-05-05,1689,Webcam,Electronics,288.27,3,Israel,864.81,5,2024
2473,2024-03-29,1826,Headphones,Electronics,120.06,3,UK,360.18,3,2024
2474,2022-07-02,1836,Mouse,Accessories,881.06,1,Canada,881.06,7,2022
2475,2024-11-30,1929,Desk Lamp,Accessories,429.66,2,Israel,859.32,11,2024
2476,2023-02-01,1166,USB Cable,Accessories,947.61,2,France,1895.22,2,2023
2477,2024-02-18,1634,Mouse,Electronics,92.69,4,USA,370.76,2,2024
2478,2024-06-25,1585,Headphones,Accessories,566.62,4,France,2266.48,6,2024
2479,2022-05-07,1750,USB Cable,Electronics,394.53,4,Germany,1578.12,5,2022
2480,2022-01-01,1248,Webcam,Office,558.65,4,France,2234.6,1,2022
2481,2022-01-19,1774,Webcam,Accessories,86.15,3,UK,258.45,1,2022
2482,2023-08-07,1763,Mouse,Office,1087.65,4,UK,4350.6,8,2023
2483,2023-04-01,1356,Webcam,Electronics,179.46,2,Germany,358.92,4,2023
2484,2024-08-14,1110,Monitor,Office,26.53,1,Germany,26.53,8,2024
2485,2023-03-21,1691,USB Cable,Accessories,1419.7,1,USA,1419.7,3,2023
2486,2023-08-25,1699,Desk Lamp,Office,293.35,1,UK,293.35,8,2023
2487,2022-04-13,1819,USB Cable,Office,1242.95,3,Germany,3728.85,4,2022
2488,2024-09-14,1718,Webcam,Office,1446.88,1,Canada,1446.88,9,2024
2489,2023-06-04,1233,USB Cable,Electronics,803.51,3,France,2410.53,6,2023
2490,2024-05-08,1023,Headphones,Accessories,791.55,3,UK,2374.65,5,2024
2491,2022-06-23,1025,Keyboard,Electronics,554.29,1,Canada,554.29,6,2022
2492,2024-10-01,1380,Headphones,Office,641.26,3,Germany,1923.78,10,2024
2493,2023-03-07,1729,Laptop,Office,725.7,4,USA,2902.8,3,2023
2494,2023-12-28,1345,Monitor,Electronics,232.38,4,Canada,929.52,12,2023
2495,2024-04-29,1377,Keyboard,Electronics,550.28,4,Israel,2201.12,4,2024
2496,2024-09-16,1521,Mouse,Office,1225.08,3,UK,3675.24,9,2024
2497,2023-10-01,1016,USB Cable,Accessories,277.69,4,UK,1110.76,10,2023
2498,2023-02-24,1244,Desk Lamp,Electronics,1096.13,1,UK,1096.13,2,2023
2499,2023-08-17,1717,Laptop,Office,979.12,1,UK,979.12,8,2023
2500,2023-04-30,1769,Laptop,Office,90.66,3,Israel,271.98,4,2023
2501,2023-02-16,1623,Desk Lamp,Accessories,38.53,3,Israel,115.59,2,2023
2502,2024-07-24,1716,Monitor,Office,532.03,4,Canada,2128.12,7,2024
2503,2022-11-28,1538,Keyboard,Electronics,1039.79,2,Canada,2079.58,11,2022
2504,2023-10-17,1968,Laptop,Office,498.97,1,USA,498.97,10,2023
2505,2022-02-10,1582,Desk Lamp,Office,1003.26,2,UK,2006.52,2,2022
2506,2024-08-16,1687,Keyboard,Office,999.86,4,Germany,3999.44,8,2024
2507,2022-04-15,1201,Keyboard,Office,1210.8,3,France,3632.4,4,2022
2508,2022-07-21,1247,Webcam,Accessories,153.73,4,UK,614.92,7,2022
2509,2023-03-26,1117,Laptop,Electronics,867.81,2,Canada,1735.62,3,2023
2510,2024-06-28,1008,Keyboard,Office,98.43,4,Israel,393.72,6,2024
2511,2022-07-29,1597,Monitor,Electronics,268.04,3,USA,804.12,7,2022
2512,2023-07-17,1022,Laptop,Accessories,491.62,2,UK,983.24,7,2023
2513,2023-12-14,1966,Monitor,Electronics,1062.55,4,USA,4250.2,12,2023
2514,2024-02-10,1239,Monitor,Accessories,1460.95,3,Germany,4382.85,2,2024
2515,2023-03-30,1584,Keyboard,Electronics,517.07,4,Germany,2068.28,3,2023
2516,2023-10-29,1026,Keyboard,Electronics,784.11,4,Germany,3136.44,10,2023
2517,2023-09-21,1983,Webcam,Office,392.29,3,Germany,1176.87,9,2023
2518,2023-01-22,1860,Desk Lamp,Electronics,1014.86,3,France,3044.58,1,2023
2519,2022-10-23,1080,USB Cable,Office,553.05,4,USA,2212.2,10,2022
2520,2022-09-15,1595,Webcam,Office,724.99,1,UK,724.99,9,2022
2521,2022-09-25,1198,Laptop,Electronics,853.88,4,France,3415.52,9,2022
2522,2023-02-23,1554,Webcam,Office,1030.93,3,UK,3092.79,2,2023
2523,2022-08-23,1999,Mouse,Electronics,94.78,1,Israel,94.78,8,2022
2524,2024-09-12,1774,Desk Lamp,Office,834.58,3,Canada,2503.74,9,2024
2525,2023-07-28,1091,Laptop,Office,649.59,4,France,2598.36,7,2023
2526,2022-02-18,1850,Desk Lamp,Accessories,204.98,2,Canada,409.96,2,2022
2527,2022-08-11,1958,Monitor,Accessories,316.01,3,France,948.03,8,2022
2528,2024-07-09,1083,Webcam,Electronics,1326.42,3,Canada,3979.26,7,2024
2529,2022-10-04,1299,Webcam,Office,1308.31,2,Canada,2616.62,10,2022
2530,2023-02-24,1934,USB Cable,Accessories,54.83,3,Israel,164.49,2,2023
2531,2023-09-03,1295,Webcam,Accessories,1035.66,3,Canada,3106.98,9,2023
2532,2023-01-10,1646,Keyboard,Accessories,833.51,3,France,2500.53,1,2023
2533,2022-03-14,1453,Monitor,Office,1410.02,2,Canada,2820.04,3,2022
2534,2024-11-19,1280,Webcam,Electronics,1362.47,4,USA,5449.88,11,2024
2535,2022-07-14,1058,Headphones,Office,871.45,3,Canada,2614.35,7,2022
2536,2024-04-26,1908,Headphones,Office,212.74,1,Germany,212.74,4,2024
2537,2024-11-30,1870,Desk Lamp,Accessories,692.42,4,Canada,2769.68,11,2024
2538,2024-12-22,1999,Monitor,Office,1089.12,4,UK,4356.48,12,2024
2539,2022-01-23,1341,Webcam,Office,1427.85,1,Israel,1427.85,1,2022
2540,2022-12-26,1752,USB Cable,Accessories,548.92,1,Germany,548.92,12,2022
2541,2023-07-14,1464,Mouse,Accessories,1178.08,1,France,1178.08,7,2023
2542,2023-11-03,1879,USB Cable,Office,1026.59,2,USA,2053.18,11,2023
2543,2023-11-10,1341,Mouse,Accessories,122.05,3,Canada,366.15,11,2023
2544,2023-03-16,1609,Laptop,Electronics,839.18,4,Canada,3356.72,3,2023
2545,2024-07-21,1061,Laptop,Electronics,279.35,1,France,279.35,7,2024
2546,2022-01-07,1775,USB Cable,Electronics,1026.91,3,Israel,3080.73,1,2022
2547,2023-02-25,1624,Webcam,Electronics,917.08,3,France,2751.24,2,2023
2548,2024-04-12,1428,Desk Lamp,Electronics,1459.71,2,USA,2919.42,4,2024
2549,2023-07-13,1657,USB Cable,Accessories,1403.4,4,Canada,5613.6,7,2023
2550,2024-07-02,1727,Laptop,Accessories,19.01,3,France,57.03,7,2024
2551,2024-10-03,1255,Keyboard,Electronics,124.64,1,France,124.64,10,2024
2552,2022-05-06,1827,Mouse,Electronics,1154.86,1,Canada,1154.86,5,2022
2553,2023-01-30,1827,Monitor,Electronics,1030.04,2,France,2060.08,1,2023
2554,2024-03-27,1873,Desk Lamp,Accessories,1202.41,1,Canada,1202.41,3,2024
2555,2024-05-30,1769,USB Cable,Accessories,403.89,1,France,403.89,5,2024
2556,2023-07-30,1705,Webcam,Office,1274.74,2,USA,2549.48,7,2023
2557,2022-11-21,1346,Webcam,Office,666.42,2,UK,1332.84,11,2022
2558,2024-07-18,1525,Desk Lamp,Office,396.55,1,Germany,396.55,7,2024
2559,2024-04-12,1303,Headphones,Office,20.86,4,Israel,83.44,4,2024
2560,2024-11-20,1614,Mouse,Accessories,1307.69,4,UK,5230.76,11,2024
2561,2024-04-16,1244,Desk Lamp,Accessories,805.34,2,USA,1610.68,4,2024
2562,2024-07-14,1756,Desk Lamp,Accessories,1463.2,4,Israel,5852.8,7,2024
2563,2023-03-19,1823,Mouse,Accessories,1073.45,4,Israel,4293.8,3,2023
2564,2022-03-16,1779,Mouse,Electronics,125.22,4,Canada,500.88,3,2022
2565,2023-07-11,1735,USB Cable,Office,884.35,2,Canada,1768.7,7,2023
2566,2022-12-29,1731,Laptop,Accessories,30.6,4,France,122.4,12,2022
2567,2023-03-24,1822,Keyboard,Accessories,838.88,1,Germany,838.88,3,2023
2568,2022-09-19,1411,USB Cable,Office,528.55,1,Canada,528.55,9,2022
2569,2022-05-05,1877,Desk Lamp,Accessories,966.73,2,Germany,1933.46,5,2022
2570,2024-06-29,1216,Monitor,Electronics,814.65,4,USA,3258.6,6,2024
2571,2022-09-02,1515,Laptop,Accessories,395.72,3,Canada,1187.16,9,2022
2572,2023-06-26,1473,USB Cable,Office,247.71,3,UK,743.13,6,2023
2573,2023-04-30,1035,Keyboard,Electronics,610.04,1,France,610.04,4,2023
2574,2022-05-02,1177,Desk Lamp,Electronics,1480.32,1,Germany,1480.32,5,2022
2575,2022-05-05,1386,Desk Lamp,Office,656.37,3,France,1969.11,5,2022
2576,2022-06-19,1768,Mouse,Office,1124.44,2,UK,2248.88,6,2022
2577,2022-05-04,1016,Keyboard,Electronics,90.18,4,Israel,360.72,5,2022
2578,2024-11-24,1710,Laptop,Accessories,571.4,3,UK,1714.2,11,2024
2579,2023-10-08,1829,USB Cable,Office,872.58,4,Israel,3490.32,10,2023
2580,2024-02-25,1047,Desk Lamp,Electronics,1128.04,3,UK,3384.12,2,2024
2581,2022-07-20,1061,Mouse,Office,794.93,1,France,794.93,7,2022
2582,2023-01-04,1068,USB Cable,Accessories,775.37,4,UK,3101.48,1,2023
2583,2024-03-07,1658,Laptop,Accessories,1147.04,2,Canada,2294.08,3,2024
2584,2022-03-18,1870,Monitor,Electronics,473.37,4,Germany,1893.48,3,2022
2585,2022-02-28,1365,Mouse,Accessories,140.46,4,Germany,561.84,2,2022
2586,2023-03-07,1161,Keyboard,Accessories,523.99,3,USA,1571.97,3,2023
2587,2023-09-30,1738,Laptop,Accessories,242.7,2,Canada,485.4,9,2023
2588,2022-04-19,1944,Desk Lamp,Office,1449.09,1,Germany,1449.09,4,2022
2589,2024-10-04,1975,Headphones,Electronics,868.38,4,Germany,3473.52,10,2024
2590,2022-03-09,1487,Keyboard,Electronics,672.67,4,Israel,2690.68,3,2022
2591,2024-12-28,1430,Desk Lamp,Electronics,1368.52,3,Canada,4105.56,12,2024
2592,2022-11-01,1998,Keyboard,Accessories,1351.04,1,France,1351.04,11,2022
2593,2023-11-05,1858,Mouse,Office,626.47,3,France,1879.41,11,2023
2594,2022-12-31,1488,USB Cable,Electronics,1312.72,2,Israel,2625.44,12,2022
2595,2024-03-31,1229,Webcam,Office,100.72,1,Germany,100.72,3,2024
2596,2022-12-09,1369,Keyboard,Electronics,1329.15,2,UK,2658.3,12,2022
2597,2024-08-04,1177,Laptop,Accessories,469.32,3,Israel,1407.96,8,2024
2598,2024-06-17,1856,Headphones,Electronics,849.86,1,France,849.86,6,2024
2599,2024-02-01,1409,Monitor,Electronics,408.18,2,USA,816.36,2,2024
2600,2022-12-07,1567,Headphones,Accessories,1477.28,2,France,2954.56,12,2022
2601,2024-07-30,1589,Laptop,Accessories,112.31,3,UK,336.93,7,2024
2602,2023-01-18,1269,Mouse,Electronics,673.2,1,France,673.2,1,2023
2603,2024-09-30,1205,Laptop,Office,933.38,2,Israel,1866.76,9,2024
2604,2022-10-27,1792,Webcam,Accessories,925.34,4,USA,3701.36,10,2022
2605,2022-05-19,1739,Webcam,Electronics,1109.44,1,France,1109.44,5,2022
2606,2022-12-25,1899,Webcam,Accessories,1088.0,1,Israel,1088.0,12,2022
2607,2024-04-15,1750,Keyboard,Office,1190.75,4,Israel,4763.0,4,2024
2608,2023-04-28,1974,Mouse,Electronics,355.26,1,Israel,355.26,4,2023
2609,2024-06-27,1799,USB Cable,Electronics,558.91,1,USA,558.91,6,2024
2610,2024-05-15,1081,Webcam,Office,576.14,4,Israel,2304.56,5,2024
2611,2022-05-19,1845,USB Cable,Office,1433.98,3,USA,4301.94,5,2022
2612,2024-09-22,1761,Monitor,Electronics,616.92,2,Canada,1233.84,9,2024
2613,2023-03-11,1192,Monitor,Office,336.69,4,UK,1346.76,3,2023
2614,2023-05-24,1617,USB Cable,Office,950.35,1,UK,950.35,5,2023
2615,2022-09-30,1188,Desk Lamp,Electronics,643.76,2,UK,1287.52,9,2022
2616,2022-04-14,1275,Laptop,Accessories,378.87,2,Canada,757.74,4,2022
2617,2024-02-01,1073,Webcam,Office,1074.13,2,Israel,2148.26,2,2024
2618,2024-02-26,1009,Keyboard,Accessories,291.93,3,USA,875.79,2,2024
2619,2022-06-14,1634,Desk Lamp,Accessories,951.86,1,Canada,951.86,6,2022
2620,2024-09-25,1215,Monitor,Accessories,648.64,1,UK,648.64,9,2024
2621,2023-06-04,1289,Headphones,Office,482.15,2,Germany,964.3,6,2023
2622,2023-06-01,1444,Mouse,Electronics,1419.24,2,UK,2838.48,6,2023
2623,2023-10-19,1987,Headphones,Electronics,489.99,3,Israel,1469.97,10,2023
2624,2023-09-05,1922,USB Cable,Electronics,524.52,3,Canada,1573.56,9,2023
2625,2022-06-13,1551,Desk Lamp,Electronics,1306.6,2,Germany,2613.2,6,2022
2626,2022-03-05,1192,Monitor,Electronics,197.92,1,Canada,197.92,3,2022
2627,2022-09-24,1638,Monitor,Electronics,166.56,4,France,666.24,9,2022
2628,2022-09-03,1288,Laptop,Accessories,427.65,3,Germany,1282.95,9,2022
2629,2023-01-30,1963,Laptop,Accessories,889.5,1,France,889.5,1,2023
2630,2023-04-21,1582,Webcam,Accessories,579.53,3,Germany,1738.59,4,2023
2631,2024-09-03,1648,USB Cable,Office,914.79,1,USA,914.79,9,2024
2632,2024-11-09,1143,Mouse,Office,243.83,2,Germany,487.66,11,2024
2633,2023-07-12,1388,Webcam,Office,395.87,3,UK,1187.61,7,2023
2634,2024-10-14,1865,Desk Lamp,Electronics,849.92,4,France,3399.68,10,2024
2635,2024-06-01,1891,Laptop,Accessories,329.64,2,France,659.28,6,2024
2636,2022-05-27,1406,Keyboard,Office,637.09,3,Canada,1911.27,5,2022
2637,2023-10-28,1810,Mouse,Accessories,861.11,2,UK,1722.22,10,2023
2638,2023-09-12,1369,Keyboard,Electronics,1460.61,4,USA,5842.44,9,2023
2639,2024-03-30,1856,Desk Lamp,Accessories,124.43,3,Germany,373.29,3,2024
2640,2024-05-13,1440,Webcam,Electronics,693.32,3,USA,2079.96,5,2024
2641,2023-08-05,1946,Laptop,Office,597.43,3,UK,1792.29,8,2023
2642,2024-10-19,1780,Mouse,Electronics,1237.24,1,Germany,1237.24,10,2024
2643,2023-11-26,1895,Desk Lamp,Electronics,1350.94,1,UK,1350.94,11,2023
2644,2023-02-11,1919,Webcam,Accessories,1360.98,3,France,4082.94,2,2023
2645,2023-02-03,1650,Monitor,Electronics,565.83,2,France,1131.66,2,2023
2646,2023-12-16,1563,Webcam,Office,460.46,2,France,920.92,12,2023
2647,2023-12-05,1528,USB Cable,Office,676.46,3,Israel,2029.38,12,2023
2648,2024-01-31,1676,Headphones,Electronics,519.26,4,Israel,2077.04,1,2024
2649,2023-05-14,1012,Monitor,Accessories,1079.68,4,France,4318.72,5,2023
2650,2024-08-31,1701,Keyboard,Office,324.29,4,Israel,1297.16,8,2024
2651,2022-03-23,1986,Monitor,Office,989.73,1,Israel,989.73,3,2022
2652,2023-08-27,1339,Webcam,Electronics,1390.85,1,Canada,1390.85,8,2023
2653,2024-02-11,1864,Desk Lamp,Electronics,423.47,1,UK,423.47,2,2024
2654,2024-06-21,1873,Monitor,Office,1016.95,1,Canada,1016.95,6,2024
2655,2022-12-31,1863,Headphones,Electronics,219.62,2,Germany,439.24,12,2022
2656,2022-06-12,1775,USB Cable,Electronics,186.47,3,France,559.41,6,2022
2657,2024-12-07,1311,Webcam,Office,177.89,3,Canada,533.67,12,2024
2658,2023-05-26,1732,Headphones,Accessories,212.1,3,Canada,636.3,5,2023
2659,2022-04-26,1103,Monitor,Accessories,328.17,2,Israel,656.34,4,2022
2660,2024-07-29,1338,Headphones,Office,846.43,4,UK,3385.72,7,2024
2661,2022-12-03,1197,Monitor,Electronics,1151.64,4,UK,4606.56,12,2022
2662,2024-05-30,1299,Mouse,Office,194.65,1,Canada,194.65,5,2024
2663,2024-01-07,1443,Monitor,Office,1305.67,1,Germany,1305.67,1,2024
2664,2024-04-19,1358,Laptop,Electronics,1264.86,2,UK,2529.72,4,2024
2665,2022-05-27,1367,Headphones,Accessories,1092.45,2,USA,2184.9,5,2022
2666,2023-03-19,1168,Desk Lamp,Accessories,641.82,4,USA,2567.28,3,2023
2667,2024-04-16,1148,USB Cable,Electronics,7.33,3,France,21.99,4,2024
2668,2024-11-02,1760,Headphones,Office,1103.47,3,Canada,3310.41,11,2024
2669,2024-07-31,1767,Keyboard,Electronics,1319.08,2,Germany,2638.16,7,2024
2670,2022-10-14,1981,USB Cable,Office,506.25,2,Canada,1012.5,10,2022
2671,2023-12-21,1041,USB Cable,Electronics,1078.39,2,USA,2156.78,12,2023
2672,2023-04-25,1201,Keyboard,Electronics,97.76,1,Germany,97.76,4,2023
2673,2022-01-22,1969,Laptop,Accessories,1065.69,3,France,3197.07,1,2022
2674,2023-11-14,1243,Headphones,Accessories,107.12,2,UK,214.24,11,2023
2675,2024-06-24,1668,USB Cable,Electronics,882.84,2,UK,1765.68,6,2024
2676,2022-11-16,1463,Headphones,Electronics,898.34,1,UK,898.34,11,2022
2677,2022-05-06,1448,USB Cable,Accessories,456.72,2,USA,913.44,5,2022
2678,2022-10-04,1912,Keyboard,Office,123.29,3,Germany,369.87,10,2022
2679,2022-07-13,1797,Keyboard,Accessories,1424.26,1,USA,1424.26,7,2022
2680,2023-11-27,1793,Monitor,Office,805.69,2,Israel,1611.38,11,2023
2681,2022-02-26,1436,Webcam,Accessories,871.74,3,Germany,2615.22,2,2022
2682,2022-01-19,1892,Headphones,Accessories,924.46,3,France,2773.38,1,2022
2683,2022-09-21,1749,Headphones,Office,1337.12,1,USA,1337.12,9,2022
2684,2024-03-04,1530,USB Cable,Electronics,95.08,3,UK,285.24,3,2024
2685,2022-04-23,1564,Monitor,Accessories,1340.47,1,UK,1340.47,4,2022
2686,2023-06-26,1596,Desk Lamp,Accessories,363.32,3,UK,1089.96,6,2023
2687,2023-10-09,1272,Headphones,Accessories,121.54,2,USA,243.08,10,2023
2688,2023-08-02,1429,USB Cable,Electronics,987.61,1,USA,987.61,8,2023
2689,2024-12-24,1871,Laptop,Accessories,1465.58,3,UK,4396.74,12,2024
2690,2022-01-25,1212,Keyboard,Electronics,90.58,1,UK,90.58,1,2022
2691,2022-01-01,1948,Keyboard,Accessories,642.05,3,UK,1926.15,1,2022
2692,2024-06-29,1872,Webcam,Office,797.03,1,Israel,797.03,6,2024
2693,2022-05-21,1103,Keyboard,Accessories,381.92,2,USA,763.84,5,2022
2694,2023-10-10,1191,Mouse,Accessories,1474.39,1,UK,1474.39,10,2023
2695,2022-07-07,1940,Laptop,Electronics,963.24,1,France,963.24,7,2022
2696,2022-07-20,1688,Laptop,Electronics,1267.3,2,UK,2534.6,7,2022
2697,2022-09-14,1658,Monitor,Electronics,626.59,3,USA,1879.77,9,2022
2698,2023-07-01,1379,Mouse,Office,534.16,4,France,2136.64,7,2023
2699,2022-07-13,1966,Headphones,Office,831.97,2,Canada,1663.94,7,2022
2700,2023-12-04,1080,Webcam,Electronics,655.74,1,Canada,655.74,12,2023
2701,2024-03-12,1704,Laptop,Office,1073.85,2,Canada,2147.7,3,2024
2702,2024-07-30,1548,Mouse,Electronics,402.4,2,USA,804.8,7,2024
2703,2023-02-18,1376,Mouse,Office,677.14,1,USA,677.14,2,2023
2704,2024-06-28,1837,USB Cable,Electronics,1343.22,1,USA,1343.22,6,2024
2705,2022-07-07,1153,Laptop,Electronics,1135.38,4,Germany,4541.52,7,2022
2706,2022-02-14,1641,Desk Lamp,Office,256.26,2,France,512.52,2,2022
2707,2022-03-24,1570,USB Cable,Accessories,1330.86,1,Israel,1330.86,3,2022
2708,2022-12-24,1735,Monitor,Electronics,885.58,3,Israel,2656.74,12,2022
2709,2024-12-25,1760,Mouse,Electronics,1020.53,3,Germany,3061.59,12,2024
2710,2024-07-24,1239,Keyboard,Accessories,444.91,3,USA,1334.73,7,2024
2711,2023-01-10,1373,Mouse,Electronics,665.11,3,Israel,1995.33,1,2023
2712,2022-06-11,1900,Headphones,Electronics,1211.18,2,France,2422.36,6,2022
2713,2022-11-18,1804,Laptop,Office,499.36,2,UK,998.72,11,2022
2714,2023-03-26,1798,Desk Lamp,Accessories,251.77,4,France,1007.08,3,2023
2715,2024-11-02,1203,Headphones,Electronics,570.57,2,USA,1141.14,11,2024
2716,2022-07-03,1610,Monitor,Electronics,108.48,1,France,108.48,7,2022
2717,2022-04-21,1349,Webcam,Accessories,1078.2,4,Canada,4312.8,4,2022
2718,2023-05-23,1687,Keyboard,Accessories,225.88,2,USA,451.76,5,2023
2719,2022-10-22,1773,Laptop,Office,431.26,2,France,862.52,10,2022
2720,2024-06-22,1782,Mouse,Office,1322.22,1,Germany,1322.22,6,2024
2721,2024-08-31,1142,Keyboard,Office,813.04,1,France,813.04,8,2024
2722,2023-09-24,1188,Mouse,Electronics,485.4,1,Canada,485.4,9,2023
2723,2024-11-16,1271,Monitor,Accessories,823.76,3,Israel,2471.28,11,2024
2724,2024-01-03,1531,Webcam,Office,331.33,2,UK,662.66,1,2024
2725,2022-11-17,1844,Desk Lamp,Accessories,42.63,2,Germany,85.26,11,2022
2726,2024-07-01,1299,Desk Lamp,Electronics,907.58,2,France,1815.16,7,2024
2727,2023-03-13,1425,Laptop,Electronics,1072.62,4,USA,4290.48,3,2023
2728,2024-02-20,1045,Monitor,Accessories,1320.27,4,Germany,5281.08,2,2024
2729,2024-12-12,1094,Monitor,Accessories,1158.97,4,Israel,4635.88,12,2024
2730,2023-12-27,1929,Webcam,Office,1390.38,4,UK,5561.52,12,2023
2731,2022-01-31,1063,Monitor,Accessories,1479.0,4,Canada,5916.0,1,2022
2732,2022-12-03,1412,Monitor,Office,1118.68,1,UK,1118.68,12,2022
2733,2022-07-02,1642,Mouse,Accessories,1302.55,4,France,5210.2,7,2022
2734,2024-11-12,1008,USB Cable,Accessories,1012.23,2,Canada,2024.46,11,2024
2735,2023-06-28,1458,Headphones,Accessories,260.55,3,Israel,781.65,6,2023
2736,2024-10-30,1714,Mouse,Electronics,276.65,2,Israel,553.3,10,2024
2737,2023-10-22,1408,Desk Lamp,Electronics,169.84,2,UK,339.68,10,2023
2738,2022-06-09,1469,Webcam,Electronics,1414.75,1,UK,1414.75,6,2022
2739,2024-11-03,1809,Keyboard,Office,1010.76,3,Israel,3032.28,11,2024
2740,2023-02-16,1505,Webcam,Office,1185.92,2,UK,2371.84,2,2023
2741,2024-10-08,1685,Webcam,Electronics,500.08,1,USA,500.08,10,2024
2742,2022-02-22,1072,Webcam,Electronics,693.33,3,UK,2079.99,2,2022
2743,2023-02-12,1083,Webcam,Accessories,64.47,3,USA,193.41,2,2023
2744,2024-04-26,1058,Monitor,Accessories,1334.07,1,Canada,1334.07,4,2024
2745,2024-11-11,1020,Webcam,Office,1280.24,4,UK,5120.96,11,2024
2746,2024-11-19,1457,Keyboard,Office,1178.29,1,Germany,1178.29,11,2024
2747,2023-12-04,1917,Webcam,Accessories,92.16,1,Germany,92.16,12,2023
2748,2022-09-17,1156,Mouse,Office,265.5,4,Canada,1062.0,9,2022
2749,2024-12-18,1830,Monitor,Electronics,504.59,1,Canada,504.59,12,2024
2750,2024-02-15,1328,Desk Lamp,Accessories,398.28,1,Germany,398.28,2,2024
2751,2024-11-01,1572,Mouse,Accessories,1258.5,1,Canada,1258.5,11,2024
2752,2024-04-29,1575,Desk Lamp,Office,296.28,2,USA,592.56,4,2024
2753,2022-12-20,1836,Monitor,Accessories,800.53,1,USA,800.53,12,2022
2754,2024-05-22,1679,Mouse,Accessories,859.21,1,France,859.21,5,2024
2755,2024-09-17,1202,Desk Lamp,Electronics,640.39,3,France,1921.17,9,2024
2756,2024-10-14,1640,Laptop,Accessories,364.83,3,UK,1094.49,10,2024
2757,2022-10-21,1756,Headphones,Accessories,1440.64,3,USA,4321.92,10,2022
2758,2022-07-28,1105,Headphones,Accessories,623.03,1,Germany,623.03,7,2022
2759,2024-03-28,1832,Monitor,Accessories,1092.33,4,Germany,4369.32,3,2024
2760,2023-01-25,1121,Laptop,Electronics,280.15,1,Germany,280.15,1,2023
2761,2022-11-21,1317,Keyboard,Accessories,1235.1,2,UK,2470.2,11,2022
2762,2024-07-28,1181,Laptop,Electronics,327.76,2,USA,655.52,7,2024
2763,2024-06-07,1614,USB Cable,Electronics,1014.58,2,Canada,2029.16,6,2024
2764,2023-10-30,1315,Monitor,Electronics,762.21,2,UK,1524.42,10,2023
2765,2023-09-25,1813,Laptop,Office,224.1,1,Canada,224.1,9,2023
2766,2023-07-31,1772,Keyboard,Office,42.3,3,Israel,126.9,7,2023
2767,2022-05-17,1624,Monitor,Accessories,1396.47,1,Israel,1396.47,5,2022
2768,2023-03-04,1405,Headphones,Electronics,192.91,1,France,192.91,3,2023
2769,2023-09-04,1985,Webcam,Office,1058.9,1,Canada,1058.9,9,2023
2770,2024-06-29,1948,Laptop,Accessories,980.76,1,USA,980.76,6,2024
2771,2024-03-29,1069,Headphones,Office,515.87,4,Canada,2063.48,3,2024
2772,2022-05-21,1159,Headphones,Electronics,282.15,3,Canada,846.45,5,2022
2773,2022-06-26,1239,Mouse,Accessories,271.6,3,Germany,814.8,6,2022
2774,2022-07-17,1522,Keyboard,Electronics,880.07,2,USA,1760.14,7,2022
2775,2023-09-16,1137,USB Cable,Electronics,822.65,1,Canada,822.65,9,2023
2776,2023-11-22,1494,Webcam,Office,1314.52,2,Canada,2629.04,11,2023
2777,2023-02-05,1678,Laptop,Accessories,961.8,3,Canada,2885.4,2,2023
2778,2023-04-16,1246,Headphones,Accessories,1229.82,3,France,3689.46,4,2023
2779,2022-08-06,1865,Headphones,Accessories,53.46,2,Germany,106.92,8,2022
2780,2024-07-17,1542,USB Cable,Office,1008.13,3,UK,3024.39,7,2024
2781,2023-09-24,1523,Keyboard,Accessories,354.39,3,Germany,1063.17,9,2023
2782,2024-08-08,1242,Webcam,Office,382.99,4,Canada,1531.96,8,2024
2783,2024-06-24,1619,Desk Lamp,Accessories,1082.26,1,Canada,1082.26,6,2024
2784,2022-06-24,1335,Webcam,Office,1191.18,1,Israel,1191.18,6,2022
2785,2022-01-23,1421,USB Cable,Accessories,560.74,3,UK,1682.22,1,2022
2786,2022-08-23,1834,Headphones,Office,1186.16,3,Canada,3558.48,8,2022
2787,2024-11-02,1193,Headphones,Electronics,668.4,4,Germany,2673.6,11,2024
2788,2024-07-17,1307,Headphones,Electronics,1287.18,2,UK,2574.36,7,2024
2789,2023-06-07,1644,Headphones,Electronics,42.23,4,Israel,168.92,6,2023
2790,2023-03-07,1906,Desk Lamp,Accessories,129.83,4,Israel,519.32,3,2023
2791,2024-03-03,1505,Mouse,Office,1165.65,2,USA,2331.3,3,2024
2792,2023-06-17,1280,Mouse,Electronics,938.01,3,Canada,2814.03,6,2023
2793,2024-09-05,1802,USB Cable,Accessories,840.74,1,Israel,840.74,9,2024
2794,2024-03-20,1674,Webcam,Office,922.9,4,Israel,3691.6,3,2024
2795,2024-07-01,1789,Monitor,Electronics,1395.63,4,Israel,5582.52,7,2024
2796,2024-05-20,1932,Desk Lamp,Electronics,985.03,1,Canada,985.03,5,2024
2797,2023-06-24,1981,Desk Lamp,Accessories,972.98,4,France,3891.92,6,2023
2798,2024-10-20,1438,Laptop,Office,1140.41,2,Israel,2280.82,10,2024
2799,2022-08-15,1714,Keyboard,Accessories,1300.6,1,USA,1300.6,8,2022
2800,2024-05-22,1607,Monitor,Electronics,396.56,1,UK,396.56,5,2024
2801,2024-06-10,1482,Mouse,Accessories,927.04,2,France,1854.08,6,2024
2802,2024-11-02,1222,Mouse,Accessories,878.04,2,UK,1756.08,11,2024
2803,2022-07-29,1748,Mouse,Electronics,206.6,1,UK,206.6,7,2022
2804,2024-01-11,1116,Monitor,Electronics,782.87,2,USA,1565.74,1,2024
2805,2023-02-01,1967,Desk Lamp,Office,108.98,4,France,435.92,2,2023
2806,2022-01-31,1191,Mouse,Office,281.51,3,Canada,844.53,1,2022
2807,2024-06-16,1787,Monitor,Electronics,1369.88,4,Germany,5479.52,6,2024
2808,2023-10-11,1617,Mouse,Electronics,183.27,2,Israel,366.54,10,2023
2809,2022-11-25,1993,Headphones,Office,870.48,4,UK,3481.92,11,2022
2810,2024-08-09,1515,Desk Lamp,Accessories,488.6,3,UK,1465.8,8,2024
2811,2023-09-13,1529,Headphones,Electronics,835.19,3,USA,2505.57,9,2023
2812,2022-06-11,1306,Laptop,Electronics,356.29,3,Canada,1068.87,6,2022
2813,2024-02-15,1963,Desk Lamp,Accessories,669.35,2,USA,1338.7,2,2024
2814,2022-10-01,1531,Mouse,Office,1301.66,2,USA,2603.32,10,2022
2815,2024-10-23,1121,USB Cable,Office,567.44,2,France,1134.88,10,2024
2816,2024-11-17,1648,Laptop,Accessories,532.78,3,Canada,1598.34,11,2024
2817,2022-11-22,1591,Monitor,Electronics,671.95,2,Israel,1343.9,11,2022
2818,2024-07-28,1153,Laptop,Accessories,155.24,1,France,155.24,7,2024
2819,2023-06-24,1869,Mouse,Electronics,584.08,4,USA,2336.32,6,2023
2820,2023-05-03,1536,Monitor,Office,15.32,4,USA,61.28,5,2023
2821,2024-04-01,1451,USB Cable,Electronics,757.58,1,Canada,757.58,4,2024
2822,2024-12-24,1168,Monitor,Electronics,1272.67,2,Canada,2545.34,12,2024
2823,2022-12-22,1058,Headphones,Electronics,830.35,4,UK,3321.4,12,2022
2824,2022-08-23,1300,Monitor,Electronics,913.55,3,France,2740.65,8,2022
2825,2022-08-15,1552,Monitor,Electronics,50.69,4,France,202.76,8,2022
2826,2022-02-18,1549,Laptop,Office,1289.97,4,Canada,5159.88,2,2022
2827,2022-04-28,1116,USB Cable,Accessories,580.58,4,Israel,2322.32,4,2022
2828,2022-02-23,1786,Webcam,Office,1462.4,2,France,2924.8,2,2022
2829,2023-07-19,1781,Monitor,Electronics,185.1,1,Canada,185.1,7,2023
2830,2024-12-03,1126,Keyboard,Accessories,1417.28,4,Israel,5669.12,12,2024
2831,2022-02-22,1404,Webcam,Electronics,953.26,3,Germany,2859.78,2,2022
2832,2023-07-12,1398,Headphones,Office,83.25,4,Canada,333.0,7,2023
2833,2024-05-17,1514,USB Cable,Office,1457.69,2,Israel,2915.38,5,2024
2834,2023-02-02,1804,USB Cable,Electronics,25.74,2,USA,51.48,2,2023
2835,2023-11-06,1884,Desk Lamp,Electronics,1097.4,3,Germany,3292.2,11,2023
2836,2023-01-22,1497,Headphones,Accessories,1334.85,4,UK,5339.4,1,2023
2837,2022-04-21,1941,Monitor,Accessories,267.84,4,UK,1071.36,4,2022
2838,2023-09-06,1527,Laptop,Electronics,518.32,3,UK,1554.96,9,2023
2839,2022-01-17,1397,Webcam,Accessories,844.04,1,USA,844.04,1,2022
2840,2024-06-02,1264,Desk Lamp,Electronics,1021.31,2,Canada,2042.62,6,2024
2841,2023-06-25,1750,Headphones,Electronics,1308.45,1,UK,1308.45,6,2023
2842,2022-06-20,1262,Headphones,Electronics,1142.8,1,Israel,1142.8,6,2022
2843,2023-02-13,1397,Keyboard,Office,548.18,4,Canada,2192.72,2,2023
2844,2024-01-10,1645,Monitor,Electronics,1233.47,3,USA,3700.41,1,2024
2845,2024-05-07,1724,Desk Lamp,Electronics,1449.28,2,France,2898.56,5,2024
2846,2022-08-18,1526,Webcam,Electronics,344.34,1,USA,344.34,8,2022
2847,2022-04-29,1435,Headphones,Accessories,115.77,1,USA,115.77,4,2022
2848,2024-02-23,1839,USB Cable,Electronics,642.8,4,France,2571.2,2,2024
2849,2023-04-10,1929,Headphones,Office,1322.69,4,Israel,5290.76,4,2023
2850,2022-04-14,1359,Headphones,Office,229.69,4,Germany,918.76,4,2022
2851,2023-11-29,1128,Headphones,Electronics,1329.27,3,France,3987.81,11,2023
2852,2022-06-24,1863,Desk Lamp,Electronics,1488.36,2,USA,2976.72,6,2022
2853,2024-01-15,1633,Laptop,Electronics,85.73,2,UK,171.46,1,2024
2854,2023-10-27,1240,Mouse,Office,745.41,4,France,2981.64,10,2023
2855,2022-02-02,1626,Keyboard,Accessories,496.68,1,France,496.68,2,2022
2856,2022-02-24,1708,USB Cable,Accessories,593.55,4,Germany,2374.2,2,2022
2857,2023-06-03,1221,Laptop,Electronics,680.19,4,USA,2720.76,6,2023
2858,2024-01-26,1213,Keyboard,Accessories,1110.86,3,UK,3332.58,1,2024
2859,2022-01-12,1915,Headphones,Office,888.99,4,UK,3555.96,1,2022
2860,2023-12-21,1591,Desk Lamp,Electronics,1442.0,2,Germany,2884.0,12,2023
2861,2023-07-09,1774,Keyboard,Accessories,502.48,4,Canada,2009.92,7,2023
2862,2023-01-08,1134,Monitor,Electronics,814.55,2,UK,1629.1,1,2023
2863,2023-04-29,1817,Monitor,Electronics,1220.93,1,Israel,1220.93,4,2023
2864,2024-08-30,1753,Mouse,Office,562.68,2,France,1125.36,8,2024
2865,2023-09-15,1385,Mouse,Office,700.62,2,France,1401.24,9,2023
2866,2022-11-03,1302,Keyboard,Accessories,1029.04,4,UK,4116.16,11,2022
2867,2023-04-02,1781,Laptop,Office,1291.81,2,UK,2583.62,4,2023
2868,2022-06-09,1286,Laptop,Electronics,626.44,2,UK,1252.88,6,2022
2869,2022-11-27,1561,Headphones,Office,800.27,1,France,800.27,11,2022
2870,2024-02-15,1188,Laptop,Accessories,1462.81,2,UK,2925.62,2,2024
2871,2022-08-13,1296,Mouse,Accessories,68.49,2,Israel,136.98,8,2022
2872,2024-09-09,1525,Laptop,Accessories,675.1,4,Israel,2700.4,9,2024
2873,2023-12-30,1388,Headphones,Office,955.79,3,France,2867.37,12,2023
2874,2024-12-04,1458,Monitor,Office,17.6,4,Canada,70.4,12,2024
2875,2024-12-18,1743,Laptop,Office,897.2,1,USA,897.2,12,2024
2876,2023-10-06,1260,Laptop,Office,89.02,4,USA,356.08,10,2023
2877,2023-09-08,1703,Mouse,Office,1287.05,2,USA,2574.1,9,2023
2878,2022-07-14,1924,Keyboard,Accessories,1211.59,3,Israel,3634.77,7,2022
2879,2023-05-04,1714,Monitor,Accessories,53.22,4,Germany,212.88,5,2023
2880,2022-06-06,1772,Desk Lamp,Office,77.96,4,USA,311.84,6,2022
2881,2023-09-02,1112,Keyboard,Electronics,1131.65,1,Germany,1131.65,9,2023
2882,2023-02-16,1885,Desk Lamp,Accessories,557.47,2,France,1114.94,2,2023
2883,2023-04-16,1863,Headphones,Electronics,864.66,4,Israel,3458.64,4,2023
2884,2023-05-31,1035,Headphones,Electronics,409.14,4,Canada,1636.56,5,2023
2885,2023-01-28,1078,Keyboard,Accessories,263.59,3,USA,790.77,1,2023
2886,2023-09-23,1274,Mouse,Electronics,447.64,1,Israel,447.64,9,2023
2887,2023-08-31,1959,Webcam,Electronics,373.84,2,France,747.68,8,2023
2888,2024-09-06,1277,Desk Lamp,Accessories,675.22,4,Israel,2700.88,9,2024
2889,2023-03-10,1673,Mouse,Accessories,1121.28,3,UK,3363.84,3,2023
2890,2023-06-24,1311,Webcam,Office,833.42,4,USA,3333.68,6,2023
2891,2022-10-05,1528,Webcam,Accessories,915.72,4,Israel,3662.88,10,2022
2892,2022-08-21,1203,Mouse,Electronics,707.77,1,Canada,707.77,8,2022
2893,2022-12-28,1984,Webcam,Accessories,490.48,3,Israel,1471.44,12,2022
2894,2022-01-26,1951,Webcam,Office,219.55,3,Israel,658.65,1,2022
2895,2024-11-14,1016,Webcam,Accessories,535.08,2,France,1070.16,11,2024
2896,2023-05-22,1713,Monitor,Electronics,999.47,4,USA,3997.88,5,2023
2897,2022-09-24,1475,Headphones,Accessories,1102.0,3,Canada,3306.0,9,2022
2898,2023-04-06,1510,Webcam,Electronics,706.43,4,USA,2825.72,4,2023
2899,2023-04-01,1209,Headphones,Accessories,969.27,4,UK,3877.08,4,2023
2900,2024-12-27,1498,USB Cable,Office,319.76,2,UK,639.52,12,2024
2901,2024-10-03,1401,Headphones,Office,1290.8,2,Israel,2581.6,10,2024
2902,2024-05-12,1428,USB Cable,Accessories,1299.57,3,USA,3898.71,5,2024
2903,2023-05-06,1991,Monitor,Electronics,483.89,4,USA,1935.56,5,2023
2904,2024-12-08,1077,Headphones,Office,823.83,3,Israel,2471.49,12,2024
2905,2023-07-18,1567,Keyboard,Electronics,911.96,4,Germany,3647.84,7,2023
2906,2022-08-04,1079,Laptop,Accessories,711.28,3,USA,2133.84,8,2022
2907,2023-07-13,1305,Monitor,Office,1367.16,3,Israel,4101.48,7,2023
2908,2022-06-08,1057,Laptop,Office,1110.88,4,Israel,4443.52,6,2022
2909,2023-05-04,1529,Keyboard,Electronics,1010.4,1,Germany,1010.4,5,2023
2910,2023-11-17,1207,Mouse,Office,782.54,2,UK,1565.08,11,2023
2911,2024-03-04,1510,Mouse,Electronics,131.85,4,Canada,527.4,3,2024
2912,2022-01-05,1976,Webcam,Electronics,166.19,3,Israel,498.57,1,2022
2913,2022-12-27,1134,Desk Lamp,Accessories,452.02,1,USA,452.02,12,2022
2914,2023-04-04,1843,Mouse,Electronics,321.23,3,UK,963.69,4,2023
2915,2022-09-05,1993,Monitor,Office,1429.03,1,UK,1429.03,9,2022
2916,2024-08-03,1521,Mouse,Electronics,617.67,4,UK,2470.68,8,2024
2917,2023-02-26,1580,Monitor,Office,1315.53,2,Israel,2631.06,2,2023
2918,2022-01-15,1852,Monitor,Electronics,1228.03,3,USA,3684.09,1,2022
2919,2024-01-06,1898,Laptop,Accessories,1219.79,1,Canada,1219.79,1,2024
2920,2022-10-04,1082,Mouse,Accessories,327.48,1,Germany,327.48,10,2022
2921,2023-03-29,1620,Headphones,Electronics,673.75,2,France,1347.5,3,2023
2922,2023-08-21,1043,USB Cable,Electronics,480.34,3,France,1441.02,8,2023
2923,2023-03-22,1482,Mouse,Electronics,1455.76,4,UK,5823.04,3,2023
2924,2022-07-29,1965,Mouse,Accessories,1315.73,4,France,5262.92,7,2022
2925,2023-12-15,1909,Mouse,Electronics,378.64,3,France,1135.92,12,2023
2926,2022-10-29,1643,Webcam,Electronics,473.71,2,Israel,947.42,10,2022
2927,2022-01-03,1492,Headphones,Office,795.72,2,Germany,1591.44,1,2022
2928,2024-09-16,1498,Headphones,Accessories,421.52,2,France,843.04,9,2024
2929,2023-06-04,1017,Monitor,Accessories,1237.67,1,Canada,1237.67,6,2023
2930,2023-05-08,1604,Headphones,Electronics,1229.75,1,Canada,1229.75,5,2023
2931,2023-09-12,1994,Monitor,Electronics,1087.89,2,Germany,2175.78,9,2023
2932,2022-11-27,1947,USB Cable,Office,1035.52,3,France,3106.56,11,2022
2933,2022-11-29,1293,Laptop,Electronics,823.22,4,Canada,3292.88,11,2022
2934,2022-02-19,1975,Monitor,Accessories,523.93,1,UK,523.93,2,2022
2935,2024-05-12,1147,Mouse,Office,1256.22,2,UK,2512.44,5,2024
2936,2022-09-29,1471,Keyboard,Accessories,1288.95,1,Canada,1288.95,9,2022
2937,2023-08-03,1994,Desk Lamp,Electronics,79.02,1,Germany,79.02,8,2023
2938,2023-07-14,1171,Keyboard,Office,600.94,2,Germany,1201.88,7,2023
2939,2023-11-27,1562,Webcam,Accessories,44.81,3,Germany,134.43,11,2023
2940,2023-03-22,1530,Mouse,Accessories,1260.02,4,Germany,5040.08,3,2023
2941,2024-10-13,1119,Desk Lamp,Accessories,269.75,3,USA,809.25,10,2024
2942,2022-12-23,1835,Monitor,Electronics,1012.43,1,UK,1012.43,12,2022
2943,2022-10-01,1736,Mouse,Electronics,539.28,3,France,1617.84,10,2022
2944,2024-11-08,1065,Desk Lamp,Electronics,1225.02,3,USA,3675.06,11,2024
2945,2022-11-07,1140,Webcam,Electronics,766.98,4,Germany,3067.92,11,2022
2946,2024-05-19,1445,Headphones,Accessories,489.98,2,France,979.96,5,2024
2947,2024-06-04,1505,Monitor,Office,489.19,2,UK,978.38,6,2024
2948,2022-06-03,1188,USB Cable,Electronics,493.76,2,Germany,987.52,6,2022
2949,2023-09-12,1157,Mouse,Office,1183.93,3,Israel,3551.79,9,2023
2950,2024-06-01,1609,Headphones,Accessories,1068.12,3,Germany,3204.36,6,2024
2951,2024-03-07,1669,Desk Lamp,Electronics,482.23,4,France,1928.92,3,2024
2952,2022-05-05,1946,Webcam,Accessories,737.86,2,UK,1475.72,5,2022
2953,2023-09-11,1245,Headphones,Electronics,118.85,4,Germany,475.4,9,2023
2954,2022-09-02,1855,Monitor,Electronics,1242.11,4,UK,4968.44,9,2022
2955,2024-04-27,1943,Webcam,Office,402.6,3,USA,1207.8,4,2024
2956,2023-03-26,1747,Webcam,Accessories,1334.39,2,Israel,2668.78,3,2023
2957,2024-07-18,1032,Webcam,Accessories,897.21,1,Canada,897.21,7,2024
2958,2023-06-04,1360,Desk Lamp,Accessories,853.89,1,Canada,853.89,6,2023
2959,2022-12-28,1752,Laptop,Office,248.26,3,USA,744.78,12,2022
2960,2022-01-08,1329,Webcam,Office,108.96,3,Canada,326.88,1,2022
2961,2023-04-23,1511,Laptop,Accessories,831.16,3,Israel,2493.48,4,2023
2962,2023-05-10,1849,Headphones,Accessories,704.64,3,USA,2113.92,5,2023
2963,2024-04-12,1786,USB Cable,Electronics,183.93,1,UK,183.93,4,2024
2964,2024-11-28,1070,Laptop,Electronics,1254.2,2,UK,2508.4,11,2024
2965,2023-08-16,1312,Headphones,Office,628.77,4,USA,2515.08,8,2023
2966,2022-07-06,1914,Laptop,Electronics,394.38,1,France,394.38,7,2022
2967,2024-01-24,1727,Headphones,Accessories,1183.47,2,USA,2366.94,1,2024
2968,2022-04-03,1078,Headphones,Accessories,1370.03,3,Germany,4110.09,4,2022
2969,2022-03-27,1168,Desk Lamp,Electronics,462.41,4,France,1849.64,3,2022
2970,2024-12-03,1809,USB Cable,Electronics,1165.05,2,UK,2330.1,12,2024
2971,2022-05-17,1982,Webcam,Office,980.52,2,USA,1961.04,5,2022
2972,2023-02-25,1179,USB Cable,Electronics,1484.64,4,France,5938.56,2,2023
2973,2022-03-15,1627,USB Cable,Office,309.97,2,Germany,619.94,3,2022
2974,2022-06-20,1259,Webcam,Electronics,1441.22,2,Israel,2882.44,6,2022
2975,2022-06-19,1485,Headphones,Electronics,476.33,4,UK,1905.32,6,2022
2976,2024-05-21,1771,Webcam,Electronics,620.87,4,France,2483.48,5,2024
2977,2022-11-18,1004,Headphones,Electronics,541.44,1,Canada,541.44,11,2022
2978,2023-04-01,1296,Webcam,Accessories,406.33,3,France,1218.99,4,2023
2979,2024-08-01,1619,Desk Lamp,Accessories,1041.37,3,Canada,3124.11,8,2024
2980,2024-02-29,1854,Keyboard,Accessories,885.77,2,France,1771.54,2,2024
2981,2023-09-05,1359,Laptop,Electronics,462.01,3,USA,1386.03,9,2023
2982,2024-06-07,1116,USB Cable,Office,202.66,1,UK,202.66,6,2024
2983,2022-12-15,1356,Headphones,Electronics,479.48,2,UK,958.96,12,2022
2984,2022-01-10,1956,Mouse,Accessories,574.94,3,USA,1724.82,1,2022
2985,2024-01-10,1842,Webcam,Office,574.08,3,USA,1722.24,1,2024
2986,2023-10-29,1438,Webcam,Office,539.1,2,Canada,1078.2,10,2023
2987,2023-06-30,1330,Monitor,Accessories,77.84,4,Canada,311.36,6,2023
2988,2022-05-09,1524,Mouse,Electronics,698.73,1,Canada,698.73,5,2022
2989,2023-08-24,1653,Mouse,Office,1255.13,2,USA,2510.26,8,2023
2990,2023-08-28,1187,Desk Lamp,Office,274.65,2,Germany,549.3,8,2023
2991,2022-11-23,1967,USB Cable,Accessories,222.76,3,France,668.28,11,2022
2992,2024-09-06,1280,Keyboard,Office,710.42,4,Germany,2841.68,9,2024
2993,2023-02-08,1510,Laptop,Office,559.05,3,UK,1677.15,2,2023
2994,2023-09-21,1465,Keyboard,Office,844.11,2,USA,1688.22,9,2023
2995,2023-12-19,1114,Laptop,Electronics,1420.88,2,France,2841.76,12,2023
2996,2024-11-06,1939,Headphones,Electronics,1142.52,3,Canada,3427.56,11,2024
2997,2022-10-01,1235,USB Cable,Accessories,1032.15,4,Israel,4128.6,10,2022
2998,2023-11-16,1337,Keyboard,Electronics,626.83,2,France,1253.66,11,2023
2999,2022-04-26,1521,Monitor,Office,434.6,1,Israel,434.6,4,2022
3000,2024-05-10,1198,Laptop,Electronics,812.69,4,France,3250.76,5,2024
3001,2023-11-24,1763,Keyboard,Office,1328.74,2,USA,2657.48,11,2023
3002,2022-11-20,1049,USB Cable,Office,1315.73,4,Israel,5262.92,11,2022
3003,2024-08-18,1939,Monitor,Electronics,671.04,4,Israel,2684.16,8,2024
3004,2022-04-24,1141,USB Cable,Electronics,373.1,1,UK,373.1,4,2022
3005,2024-12-17,1782,Mouse,Electronics,341.89,2,France,683.78,12,2024
3006,2022-06-03,1527,Webcam,Electronics,55.81,4,Germany,223.24,6,2022
3007,2022-11-11,1513,Headphones,Accessories,1264.78,2,Canada,2529.56,11,2022
3008,2024-11-30,1669,Desk Lamp,Electronics,400.93,2,Germany,801.86,11,2024
3009,2022-04-15,1029,USB Cable,Accessories,541.7,4,UK,2166.8,4,2022
3010,2022-12-20,1081,Headphones,Office,1214.78,3,UK,3644.34,12,2022
3011,2024-10-12,1030,USB Cable,Accessories,184.44,4,UK,737.76,10,2024
3012,2024-01-03,1747,Mouse,Office,694.54,3,USA,2083.62,1,2024
3013,2023-12-10,1332,USB Cable,Accessories,187.9,3,USA,563.7,12,2023
3014,2023-10-13,1659,USB Cable,Accessories,665.56,3,USA,1996.68,10,2023
3015,2024-04-03,1176,Keyboard,Office,75.47,3,USA,226.41,4,2024
3016,2024-08-04,1369,Webcam,Accessories,778.85,4,UK,3115.4,8,2024
3017,2023-10-23,1546,Mouse,Office,1194.59,3,UK,3583.77,10,2023
3018,2022-04-09,1534,Monitor,Electronics,1016.06,2,USA,2032.12,4,2022
3019,2023-08-11,1105,Webcam,Office,766.21,4,USA,3064.84,8,2023
3020,2022-10-09,1096,Laptop,Accessories,1243.99,1,Israel,1243.99,10,2022
3021,2023-02-07,1229,Keyboard,Electronics,345.54,3,France,1036.62,2,2023
3022,2023-12-01,1226,Webcam,Accessories,1247.04,4,Israel,4988.16,12,2023
3023,2022-07-18,1370,Laptop,Electronics,418.16,3,France,1254.48,7,2022
3024,2022-11-23,1099,Mouse,Office,546.92,2,USA,1093.84,11,2022
3025,2022-06-03,1444,USB Cable,Electronics,197.0,3,USA,591.0,6,2022
3026,2023-07-06,1467,Headphones,Electronics,157.12,4,Canada,628.48,7,2023
3027,2023-02-09,1054,Webcam,Electronics,1398.51,2,USA,2797.02,2,2023
3028,2023-04-07,1194,Webcam,Accessories,289.02,3,Israel,867.06,4,2023
3029,2022-05-12,1519,Laptop,Electronics,503.28,1,UK,503.28,5,2022
3030,2024-03-01,1423,Desk Lamp,Office,796.08,3,France,2388.24,3,2024
3031,2024-05-23,1314,Laptop,Office,525.06,3,Canada,1575.18,5,2024
3032,2022-03-25,1127,Headphones,Office,1305.85,2,Israel,2611.7,3,2022
3033,2024-01-24,1031,Laptop,Electronics,1351.57,3,Canada,4054.71,1,2024
3034,2023-09-20,1092,Laptop,Office,492.36,4,USA,1969.44,9,2023
3035,2022-08-09,1518,Webcam,Accessories,142.58,4,UK,570.32,8,2022
3036,2023-07-07,1257,Headphones,Office,319.19,2,Israel,638.38,7,2023
3037,2022-04-22,1852,Headphones,Electronics,714.22,4,France,2856.88,4,2022
3038,2023-09-07,1901,USB Cable,Office,436.28,1,Canada,436.28,9,2023
3039,2024-07-12,1219,Webcam,Electronics,682.94,3,Canada,2048.82,7,2024
3040,2023-04-20,1751,USB Cable,Electronics,1139.26,2,Canada,2278.52,4,2023
3041,2024-04-15,1105,Mouse,Office,633.85,4,USA,2535.4,4,2024
3042,2022-09-28,1547,Desk Lamp,Accessories,299.51,1,France,299.51,9,2022
3043,2023-02-25,1415,Desk Lamp,Accessories,540.16,1,Canada,540.16,2,2023
3044,2023-12-08,1556,Mouse,Office,1115.76,2,USA,2231.52,12,2023
3045,2022-02-09,1809,Desk Lamp,Electronics,638.97,2,USA,1277.94,2,2022
3046,2022-07-08,1308,Desk Lamp,Office,378.06,4,Germany,1512.24,7,2022
3047,2024-09-20,1365,Webcam,Electronics,643.98,3,France,1931.94,9,2024
3048,2023-06-20,1520,Laptop,Electronics,684.94,1,UK,684.94,6,2023
3049,2024-10-24,1458,Keyboard,Electronics,448.08,1,USA,448.08,10,2024
3050,2022-10-17,1598,Mouse,Accessories,1493.55,2,UK,2987.1,10,2022
3051,2023-03-09,1369,Mouse,Accessories,1152.6,1,Israel,1152.6,3,2023
3052,2023-04-16,1330,Webcam,Office,1040.22,2,USA,2080.44,4,2023
3053,2023-09-20,1688,USB Cable,Accessories,1283.03,3,Canada,3849.09,9,2023
3054,2022-10-06,1641,Webcam,Electronics,1001.3,2,USA,2002.6,10,2022
3055,2024-05-26,1706,Keyboard,Electronics,1187.52,3,Canada,3562.56,5,2024
3056,2023-08-04,1010,Keyboard,Office,621.73,4,USA,2486.92,8,2023
3057,2024-05-12,1817,Desk Lamp,Electronics,753.06,2,Canada,1506.12,5,2024
3058,2022-09-11,1506,Headphones,Office,75.26,4,UK,301.04,9,2022
3059,2022-06-30,1418,Desk Lamp,Office,424.57,3,Germany,1273.71,6,2022
3060,2023-11-12,1121,Webcam,Electronics,555.18,1,France,555.18,11,2023
3061,2024-04-04,1910,Mouse,Accessories,940.08,4,USA,3760.32,4,2024
3062,2023-12-01,1234,USB Cable,Electronics,699.0,2,France,1398.0,12,2023
3063,2023-07-20,1330,Desk Lamp,Electronics,913.72,2,Canada,1827.44,7,2023
3064,2023-11-11,1542,USB Cable,Office,1071.42,4,France,4285.68,11,2023
3065,2023-01-26,1347,Desk Lamp,Accessories,68.86,4,Canada,275.44,1,2023
3066,2022-07-31,1957,Desk Lamp,Office,391.13,4,France,1564.52,7,2022
3067,2023-01-19,1411,Monitor,Electronics,260.5,2,Canada,521.0,1,2023
3068,2022-12-08,1223,Monitor,Office,285.25,4,UK,1141.0,12,2022
3069,2024-04-23,1152,Desk Lamp,Office,757.17,4,Canada,3028.68,4,2024
3070,2024-11-27,1211,Laptop,Electronics,1111.27,3,France,3333.81,11,2024
3071,2023-02-24,1091,Mouse,Office,412.8,4,Israel,1651.2,2,2023
3072,2024-01-21,1920,Desk Lamp,Electronics,1237.55,4,Canada,4950.2,1,2024
3073,2022-11-02,1330,Monitor,Office,1339.22,2,UK,2678.44,11,2022
3074,2023-12-03,1466,USB Cable,Accessories,529.05,2,UK,1058.1,12,2023
3075,2024-05-18,1859,Mouse,Electronics,1023.63,1,Israel,1023.63,5,2024
3076,2023-06-21,1640,Webcam,Accessories,179.99,2,Germany,359.98,6,2023
3077,2022-07-25,1954,Mouse,Office,1117.32,2,Germany,2234.64,7,2022
3078,2023-05-11,1708,Monitor,Accessories,251.71,2,Canada,503.42,5,2023
3079,2024-12-06,1969,USB Cable,Accessories,1032.69,2,USA,2065.38,12,2024
3080,2023-05-19,1553,Mouse,Accessories,635.74,4,Germany,2542.96,5,2023
3081,2024-11-11,1877,Keyboard,Office,1393.04,1,USA,1393.04,11,2024
3082,2022-08-01,1929,Laptop,Electronics,699.37,2,France,1398.74,8,2022
3083,2022-11-06,1227,Headphones,Office,51.2,4,USA,204.8,11,2022
3084,2023-10-23,1193,USB Cable,Office,723.6,2,Germany,1447.2,10,2023
3085,2024-01-23,1529,Monitor,Office,1194.27,1,USA,1194.27,1,2024
3086,2022-09-29,1844,Webcam,Electronics,972.39,3,UK,2917.17,9,2022
3087,2024-07-26,1242,Headphones,Office,1449.64,3,Germany,4348.92,7,2024
3088,2022-02-01,1388,Laptop,Office,1265.69,1,USA,1265.69,2,2022
3089,2023-03-19,1275,USB Cable,Electronics,792.19,4,Germany,3168.76,3,2023
3090,2022-06-11,1449,Desk Lamp,Electronics,313.75,4,Israel,1255.0,6,2022
3091,2024-02-06,1638,USB Cable,Electronics,10.64,1,Germany,10.64,2,2024
3092,2022-09-11,1586,Keyboard,Accessories,1470.85,3,Israel,4412.55,9,2022
3093,2023-06-05,1573,Keyboard,Electronics,1407.79,2,USA,2815.58,6,2023
3094,2024-09-03,1477,Keyboard,Accessories,414.85,3,Israel,1244.55,9,2024
3095,2022-01-10,1479,Keyboard,Accessories,959.13,2,Germany,1918.26,1,2022
3096,2023-12-27,1287,Monitor,Office,1095.21,1,UK,1095.21,12,2023
3097,2023-05-20,1697,USB Cable,Accessories,869.13,1,Israel,869.13,5,2023
3098,2024-02-24,1689,Monitor,Office,1265.23,1,Germany,1265.23,2,2024
3099,2023-03-12,1677,Mouse,Accessories,121.35,3,UK,364.05,3,2023
3100,2022-06-02,1694,Webcam,Electronics,1345.26,1,France,1345.26,6,2022
3101,2024-07-05,1539,Mouse,Office,591.07,3,Canada,1773.21,7,2024
3102,2024-05-18,1329,Webcam,Accessories,723.63,4,Israel,2894.52,5,2024
3103,2024-01-23,1469,Laptop,Office,669.88,2,Israel,1339.76,1,2024
3104,2023-07-17,1758,Desk Lamp,Electronics,799.27,2,USA,1598.54,7,2023
3105,2023-05-04,1848,Mouse,Accessories,899.26,2,France,1798.52,5,2023
3106,2024-06-13,1533,Laptop,Accessories,1066.96,1,USA,1066.96,6,2024
3107,2022-04-14,1938,Desk Lamp,Electronics,789.79,2,USA,1579.58,4,2022
3108,2024-10-21,1466,Laptop,Accessories,1028.74,1,Germany,1028.74,10,2024
3109,2024-10-03,1976,Laptop,Accessories,510.75,3,USA,1532.25,10,2024
3110,2023-02-11,1983,Keyboard,Office,1405.34,1,Israel,1405.34,2,2023
3111,2022-06-16,1419,Headphones,Accessories,101.47,2,USA,202.94,6,2022
3112,2023-05-24,1607,Headphones,Electronics,820.58,1,UK,820.58,5,2023
3113,2022-11-09,1121,Monitor,Accessories,135.66,1,Israel,135.66,11,2022
3114,2024-02-02,1761,Laptop,Office,666.94,3,Canada,2000.82,2,2024
3115,2023-11-12,1890,Keyboard,Accessories,390.09,1,Germany,390.09,11,2023
3116,2023-04-22,1307,Mouse,Office,1405.67,2,USA,2811.34,4,2023
3117,2022-03-14,1931,Mouse,Accessories,24.55,1,UK,24.55,3,2022
3118,2023-08-05,1923,Monitor,Office,589.85,4,Canada,2359.4,8,2023
3119,2022-09-19,1333,Monitor,Office,1174.15,1,UK,1174.15,9,2022
3120,2022-09-02,1953,Laptop,Accessories,286.75,4,Israel,1147.0,9,2022
3121,2023-07-15,1419,Desk Lamp,Electronics,1224.3,2,USA,2448.6,7,2023
3122,2022-06-24,1325,Laptop,Electronics,1290.29,4,UK,5161.16,6,2022
3123,2022-04-19,1648,Desk Lamp,Accessories,1063.46,4,USA,4253.84,4,2022
3124,2022-07-02,1788,Mouse,Accessories,317.56,4,Israel,1270.24,7,2022
3125,2022-07-11,1831,Mouse,Accessories,411.7,4,France,1646.8,7,2022
3126,2022-03-06,1843,Mouse,Accessories,254.57,4,UK,1018.28,3,2022
3127,2024-08-20,1572,Mouse,Accessories,280.18,1,Germany,280.18,8,2024
3128,2024-05-13,1249,Headphones,Electronics,59.56,3,USA,178.68,5,2024
3129,2023-01-04,1989,Laptop,Office,1286.69,4,Canada,5146.76,1,2023
3130,2024-04-30,1094,Laptop,Office,795.11,2,Israel,1590.22,4,2024
3131,2022-02-12,1295,Mouse,Electronics,495.0,2,Israel,990.0,2,2022
3132,2023-05-03,1183,Keyboard,Electronics,437.92,1,Canada,437.92,5,2023
3133,2022-03-19,1259,Mouse,Office,819.32,3,Germany,2457.96,3,2022
3134,2024-04-05,1798,Webcam,Electronics,493.39,3,France,1480.17,4,2024
3135,2023-11-05,1666,USB Cable,Accessories,1296.26,4,USA,5185.04,11,2023
3136,2023-12-02,1185,USB Cable,Electronics,320.38,2,France,640.76,12,2023
3137,2024-01-29,1408,Monitor,Electronics,1324.04,2,Israel,2648.08,1,2024
3138,2023-12-29,1068,Webcam,Electronics,997.82,1,UK,997.82,12,2023
3139,2024-07-13,1837,Keyboard,Electronics,1435.16,4,France,5740.64,7,2024
3140,2024-06-20,1772,Monitor,Office,27.59,2,UK,55.18,6,2024
3141,2024-06-07,1626,USB Cable,Office,93.35,4,Germany,373.4,6,2024
3142,2024-09-19,1858,Keyboard,Office,753.84,3,Israel,2261.52,9,2024
3143,2022-12-05,1007,Monitor,Office,1369.01,4,UK,5476.04,12,2022
3144,2022-07-12,1264,Mouse,Accessories,1097.54,4,USA,4390.16,7,2022
3145,2022-10-10,1782,Desk Lamp,Accessories,935.09,1,Israel,935.09,10,2022
3146,2023-01-25,1483,Mouse,Office,52.25,1,Germany,52.25,1,2023
3147,2024-09-26,1760,Keyboard,Office,534.47,3,USA,1603.41,9,2024
3148,2023-06-09,1616,Monitor,Office,522.05,3,Israel,1566.15,6,2023
3149,2023-10-21,1774,Headphones,Electronics,815.42,4,France,3261.68,10,2023
3150,2023-12-17,1735,Keyboard,Accessories,390.45,2,Canada,780.9,12,2023
3151,2024-06-09,1839,Desk Lamp,Accessories,404.4,4,Israel,1617.6,6,2024
3152,2023-03-28,1370,Keyboard,Electronics,933.19,3,USA,2799.57,3,2023
3153,2023-03-04,1782,Desk Lamp,Electronics,1417.13,1,UK,1417.13,3,2023
3154,2024-11-11,1676,Webcam,Electronics,991.97,1,UK,991.97,11,2024
3155,2024-06-01,1082,Laptop,Accessories,1003.85,3,Israel,3011.55,6,2024
3156,2022-11-09,1806,Keyboard,Electronics,1479.39,4,Israel,5917.56,11,2022
3157,2024-04-19,1645,Headphones,Electronics,234.45,2,Germany,468.9,4,2024
3158,2023-06-03,1210,Mouse,Electronics,55.58,1,France,55.58,6,2023
3159,2023-01-10,1312,Monitor,Office,1119.54,4,Germany,4478.16,1,2023
3160,2023-03-27,1603,Laptop,Electronics,660.99,2,Canada,1321.98,3,2023
3161,2024-10-11,1336,Monitor,Office,646.09,3,Germany,1938.27,10,2024
3162,2023-08-18,1489,Mouse,Accessories,341.83,4,UK,1367.32,8,2023
3163,2023-05-15,1402,Keyboard,Accessories,762.76,2,UK,1525.52,5,2023
3164,2023-04-09,1638,Webcam,Accessories,666.05,4,USA,2664.2,4,2023
3165,2022-04-23,1190,Headphones,Office,521.45,1,Canada,521.45,4,2022
3166,2024-11-01,1670,Laptop,Electronics,666.9,3,Canada,2000.7,11,2024
3167,2022-11-27,1842,Headphones,Accessories,578.83,1,Germany,578.83,11,2022
3168,2022-05-20,1334,Desk Lamp,Electronics,1410.15,1,USA,1410.15,5,2022
3169,2024-06-20,1521,USB Cable,Office,1470.48,4,Israel,5881.92,6,2024
3170,2023-06-01,1618,Headphones,Accessories,1260.65,3,USA,3781.95,6,2023
3171,2023-07-23,1086,Headphones,Electronics,1485.67,4,UK,5942.68,7,2023
3172,2024-04-25,1578,Headphones,Electronics,402.25,2,Germany,804.5,4,2024
3173,2024-12-28,1061,Mouse,Accessories,1265.17,3,UK,3795.51,12,2024
3174,2022-04-28,1386,Headphones,Electronics,612.91,1,Israel,612.91,4,2022
3175,2024-06-06,1145,Webcam,Office,1120.47,1,France,1120.47,6,2024
3176,2024-12-18,1152,Headphones,Accessories,306.08,1,Canada,306.08,12,2024
3177,2024-11-22,1618,Mouse,Accessories,1218.87,4,Germany,4875.48,11,2024
3178,2022-02-19,1659,Desk Lamp,Accessories,129.78,4,UK,519.12,2,2022
3179,2022-01-19,1697,Monitor,Accessories,409.48,4,France,1637.92,1,2022
3180,2023-12-27,1348,Mouse,Office,1233.82,3,Israel,3701.46,12,2023
3181,2022-07-16,1853,USB Cable,Office,1122.0,3,France,3366.0,7,2022
3182,2023-07-13,1177,USB Cable,Electronics,754.36,3,UK,2263.08,7,2023
3183,2023-03-28,1888,Webcam,Office,1010.83,3,UK,3032.49,3,2023
3184,2022-10-16,1846,Desk Lamp,Electronics,282.43,2,Israel,564.86,10,2022
3185,2023-01-26,1486,Webcam,Electronics,1003.31,1,Israel,1003.31,1,2023
3186,2022-08-03,1777,Keyboard,Accessories,16.92,4,France,67.68,8,2022
3187,2022-08-03,1660,Mouse,Electronics,1250.66,4,France,5002.64,8,2022
3188,2022-05-08,1246,Monitor,Accessories,776.85,2,Canada,1553.7,5,2022
3189,2024-01-30,1253,Keyboard,Electronics,1416.1,1,Canada,1416.1,1,2024
3190,2023-02-08,1499,Keyboard,Office,719.86,1,UK,719.86,2,2023
3191,2024-11-18,1540,Laptop,Accessories,652.47,2,Israel,1304.94,11,2024
3192,2022-12-04,1351,Headphones,Electronics,677.83,3,USA,2033.49,12,2022
3193,2024-04-10,1511,Keyboard,Office,542.79,1,Israel,542.79,4,2024
3194,2023-12-15,1777,Keyboard,Office,254.18,3,Germany,762.54,12,2023
3195,2022-12-27,1012,Webcam,Accessories,1263.88,2,Germany,2527.76,12,2022
3196,2023-07-23,1558,Monitor,Accessories,586.68,4,Israel,2346.72,7,2023
3197,2022-08-06,1150,Keyboard,Accessories,796.02,4,France,3184.08,8,2022
3198,2022-07-21,1049,Desk Lamp,Electronics,34.73,4,Germany,138.92,7,2022
3199,2022-01-17,1214,USB Cable,Accessories,95.08,4,Canada,380.32,1,2022
3200,2022-11-18,1990,Monitor,Office,897.79,1,UK,897.79,11,2022
3201,2023-06-02,1643,Headphones,Office,1319.45,3,UK,3958.35,6,2023
3202,2023-11-12,1371,USB Cable,Accessories,742.63,4,UK,2970.52,11,2023
3203,2023-03-01,1112,Webcam,Accessories,251.64,4,Canada,1006.56,3,2023
3204,2024-10-15,1251,Desk Lamp,Office,178.61,4,Israel,714.44,10,2024
3205,2023-01-22,1962,USB Cable,Electronics,1350.18,2,Germany,2700.36,1,2023
3206,2024-02-17,1340,Laptop,Office,1053.95,1,France,1053.95,2,2024
3207,2022-04-08,1052,Laptop,Office,1449.46,2,Canada,2898.92,4,2022
3208,2022-07-27,1129,Headphones,Office,128.11,3,Canada,384.33,7,2022
3209,2023-08-09,1835,Headphones,Accessories,1354.41,4,UK,5417.64,8,2023
3210,2022-06-15,1192,USB Cable,Electronics,1269.22,1,Canada,1269.22,6,2022
3211,2022-01-22,1590,Webcam,Electronics,1340.31,1,Canada,1340.31,1,2022
3212,2022-06-03,1056,Desk Lamp,Accessories,13.62,1,France,13.62,6,2022
3213,2022-08-07,1096,Webcam,Office,1114.15,2,Canada,2228.3,8,2022
3214,2023-10-31,1197,Desk Lamp,Accessories,825.66,2,UK,1651.32,10,2023
3215,2022-08-18,1646,Mouse,Accessories,861.9,2,Canada,1723.8,8,2022
3216,2022-01-20,1146,Keyboard,Electronics,706.46,2,Israel,1412.92,1,2022
3217,2023-07-07,1683,Keyboard,Electronics,1115.3,3,UK,3345.9,7,2023
3218,2024-08-07,1574,Desk Lamp,Accessories,1499.76,4,Israel,5999.04,8,2024
3219,2022-05-28,1576,Keyboard,Accessories,1067.25,4,Germany,4269.0,5,2022
3220,2023-02-07,1294,Monitor,Electronics,1018.69,2,Germany,2037.38,2,2023
3221,2023-08-19,1722,Mouse,Electronics,983.38,2,France,1966.76,8,2023
3222,2023-01-02,1620,USB Cable,Office,1044.34,2,Canada,2088.68,1,2023
3223,2024-03-12,1793,Keyboard,Accessories,516.46,3,UK,1549.38,3,2024
3224,2024-07-06,1683,Monitor,Office,483.73,3,Germany,1451.19,7,2024
3225,2022-03-14,1011,Desk Lamp,Office,1177.59,1,Canada,1177.59,3,2022
3226,2023-04-26,1917,Desk Lamp,Office,84.37,4,USA,337.48,4,2023
3227,2023-07-14,1332,Monitor,Electronics,1140.08,2,USA,2280.16,7,2023
3228,2024-01-15,1219,Laptop,Office,1221.69,1,France,1221.69,1,2024
3229,2022-04-10,1397,Monitor,Electronics,784.79,4,Canada,3139.16,4,2022
3230,2024-12-18,1341,Headphones,Electronics,1365.67,1,Germany,1365.67,12,2024
3231,2023-05-23,1797,Webcam,Electronics,712.27,3,Israel,2136.81,5,2023
3232,2022-09-15,1511,Monitor,Accessories,271.24,3,Canada,813.72,9,2022
3233,2023-02-17,1171,Headphones,Office,545.29,1,USA,545.29,2,2023
3234,2024-12-24,1467,Headphones,Electronics,1359.27,1,Canada,1359.27,12,2024
3235,2023-08-18,1747,Laptop,Accessories,1490.64,4,Germany,5962.56,8,2023
3236,2022-09-23,1986,USB Cable,Accessories,635.67,2,Israel,1271.34,9,2022
3237,2024-03-31,1165,Laptop,Accessories,254.44,4,UK,1017.76,3,2024
3238,2023-10-24,1698,Desk Lamp,Electronics,433.06,4,Canada,1732.24,10,2023
3239,2024-08-04,1169,Desk Lamp,Electronics,832.18,3,Germany,2496.54,8,2024
3240,2023-07-14,1563,Monitor,Electronics,860.28,3,UK,2580.84,7,2023
3241,2024-07-05,1511,Laptop,Accessories,946.94,1,USA,946.94,7,2024
3242,2024-06-09,1830,Laptop,Electronics,1253.85,3,UK,3761.55,6,2024
3243,2024-05-17,1188,USB Cable,Office,1068.27,4,USA,4273.08,5,2024
3244,2023-09-02,1119,Webcam,Electronics,394.96,1,France,394.96,9,2023
3245,2023-02-18,1104,Keyboard,Electronics,595.59,1,France,595.59,2,2023
3246,2022-01-25,1673,Desk Lamp,Office,1260.53,3,USA,3781.59,1,2022
3247,2022-10-11,1806,Monitor,Electronics,951.91,2,Israel,1903.82,10,2022
3248,2024-05-30,1040,Desk Lamp,Electronics,253.79,3,France,761.37,5,2024
3249,2022-10-28,1888,USB Cable,Electronics,491.68,1,Israel,491.68,10,2022
3250,2024-12-27,1875,Monitor,Electronics,1187.68,1,Israel,1187.68,12,2024
3251,2024-10-27,1676,Desk Lamp,Accessories,262.28,2,Israel,524.56,10,2024
3252,2024-03-27,1320,Monitor,Electronics,1038.12,4,Germany,4152.48,3,2024
3253,2022-03-24,1885,Laptop,Office,847.49,1,Canada,847.49,3,2022
3254,2022-02-15,1334,Webcam,Office,225.47,2,Germany,450.94,2,2022
3255,2023-09-10,1159,Laptop,Accessories,1034.87,4,Canada,4139.48,9,2023
3256,2024-07-16,1263,Headphones,Electronics,217.81,3,Canada,653.43,7,2024
3257,2022-09-19,1864,Mouse,Office,600.66,2,Israel,1201.32,9,2022
3258,2022-06-25,1529,Mouse,Accessories,466.3,4,USA,1865.2,6,2022
3259,2023-10-19,1684,USB Cable,Electronics,1036.56,1,Canada,1036.56,10,2023
3260,2024-04-21,1476,Mouse,Accessories,1174.63,1,France,1174.63,4,2024
3261,2023-01-05,1351,USB Cable,Electronics,256.63,2,UK,513.26,1,2023
3262,2022-02-23,1544,Keyboard,Accessories,1218.94,3,Germany,3656.82,2,2022
3263,2023-11-21,1772,Laptop,Accessories,15.79,2,Germany,31.58,11,2023
3264,2023-01-02,1209,Desk Lamp,Office,797.44,1,UK,797.44,1,2023
3265,2023-10-06,1495,Headphones,Office,777.6,4,Israel,3110.4,10,2023
3266,2023-01-14,1894,Headphones,Accessories,937.61,3,Canada,2812.83,1,2023
3267,2022-03-14,1841,Mouse,Electronics,363.35,4,UK,1453.4,3,2022
3268,2024-07-03,1381,Webcam,Electronics,19.74,2,Israel,39.48,7,2024
3269,2024-05-09,1675,Keyboard,Electronics,684.87,2,Germany,1369.74,5,2024
3270,2022-02-12,1480,USB Cable,Electronics,111.75,4,UK,447.0,2,2022
3271,2023-01-12,1918,Keyboard,Electronics,1338.83,4,Canada,5355.32,1,2023
3272,2024-11-30,1935,Mouse,Office,264.63,4,USA,1058.52,11,2024
3273,2022-06-19,1004,USB Cable,Accessories,640.72,2,France,1281.44,6,2022
3274,2022-07-31,1033,USB Cable,Office,653.83,4,France,2615.32,7,2022
3275,2022-02-08,1791,Mouse,Electronics,831.53,1,France,831.53,2,2022
3276,2023-01-04,1144,Desk Lamp,Accessories,1174.89,4,UK,4699.56,1,2023
3277,2024-01-27,1350,Laptop,Electronics,710.86,1,Canada,710.86,1,2024
3278,2022-05-31,1582,Webcam,Electronics,43.5,1,Israel,43.5,5,2022
3279,2024-12-06,1464,Keyboard,Accessories,1157.81,4,Canada,4631.24,12,2024
3280,2024-10-20,1347,Headphones,Electronics,127.85,3,Canada,383.55,10,2024
3281,2024-01-07,1741,Mouse,Office,964.12,3,Germany,2892.36,1,2024
3282,2022-03-10,1124,Laptop,Office,1206.13,3,France,3618.39,3,2022
3283,2022-10-26,1789,Headphones,Office,427.62,1,UK,427.62,10,2022
3284,2024-08-01,1270,Desk Lamp,Electronics,676.41,3,France,2029.23,8,2024
3285,2024-03-12,1356,Keyboard,Office,26.43,3,Canada,79.29,3,2024
3286,2022-10-23,1526,Mouse,Electronics,1206.79,4,Israel,4827.16,10,2022
3287,2022-07-22,1753,USB Cable,Electronics,1056.38,2,USA,2112.76,7,2022
3288,2022-03-02,1497,Desk Lamp,Office,350.92,1,USA,350.92,3,2022
3289,2024-08-03,1152,Desk Lamp,Office,588.39,2,Canada,1176.78,8,2024
3290,2024-08-20,1052,Webcam,Electronics,1044.5,1,Germany,1044.5,8,2024
3291,2022-11-27,1148,Mouse,Electronics,540.45,1,USA,540.45,11,2022
3292,2022-12-04,1502,Desk Lamp,Electronics,247.81,3,USA,743.43,12,2022
3293,2023-10-01,1869,Webcam,Electronics,780.17,4,UK,3120.68,10,2023
3294,2022-10-02,1449,Laptop,Office,1086.73,2,UK,2173.46,10,2022
3295,2022-11-15,1218,Laptop,Electronics,484.61,2,Germany,969.22,11,2022
3296,2023-08-12,1624,Desk Lamp,Electronics,187.05,3,Canada,561.15,8,2023
3297,2023-05-19,1799,Keyboard,Electronics,1245.17,2,Germany,2490.34,5,2023
3298,2023-01-22,1276,Webcam,Electronics,382.94,2,Canada,765.88,1,2023
3299,2024-05-19,1451,Mouse,Electronics,771.66,1,UK,771.66,5,2024
3300,2024-04-12,1427,Laptop,Accessories,1038.56,4,USA,4154.24,4,2024
3301,2024-10-11,1082,Mouse,Accessories,479.03,4,Canada,1916.12,10,2024
3302,2023-08-26,1961,Keyboard,Accessories,974.71,2,Israel,1949.42,8,2023
3303,2023-11-22,1217,Webcam,Office,692.27,2,USA,1384.54,11,2023
3304,2023-05-09,1737,Mouse,Electronics,857.8,1,USA,857.8,5,2023
3305,2023-05-05,1781,Headphones,Office,887.91,3,Israel,2663.73,5,2023
3306,2023-12-22,1526,Mouse,Electronics,1237.11,1,Germany,1237.11,12,2023
3307,2023-05-24,1403,Monitor,Accessories,986.21,3,UK,2958.63,5,2023
3308,2023-01-25,1289,Monitor,Electronics,400.14,3,Germany,1200.42,1,2023
3309,2022-10-22,1419,USB Cable,Office,94.11,1,Germany,94.11,10,2022
3310,2024-03-06,1338,Keyboard,Office,7.97,4,Germany,31.88,3,2024
3311,2024-05-14,1776,Keyboard,Electronics,1357.1,1,UK,1357.1,5,2024
3312,2023-07-03,1710,Keyboard,Office,1413.45,3,Germany,4240.35,7,2023
3313,2023-10-11,1669,Headphones,Accessories,145.7,4,Germany,582.8,10,2023
3314,2023-07-22,1844,Webcam,Electronics,733.15,4,France,2932.6,7,2023
3315,2024-05-02,1986,Headphones,Accessories,231.63,1,USA,231.63,5,2024
3316,2024-02-09,1958,USB Cable,Accessories,1423.38,4,France,5693.52,2,2024
3317,2023-03-21,1418,Mouse,Office,374.01,4,UK,1496.04,3,2023
3318,2022-12-29,1908,Desk Lamp,Electronics,754.96,1,Canada,754.96,12,2022
3319,2022-05-03,1206,Laptop,Accessories,252.6,2,Canada,505.2,5,2022
3320,2024-01-12,1685,Webcam,Accessories,502.48,4,Israel,2009.92,1,2024
3321,2023-11-11,1695,Monitor,Electronics,403.88,1,Canada,403.88,11,2023
3322,2023-02-24,1264,Monitor,Office,715.76,1,Israel,715.76,2,2023
3323,2022-04-02,1982,USB Cable,Accessories,632.57,2,Canada,1265.14,4,2022
3324,2022-03-04,1757,Desk Lamp,Electronics,499.54,4,France,1998.16,3,2022
3325,2023-05-27,1035,Monitor,Electronics,163.29,3,France,489.87,5,2023
3326,2024-02-11,1372,USB Cable,Accessories,729.31,3,France,2187.93,2,2024
3327,2022-09-13,1487,Mouse,Accessories,1276.06,4,USA,5104.24,9,2022
3328,2022-05-15,1258,Mouse,Accessories,1096.68,4,UK,4386.72,5,2022
3329,2024-05-24,1993,Keyboard,Office,1082.26,1,Canada,1082.26,5,2024
3330,2024-04-01,1530,Laptop,Office,552.31,1,Canada,552.31,4,2024
3331,2022-03-29,1923,Keyboard,Electronics,1064.09,3,Canada,3192.27,3,2022
3332,2024-09-14,1022,Mouse,Electronics,700.97,4,Germany,2803.88,9,2024
3333,2024-04-02,1103,Headphones,Accessories,229.66,1,France,229.66,4,2024
3334,2024-10-23,1240,Keyboard,Electronics,631.48,3,USA,1894.44,10,2024
3335,2024-08-31,1902,Webcam,Office,203.44,3,Israel,610.32,8,2024
3336,2024-07-22,1872,Mouse,Electronics,176.15,2,Israel,352.3,7,2024
3337,2022-05-01,1715,Mouse,Electronics,39.47,4,Israel,157.88,5,2022
3338,2024-11-27,1252,Desk Lamp,Accessories,427.87,2,France,855.74,11,2024
3339,2024-10-04,1141,Desk Lamp,Accessories,499.66,1,Israel,499.66,10,2024
3340,2024-07-13,1813,Headphones,Office,1050.67,1,Israel,1050.67,7,2024
3341,2023-10-07,1654,Headphones,Electronics,809.32,3,Israel,2427.96,10,2023
3342,2023-12-15,1450,Headphones,Electronics,1288.38,1,Germany,1288.38,12,2023
3343,2024-05-09,1782,Desk Lamp,Electronics,268.82,2,Israel,537.64,5,2024
3344,2022-01-21,1306,Laptop,Accessories,402.61,4,USA,1610.44,1,2022
3345,2022-08-30,1983,Webcam,Office,1411.91,3,France,4235.73,8,2022
3346,2023-03-31,1499,Mouse,Electronics,668.85,3,Canada,2006.55,3,2023
3347,2024-08-20,1621,Headphones,Electronics,1184.63,1,Germany,1184.63,8,2024
3348,2023-09-13,1007,Laptop,Electronics,740.79,3,Germany,2222.37,9,2023
3349,2022-10-30,1068,Monitor,Electronics,709.27,3,France,2127.81,10,2022
3350,2024-03-13,1701,Webcam,Office,226.43,4,Israel,905.72,3,2024
3351,2024-08-21,1690,USB Cable,Office,1277.54,3,Canada,3832.62,8,2024
3352,2022-03-10,1574,USB Cable,Office,122.14,4,Canada,488.56,3,2022
3353,2022-07-15,1067,Desk Lamp,Accessories,468.84,2,Israel,937.68,7,2022
3354,2022-05-20,1717,Monitor,Electronics,1011.83,3,UK,3035.49,5,2022
3355,2022-10-10,1911,Monitor,Electronics,763.35,2,Israel,1526.7,10,2022
3356,2022-11-08,1979,Mouse,Electronics,1322.66,4,Canada,5290.64,11,2022
3357,2024-01-16,1407,Laptop,Electronics,63.75,3,USA,191.25,1,2024
3358,2022-10-04,1517,Laptop,Office,975.86,1,Israel,975.86,10,2022
3359,2022-03-02,1118,Monitor,Accessories,718.81,1,France,718.81,3,2022
3360,2022-02-21,1824,Webcam,Accessories,235.7,3,Israel,707.1,2,2022
3361,2022-06-02,1030,Keyboard,Electronics,1116.16,4,France,4464.64,6,2022
3362,2023-06-28,1517,Monitor,Office,619.9,1,Germany,619.9,6,2023
3363,2023-07-21,1482,Mouse,Accessories,799.71,2,UK,1599.42,7,2023
3364,2023-09-14,1206,Monitor,Accessories,1451.06,4,Germany,5804.24,9,2023
3365,2022-11-10,1668,Webcam,Electronics,731.91,4,France,2927.64,11,2022
3366,2024-03-17,1578,Webcam,Accessories,1235.94,3,UK,3707.82,3,2024
3367,2024-04-27,1970,Monitor,Electronics,1155.52,2,Germany,2311.04,4,2024
3368,2022-04-07,1386,Laptop,Office,995.82,4,Israel,3983.28,4,2022
3369,2024-05-30,1411,Monitor,Electronics,1345.73,3,Canada,4037.19,5,2024
3370,2024-04-08,1841,Headphones,Accessories,381.14,2,Canada,762.28,4,2024
3371,2022-05-17,1369,Headphones,Electronics,1232.05,4,Israel,4928.2,5,2022
3372,2024-10-26,1352,Keyboard,Electronics,569.79,1,UK,569.79,10,2024
3373,2024-10-07,1943,Mouse,Electronics,1219.67,2,Germany,2439.34,10,2024
3374,2022-04-19,1335,Desk Lamp,Electronics,743.21,4,USA,2972.84,4,2022
3375,2023-07-01,1890,Mouse,Electronics,1287.28,2,USA,2574.56,7,2023
3376,2024-11-28,1905,USB Cable,Electronics,1342.79,1,USA,1342.79,11,2024
3377,2023-10-24,1288,Laptop,Accessories,898.48,4,Germany,3593.92,10,2023
3378,2023-03-01,1995,Desk Lamp,Electronics,763.9,1,Canada,763.9,3,2023
3379,2023-09-22,1962,Mouse,Accessories,1176.0,3,Germany,3528.0,9,2023
3380,2022-09-18,1964,Keyboard,Electronics,404.14,3,Germany,1212.42,9,2022
3381,2022-03-28,1139,Headphones,Office,27.95,4,France,111.8,3,2022
3382,2023-04-10,1952,Laptop,Electronics,613.61,4,Canada,2454.44,4,2023
3383,2022-03-17,1299,Webcam,Accessories,764.12,2,USA,1528.24,3,2022
3384,2023-04-16,1012,Headphones,Accessories,449.41,4,USA,1797.64,4,2023
3385,2023-02-18,1663,Keyboard,Office,578.13,3,USA,1734.39,2,2023
3386,2024-04-04,1427,Laptop,Electronics,203.92,4,Canada,815.68,4,2024
3387,2024-06-13,1824,Desk Lamp,Office,419.55,2,France,839.1,6,2024
3388,2023-12-27,1863,Monitor,Electronics,363.94,3,France,1091.82,12,2023
3389,2023-04-02,1399,Mouse,Electronics,454.98,4,Germany,1819.92,4,2023
3390,2023-10-15,1991,Keyboard,Accessories,452.09,1,Canada,452.09,10,2023
3391,2023-11-03,1108,Laptop,Office,840.66,1,Canada,840.66,11,2023
3392,2023-05-10,1484,Headphones,Office,379.64,1,USA,379.64,5,2023
3393,2024-12-04,1887,Laptop,Accessories,1411.74,1,USA,1411.74,12,2024
3394,2023-08-20,1355,Monitor,Accessories,769.36,2,Canada,1538.72,8,2023
3395,2023-03-26,1148,Keyboard,Office,197.8,1,Israel,197.8,3,2023
3396,2023-04-30,1878,Laptop,Accessories,423.01,1,Canada,423.01,4,2023
3397,2023-10-08,1715,Webcam,Electronics,1095.99,4,Israel,4383.96,10,2023
3398,2023-09-12,1306,Keyboard,Office,25.42,1,Israel,25.42,9,2023
3399,2024-11-07,1532,Keyboard,Office,1407.04,1,France,1407.04,11,2024
3400,2023-10-24,1059,Headphones,Accessories,670.54,4,Germany,2682.16,10,2023
3401,2024-01-28,1434,Desk Lamp,Electronics,784.01,3,UK,2352.03,1,2024
3402,2022-10-16,1020,USB Cable,Office,1482.68,2,USA,2965.36,10,2022
3403,2023-12-22,1874,Mouse,Office,757.59,2,Israel,1515.18,12,2023
3404,2023-09-30,1381,USB Cable,Electronics,1421.88,3,USA,4265.64,9,2023
3405,2022-08-23,1244,Desk Lamp,Accessories,1373.27,4,USA,5493.08,8,2022
3406,2023-02-20,1901,Webcam,Accessories,1412.27,3,USA,4236.81,2,2023
3407,2024-07-26,1072,Monitor,Accessories,1219.5,2,Canada,2439.0,7,2024
3408,2023-05-14,1448,Laptop,Accessories,448.12,2,Germany,896.24,5,2023
3409,2024-08-31,1075,USB Cable,Electronics,522.84,3,USA,1568.52,8,2024
3410,2023-09-26,1697,Mouse,Electronics,550.65,1,Germany,550.65,9,2023
3411,2024-10-16,1589,Desk Lamp,Office,1468.88,2,UK,2937.76,10,2024
3412,2022-04-25,1389,Headphones,Office,544.33,3,UK,1632.99,4,2022
3413,2024-07-20,1576,Mouse,Electronics,167.49,1,France,167.49,7,2024
3414,2023-11-05,1341,Keyboard,Office,1168.6,1,USA,1168.6,11,2023
3415,2024-10-31,1289,Keyboard,Electronics,552.26,4,Israel,2209.04,10,2024
3416,2022-07-25,1567,Monitor,Accessories,933.3,3,France,2799.9,7,2022
3417,2022-09-04,1330,Webcam,Electronics,1386.92,2,Canada,2773.84,9,2022
3418,2024-01-28,1258,Laptop,Electronics,865.38,4,France,3461.52,1,2024
3419,2022-05-27,1425,Laptop,Office,958.36,2,UK,1916.72,5,2022
3420,2022-04-28,1701,Headphones,Electronics,966.08,1,Israel,966.08,4,2022
3421,2023-02-16,1005,Monitor,Accessories,920.54,3,USA,2761.62,2,2023
3422,2022-12-29,1005,Laptop,Accessories,243.86,1,USA,243.86,12,2022
3423,2022-05-17,1190,Webcam,Office,687.34,1,UK,687.34,5,2022
3424,2024-08-15,1147,Desk Lamp,Office,16.46,1,Canada,16.46,8,2024
3425,2022-01-19,1404,Keyboard,Electronics,941.27,3,Germany,2823.81,1,2022
3426,2022-07-14,1257,Desk Lamp,Office,865.16,4,UK,3460.64,7,2022
3427,2022-11-26,1729,Desk Lamp,Accessories,480.62,2,Israel,961.24,11,2022
3428,2022-06-24,1478,Monitor,Office,788.22,1,Germany,788.22,6,2022
3429,2024-09-28,1089,Mouse,Office,742.12,2,Israel,1484.24,9,2024
3430,2023-03-25,1823,USB Cable,Accessories,380.12,2,USA,760.24,3,2023
3431,2024-08-03,1863,USB Cable,Electronics,443.46,4,Germany,1773.84,8,2024
3432,2022-05-21,1009,Monitor,Electronics,1145.0,3,Israel,3435.0,5,2022
3433,2024-01-28,1086,Desk Lamp,Office,1134.82,2,USA,2269.64,1,2024
3434,2024-07-18,1761,Monitor,Accessories,707.32,4,Israel,2829.28,7,2024
3435,2022-04-03,1837,Webcam,Accessories,1077.68,2,Germany,2155.36,4,2022
3436,2022-08-27,1150,Webcam,Accessories,678.95,1,USA,678.95,8,2022
3437,2022-07-24,1987,Laptop,Electronics,1277.8,4,Israel,5111.2,7,2022
3438,2023-07-14,1624,USB Cable,Accessories,502.55,3,France,1507.65,7,2023
3439,2022-09-02,1029,Headphones,Accessories,1391.3,3,Germany,4173.9,9,2022
3440,2024-04-11,1127,Headphones,Electronics,815.71,1,Germany,815.71,4,2024
3441,2024-07-13,1077,Desk Lamp,Accessories,805.85,1,Germany,805.85,7,2024
3442,2022-10-22,1420,Webcam,Electronics,1007.86,2,Canada,2015.72,10,2022
3443,2023-10-02,1054,Laptop,Office,514.58,4,USA,2058.32,10,2023
3444,2024-05-05,1479,Laptop,Office,1087.87,4,Germany,4351.48,5,2024
3445,2022-01-17,1304,Laptop,Office,484.04,4,Israel,1936.16,1,2022
3446,2022-03-12,1545,Desk Lamp,Office,599.32,4,France,2397.28,3,2022
3447,2022-11-01,1104,Desk Lamp,Office,1013.68,2,Israel,2027.36,11,2022
3448,2024-10-27,1171,Webcam,Electronics,570.78,4,Israel,2283.12,10,2024
3449,2024-03-27,1498,Headphones,Electronics,303.96,4,Germany,1215.84,3,2024
3450,2024-03-31,1021,Laptop,Electronics,1308.49,3,France,3925.47,3,2024
3451,2022-07-12,1286,Webcam,Accessories,1383.62,3,France,4150.86,7,2022
3452,2023-06-13,1390,Mouse,Office,941.96,2,France,1883.92,6,2023
3453,2022-06-20,1616,Mouse,Accessories,1217.67,1,France,1217.67,6,2022
3454,2022-09-08,1148,Keyboard,Accessories,1480.05,3,UK,4440.15,9,2022
3455,2023-06-25,1271,Mouse,Accessories,924.09,1,France,924.09,6,2023
3456,2023-02-20,1787,Monitor,Office,1363.65,2,Germany,2727.3,2,2023
3457,2024-03-04,1298,Keyboard,Accessories,542.09,3,Canada,1626.27,3,2024
3458,2022-01-25,1171,Mouse,Office,1052.21,3,France,3156.63,1,2022
3459,2023-10-30,1046,Monitor,Office,88.43,2,Israel,176.86,10,2023
3460,2023-09-24,1625,Mouse,Office,1184.51,4,UK,4738.04,9,2023
3461,2023-05-20,1786,Webcam,Accessories,1245.56,2,Israel,2491.12,5,2023
3462,2022-12-02,1815,USB Cable,Office,604.76,1,Germany,604.76,12,2022
3463,2023-03-01,1991,Monitor,Office,960.24,1,Germany,960.24,3,2023
3464,2023-05-14,1206,Laptop,Electronics,1288.25,4,Canada,5153.0,5,2023
3465,2024-08-04,1452,Webcam,Accessories,1325.99,2,Canada,2651.98,8,2024
3466,2023-09-22,1394,USB Cable,Electronics,164.26,2,France,328.52,9,2023
3467,2023-12-19,1974,Monitor,Electronics,1242.09,4,Canada,4968.36,12,2023
3468,2022-12-05,1924,Webcam,Accessories,414.99,2,Germany,829.98,12,2022
3469,2023-10-21,1753,Laptop,Electronics,1092.32,3,UK,3276.96,10,2023
3470,2024-08-19,1300,Monitor,Office,491.12,2,Canada,982.24,8,2024
3471,2023-03-05,1707,Monitor,Electronics,89.21,3,Israel,267.63,3,2023
3472,2024-06-17,1675,USB Cable,Electronics,318.76,2,Germany,637.52,6,2024
3473,2022-05-19,1175,Webcam,Office,615.96,3,Canada,1847.88,5,2022
3474,2024-07-30,1854,Mouse,Electronics,1113.14,1,Canada,1113.14,7,2024
3475,2023-06-26,1782,Monitor,Office,155.55,4,Germany,622.2,6,2023
3476,2022-02-26,1109,Mouse,Accessories,1220.34,1,UK,1220.34,2,2022
3477,2023-10-20,1683,Monitor,Electronics,1495.44,3,USA,4486.32,10,2023
3478,2023-03-11,1962,Headphones,Accessories,1183.45,4,USA,4733.8,3,2023
3479,2023-01-19,1863,Keyboard,Electronics,713.24,1,UK,713.24,1,2023
3480,2023-07-14,1201,Mouse,Office,854.4,1,Germany,854.4,7,2023
3481,2022-07-13,1167,Mouse,Electronics,14.21,3,UK,42.63,7,2022
3482,2023-06-18,1613,USB Cable,Accessories,317.86,2,UK,635.72,6,2023
3483,2023-06-02,1085,Laptop,Office,1348.99,2,USA,2697.98,6,2023
3484,2023-12-17,1653,Headphones,Office,37.49,3,France,112.47,12,2023
3485,2024-01-21,1958,Laptop,Accessories,1357.67,1,Canada,1357.67,1,2024
3486,2022-07-04,1848,Headphones,Accessories,174.31,2,Germany,348.62,7,2022
3487,2022-10-19,1724,Headphones,Electronics,203.95,2,Israel,407.9,10,2022
3488,2024-01-02,1050,Desk Lamp,Electronics,267.15,1,UK,267.15,1,2024
3489,2022-04-26,1111,Webcam,Office,1200.08,3,USA,3600.24,4,2022
3490,2024-04-04,1462,Webcam,Accessories,719.89,3,France,2159.67,4,2024
3491,2024-12-08,1441,Webcam,Accessories,222.07,2,Germany,444.14,12,2024
3492,2023-11-16,1270,Monitor,Electronics,1031.77,3,UK,3095.31,11,2023
3493,2022-03-23,1576,USB Cable,Electronics,1411.33,1,USA,1411.33,3,2022
3494,2024-04-13,1343,Laptop,Office,860.81,3,UK,2582.43,4,2024
3495,2022-11-29,1182,Keyboard,Accessories,152.56,4,Israel,610.24,11,2022
3496,2023-07-11,1502,Headphones,Accessories,86.85,3,Germany,260.55,7,2023
3497,2022-12-01,1843,Headphones,Accessories,1194.83,3,Canada,3584.49,12,2022
3498,2023-06-16,1009,USB Cable,Accessories,941.0,3,Germany,2823.0,6,2023
3499,2022-08-09,1493,Mouse,Electronics,1384.37,4,Germany,5537.48,8,2022
3500,2023-09-27,1233,Monitor,Electronics,823.14,1,Germany,823.14,9,2023
3501,2022-11-19,1297,Keyboard,Electronics,98.28,3,USA,294.84,11,2022
3502,2022-01-03,1243,Webcam,Office,608.51,2,Israel,1217.02,1,2022
3503,2022-07-25,1508,Headphones,Accessories,988.7,3,UK,2966.1,7,2022
3504,2022-02-09,1350,Mouse,Electronics,580.4,4,USA,2321.6,2,2022
3505,2022-02-28,1266,Laptop,Accessories,1499.39,4,France,5997.56,2,2022
3506,2024-08-08,1629,Headphones,Electronics,611.04,2,Germany,1222.08,8,2024
3507,2023-07-28,1655,Mouse,Office,821.62,4,Germany,3286.48,7,2023
3508,2023-10-06,1892,Laptop,Electronics,341.96,4,UK,1367.84,10,2023
3509,2024-04-22,1200,Monitor,Office,232.45,4,Germany,929.8,4,2024
3510,2023-09-11,1238,Webcam,Accessories,969.73,1,Germany,969.73,9,2023
3511,2022-04-06,1333,USB Cable,Electronics,884.98,4,UK,3539.92,4,2022
3512,2024-06-16,1914,Laptop,Electronics,11.49,3,Israel,34.47,6,2024
3513,2024-12-21,1414,Headphones,Electronics,430.75,2,USA,861.5,12,2024
3514,2023-07-15,1968,Desk Lamp,Accessories,967.15,3,Israel,2901.45,7,2023
3515,2024-06-23,1483,Desk Lamp,Office,1219.31,3,UK,3657.93,6,2024
3516,2022-12-14,1436,Keyboard,Office,471.99,2,Canada,943.98,12,2022
3517,2023-11-02,1998,Laptop,Electronics,972.92,1,Canada,972.92,11,2023
3518,2022-11-13,1245,Keyboard,Accessories,401.56,1,Canada,401.56,11,2022
3519,2023-12-20,1857,Keyboard,Office,1037.12,4,Germany,4148.48,12,2023
3520,2024-12-07,1007,Laptop,Office,1048.43,1,Germany,1048.43,12,2024
3521,2022-09-07,1151,USB Cable,Office,199.68,1,Israel,199.68,9,2022
3522,2022-11-10,1391,USB Cable,Office,999.31,4,France,3997.24,11,2022
3523,2024-03-17,1210,Desk Lamp,Office,503.68,1,USA,503.68,3,2024
3524,2023-04-30,1366,Monitor,Electronics,263.03,1,Germany,263.03,4,2023
3525,2022-02-13,1943,USB Cable,Electronics,753.04,4,UK,3012.16,2,2022
3526,2023-07-25,1669,Laptop,Electronics,681.18,3,Israel,2043.54,7,2023
3527,2023-08-06,1569,Desk Lamp,Office,1161.94,3,USA,3485.82,8,2023
3528,2024-06-13,1085,USB Cable,Office,131.35,2,Canada,262.7,6,2024
3529,2022-08-08,1054,Mouse,Office,1185.68,1,France,1185.68,8,2022
3530,2024-07-13,1712,Webcam,Electronics,163.59,4,Canada,654.36,7,2024
3531,2023-02-05,1633,Keyboard,Office,315.15,4,Canada,1260.6,2,2023
3532,2023-12-28,1445,Webcam,Electronics,776.24,1,Germany,776.24,12,2023
3533,2024-09-17,1619,Desk Lamp,Office,697.45,1,Israel,697.45,9,2024
3534,2024-06-17,1303,Headphones,Electronics,1483.34,4,Germany,5933.36,6,2024
3535,2024-05-07,1131,Keyboard,Accessories,886.26,4,Israel,3545.04,5,2024
3536,2024-03-14,1420,Desk Lamp,Office,494.52,4,France,1978.08,3,2024
3537,2023-05-05,1903,Headphones,Office,1350.72,2,UK,2701.44,5,2023
3538,2024-07-26,1384,Mouse,Electronics,471.76,3,UK,1415.28,7,2024
3539,2024-04-23,1987,Mouse,Office,414.29,4,USA,1657.16,4,2024
3540,2022-09-24,1197,Webcam,Electronics,744.09,3,Germany,2232.27,9,2022
3541,2022-02-23,1046,Mouse,Electronics,1370.2,1,Germany,1370.2,2,2022
3542,2023-06-12,1739,Desk Lamp,Accessories,1064.23,3,Germany,3192.69,6,2023
3543,2023-09-08,1756,Desk Lamp,Accessories,1017.84,3,UK,3053.52,9,2023
3544,2024-12-18,1202,Laptop,Office,1090.49,3,USA,3271.47,12,2024
3545,2024-11-29,1260,Keyboard,Office,991.16,1,UK,991.16,11,2024
3546,2024-08-12,1689,Headphones,Electronics,1140.9,3,Canada,3422.7,8,2024
3547,2023-01-21,1023,USB Cable,Electronics,293.18,3,Israel,879.54,1,2023
3548,2024-01-04,1686,Webcam,Electronics,270.0,2,Germany,540.0,1,2024
3549,2023-12-17,1785,Webcam,Electronics,546.43,1,Israel,546.43,12,2023
3550,2023-10-12,1339,Mouse,Office,1277.18,3,Canada,3831.54,10,2023
3551,2022-10-27,1411,Mouse,Accessories,1073.11,1,France,1073.11,10,2022
3552,2023-01-30,1972,Desk Lamp,Office,851.88,4,Israel,3407.52,1,2023
3553,2023-08-16,1260,Headphones,Office,34.07,3,Israel,102.21,8,2023
3554,2023-05-29,1285,Keyboard,Office,357.52,1,Israel,357.52,5,2023
3555,2023-01-31,1512,Keyboard,Accessories,1206.25,3,UK,3618.75,1,2023
3556,2023-01-06,1085,Desk Lamp,Office,367.52,3,Israel,1102.56,1,2023
3557,2024-05-07,1849,Webcam,Accessories,1096.78,4,Canada,4387.12,5,2024
3558,2024-03-01,1429,Headphones,Electronics,281.03,2,Germany,562.06,3,2024
3559,2023-10-20,1580,Webcam,Office,911.52,1,USA,911.52,10,2023
3560,2024-01-06,1030,Desk Lamp,Electronics,944.18,3,France,2832.54,1,2024
3561,2023-01-19,1709,USB Cable,Electronics,1129.19,4,Germany,4516.76,1,2023
3562,2022-03-03,1602,Monitor,Electronics,660.32,4,USA,2641.28,3,2022
3563,2023-05-20,1439,Keyboard,Office,950.85,2,Germany,1901.7,5,2023
3564,2022-08-27,1984,Headphones,Electronics,733.02,2,Israel,1466.04,8,2022
3565,2022-07-14,1348,USB Cable,Office,1421.27,4,France,5685.08,7,2022
3566,2023-11-09,1894,Headphones,Electronics,785.21,4,Germany,3140.84,11,2023
3567,2022-03-02,1411,Webcam,Office,318.35,1,France,318.35,3,2022
3568,2024-09-16,1527,Mouse,Office,1003.5,1,UK,1003.5,9,2024
3569,2023-11-16,1309,Desk Lamp,Office,824.96,4,UK,3299.84,11,2023
3570,2022-06-05,1948,Headphones,Electronics,1206.73,4,Israel,4826.92,6,2022
3571,2024-07-11,1395,Webcam,Office,269.48,2,Israel,538.96,7,2024
3572,2024-05-17,1787,Laptop,Electronics,395.1,1,UK,395.1,5,2024
3573,2024-06-21,1337,Mouse,Accessories,1382.84,4,Germany,5531.36,6,2024
3574,2024-09-25,1673,Mouse,Electronics,1395.39,1,USA,1395.39,9,2024
3575,2024-09-01,1436,Keyboard,Electronics,666.17,1,USA,666.17,9,2024
3576,2023-01-23,1703,Monitor,Office,76.39,4,UK,305.56,1,2023
3577,2024-06-05,1662,Keyboard,Electronics,463.3,4,USA,1853.2,6,2024
3578,2024-04-17,1364,Laptop,Accessories,374.45,3,Germany,1123.35,4,2024
3579,2022-12-06,1922,Webcam,Office,624.94,1,USA,624.94,12,2022
3580,2022-07-23,1112,Desk Lamp,Electronics,480.11,1,Canada,480.11,7,2022
3581,2022-06-10,1784,Mouse,Electronics,1244.34,2,USA,2488.68,6,2022
3582,2023-01-27,1175,Mouse,Office,9.54,2,Canada,19.08,1,2023
3583,2024-02-08,1148,USB Cable,Office,968.72,2,UK,1937.44,2,2024
3584,2023-07-29,1177,Headphones,Electronics,998.08,1,France,998.08,7,2023
3585,2023-06-18,1935,Desk Lamp,Electronics,992.64,4,France,3970.56,6,2023
3586,2024-12-29,1381,Monitor,Office,783.29,4,Germany,3133.16,12,2024
3587,2024-06-11,1222,Monitor,Office,918.6,4,France,3674.4,6,2024
3588,2023-02-09,1258,Headphones,Accessories,1216.69,1,Israel,1216.69,2,2023
3589,2023-08-31,1784,Desk Lamp,Accessories,1177.37,4,UK,4709.48,8,2023
3590,2024-04-07,1188,Laptop,Accessories,56.76,2,Canada,113.52,4,2024
3591,2023-11-21,1305,Monitor,Office,50.5,4,Canada,202.0,11,2023
3592,2024-06-20,1377,Mouse,Office,1259.22,4,France,5036.88,6,2024
3593,2022-02-25,1601,Laptop,Office,864.22,2,USA,1728.44,2,2022
3594,2023-01-01,1342,Keyboard,Electronics,1436.35,3,France,4309.05,1,2023
3595,2023-03-31,1773,Desk Lamp,Office,650.23,3,UK,1950.69,3,2023
3596,2022-04-14,1155,Keyboard,Electronics,269.23,3,USA,807.69,4,2022
3597,2022-03-18,1711,Laptop,Office,712.49,1,USA,712.49,3,2022
3598,2022-08-18,1054,Mouse,Office,657.63,1,Canada,657.63,8,2022
3599,2022-11-27,1765,USB Cable,Electronics,778.18,2,UK,1556.36,11,2022
3600,2024-06-11,1441,Keyboard,Office,1212.88,3,Germany,3638.64,6,2024
3601,2023-11-19,1684,Webcam,Office,985.1,1,Germany,985.1,11,2023
3602,2022-01-27,1199,Mouse,Office,281.99,4,UK,1127.96,1,2022
3603,2022-10-26,1402,Headphones,Accessories,1103.04,3,Canada,3309.12,10,2022
3604,2024-08-14,1613,Monitor,Office,889.88,3,UK,2669.64,8,2024
3605,2024-03-09,1796,USB Cable,Electronics,869.57,1,UK,869.57,3,2024
3606,2023-04-25,1662,USB Cable,Electronics,1018.99,3,USA,3056.97,4,2023
3607,2023-07-27,1622,Laptop,Electronics,848.13,2,USA,1696.26,7,2023
3608,2023-04-03,1927,Monitor,Office,688.98,2,UK,1377.96,4,2023
3609,2022-12-31,1777,Headphones,Electronics,962.37,1,Canada,962.37,12,2022
3610,2024-05-08,1602,Keyboard,Accessories,1086.97,3,USA,3260.91,5,2024
3611,2022-12-17,1176,USB Cable,Electronics,342.52,2,Israel,685.04,12,2022
3612,2022-09-10,1448,Webcam,Office,748.09,3,UK,2244.27,9,2022
3613,2024-02-20,1742,Mouse,Accessories,689.97,2,USA,1379.94,2,2024
3614,2024-03-13,1540,Desk Lamp,Electronics,64.66,2,Germany,129.32,3,2024
3615,2024-10-08,1954,USB Cable,Accessories,1252.49,3,UK,3757.47,10,2024
3616,2023-04-04,1300,USB Cable,Electronics,569.19,1,UK,569.19,4,2023
3617,2024-07-05,1706,Mouse,Office,113.67,1,UK,113.67,7,2024
3618,2023-05-14,1306,Headphones,Accessories,689.56,1,France,689.56,5,2023
3619,2024-08-07,1750,Laptop,Electronics,246.41,3,UK,739.23,8,2024
3620,2023-05-23,1868,USB Cable,Electronics,1058.1,3,Germany,3174.3,5,2023
3621,2023-05-16,1990,USB Cable,Accessories,859.8,3,USA,2579.4,5,2023
3622,2024-03-13,1895,Monitor,Accessories,408.82,1,UK,408.82,3,2024
3623,2023-08-21,1266,Desk Lamp,Accessories,1425.96,3,Canada,4277.88,8,2023
3624,2022-06-15,1213,Webcam,Accessories,441.16,1,Israel,441.16,6,2022
3625,2023-04-07,1593,Keyboard,Electronics,834.72,2,Canada,1669.44,4,2023
3626,2024-07-08,1639,Laptop,Electronics,1203.34,1,Canada,1203.34,7,2024
3627,2022-04-24,1482,Desk Lamp,Electronics,773.27,1,USA,773.27,4,2022
3628,2024-09-18,1261,Webcam,Office,1441.48,4,Germany,5765.92,9,2024
3629,2022-07-26,1066,Webcam,Accessories,1266.56,4,France,5066.24,7,2022
3630,2023-05-30,1573,Headphones,Electronics,1381.92,1,Germany,1381.92,5,2023
3631,2023-12-10,1132,Desk Lamp,Accessories,562.19,4,Canada,2248.76,12,2023
3632,2022-05-18,1648,Headphones,Accessories,824.79,3,France,2474.37,5,2022
3633,2022-12-05,1539,Mouse,Electronics,1261.05,4,USA,5044.2,12,2022
3634,2023-06-21,1511,Keyboard,Accessories,1355.73,4,France,5422.92,6,2023
3635,2022-03-09,1210,Laptop,Accessories,1416.82,4,USA,5667.28,3,2022
3636,2023-01-18,1987,Mouse,Accessories,1319.33,1,Germany,1319.33,1,2023
3637,2022-01-19,1986,USB Cable,Accessories,1097.48,2,Canada,2194.96,1,2022
3638,2023-11-14,1716,Keyboard,Accessories,41.2,2,Germany,82.4,11,2023
3639,2022-03-15,1252,Monitor,Electronics,475.86,2,France,951.72,3,2022
3640,2023-07-27,1037,Monitor,Electronics,197.76,2,Israel,395.52,7,2023
3641,2024-07-27,1042,Mouse,Accessories,236.36,2,Canada,472.72,7,2024
3642,2024-12-07,1628,Laptop,Accessories,439.91,2,Canada,879.82,12,2024
3643,2022-07-30,1404,Keyboard,Accessories,116.74,1,Germany,116.74,7,2022
3644,2024-05-04,1986,Monitor,Office,368.33,3,France,1104.99,5,2024
3645,2023-10-13,1701,Monitor,Accessories,1435.68,3,UK,4307.04,10,2023
3646,2024-09-20,1045,Laptop,Office,471.36,2,USA,942.72,9,2024
3647,2023-11-26,1453,Desk Lamp,Office,243.77,4,UK,975.08,11,2023
3648,2023-06-24,1677,Mouse,Office,1078.86,4,UK,4315.44,6,2023
3649,2024-06-19,1304,Headphones,Electronics,1243.62,1,UK,1243.62,6,2024
3650,2024-02-19,1714,USB Cable,Office,474.49,2,France,948.98,2,2024
3651,2022-06-19,1232,Webcam,Accessories,421.35,2,Germany,842.7,6,2022
3652,2024-11-03,1244,USB Cable,Accessories,366.43,4,Canada,1465.72,11,2024
3653,2022-10-15,1720,Keyboard,Electronics,592.93,2,UK,1185.86,10,2022
3654,2022-07-08,1759,Monitor,Electronics,135.41,2,France,270.82,7,2022
3655,2024-07-02,1294,Webcam,Accessories,1005.35,4,Germany,4021.4,7,2024
3656,2023-11-25,1838,Webcam,Electronics,1234.23,3,USA,3702.69,11,2023
3657,2024-06-06,1382,Headphones,Electronics,997.21,3,Germany,2991.63,6,2024
3658,2023-04-16,1157,Webcam,Office,634.69,1,Germany,634.69,4,2023
3659,2022-10-04,1404,Laptop,Office,437.0,4,UK,1748.0,10,2022
3660,2024-07-28,1000,Mouse,Electronics,617.12,1,France,617.12,7,2024
3661,2023-07-25,1216,Keyboard,Accessories,638.64,2,Canada,1277.28,7,2023
3662,2024-05-06,1927,Laptop,Office,1000.7,4,Israel,4002.8,5,2024
3663,2024-09-27,1506,Mouse,Accessories,1392.45,3,USA,4177.35,9,2024
3664,2023-04-03,1760,Laptop,Electronics,110.53,2,France,221.06,4,2023
3665,2024-07-06,1903,Monitor,Accessories,1430.26,3,Canada,4290.78,7,2024
3666,2024-04-12,1580,Monitor,Accessories,1365.75,3,UK,4097.25,4,2024
3667,2024-12-23,1029,Headphones,Accessories,181.01,1,France,181.01,12,2024
3668,2024-04-18,1626,Laptop,Accessories,279.46,4,Canada,1117.84,4,2024
3669,2022-07-12,1519,USB Cable,Electronics,470.84,4,Israel,1883.36,7,2022
3670,2023-09-08,1880,Webcam,Electronics,841.7,4,USA,3366.8,9,2023
3671,2023-02-10,1274,Monitor,Office,206.04,1,Germany,206.04,2,2023
3672,2024-07-31,1491,Desk Lamp,Office,304.5,3,Canada,913.5,7,2024
3673,2023-12-22,1826,Mouse,Office,1354.5,1,USA,1354.5,12,2023
3674,2022-04-03,1950,Desk Lamp,Office,168.4,4,Israel,673.6,4,2022
3675,2023-03-06,1925,Desk Lamp,Accessories,601.32,2,USA,1202.64,3,2023
3676,2023-10-16,1846,Headphones,Office,1145.69,4,Canada,4582.76,10,2023
3677,2023-03-10,1035,Desk Lamp,Office,1333.43,4,USA,5333.72,3,2023
3678,2023-01-10,1310,Desk Lamp,Accessories,507.38,3,UK,1522.14,1,2023
3679,2024-12-18,1043,Desk Lamp,Electronics,250.83,4,Germany,1003.32,12,2024
3680,2024-12-02,1154,Webcam,Office,1106.83,4,Israel,4427.32,12,2024
3681,2022-07-26,1076,Keyboard,Electronics,1159.97,3,UK,3479.91,7,2022
3682,2024-02-19,1589,Laptop,Office,1470.15,4,USA,5880.6,2,2024
3683,2023-06-16,1612,USB Cable,Electronics,213.62,4,USA,854.48,6,2023
3684,2022-06-15,1437,Desk Lamp,Office,1065.58,3,France,3196.74,6,2022
3685,2023-10-05,1431,Desk Lamp,Electronics,628.85,2,UK,1257.7,10,2023
3686,2022-03-31,1541,Monitor,Electronics,1372.37,3,Israel,4117.11,3,2022
3687,2022-01-13,1038,USB Cable,Office,614.71,4,Israel,2458.84,1,2022
3688,2024-08-30,1238,Webcam,Electronics,671.71,1,Israel,671.71,8,2024
3689,2024-03-15,1012,Mouse,Office,194.56,2,Canada,389.12,3,2024
3690,2024-08-02,1121,Laptop,Office,484.8,3,Canada,1454.4,8,2024
3691,2024-01-12,1143,USB Cable,Accessories,604.26,2,Canada,1208.52,1,2024
3692,2024-05-25,1683,Mouse,Office,31.18,2,Israel,62.36,5,2024
3693,2023-10-22,1454,Headphones,Office,659.17,1,USA,659.17,10,2023
3694,2024-10-28,1367,Monitor,Office,507.8,1,Canada,507.8,10,2024
3695,2024-11-18,1758,Monitor,Office,1206.74,1,USA,1206.74,11,2024
3696,2022-10-23,1246,Headphones,Accessories,165.13,4,UK,660.52,10,2022
3697,2024-09-12,1922,Mouse,Accessories,1141.52,3,Germany,3424.56,9,2024
3698,2024-07-14,1044,USB Cable,Accessories,1072.45,4,Israel,4289.8,7,2024
3699,2023-10-02,1764,Laptop,Accessories,366.46,3,USA,1099.38,10,2023
3700,2022-12-06,1374,Mouse,Electronics,129.49,4,UK,517.96,12,2022
3701,2023-09-20,1290,Laptop,Office,1263.54,4,Israel,5054.16,9,2023
3702,2023-03-15,1206,Webcam,Accessories,377.9,1,Germany,377.9,3,2023
3703,2024-07-30,1923,Desk Lamp,Office,222.61,4,Israel,890.44,7,2024
3704,2024-04-09,1994,Headphones,Accessories,541.76,1,Canada,541.76,4,2024
3705,2023-06-03,1518,Keyboard,Office,604.32,3,France,1812.96,6,2023
3706,2024-09-02,1957,Laptop,Electronics,492.5,1,Israel,492.5,9,2024
3707,2024-12-04,1241,Monitor,Accessories,1464.84,2,France,2929.68,12,2024
3708,2024-08-12,1621,Desk Lamp,Electronics,1321.83,2,Germany,2643.66,8,2024
3709,2024-08-09,1113,Webcam,Electronics,1310.1,4,France,5240.4,8,2024
3710,2024-08-01,1818,Monitor,Office,601.16,2,Germany,1202.32,8,2024
3711,2022-06-04,1301,Webcam,Accessories,1444.49,3,UK,4333.47,6,2022
3712,2022-03-29,1275,Monitor,Electronics,1027.6,4,France,4110.4,3,2022
3713,2024-07-19,1095,Mouse,Office,1248.83,1,Canada,1248.83,7,2024
3714,2022-06-28,1293,USB Cable,Office,753.81,4,Israel,3015.24,6,2022
3715,2022-07-31,1700,Mouse,Office,245.12,4,Israel,980.48,7,2022
3716,2023-04-10,1359,Mouse,Electronics,1330.89,2,UK,2661.78,4,2023
3717,2023-09-23,1287,USB Cable,Office,732.21,4,USA,2928.84,9,2023
3718,2024-04-04,1153,Webcam,Office,1452.99,3,Canada,4358.97,4,2024
3719,2023-08-30,1569,Webcam,Office,386.02,4,Canada,1544.08,8,2023
3720,2024-06-03,1422,USB Cable,Electronics,1488.61,1,Germany,1488.61,6,2024
3721,2023-01-01,1915,Monitor,Office,337.52,1,Canada,337.52,1,2023
3722,2022-10-03,1849,Laptop,Electronics,555.41,2,USA,1110.82,10,2022
3723,2023-01-15,1049,Webcam,Office,893.05,4,USA,3572.2,1,2023
3724,2024-08-02,1206,Monitor,Electronics,1041.52,1,UK,1041.52,8,2024
3725,2024-12-23,1563,Laptop,Electronics,1081.82,4,UK,4327.28,12,2024
3726,2024-03-20,1853,USB Cable,Accessories,717.0,4,France,2868.0,3,2024
3727,2024-07-13,1882,Mouse,Accessories,119.86,1,Canada,119.86,7,2024
3728,2023-05-09,1661,Webcam,Accessories,746.59,4,France,2986.36,5,2023
3729,2024-12-30,1564,Keyboard,Electronics,505.36,2,France,1010.72,12,2024
3730,2022-12-30,1212,Mouse,Office,988.2,2,France,1976.4,12,2022
3731,2023-07-24,1065,Headphones,Office,277.5,1,France,277.5,7,2023
3732,2024-02-02,1231,Laptop,Electronics,593.9,3,Israel,1781.7,2,2024
3733,2022-10-03,1884,Keyboard,Office,1449.35,3,UK,4348.05,10,2022
3734,2022-02-19,1810,Mouse,Electronics,137.86,4,Germany,551.44,2,2022
3735,2023-12-29,1849,Desk Lamp,Office,905.49,2,Germany,1810.98,12,2023
3736,2024-06-24,1662,Webcam,Electronics,140.52,1,Germany,140.52,6,2024
3737,2024-07-16,1716,Keyboard,Accessories,239.71,2,Germany,479.42,7,2024
3738,2023-07-18,1319,Monitor,Accessories,909.38,3,Germany,2728.14,7,2023
3739,2024-02-22,1766,Laptop,Office,668.77,3,Israel,2006.31,2,2024
3740,2023-04-30,1136,Headphones,Office,825.01,4,UK,3300.04,4,2023
3741,2023-08-07,1880,Monitor,Office,1320.41,1,Canada,1320.41,8,2023
3742,2022-08-24,1646,Desk Lamp,Office,1226.77,4,France,4907.08,8,2022
3743,2022-02-25,1936,Keyboard,Accessories,1332.53,2,France,2665.06,2,2022
3744,2022-12-26,1565,Mouse,Accessories,926.3,2,France,1852.6,12,2022
3745,2022-04-20,1064,Laptop,Electronics,737.02,3,UK,2211.06,4,2022
3746,2022-07-11,1513,Webcam,Office,691.5,4,UK,2766.0,7,2022
3747,2024-06-22,1131,Headphones,Accessories,1111.01,2,Canada,2222.02,6,2024
3748,2024-05-11,1333,Mouse,Electronics,784.34,2,Israel,1568.68,5,2024
3749,2023-07-22,1031,Headphones,Electronics,163.12,2,Israel,326.24,7,2023
3750,2024-12-19,1867,Webcam,Electronics,217.2,1,Canada,217.2,12,2024
3751,2023-10-12,1897,USB Cable,Accessories,538.84,3,France,1616.52,10,2023
3752,2022-02-08,1871,Laptop,Electronics,106.4,4,Canada,425.6,2,2022
3753,2024-12-08,1497,Keyboard,Office,362.65,2,UK,725.3,12,2024
3754,2023-09-29,1242,Headphones,Electronics,986.32,1,France,986.32,9,2023
3755,2024-11-02,1191,Laptop,Electronics,23.58,2,Israel,47.16,11,2024
3756,2022-02-05,1141,Headphones,Accessories,908.12,2,Canada,1816.24,2,2022
3757,2022-04-11,1659,Mouse,Electronics,1159.67,3,France,3479.01,4,2022
3758,2022-06-15,1600,Headphones,Accessories,259.38,1,Israel,259.38,6,2022
3759,2023-01-18,1560,USB Cable,Accessories,275.55,2,USA,551.1,1,2023
3760,2024-02-29,1647,Mouse,Office,48.14,3,Germany,144.42,2,2024
3761,2022-01-31,1987,Mouse,Electronics,771.11,1,USA,771.11,1,2022
3762,2022-01-11,1190,Laptop,Office,983.61,2,Canada,1967.22,1,2022
3763,2022-04-06,1941,Monitor,Office,688.08,4,France,2752.32,4,2022
3764,2023-03-29,1148,Webcam,Electronics,587.23,3,France,1761.69,3,2023
3765,2022-07-11,1598,Headphones,Electronics,684.35,2,UK,1368.7,7,2022
3766,2023-05-01,1415,Keyboard,Accessories,1173.38,2,Germany,2346.76,5,2023
3767,2022-08-26,1519,Desk Lamp,Electronics,55.1,1,Israel,55.1,8,2022
3768,2024-12-24,1734,Mouse,Accessories,1176.81,4,France,4707.24,12,2024
3769,2024-01-05,1868,Monitor,Office,1001.18,3,Israel,3003.54,1,2024
3770,2024-09-17,1015,Mouse,Office,365.93,1,Israel,365.93,9,2024
3771,2024-04-04,1807,Monitor,Accessories,789.49,2,Israel,1578.98,4,2024
3772,2022-04-16,1105,Monitor,Electronics,78.69,3,USA,236.07,4,2022
3773,2022-06-30,1282,Keyboard,Electronics,572.49,2,Israel,1144.98,6,2022
3774,2022-07-03,1103,Monitor,Accessories,265.19,2,UK,530.38,7,2022
3775,2022-08-14,1360,Keyboard,Office,38.34,4,USA,153.36,8,2022
3776,2024-02-16,1657,Laptop,Accessories,538.85,2,USA,1077.7,2,2024
3777,2024-02-29,1034,Mouse,Electronics,1090.54,3,France,3271.62,2,2024
3778,2023-11-19,1112,Keyboard,Electronics,1381.93,2,Germany,2763.86,11,2023
3779,2023-06-14,1307,Webcam,Accessories,995.08,3,Germany,2985.24,6,2023
3780,2024-08-29,1910,USB Cable,Electronics,605.95,4,Canada,2423.8,8,2024
3781,2024-07-24,1958,Mouse,Office,1499.25,2,France,2998.5,7,2024
3782,2022-04-16,1052,USB Cable,Accessories,428.0,1,Germany,428.0,4,2022
3783,2024-04-10,1858,Webcam,Office,284.76,3,Israel,854.28,4,2024
3784,2023-11-10,1080,Headphones,Office,698.2,2,UK,1396.4,11,2023
3785,2024-04-28,1615,Webcam,Accessories,759.84,1,Israel,759.84,4,2024
3786,2024-11-21,1833,Laptop,Accessories,535.46,3,Germany,1606.38,11,2024
3787,2023-01-28,1368,Headphones,Electronics,1044.77,1,Germany,1044.77,1,2023
3788,2022-02-09,1241,Headphones,Electronics,279.88,2,UK,559.76,2,2022
3789,2023-10-22,1030,Monitor,Accessories,767.96,4,USA,3071.84,10,2023
3790,2024-09-07,1828,Webcam,Accessories,752.69,4,USA,3010.76,9,2024
3791,2024-04-24,1703,Desk Lamp,Electronics,1236.56,1,UK,1236.56,4,2024
3792,2022-07-20,1868,Monitor,Electronics,1390.82,2,USA,2781.64,7,2022
3793,2023-03-23,1360,Webcam,Electronics,996.58,2,Germany,1993.16,3,2023
3794,2024-11-27,1232,Headphones,Accessories,461.53,3,USA,1384.59,11,2024
3795,2023-03-20,1609,Desk Lamp,Accessories,1035.97,2,Germany,2071.94,3,2023
3796,2024-01-31,1033,Monitor,Electronics,380.8,4,France,1523.2,1,2024
3797,2022-08-15,1242,USB Cable,Office,1449.98,2,Israel,2899.96,8,2022
3798,2022-02-17,1950,Mouse,Office,1234.43,3,USA,3703.29,2,2022
3799,2024-11-07,1058,Desk Lamp,Electronics,649.63,3,France,1948.89,11,2024
3800,2024-06-30,1770,Webcam,Accessories,1177.59,2,Canada,2355.18,6,2024
3801,2022-07-06,1528,Webcam,Accessories,615.94,2,USA,1231.88,7,2022
3802,2022-12-11,1077,Monitor,Office,116.54,3,France,349.62,12,2022
3803,2022-08-12,1717,Webcam,Electronics,1061.62,3,UK,3184.86,8,2022
3804,2024-04-09,1301,Headphones,Office,609.9,1,France,609.9,4,2024
3805,2023-05-03,1677,Monitor,Office,1395.83,4,Germany,5583.32,5,2023
3806,2024-05-26,1802,Monitor,Electronics,463.31,4,UK,1853.24,5,2024
3807,2024-04-28,1896,Desk Lamp,Office,1265.78,1,UK,1265.78,4,2024
3808,2024-09-05,1111,Keyboard,Accessories,1022.25,1,Germany,1022.25,9,2024
3809,2024-10-13,1412,USB Cable,Office,1280.72,4,USA,5122.88,10,2024
3810,2022-07-07,1899,USB Cable,Electronics,441.36,3,UK,1324.08,7,2022
3811,2022-09-27,1316,Keyboard,Accessories,694.71,4,USA,2778.84,9,2022
3812,2022-11-06,1864,Desk Lamp,Accessories,1235.58,3,Israel,3706.74,11,2022
3813,2024-12-31,1144,Headphones,Office,967.51,4,France,3870.04,12,2024
3814,2024-04-24,1667,Mouse,Accessories,543.08,3,France,1629.24,4,2024
3815,2023-05-01,1689,Webcam,Electronics,770.43,4,Germany,3081.72,5,2023
3816,2022-04-30,1857,Desk Lamp,Office,1494.17,1,Germany,1494.17,4,2022
3817,2022-08-08,1647,Laptop,Accessories,1114.06,2,Canada,2228.12,8,2022
3818,2022-02-22,1929,Webcam,Electronics,923.71,2,France,1847.42,2,2022
3819,2024-01-28,1826,Laptop,Office,1242.73,2,Israel,2485.46,1,2024
3820,2024-01-08,1017,Desk Lamp,Electronics,665.84,3,Germany,1997.52,1,2024
3821,2023-12-21,1350,USB Cable,Accessories,1425.35,2,Israel,2850.7,12,2023
3822,2023-02-10,1954,Headphones,Office,830.27,4,Canada,3321.08,2,2023
3823,2023-08-31,1154,Mouse,Office,493.67,2,Germany,987.34,8,2023
3824,2024-10-17,1783,Mouse,Accessories,133.6,3,UK,400.8,10,2024
3825,2023-02-26,1505,Mouse,Electronics,566.66,3,Canada,1699.98,2,2023
3826,2023-12-13,1777,Keyboard,Accessories,855.11,3,USA,2565.33,12,2023
3827,2022-09-04,1359,Headphones,Office,1056.36,4,France,4225.44,9,2022
3828,2022-03-13,1331,Laptop,Office,1313.3,3,USA,3939.9,3,2022
3829,2022-07-04,1917,Mouse,Accessories,1416.22,4,Canada,5664.88,7,2022
3830,2022-01-06,1527,Headphones,Electronics,158.17,3,France,474.51,1,2022
3831,2024-06-24,1011,Webcam,Accessories,903.35,1,Canada,903.35,6,2024
3832,2023-01-22,1074,Laptop,Electronics,1001.55,3,Germany,3004.65,1,2023
3833,2023-11-30,1211,USB Cable,Electronics,262.24,2,USA,524.48,11,2023
3834,2024-04-06,1690,Keyboard,Office,820.67,2,Canada,1641.34,4,2024
3835,2022-12-15,1640,Monitor,Electronics,505.58,1,Canada,505.58,12,2022
3836,2022-11-04,1282,Desk Lamp,Office,120.74,3,Israel,362.22,11,2022
3837,2022-10-14,1194,Desk Lamp,Electronics,103.47,2,Canada,206.94,10,2022
3838,2024-02-05,1779,Laptop,Electronics,1140.02,2,Germany,2280.04,2,2024
3839,2023-12-26,1029,USB Cable,Office,925.11,4,Canada,3700.44,12,2023
3840,2024-02-01,1008,USB Cable,Electronics,1074.11,4,UK,4296.44,2,2024
3841,2023-01-18,1308,USB Cable,Accessories,1029.49,3,USA,3088.47,1,2023
3842,2023-01-23,1444,Webcam,Electronics,205.8,1,USA,205.8,1,2023
3843,2023-06-09,1309,Laptop,Office,231.59,3,UK,694.77,6,2023
3844,2023-10-01,1676,Laptop,Office,382.46,4,France,1529.84,10,2023
3845,2024-07-26,1704,Monitor,Accessories,601.66,4,Germany,2406.64,7,2024
3846,2022-10-03,1425,Mouse,Electronics,1409.07,3,UK,4227.21,10,2022
3847,2023-05-15,1816,Webcam,Accessories,1012.47,3,Canada,3037.41,5,2023
3848,2023-12-18,1771,USB Cable,Electronics,386.48,3,Israel,1159.44,12,2023
3849,2022-12-03,1703,Monitor,Accessories,88.7,3,Germany,266.1,12,2022
3850,2024-07-20,1590,Laptop,Office,1027.91,1,UK,1027.91,7,2024
3851,2023-04-26,1690,Webcam,Office,939.85,2,UK,1879.7,4,2023
3852,2024-06-29,1090,Keyboard,Accessories,1015.27,3,USA,3045.81,6,2024
3853,2024-12-17,1455,Laptop,Electronics,395.46,2,USA,790.92,12,2024
3854,2022-04-19,1443,Keyboard,Electronics,777.86,4,USA,3111.44,4,2022
3855,2022-11-24,1726,Headphones,Office,545.75,2,Germany,1091.5,11,2022
3856,2022-11-11,1078,Keyboard,Electronics,1227.46,3,Canada,3682.38,11,2022
3857,2023-11-30,1474,Laptop,Accessories,108.75,2,France,217.5,11,2023
3858,2024-02-20,1926,Monitor,Accessories,416.79,3,Germany,1250.37,2,2024
3859,2022-06-05,1102,Laptop,Electronics,906.42,3,USA,2719.26,6,2022
3860,2024-06-05,1622,Laptop,Office,311.81,4,USA,1247.24,6,2024
3861,2024-10-22,1455,Headphones,Office,1010.71,3,Germany,3032.13,10,2024
3862,2024-01-28,1989,USB Cable,Office,209.47,4,Canada,837.88,1,2024
3863,2023-12-23,1313,Mouse,Office,39.1,1,Canada,39.1,12,2023
3864,2024-07-01,1246,Laptop,Office,1295.92,3,UK,3887.76,7,2024
3865,2024-05-20,1233,Headphones,Accessories,503.5,4,UK,2014.0,5,2024
3866,2022-01-13,1593,Monitor,Electronics,239.49,4,USA,957.96,1,2022
3867,2023-08-31,1643,Headphones,Accessories,263.2,3,USA,789.6,8,2023
3868,2023-05-13,1234,Desk Lamp,Office,1329.41,2,France,2658.82,5,2023
3869,2022-08-26,1789,Headphones,Office,983.37,4,Canada,3933.48,8,2022
3870,2024-02-20,1386,Keyboard,Electronics,1434.74,1,UK,1434.74,2,2024
3871,2023-08-29,1846,Mouse,Electronics,1201.06,2,France,2402.12,8,2023
3872,2023-10-23,1610,Mouse,Electronics,1152.48,2,USA,2304.96,10,2023
3873,2024-04-28,1942,Webcam,Accessories,752.23,3,Canada,2256.69,4,2024
3874,2024-07-24,1037,USB Cable,Electronics,1232.1,4,USA,4928.4,7,2024
3875,2023-09-20,1160,Monitor,Accessories,621.92,1,France,621.92,9,2023
3876,2022-05-23,1461,Webcam,Office,1241.37,4,France,4965.48,5,2022
3877,2023-12-15,1943,USB Cable,Accessories,1137.82,1,USA,1137.82,12,2023
3878,2023-04-24,1448,USB Cable,Electronics,1019.27,4,Israel,4077.08,4,2023
3879,2023-07-19,1116,Headphones,Accessories,497.93,3,USA,1493.79,7,2023
3880,2023-04-16,1240,Monitor,Accessories,947.91,1,UK,947.91,4,2023
3881,2023-01-19,1025,USB Cable,Accessories,762.65,3,Canada,2287.95,1,2023
3882,2024-07-14,1647,Monitor,Electronics,695.01,4,Canada,2780.04,7,2024
3883,2023-02-21,1561,Mouse,Accessories,1485.42,1,USA,1485.42,2,2023
3884,2022-11-04,1975,Mouse,Electronics,759.07,1,Germany,759.07,11,2022
3885,2023-10-11,1805,Mouse,Accessories,52.82,4,USA,211.28,10,2023
3886,2024-10-21,1905,Laptop,Accessories,941.57,3,Israel,2824.71,10,2024
3887,2024-12-03,1297,Headphones,Accessories,1093.38,1,UK,1093.38,12,2024
3888,2024-01-09,1804,Desk Lamp,Electronics,1328.35,1,USA,1328.35,1,2024
3889,2022-05-20,1153,Monitor,Electronics,950.86,1,France,950.86,5,2022
3890,2024-08-31,1731,Headphones,Electronics,34.09,4,UK,136.36,8,2024
3891,2024-10-13,1651,USB Cable,Office,184.02,2,UK,368.04,10,2024
3892,2024-08-10,1467,Monitor,Electronics,246.05,4,Israel,984.2,8,2024
3893,2024-06-22,1048,Monitor,Accessories,320.84,3,Canada,962.52,6,2024
3894,2022-03-13,1653,Webcam,Office,1200.67,2,France,2401.34,3,2022
3895,2022-04-17,1045,Monitor,Electronics,468.09,1,Germany,468.09,4,2022
3896,2024-12-01,1674,Monitor,Electronics,471.98,1,USA,471.98,12,2024
3897,2024-06-01,1284,Keyboard,Office,1134.6,2,Germany,2269.2,6,2024
3898,2022-05-19,1779,Desk Lamp,Office,621.59,1,Canada,621.59,5,2022
3899,2023-09-07,1627,Keyboard,Electronics,101.64,1,France,101.64,9,2023
3900,2024-05-12,1081,Webcam,Office,879.76,4,UK,3519.04,5,2024
3901,2022-09-30,1043,Laptop,Accessories,199.45,4,Israel,797.8,9,2022
3902,2023-02-20,1705,Mouse,Accessories,859.64,3,Israel,2578.92,2,2023
3903,2023-05-21,1769,USB Cable,Accessories,1170.56,1,UK,1170.56,5,2023
3904,2024-01-03,1954,USB Cable,Electronics,1394.59,3,Israel,4183.77,1,2024
3905,2023-02-28,1272,Desk Lamp,Accessories,105.24,3,Germany,315.72,2,2023
3906,2023-01-25,1393,Monitor,Office,459.43,2,Canada,918.86,1,2023
3907,2022-12-08,1785,Headphones,Accessories,980.43,2,UK,1960.86,12,2022
3908,2024-08-03,1789,USB Cable,Office,476.6,1,USA,476.6,8,2024
3909,2023-09-06,1594,Keyboard,Accessories,679.28,2,USA,1358.56,9,2023
3910,2023-05-08,1057,Mouse,Office,35.04,3,France,105.12,5,2023
3911,2022-07-11,1564,Laptop,Accessories,1041.78,4,Canada,4167.12,7,2022
3912,2023-05-14,1000,Mouse,Accessories,1325.5,2,Canada,2651.0,5,2023
3913,2024-04-01,1215,Monitor,Accessories,1465.41,3,UK,4396.23,4,2024
3914,2022-08-15,1316,Desk Lamp,Office,1246.65,2,Canada,2493.3,8,2022
3915,2022-05-19,1227,Mouse,Office,52.51,1,Germany,52.51,5,2022
3916,2024-05-05,1472,Monitor,Accessories,979.52,2,Canada,1959.04,5,2024
3917,2024-03-27,1483,Webcam,Office,746.01,4,UK,2984.04,3,2024
3918,2024-12-22,1765,Keyboard,Office,1407.15,1,UK,1407.15,12,2024
3919,2022-04-14,1670,Keyboard,Electronics,1353.7,2,Germany,2707.4,4,2022
3920,2024-05-20,1286,Monitor,Accessories,1482.13,4,Israel,5928.52,5,2024
3921,2023-10-30,1510,Headphones,Office,1293.59,3,Germany,3880.77,10,2023
3922,2022-09-30,1577,Keyboard,Office,822.6,2,UK,1645.2,9,2022
3923,2024-10-26,1914,Desk Lamp,Office,1073.78,2,UK,2147.56,10,2024
3924,2022-07-03,1820,Headphones,Office,1447.19,3,UK,4341.57,7,2022
3925,2024-11-17,1971,Monitor,Electronics,869.28,3,UK,2607.84,11,2024
3926,2022-10-20,1457,Webcam,Office,1260.77,2,France,2521.54,10,2022
3927,2022-06-26,1094,Monitor,Office,1413.6,4,Israel,5654.4,6,2022
3928,2022-02-27,1492,Webcam,Electronics,857.95,3,UK,2573.85,2,2022
3929,2022-11-04,1764,USB Cable,Accessories,242.94,3,France,728.82,11,2022
3930,2024-09-03,1149,Keyboard,Accessories,237.57,4,Canada,950.28,9,2024
3931,2023-12-01,1022,Desk Lamp,Electronics,177.4,2,UK,354.8,12,2023
3932,2022-03-24,1755,Headphones,Accessories,717.1,1,Israel,717.1,3,2022
3933,2022-09-09,1214,Desk Lamp,Accessories,722.81,2,Israel,1445.62,9,2022
3934,2024-03-06,1398,Monitor,Electronics,927.97,2,Germany,1855.94,3,2024
3935,2024-06-15,1409,USB Cable,Office,726.89,1,France,726.89,6,2024
3936,2022-07-29,1130,Keyboard,Electronics,1459.72,2,Canada,2919.44,7,2022
3937,2024-03-26,1854,Desk Lamp,Electronics,440.51,2,Israel,881.02,3,2024
3938,2023-09-01,1147,USB Cable,Electronics,1311.36,3,USA,3934.08,9,2023
3939,2023-03-23,1380,Webcam,Electronics,154.99,4,UK,619.96,3,2023
3940,2023-04-05,1108,Monitor,Electronics,904.87,2,Israel,1809.74,4,2023
3941,2024-08-25,1551,USB Cable,Office,974.25,1,Canada,974.25,8,2024
3942,2023-04-17,1120,Desk Lamp,Accessories,1159.48,1,Canada,1159.48,4,2023
3943,2023-01-05,1294,USB Cable,Electronics,757.02,3,France,2271.06,1,2023
3944,2024-06-18,1119,Webcam,Office,299.85,2,France,599.7,6,2024
3945,2024-07-11,1455,Mouse,Electronics,556.65,2,France,1113.3,7,2024
3946,2022-05-17,1529,Desk Lamp,Office,411.88,2,Germany,823.76,5,2022
3947,2023-01-02,1168,Webcam,Accessories,631.56,2,Canada,1263.12,1,2023
3948,2024-06-30,1709,Mouse,Office,797.3,1,UK,797.3,6,2024
3949,2022-07-03,1922,Keyboard,Office,939.48,1,USA,939.48,7,2022
3950,2023-04-17,1995,Monitor,Accessories,1268.46,3,France,3805.38,4,2023
3951,2023-10-16,1142,USB Cable,Accessories,1365.47,2,UK,2730.94,10,2023
3952,2024-01-19,1036,Keyboard,Office,696.56,1,France,696.56,1,2024
3953,2023-06-21,1697,Laptop,Electronics,137.56,2,France,275.12,6,2023
3954,2024-03-12,1260,Webcam,Electronics,1196.61,4,Canada,4786.44,3,2024
3955,2024-07-08,1230,Keyboard,Accessories,718.35,4,USA,2873.4,7,2024
3956,2023-05-25,1253,Keyboard,Electronics,821.94,1,UK,821.94,5,2023
3957,2023-09-22,1328,USB Cable,Accessories,895.71,4,France,3582.84,9,2023
3958,2024-09-28,1902,Mouse,Office,1003.46,4,Canada,4013.84,9,2024
3959,2024-07-04,1296,Webcam,Office,1335.7,1,Germany,1335.7,7,2024
3960,2024-10-30,1979,Mouse,Electronics,1428.46,3,France,4285.38,10,2024
3961,2022-06-01,1009,Monitor,Accessories,1410.55,4,Canada,5642.2,6,2022
3962,2024-10-25,1445,Keyboard,Electronics,1215.15,2,UK,2430.3,10,2024
3963,2023-04-09,1921,Webcam,Electronics,1334.42,4,Israel,5337.68,4,2023
3964,2022-09-28,1835,Keyboard,Office,79.23,3,France,237.69,9,2022
3965,2023-04-05,1229,Monitor,Electronics,1274.42,3,Germany,3823.26,4,2023
3966,2022-04-15,1535,Headphones,Office,113.04,3,Germany,339.12,4,2022
3967,2022-06-11,1077,Monitor,Accessories,1120.56,3,France,3361.68,6,2022
3968,2022-12-17,1424,Mouse,Electronics,258.2,3,UK,774.6,12,2022
3969,2023-03-10,1192,Mouse,Office,543.37,4,France,2173.48,3,2023
3970,2024-05-01,1400,Desk Lamp,Electronics,280.35,4,Germany,1121.4,5,2024
3971,2022-05-20,1108,Keyboard,Accessories,667.98,4,France,2671.92,5,2022
3972,2022-03-28,1791,Mouse,Electronics,620.56,4,Germany,2482.24,3,2022
3973,2022-07-02,1922,Webcam,Electronics,76.85,3,Israel,230.55,7,2022
3974,2023-01-03,1262,Monitor,Office,1246.59,3,France,3739.77,1,2023
3975,2022-05-09,1328,Keyboard,Accessories,1282.01,2,USA,2564.02,5,2022
3976,2023-11-01,1362,Monitor,Accessories,1182.32,4,France,4729.28,11,2023
3977,2022-05-29,1866,Monitor,Accessories,1272.17,3,Germany,3816.51,5,2022
3978,2024-09-11,1377,Keyboard,Electronics,1127.56,2,UK,2255.12,9,2024
3979,2024-05-01,1779,USB Cable,Office,1406.54,2,Germany,2813.08,5,2024
3980,2023-09-20,1340,Headphones,Electronics,866.71,1,Israel,866.71,9,2023
3981,2023-03-22,1258,Desk Lamp,Electronics,876.05,4,UK,3504.2,3,2023
3982,2024-06-02,1334,USB Cable,Electronics,1290.57,3,USA,3871.71,6,2024
3983,2022-10-21,1084,Mouse,Accessories,527.38,4,USA,2109.52,10,2022
3984,2022-09-07,1521,Laptop,Office,79.87,2,Israel,159.74,9,2022
3985,2024-05-27,1800,Desk Lamp,Accessories,1126.03,4,Israel,4504.12,5,2024
3986,2024-08-05,1813,USB Cable,Electronics,385.61,1,Israel,385.61,8,2024
3987,2024-09-01,1570,Laptop,Electronics,713.98,1,Canada,713.98,9,2024
3988,2024-11-14,1307,Laptop,Office,364.46,3,Israel,1093.38,11,2024
3989,2024-02-28,1261,Mouse,Accessories,1241.5,3,France,3724.5,2,2024
3990,2024-09-10,1897,Headphones,Electronics,1437.65,3,Germany,4312.95,9,2024
3991,2024-06-07,1796,Monitor,Electronics,87.26,3,Canada,261.78,6,2024
3992,2024-06-08,1630,Keyboard,Office,353.89,4,France,1415.56,6,2024
3993,2022-03-11,1679,Headphones,Electronics,288.4,4,UK,1153.6,3,2022
3994,2023-09-17,1864,Laptop,Accessories,1011.44,2,USA,2022.88,9,2023
3995,2024-05-24,1700,Desk Lamp,Accessories,645.87,2,USA,1291.74,5,2024
3996,2023-04-16,1451,Webcam,Electronics,687.11,3,UK,2061.33,4,2023
3997,2022-04-01,1250,Mouse,Electronics,239.83,4,USA,959.32,4,2022
3998,2023-06-14,1323,USB Cable,Electronics,625.03,3,Israel,1875.09,6,2023
3999,2023-10-23,1924,Desk Lamp,Office,458.33,2,Israel,916.66,10,2023
4000,2024-01-09,1228,Mouse,Office,918.73,4,Canada,3674.92,1,2024
4001,2023-12-27,1701,USB Cable,Accessories,329.77,3,Israel,989.31,12,2023
4002,2024-05-21,1827,Keyboard,Accessories,924.14,1,UK,924.14,5,2024
4003,2022-07-11,1635,Webcam,Electronics,569.73,2,Germany,1139.46,7,2022
4004,2022-05-18,1595,Monitor,Electronics,522.71,1,UK,522.71,5,2022
4005,2022-12-11,1296,Headphones,Electronics,461.81,1,Germany,461.81,12,2022
4006,2024-10-05,1726,Webcam,Office,1012.38,4,USA,4049.52,10,2024
4007,2023-05-18,1236,Headphones,Office,845.82,1,Canada,845.82,5,2023
4008,2022-07-22,1977,Headphones,Electronics,1278.32,1,USA,1278.32,7,2022
4009,2023-07-27,1624,Monitor,Electronics,366.21,3,USA,1098.63,7,2023
4010,2022-07-11,1216,Monitor,Accessories,64.98,4,Germany,259.92,7,2022
4011,2022-01-05,1832,USB Cable,Office,277.13,3,USA,831.39,1,2022
4012,2022-11-07,1245,Monitor,Electronics,518.32,3,UK,1554.96,11,2022
4013,2023-07-03,1447,Keyboard,Office,273.58,3,Germany,820.74,7,2023
4014,2022-02-25,1846,Mouse,Electronics,129.85,4,Israel,519.4,2,2022
4015,2023-03-19,1318,Laptop,Electronics,670.78,2,Germany,1341.56,3,2023
4016,2024-05-19,1993,Monitor,Accessories,1017.02,4,UK,4068.08,5,2024
4017,2023-08-08,1431,Mouse,Accessories,1128.6,3,Canada,3385.8,8,2023
4018,2024-01-22,1403,USB Cable,Accessories,601.1,2,UK,1202.2,1,2024
4019,2022-12-26,1885,Monitor,Electronics,719.68,1,UK,719.68,12,2022
4020,2024-03-29,1036,Laptop,Accessories,1134.43,2,USA,2268.86,3,2024
4021,2022-01-30,1575,Webcam,Electronics,532.3,4,Canada,2129.2,1,2022
4022,2022-04-18,1730,Desk Lamp,Office,1178.23,3,Israel,3534.69,4,2022
4023,2024-04-23,1341,Monitor,Office,1451.23,1,Canada,1451.23,4,2024
4024,2023-12-18,1388,Mouse,Electronics,1321.32,1,Israel,1321.32,12,2023
4025,2024-06-09,1033,USB Cable,Accessories,683.13,3,France,2049.39,6,2024
4026,2024-08-17,1038,USB Cable,Accessories,871.38,1,Canada,871.38,8,2024
4027,2024-06-11,1578,Desk Lamp,Office,1076.06,1,Canada,1076.06,6,2024
4028,2024-01-02,1208,Keyboard,Electronics,527.2,1,UK,527.2,1,2024
4029,2023-08-29,1829,USB Cable,Electronics,1199.86,4,Canada,4799.44,8,2023
4030,2023-04-02,1855,Webcam,Electronics,658.19,2,USA,1316.38,4,2023
4031,2023-09-07,1151,USB Cable,Office,1271.03,4,Germany,5084.12,9,2023
4032,2023-11-29,1898,USB Cable,Office,385.83,1,USA,385.83,11,2023
4033,2023-11-05,1364,Webcam,Accessories,22.01,4,UK,88.04,11,2023
4034,2023-06-27,1198,Desk Lamp,Electronics,950.87,1,USA,950.87,6,2023
4035,2024-05-06,1600,Desk Lamp,Electronics,680.57,4,Canada,2722.28,5,2024
4036,2024-06-15,1759,Webcam,Electronics,94.44,2,UK,188.88,6,2024
4037,2022-10-05,1834,Laptop,Electronics,733.98,3,Canada,2201.94,10,2022
4038,2023-07-06,1078,Mouse,Office,257.01,2,Germany,514.02,7,2023
4039,2022-04-21,1476,Headphones,Accessories,946.47,4,Germany,3785.88,4,2022
4040,2023-01-20,1433,USB Cable,Office,670.34,4,Israel,2681.36,1,2023
4041,2024-01-31,1796,Desk Lamp,Accessories,260.83,2,Canada,521.66,1,2024
4042,2023-11-25,1841,Headphones,Electronics,620.85,4,France,2483.4,11,2023
4043,2023-02-09,1031,Headphones,Electronics,352.9,3,USA,1058.7,2,2023
4044,2022-01-22,1086,Keyboard,Electronics,981.38,3,France,2944.14,1,2022
4045,2023-11-09,1550,Monitor,Electronics,446.24,2,USA,892.48,11,2023
4046,2023-09-03,1392,USB Cable,Electronics,1233.92,1,Israel,1233.92,9,2023
4047,2022-01-08,1612,Monitor,Office,26.17,3,Israel,78.51,1,2022
4048,2023-12-03,1243,Monitor,Accessories,608.11,4,Germany,2432.44,12,2023
4049,2023-06-13,1231,Keyboard,Office,927.54,1,Germany,927.54,6,2023
4050,2023-08-25,1909,Headphones,Electronics,38.8,3,Canada,116.4,8,2023
4051,2023-10-19,1579,Webcam,Accessories,327.68,1,Germany,327.68,10,2023
4052,2022-06-15,1191,Monitor,Accessories,494.49,4,Canada,1977.96,6,2022
4053,2024-04-28,1915,Desk Lamp,Electronics,37.66,2,USA,75.32,4,2024
4054,2023-05-11,1539,Webcam,Accessories,822.3,2,Canada,1644.6,5,2023
4055,2023-08-13,1269,Webcam,Office,948.15,4,France,3792.6,8,2023
4056,2023-03-05,1939,Keyboard,Office,345.15,2,France,690.3,3,2023
4057,2024-02-13,1737,Desk Lamp,Office,817.51,4,Germany,3270.04,2,2024
4058,2022-06-12,1076,Keyboard,Office,1498.69,2,Israel,2997.38,6,2022
4059,2023-01-01,1734,Mouse,Accessories,1330.94,3,France,3992.82,1,2023
4060,2022-03-13,1992,USB Cable,Office,92.7,2,Israel,185.4,3,2022
4061,2023-10-17,1883,Monitor,Accessories,196.18,1,Germany,196.18,10,2023
4062,2022-09-26,1166,Headphones,Electronics,744.13,2,USA,1488.26,9,2022
4063,2023-02-19,1283,Laptop,Office,371.58,2,Canada,743.16,2,2023
4064,2024-10-12,1703,Desk Lamp,Electronics,126.05,2,UK,252.1,10,2024
4065,2023-11-06,1088,Keyboard,Office,385.56,2,France,771.12,11,2023
4066,2024-12-19,1543,Webcam,Electronics,96.46,3,Canada,289.38,12,2024
4067,2022-01-06,1648,Mouse,Electronics,797.22,4,Canada,3188.88,1,2022
4068,2024-09-08,1155,Laptop,Electronics,737.92,3,Germany,2213.76,9,2024
4069,2023-07-24,1249,Keyboard,Electronics,14.46,3,Germany,43.38,7,2023
4070,2023-02-11,1094,Mouse,Electronics,726.36,1,Canada,726.36,2,2023
4071,2022-01-26,1016,Webcam,Accessories,782.11,4,France,3128.44,1,2022
4072,2024-10-25,1116,Monitor,Accessories,910.53,4,UK,3642.12,10,2024
4073,2024-09-12,1982,USB Cable,Office,1455.3,1,USA,1455.3,9,2024
4074,2023-01-25,1332,USB Cable,Accessories,1474.13,4,France,5896.52,1,2023
4075,2023-12-11,1822,Mouse,Electronics,792.76,2,Canada,1585.52,12,2023
4076,2023-07-25,1521,Keyboard,Accessories,1268.55,4,USA,5074.2,7,2023
4077,2024-01-24,1079,USB Cable,Accessories,132.32,1,Germany,132.32,1,2024
4078,2022-05-26,1645,USB Cable,Electronics,799.08,1,Canada,799.08,5,2022
4079,2024-02-24,1431,Monitor,Accessories,1019.96,1,Canada,1019.96,2,2024
4080,2023-06-10,1202,Webcam,Electronics,849.27,1,France,849.27,6,2023
4081,2022-01-13,1115,Headphones,Accessories,349.93,3,USA,1049.79,1,2022
4082,2024-06-21,1962,USB Cable,Electronics,98.67,4,Israel,394.68,6,2024
4083,2023-01-19,1219,Mouse,Office,583.07,3,Israel,1749.21,1,2023
4084,2023-07-10,1252,Laptop,Accessories,973.23,1,Israel,973.23,7,2023
4085,2024-06-05,1168,Desk Lamp,Office,1487.61,1,Canada,1487.61,6,2024
4086,2022-01-19,1846,Webcam,Electronics,358.62,3,USA,1075.86,1,2022
4087,2023-07-29,1315,Monitor,Electronics,1377.1,2,Israel,2754.2,7,2023
4088,2024-01-21,1716,Webcam,Office,107.05,4,Germany,428.2,1,2024
4089,2024-09-30,1809,Monitor,Electronics,1396.83,3,Canada,4190.49,9,2024
4090,2023-02-23,1371,Webcam,Electronics,1249.39,4,USA,4997.56,2,2023
4091,2023-02-23,1759,Desk Lamp,Electronics,36.31,1,Germany,36.31,2,2023
4092,2022-05-02,1876,Headphones,Electronics,450.79,1,UK,450.79,5,2022
4093,2023-03-08,1976,Mouse,Electronics,81.18,1,USA,81.18,3,2023
4094,2022-02-13,1582,Laptop,Electronics,1493.28,4,Israel,5973.12,2,2022
4095,2023-01-16,1155,USB Cable,Electronics,644.63,4,Israel,2578.52,1,2023
4096,2022-05-25,1613,Headphones,Electronics,994.95,3,Canada,2984.85,5,2022
4097,2022-12-29,1012,Mouse,Office,355.11,1,UK,355.11,12,2022
4098,2024-12-09,1507,Laptop,Accessories,1400.94,3,Canada,4202.82,12,2024
4099,2024-12-24,1464,Webcam,Electronics,414.89,2,France,829.78,12,2024
4100,2022-12-21,1782,Desk Lamp,Office,394.02,1,UK,394.02,12,2022
4101,2024-03-10,1803,USB Cable,Electronics,475.33,1,Israel,475.33,3,2024
4102,2024-04-05,1219,Laptop,Accessories,696.42,2,Israel,1392.84,4,2024
4103,2023-02-02,1014,Keyboard,Electronics,32.71,3,France,98.13,2,2023
4104,2024-05-29,1749,Laptop,Office,898.77,4,UK,3595.08,5,2024
4105,2023-04-08,1116,Mouse,Office,52.34,1,Germany,52.34,4,2023
4106,2024-03-18,1330,Headphones,Accessories,811.11,4,UK,3244.44,3,2024
4107,2022-07-06,1055,USB Cable,Electronics,689.54,1,Germany,689.54,7,2022
4108,2024-01-02,1350,Headphones,Office,367.61,1,Israel,367.61,1,2024
4109,2023-03-05,1131,USB Cable,Accessories,498.0,4,Israel,1992.0,3,2023
4110,2024-05-07,1994,Keyboard,Accessories,1059.96,1,UK,1059.96,5,2024
4111,2022-08-25,1225,Mouse,Electronics,19.35,2,Israel,38.7,8,2022
4112,2024-02-10,1307,Desk Lamp,Office,478.39,3,Canada,1435.17,2,2024
4113,2024-01-28,1474,Desk Lamp,Electronics,1022.04,2,Canada,2044.08,1,2024
4114,2022-05-16,1905,Laptop,Electronics,232.65,3,Canada,697.95,5,2022
4115,2024-03-02,1221,Keyboard,Electronics,842.78,2,France,1685.56,3,2024
4116,2022-06-20,1172,Webcam,Office,257.55,2,USA,515.1,6,2022
4117,2022-06-08,1339,Monitor,Accessories,236.37,3,Germany,709.11,6,2022
4118,2022-07-20,1796,Webcam,Electronics,1159.56,1,Israel,1159.56,7,2022
4119,2024-08-19,1505,Mouse,Electronics,403.46,4,Germany,1613.84,8,2024
4120,2023-08-06,1820,Keyboard,Office,566.77,4,UK,2267.08,8,2023
4121,2024-05-25,1156,Headphones,Electronics,1096.38,4,France,4385.52,5,2024
4122,2023-01-06,1150,Keyboard,Accessories,273.38,1,Germany,273.38,1,2023
4123,2022-04-13,1696,Monitor,Electronics,799.95,2,Israel,1599.9,4,2022
4124,2024-09-28,1177,Desk Lamp,Accessories,1377.14,2,USA,2754.28,9,2024
4125,2024-09-02,1532,Mouse,Electronics,832.97,2,Canada,1665.94,9,2024
4126,2024-03-08,1111,Keyboard,Electronics,78.02,1,France,78.02,3,2024
4127,2023-10-20,1682,USB Cable,Electronics,886.6,3,UK,2659.8,10,2023
4128,2024-05-31,1137,Webcam,Accessories,139.78,1,Israel,139.78,5,2024
4129,2024-01-03,1232,Laptop,Electronics,426.78,4,France,1707.12,1,2024
4130,2023-02-27,1331,Webcam,Electronics,1275.26,2,Israel,2550.52,2,2023
4131,2023-07-26,1541,Mouse,Electronics,21.55,1,UK,21.55,7,2023
4132,2022-06-20,1892,Desk Lamp,Accessories,120.13,1,UK,120.13,6,2022
4133,2022-06-22,1306,Keyboard,Electronics,548.23,1,USA,548.23,6,2022
4134,2023-10-25,1160,Desk Lamp,Office,1499.1,3,France,4497.3,10,2023
4135,2023-03-29,1401,Webcam,Accessories,441.34,2,USA,882.68,3,2023
4136,2022-12-16,1589,Keyboard,Office,240.13,1,USA,240.13,12,2022
4137,2023-05-09,1277,Webcam,Electronics,826.39,1,USA,826.39,5,2023
4138,2023-09-12,1319,Mouse,Accessories,781.29,4,Canada,3125.16,9,2023
4139,2024-10-24,1532,Headphones,Accessories,677.18,2,Germany,1354.36,10,2024
4140,2024-07-07,1896,Desk Lamp,Electronics,1420.25,1,UK,1420.25,7,2024
4141,2022-01-06,1496,Desk Lamp,Office,423.82,1,USA,423.82,1,2022
4142,2022-10-15,1362,Webcam,Accessories,443.52,1,Germany,443.52,10,2022
4143,2023-08-31,1371,Laptop,Accessories,214.68,1,Germany,214.68,8,2023
4144,2023-04-02,1891,Webcam,Accessories,1047.45,2,Germany,2094.9,4,2023
4145,2024-10-26,1654,Mouse,Accessories,485.45,1,USA,485.45,10,2024
4146,2023-09-16,1035,Webcam,Accessories,1205.1,3,Germany,3615.3,9,2023
4147,2023-01-11,1302,Laptop,Electronics,1457.78,1,USA,1457.78,1,2023
4148,2023-03-23,1437,USB Cable,Accessories,70.31,3,France,210.93,3,2023
4149,2024-04-14,1725,Laptop,Office,1489.72,2,UK,2979.44,4,2024
4150,2024-03-21,1031,Mouse,Accessories,384.89,1,Israel,384.89,3,2024
4151,2024-08-16,1185,Keyboard,Electronics,633.06,4,USA,2532.24,8,2024
4152,2024-04-28,1173,Webcam,Electronics,1167.73,3,UK,3503.19,4,2024
4153,2024-03-19,1565,Headphones,Office,999.67,3,USA,2999.01,3,2024
4154,2024-09-05,1672,Laptop,Accessories,1168.76,1,Canada,1168.76,9,2024
4155,2023-02-20,1249,USB Cable,Office,702.17,4,France,2808.68,2,2023
4156,2023-12-27,1762,Laptop,Office,1374.52,4,UK,5498.08,12,2023
4157,2023-03-30,1934,Webcam,Office,1185.96,1,UK,1185.96,3,2023
4158,2022-05-30,1278,Keyboard,Office,467.3,2,Germany,934.6,5,2022
4159,2024-01-29,1682,Desk Lamp,Accessories,1422.98,2,USA,2845.96,1,2024
4160,2024-02-18,1694,Webcam,Electronics,1441.78,1,USA,1441.78,2,2024
4161,2024-08-30,1001,Desk Lamp,Electronics,625.51,2,Israel,1251.02,8,2024
4162,2024-02-02,1193,USB Cable,Accessories,979.68,4,Germany,3918.72,2,2024
4163,2024-09-28,1165,USB Cable,Office,1223.08,2,Germany,2446.16,9,2024
4164,2022-03-17,1758,Mouse,Accessories,1226.86,2,Israel,2453.72,3,2022
4165,2023-08-22,1924,Headphones,Office,26.11,2,Germany,52.22,8,2023
4166,2022-08-13,1755,Webcam,Office,945.38,1,Germany,945.38,8,2022
4167,2022-04-23,1109,Laptop,Accessories,1460.68,1,France,1460.68,4,2022
4168,2022-09-08,1379,Laptop,Accessories,350.86,3,Canada,1052.58,9,2022
4169,2024-04-20,1834,Mouse,Office,1194.44,2,UK,2388.88,4,2024
4170,2023-12-15,1998,Keyboard,Office,803.7,1,Israel,803.7,12,2023
4171,2022-05-05,1582,Webcam,Office,336.1,4,France,1344.4,5,2022
4172,2024-12-28,1675,Monitor,Office,81.3,3,Canada,243.9,12,2024
4173,2024-12-06,1284,Keyboard,Accessories,1141.08,4,France,4564.32,12,2024
4174,2024-06-02,1886,Laptop,Electronics,478.12,2,France,956.24,6,2024
4175,2022-01-30,1420,USB Cable,Electronics,566.5,4,Germany,2266.0,1,2022
4176,2022-10-08,1112,Webcam,Office,730.42,3,Canada,2191.26,10,2022
4177,2024-07-12,1227,USB Cable,Electronics,763.26,2,Canada,1526.52,7,2024
4178,2023-01-03,1470,Laptop,Electronics,313.25,1,Israel,313.25,1,2023
4179,2023-05-10,1812,Headphones,Electronics,1007.61,4,Germany,4030.44,5,2023
4180,2024-11-14,1527,Keyboard,Electronics,1040.35,4,Germany,4161.4,11,2024
4181,2023-12-19,1495,Monitor,Electronics,217.74,3,France,653.22,12,2023
4182,2024-10-13,1030,Headphones,Electronics,801.7,1,USA,801.7,10,2024
4183,2023-08-29,1161,Monitor,Office,915.84,2,Israel,1831.68,8,2023
4184,2023-01-10,1817,Headphones,Office,283.45,2,Israel,566.9,1,2023
4185,2023-10-01,1704,Keyboard,Office,1342.22,2,France,2684.44,10,2023
4186,2024-11-14,1721,Laptop,Accessories,726.82,3,France,2180.46,11,2024
4187,2022-04-26,1377,Monitor,Electronics,176.97,4,UK,707.88,4,2022
4188,2022-02-17,1445,Desk Lamp,Electronics,504.92,4,France,2019.68,2,2022
4189,2022-04-09,1743,Keyboard,Accessories,718.06,4,Germany,2872.24,4,2022
4190,2023-02-09,1426,Monitor,Electronics,20.17,4,France,80.68,2,2023
4191,2023-11-16,1695,Desk Lamp,Office,52.71,3,Israel,158.13,11,2023
4192,2024-06-21,1503,Keyboard,Office,88.0,3,USA,264.0,6,2024
4193,2023-05-18,1526,Headphones,Accessories,809.51,1,USA,809.51,5,2023
4194,2024-06-12,1943,Keyboard,Office,507.45,3,Germany,1522.35,6,2024
4195,2022-09-15,1816,Headphones,Accessories,1340.19,4,USA,5360.76,9,2022
4196,2024-04-23,1720,Laptop,Office,841.05,2,France,1682.1,4,2024
4197,2022-05-01,1683,Headphones,Electronics,1141.05,1,USA,1141.05,5,2022
4198,2024-03-20,1777,Mouse,Office,1032.26,2,France,2064.52,3,2024
4199,2024-09-04,1531,Laptop,Accessories,782.88,2,Canada,1565.76,9,2024
4200,2022-02-23,1581,USB Cable,Electronics,1118.36,4,UK,4473.44,2,2022
4201,2024-10-15,1519,USB Cable,Accessories,819.34,3,Israel,2458.02,10,2024
4202,2024-02-23,1940,USB Cable,Electronics,581.26,3,Canada,1743.78,2,2024
4203,2022-08-29,1033,Webcam,Electronics,656.53,3,Germany,1969.59,8,2022
4204,2023-04-28,1735,Desk Lamp,Office,1258.56,4,UK,5034.24,4,2023
4205,2024-10-09,1690,Webcam,Office,847.09,4,USA,3388.36,10,2024
4206,2022-07-06,1757,Keyboard,Electronics,569.06,2,Germany,1138.12,7,2022
4207,2023-10-18,1489,Keyboard,Office,273.72,1,France,273.72,10,2023
4208,2022-09-19,1771,Desk Lamp,Office,745.56,3,UK,2236.68,9,2022
4209,2024-08-10,1619,Mouse,Accessories,382.34,3,Israel,1147.02,8,2024
4210,2023-05-06,1753,Keyboard,Office,1433.59,1,Israel,1433.59,5,2023
4211,2023-03-07,1422,Laptop,Electronics,739.02,2,UK,1478.04,3,2023
4212,2022-08-27,1467,Laptop,Office,18.38,2,UK,36.76,8,2022
4213,2022-10-31,1023,USB Cable,Electronics,143.85,1,UK,143.85,10,2022
4214,2022-10-25,1215,Headphones,Electronics,430.07,3,USA,1290.21,10,2022
4215,2022-03-17,1054,Monitor,Accessories,142.78,4,Canada,571.12,3,2022
4216,2024-09-25,1025,Keyboard,Electronics,1341.47,4,Canada,5365.88,9,2024
4217,2023-10-04,1280,Mouse,Electronics,1282.26,1,Canada,1282.26,10,2023
4218,2024-04-06,1803,USB Cable,Accessories,1456.44,3,Israel,4369.32,4,2024
4219,2022-10-10,1326,Desk Lamp,Electronics,1061.17,1,Israel,1061.17,10,2022
4220,2023-08-14,1969,Webcam,Accessories,969.97,2,USA,1939.94,8,2023
4221,2022-03-13,1185,Desk Lamp,Electronics,1385.63,2,Germany,2771.26,3,2022
4222,2023-12-04,1494,Laptop,Office,1419.86,4,Israel,5679.44,12,2023
4223,2023-07-29,1011,Laptop,Accessories,1316.84,2,Germany,2633.68,7,2023
4224,2024-09-26,1640,Laptop,Accessories,1292.9,2,Germany,2585.8,9,2024
4225,2024-06-10,1883,Monitor,Electronics,1009.2,1,Germany,1009.2,6,2024
4226,2022-01-12,1433,Monitor,Accessories,7.4,1,Israel,7.4,1,2022
4227,2022-05-21,1920,Keyboard,Electronics,647.13,3,France,1941.39,5,2022
4228,2022-01-17,1207,Webcam,Accessories,955.32,1,Germany,955.32,1,2022
4229,2024-12-22,1132,Mouse,Accessories,822.96,3,Canada,2468.88,12,2024
4230,2022-09-10,1338,Monitor,Office,1232.58,4,France,4930.32,9,2022
4231,2023-04-10,1195,Desk Lamp,Electronics,1229.26,1,USA,1229.26,4,2023
4232,2023-01-11,1261,Headphones,Office,900.03,1,Canada,900.03,1,2023
4233,2024-09-07,1281,Monitor,Accessories,37.88,1,France,37.88,9,2024
4234,2023-06-04,1368,Laptop,Electronics,557.15,4,France,2228.6,6,2023
4235,2022-03-31,1102,Desk Lamp,Office,347.08,1,UK,347.08,3,2022
4236,2023-12-21,1631,Mouse,Accessories,511.49,2,Germany,1022.98,12,2023
4237,2024-03-14,1182,Keyboard,Office,927.85,1,Israel,927.85,3,2024
4238,2024-03-06,1422,Monitor,Accessories,104.36,3,UK,313.08,3,2024
4239,2023-09-22,1008,Laptop,Accessories,38.25,2,Canada,76.5,9,2023
4240,2022-03-17,1556,USB Cable,Electronics,658.13,1,France,658.13,3,2022
4241,2024-07-14,1243,Headphones,Electronics,1191.39,1,USA,1191.39,7,2024
4242,2023-02-04,1781,Headphones,Electronics,50.89,4,Israel,203.56,2,2023
4243,2024-08-27,1623,USB Cable,Accessories,1274.33,3,USA,3822.99,8,2024
4244,2024-12-30,1566,Keyboard,Office,578.9,2,France,1157.8,12,2024
4245,2024-03-07,1392,Keyboard,Electronics,181.76,2,USA,363.52,3,2024
4246,2022-07-14,1526,Monitor,Electronics,853.41,4,UK,3413.64,7,2022
4247,2022-08-16,1036,Keyboard,Electronics,1428.78,2,USA,2857.56,8,2022
4248,2023-04-06,1177,Desk Lamp,Electronics,816.06,2,UK,1632.12,4,2023
4249,2023-09-10,1638,Webcam,Accessories,1031.52,3,Germany,3094.56,9,2023
4250,2024-11-10,1628,Webcam,Office,1225.55,1,Israel,1225.55,11,2024
4251,2022-03-05,1851,Laptop,Accessories,1200.01,1,USA,1200.01,3,2022
4252,2022-06-14,1071,Laptop,Accessories,114.31,2,UK,228.62,6,2022
4253,2022-01-27,1351,Desk Lamp,Accessories,1112.79,3,France,3338.37,1,2022
4254,2024-10-08,1622,Laptop,Electronics,1424.43,4,Canada,5697.72,10,2024
4255,2022-10-12,1148,Webcam,Office,1052.48,1,France,1052.48,10,2022
4256,2022-10-08,1696,Monitor,Accessories,1255.48,2,UK,2510.96,10,2022
4257,2024-04-17,1104,Monitor,Accessories,730.9,2,Israel,1461.8,4,2024
4258,2024-04-10,1658,Keyboard,Accessories,482.01,3,Germany,1446.03,4,2024
4259,2024-07-06,1220,Monitor,Electronics,1015.98,3,Germany,3047.94,7,2024
4260,2022-08-12,1825,Laptop,Electronics,740.84,3,Israel,2222.52,8,2022
4261,2024-02-23,1862,Mouse,Accessories,1343.46,2,Canada,2686.92,2,2024
4262,2024-08-22,1373,Laptop,Electronics,1461.7,3,USA,4385.1,8,2024
4263,2024-08-07,1517,Webcam,Office,1230.6,2,UK,2461.2,8,2024
4264,2024-11-19,1259,USB Cable,Electronics,1489.06,1,Germany,1489.06,11,2024
4265,2022-02-14,1298,Mouse,Accessories,525.81,2,Israel,1051.62,2,2022
4266,2023-04-16,1860,Keyboard,Office,1344.15,2,Germany,2688.3,4,2023
4267,2022-02-03,1041,Headphones,Electronics,498.25,1,Germany,498.25,2,2022
4268,2023-10-15,1770,USB Cable,Accessories,181.47,3,USA,544.41,10,2023
4269,2024-04-09,1896,Monitor,Office,933.95,3,Germany,2801.85,4,2024
4270,2022-08-09,1491,Monitor,Office,685.21,2,UK,1370.42,8,2022
4271,2023-06-18,1438,Webcam,Office,1382.94,2,Israel,2765.88,6,2023
4272,2023-11-23,1782,Laptop,Electronics,740.83,1,Canada,740.83,11,2023
4273,2024-07-20,1046,Laptop,Office,1391.81,3,Canada,4175.43,7,2024
4274,2024-04-20,1084,Mouse,Electronics,122.56,1,Canada,122.56,4,2024
4275,2024-10-07,1685,Monitor,Accessories,1246.62,2,USA,2493.24,10,2024
4276,2023-08-05,1057,USB Cable,Electronics,1139.88,2,Canada,2279.76,8,2023
4277,2022-08-27,1990,Webcam,Electronics,1081.37,1,USA,1081.37,8,2022
4278,2023-03-17,1710,USB Cable,Accessories,535.93,1,Canada,535.93,3,2023
4279,2022-05-28,1208,Keyboard,Electronics,1176.72,4,Israel,4706.88,5,2022
4280,2024-10-29,1247,Laptop,Electronics,727.53,4,UK,2910.12,10,2024
4281,2023-01-23,1210,Desk Lamp,Accessories,1074.23,3,Canada,3222.69,1,2023
4282,2024-12-09,1038,USB Cable,Office,830.58,1,Germany,830.58,12,2024
4283,2024-07-04,1251,Monitor,Accessories,240.37,3,Germany,721.11,7,2024
4284,2023-09-30,1642,Headphones,Office,101.52,4,Canada,406.08,9,2023
4285,2022-10-05,1925,Webcam,Electronics,552.45,3,UK,1657.35,10,2022
4286,2024-09-15,1802,Mouse,Accessories,1399.52,4,France,5598.08,9,2024
4287,2023-08-12,1761,Laptop,Office,796.95,1,Israel,796.95,8,2023
4288,2023-10-11,1952,Laptop,Electronics,1204.28,1,UK,1204.28,10,2023
4289,2023-09-10,1412,Keyboard,Electronics,866.05,3,Germany,2598.15,9,2023
4290,2022-05-15,1945,Laptop,Electronics,1437.07,1,Israel,1437.07,5,2022
4291,2023-08-03,1445,Webcam,Office,557.34,3,Canada,1672.02,8,2023
4292,2023-05-05,1051,Monitor,Office,90.29,3,Israel,270.87,5,2023
4293,2023-04-23,1373,Monitor,Office,1172.1,4,Germany,4688.4,4,2023
4294,2023-01-19,1525,Monitor,Electronics,1059.66,2,UK,2119.32,1,2023
4295,2022-06-12,1930,Desk Lamp,Office,793.66,3,France,2380.98,6,2022
4296,2023-03-17,1155,Headphones,Accessories,492.95,4,Israel,1971.8,3,2023
4297,2023-02-19,1953,Headphones,Office,286.46,4,Canada,1145.84,2,2023
4298,2022-10-15,1541,Desk Lamp,Office,726.0,4,Israel,2904.0,10,2022
4299,2022-07-06,1089,Laptop,Electronics,1000.97,2,Israel,2001.94,7,2022
4300,2022-05-10,1902,USB Cable,Accessories,870.44,1,Canada,870.44,5,2022
4301,2022-07-13,1678,Headphones,Accessories,659.05,3,Canada,1977.15,7,2022
4302,2022-11-12,1350,USB Cable,Accessories,811.84,3,Canada,2435.52,11,2022
4303,2022-05-24,1068,USB Cable,Office,166.39,1,UK,166.39,5,2022
4304,2022-01-16,1162,Headphones,Electronics,1045.28,1,Israel,1045.28,1,2022
4305,2023-02-27,1241,Desk Lamp,Office,1102.71,4,Canada,4410.84,2,2023
4306,2022-09-02,1494,Keyboard,Electronics,22.12,4,Germany,88.48,9,2022
4307,2024-07-15,1382,Headphones,Accessories,409.43,1,Germany,409.43,7,2024
4308,2022-05-09,1051,Mouse,Office,142.71,3,Canada,428.13,5,2022
4309,2024-06-25,1653,Desk Lamp,Electronics,1497.36,1,USA,1497.36,6,2024
4310,2024-06-05,1062,Mouse,Office,892.05,1,Israel,892.05,6,2024
4311,2022-12-07,1508,USB Cable,Electronics,701.28,2,France,1402.56,12,2022
4312,2022-01-04,1291,Mouse,Accessories,697.19,2,USA,1394.38,1,2022
4313,2022-11-02,1090,Laptop,Office,1447.34,4,Israel,5789.36,11,2022
4314,2024-06-26,1663,Monitor,Accessories,991.48,4,Israel,3965.92,6,2024
4315,2023-08-30,1423,Keyboard,Office,257.15,3,Canada,771.45,8,2023
4316,2024-09-18,1668,Laptop,Office,675.0,1,UK,675.0,9,2024
4317,2022-11-17,1820,Monitor,Electronics,1162.42,1,UK,1162.42,11,2022
4318,2023-07-13,1364,Keyboard,Electronics,637.91,2,Germany,1275.82,7,2023
4319,2023-09-10,1149,USB Cable,Electronics,467.75,3,USA,1403.25,9,2023
4320,2023-12-12,1839,Keyboard,Accessories,1486.87,1,USA,1486.87,12,2023
4321,2023-06-15,1270,Keyboard,Accessories,1403.78,3,Canada,4211.34,6,2023
4322,2023-02-14,1880,Mouse,Office,1412.63,2,USA,2825.26,2,2023
4323,2024-03-28,1580,Mouse,Electronics,201.85,1,Canada,201.85,3,2024
4324,2023-05-08,1115,Mouse,Accessories,355.21,2,Germany,710.42,5,2023
4325,2022-01-12,1703,Keyboard,Office,665.89,2,France,1331.78,1,2022
4326,2022-07-14,1515,Webcam,Accessories,1249.03,2,France,2498.06,7,2022
4327,2023-05-05,1586,Desk Lamp,Office,1106.56,1,Canada,1106.56,5,2023
4328,2024-03-05,1913,Keyboard,Electronics,1275.25,3,France,3825.75,3,2024
4329,2024-05-30,1809,Desk Lamp,Office,1381.54,1,Canada,1381.54,5,2024
4330,2022-07-01,1240,Desk Lamp,Office,1172.25,2,USA,2344.5,7,2022
4331,2024-08-19,1029,Mouse,Electronics,396.35,4,Israel,1585.4,8,2024
4332,2023-10-18,1142,Keyboard,Electronics,431.74,3,USA,1295.22,10,2023
4333,2023-11-25,1325,Mouse,Office,531.97,4,Canada,2127.88,11,2023
4334,2022-01-30,1694,Mouse,Accessories,458.1,2,Israel,916.2,1,2022
4335,2024-02-17,1948,Mouse,Electronics,377.4,1,UK,377.4,2,2024
4336,2023-03-20,1015,USB Cable,Office,1129.97,3,Canada,3389.91,3,2023
4337,2022-10-25,1110,USB Cable,Electronics,55.82,4,Canada,223.28,10,2022
4338,2024-03-18,1871,Webcam,Electronics,1093.95,1,Germany,1093.95,3,2024
4339,2024-04-24,1712,Monitor,Accessories,1236.23,3,France,3708.69,4,2024
4340,2024-10-12,1106,Desk Lamp,Electronics,103.74,2,USA,207.48,10,2024
4341,2023-07-08,1378,Keyboard,Office,97.46,2,USA,194.92,7,2023
4342,2022-10-30,1161,Laptop,Office,431.77,2,UK,863.54,10,2022
4343,2023-02-25,1282,Mouse,Electronics,316.42,1,Israel,316.42,2,2023
4344,2022-07-04,1268,Webcam,Electronics,873.79,1,France,873.79,7,2022
4345,2023-04-13,1483,Laptop,Accessories,1014.8,2,Germany,2029.6,4,2023
4346,2024-01-24,1666,USB Cable,Accessories,953.04,2,Israel,1906.08,1,2024
4347,2022-12-29,1072,Monitor,Accessories,539.23,3,Israel,1617.69,12,2022
4348,2022-12-02,1196,Keyboard,Office,750.1,4,Canada,3000.4,12,2022
4349,2022-06-11,1242,Desk Lamp,Accessories,961.79,3,France,2885.37,6,2022
4350,2022-01-12,1597,Desk Lamp,Office,183.54,4,Germany,734.16,1,2022
4351,2023-08-11,1798,USB Cable,Accessories,348.12,1,France,348.12,8,2023
4352,2022-07-20,1258,Webcam,Office,1336.29,3,France,4008.87,7,2022
4353,2023-06-06,1797,Mouse,Electronics,516.78,1,USA,516.78,6,2023
4354,2023-05-20,1148,Mouse,Office,1202.73,1,Germany,1202.73,5,2023
4355,2024-02-27,1866,Desk Lamp,Electronics,380.23,4,Israel,1520.92,2,2024
4356,2024-11-28,1389,Mouse,Office,67.25,4,France,269.0,11,2024
4357,2022-03-01,1987,Desk Lamp,Office,753.1,3,UK,2259.3,3,2022
4358,2023-08-01,1415,Webcam,Electronics,1339.26,3,Germany,4017.78,8,2023
4359,2022-11-17,1425,USB Cable,Office,1229.83,3,UK,3689.49,11,2022
4360,2024-07-11,1996,Laptop,Office,383.14,4,Israel,1532.56,7,2024
4361,2023-07-23,1701,Monitor,Accessories,1365.35,2,Germany,2730.7,7,2023
4362,2023-06-11,1216,Keyboard,Electronics,722.18,2,USA,1444.36,6,2023
4363,2023-06-08,1927,Desk Lamp,Electronics,78.25,4,Germany,313.0,6,2023
4364,2023-09-05,1866,Monitor,Accessories,46.75,3,Israel,140.25,9,2023
4365,2022-05-05,1085,USB Cable,Accessories,730.25,2,USA,1460.5,5,2022
4366,2024-05-20,1215,Mouse,Electronics,821.75,1,Israel,821.75,5,2024
4367,2022-10-07,1422,Monitor,Electronics,124.47,2,Canada,248.94,10,2022
4368,2024-07-05,1319,Laptop,Electronics,1383.75,2,Germany,2767.5,7,2024
4369,2023-09-14,1117,Headphones,Accessories,1078.73,4,Israel,4314.92,9,2023
4370,2024-04-25,1925,USB Cable,Accessories,1202.92,4,Germany,4811.68,4,2024
4371,2023-11-05,1958,Headphones,Office,878.11,2,USA,1756.22,11,2023
4372,2022-11-10,1881,Keyboard,Accessories,997.0,1,Germany,997.0,11,2022
4373,2022-11-28,1991,Keyboard,Office,584.85,1,Israel,584.85,11,2022
4374,2022-02-05,1414,Monitor,Office,1020.55,3,Israel,3061.65,2,2022
4375,2024-11-11,1598,Keyboard,Accessories,1467.38,2,Canada,2934.76,11,2024
4376,2022-07-25,1039,USB Cable,Accessories,973.34,2,Canada,1946.68,7,2022
4377,2023-10-01,1160,Webcam,Accessories,515.74,1,Israel,515.74,10,2023
4378,2024-04-27,1702,Desk Lamp,Accessories,431.43,4,UK,1725.72,4,2024
4379,2023-03-16,1536,Laptop,Electronics,1445.2,2,UK,2890.4,3,2023
4380,2023-12-30,1419,Mouse,Accessories,281.58,1,UK,281.58,12,2023
4381,2024-07-29,1663,Mouse,Office,1210.26,2,France,2420.52,7,2024
4382,2022-06-13,1094,Desk Lamp,Office,700.57,4,Canada,2802.28,6,2022
4383,2022-05-28,1441,Monitor,Electronics,668.42,3,Germany,2005.26,5,2022
4384,2022-10-21,1934,Mouse,Electronics,1122.57,4,UK,4490.28,10,2022
4385,2022-07-14,1557,Monitor,Accessories,226.32,4,Israel,905.28,7,2022
4386,2023-10-25,1972,Desk Lamp,Electronics,702.11,1,Israel,702.11,10,2023
4387,2023-04-25,1649,Keyboard,Accessories,58.57,1,UK,58.57,4,2023
4388,2022-05-03,1982,Desk Lamp,Accessories,1007.26,4,Canada,4029.04,5,2022
4389,2023-11-30,1465,Keyboard,Electronics,92.27,1,UK,92.27,11,2023
4390,2024-08-22,1287,Webcam,Electronics,135.5,4,Israel,542.0,8,2024
4391,2023-10-23,1864,Webcam,Office,1268.02,4,UK,5072.08,10,2023
4392,2023-12-11,1675,Laptop,Electronics,667.22,2,Canada,1334.44,12,2023
4393,2023-01-31,1411,Desk Lamp,Electronics,305.46,4,France,1221.84,1,2023
4394,2024-06-30,1399,Mouse,Electronics,890.91,3,France,2672.73,6,2024
4395,2024-10-01,1527,USB Cable,Office,781.33,1,Canada,781.33,10,2024
4396,2022-11-13,1017,Webcam,Accessories,619.31,3,France,1857.93,11,2022
4397,2023-11-12,1135,Desk Lamp,Office,1358.6,1,USA,1358.6,11,2023
4398,2023-05-10,1463,Laptop,Electronics,1125.44,4,France,4501.76,5,2023
4399,2023-07-10,1758,Headphones,Electronics,231.63,3,Israel,694.89,7,2023
4400,2023-09-02,1247,Webcam,Electronics,858.31,2,Canada,1716.62,9,2023
4401,2022-04-19,1842,Laptop,Accessories,137.67,4,USA,550.68,4,2022
4402,2023-01-07,1709,Monitor,Office,370.76,4,Israel,1483.04,1,2023
4403,2024-05-04,1000,Monitor,Office,1365.24,4,Israel,5460.96,5,2024
4404,2023-09-08,1701,Laptop,Accessories,695.81,2,Canada,1391.62,9,2023
4405,2024-02-07,1380,Keyboard,Office,1338.7,3,Canada,4016.1,2,2024
4406,2022-07-25,1508,Headphones,Accessories,253.17,4,UK,1012.68,7,2022
4407,2024-04-26,1459,Laptop,Accessories,311.99,3,Canada,935.97,4,2024
4408,2022-02-12,1504,Webcam,Office,532.47,4,Germany,2129.88,2,2022
4409,2024-05-14,1805,Keyboard,Office,552.66,4,France,2210.64,5,2024
4410,2024-02-24,1475,Laptop,Accessories,1119.19,4,Canada,4476.76,2,2024
4411,2023-04-21,1556,Mouse,Office,901.12,2,Germany,1802.24,4,2023
4412,2022-03-24,1953,Webcam,Accessories,832.11,4,Germany,3328.44,3,2022
4413,2022-07-09,1848,Webcam,Office,905.55,3,UK,2716.65,7,2022
4414,2024-03-10,1896,Monitor,Office,1099.63,4,Germany,4398.52,3,2024
4415,2024-07-24,1031,Mouse,Office,1339.76,3,France,4019.28,7,2024
4416,2022-09-08,1903,Mouse,Office,625.04,3,USA,1875.12,9,2022
4417,2022-10-18,1117,Desk Lamp,Office,1205.37,1,Israel,1205.37,10,2022
4418,2022-11-22,1807,Desk Lamp,Electronics,745.17,3,France,2235.51,11,2022
4419,2024-04-16,1183,Webcam,Electronics,1084.51,1,UK,1084.51,4,2024
4420,2023-05-23,1190,Headphones,Office,1312.86,2,USA,2625.72,5,2023
4421,2024-01-01,1746,USB Cable,Office,53.16,4,UK,212.64,1,2024
4422,2022-03-13,1749,Desk Lamp,Office,822.21,2,France,1644.42,3,2022
4423,2023-10-03,1727,Keyboard,Accessories,1484.12,2,Israel,2968.24,10,2023
4424,2024-07-28,1073,Monitor,Electronics,746.86,3,Germany,2240.58,7,2024
4425,2023-08-31,1622,Mouse,Accessories,1297.13,4,Canada,5188.52,8,2023
4426,2023-07-20,1102,Monitor,Electronics,282.92,4,Canada,1131.68,7,2023
4427,2022-02-23,1870,Webcam,Electronics,908.41,2,Germany,1816.82,2,2022
4428,2023-06-12,1585,Keyboard,Office,1306.11,1,UK,1306.11,6,2023
4429,2023-09-03,1419,Laptop,Office,650.14,1,USA,650.14,9,2023
4430,2022-07-12,1472,Mouse,Accessories,732.65,3,Canada,2197.95,7,2022
4431,2022-02-27,1763,Keyboard,Accessories,127.62,1,Israel,127.62,2,2022
4432,2022-05-09,1113,USB Cable,Office,68.05,1,UK,68.05,5,2022
4433,2023-12-07,1378,Monitor,Office,705.72,2,Israel,1411.44,12,2023
4434,2024-05-01,1312,Webcam,Electronics,1266.0,1,Canada,1266.0,5,2024
4435,2022-01-08,1329,Keyboard,Electronics,1397.33,4,UK,5589.32,1,2022
4436,2022-01-29,1338,Laptop,Office,989.69,2,USA,1979.38,1,2022
4437,2024-08-04,1237,Desk Lamp,Electronics,1240.47,2,France,2480.94,8,2024
4438,2022-05-11,1172,Desk Lamp,Accessories,1103.61,1,Germany,1103.61,5,2022
4439,2022-07-07,1078,Keyboard,Electronics,1053.72,4,Israel,4214.88,7,2022
4440,2023-12-10,1463,Webcam,Office,1154.7,4,Israel,4618.8,12,2023
4441,2022-07-31,1897,Monitor,Electronics,760.43,1,USA,760.43,7,2022
4442,2022-10-03,1604,Mouse,Office,689.62,4,Israel,2758.48,10,2022
4443,2022-08-31,1963,USB Cable,Electronics,242.92,3,France,728.76,8,2022
4444,2024-09-13,1500,USB Cable,Accessories,1266.5,3,France,3799.5,9,2024
4445,2023-11-16,1561,Mouse,Accessories,71.7,1,USA,71.7,11,2023
4446,2022-06-20,1284,Headphones,Office,404.83,2,UK,809.66,6,2022
4447,2023-10-15,1222,Monitor,Office,782.27,2,UK,1564.54,10,2023
4448,2022-07-07,1592,USB Cable,Office,1457.54,4,Israel,5830.16,7,2022
4449,2022-02-21,1265,Headphones,Electronics,1180.03,3,Israel,3540.09,2,2022
4450,2022-04-21,1666,Headphones,Electronics,556.16,2,USA,1112.32,4,2022
4451,2024-05-26,1372,Webcam,Electronics,1072.35,4,France,4289.4,5,2024
4452,2024-12-02,1232,Webcam,Accessories,1397.4,3,USA,4192.2,12,2024
4453,2022-07-30,1910,Webcam,Office,810.63,2,UK,1621.26,7,2022
4454,2024-05-07,1827,Laptop,Electronics,695.6,4,France,2782.4,5,2024
4455,2023-09-19,1235,Monitor,Accessories,831.72,1,Israel,831.72,9,2023
4456,2024-11-15,1670,Mouse,Office,470.74,1,UK,470.74,11,2024
4457,2022-10-26,1916,Monitor,Accessories,1361.49,2,Germany,2722.98,10,2022
4458,2024-07-12,1827,Webcam,Office,1196.94,4,UK,4787.76,7,2024
4459,2022-05-17,1762,Laptop,Electronics,1059.7,3,France,3179.1,5,2022
4460,2024-11-09,1313,Monitor,Accessories,885.69,1,France,885.69,11,2024
4461,2023-03-16,1936,Monitor,Accessories,1454.36,3,USA,4363.08,3,2023
4462,2022-07-30,1941,Headphones,Accessories,450.07,4,France,1800.28,7,2022
4463,2024-01-22,1812,Monitor,Office,428.29,1,Germany,428.29,1,2024
4464,2023-03-11,1379,Headphones,Office,367.0,2,Germany,734.0,3,2023
4465,2024-02-19,1793,Headphones,Accessories,1113.96,1,France,1113.96,2,2024
4466,2023-03-15,1613,Keyboard,Office,1196.94,2,Israel,2393.88,3,2023
4467,2023-10-28,1562,Webcam,Accessories,897.69,3,France,2693.07,10,2023
4468,2024-12-01,1419,USB Cable,Electronics,979.72,1,Israel,979.72,12,2024
4469,2023-02-15,1051,Laptop,Accessories,526.7,4,France,2106.8,2,2023
4470,2024-03-16,1720,Headphones,Accessories,64.44,3,UK,193.32,3,2024
4471,2023-09-02,1818,Monitor,Office,384.19,3,France,1152.57,9,2023
4472,2023-03-03,1642,Headphones,Office,878.53,2,UK,1757.06,3,2023
4473,2024-06-20,1508,Headphones,Office,1220.33,4,Israel,4881.32,6,2024
4474,2024-07-30,1781,Headphones,Electronics,1166.91,3,France,3500.73,7,2024
4475,2024-01-12,1944,Mouse,Electronics,273.33,1,Israel,273.33,1,2024
4476,2022-11-24,1204,USB Cable,Electronics,81.91,2,Germany,163.82,11,2022
4477,2022-02-21,1730,USB Cable,Office,1276.59,4,Canada,5106.36,2,2022
4478,2023-01-11,1256,Mouse,Accessories,118.01,2,USA,236.02,1,2023
4479,2022-09-20,1184,Mouse,Accessories,593.0,2,Israel,1186.0,9,2022
4480,2022-09-24,1144,Mouse,Accessories,145.87,3,UK,437.61,9,2022
4481,2022-12-25,1689,USB Cable,Office,848.25,1,USA,848.25,12,2022
4482,2023-10-14,1993,Keyboard,Office,548.19,1,Canada,548.19,10,2023
4483,2022-02-15,1013,Headphones,Electronics,307.73,4,France,1230.92,2,2022
4484,2023-08-23,1245,Keyboard,Office,894.78,4,UK,3579.12,8,2023
4485,2023-12-21,1186,Monitor,Accessories,548.27,1,USA,548.27,12,2023
4486,2023-08-24,1336,USB Cable,Electronics,254.35,2,USA,508.7,8,2023
4487,2023-01-16,1258,Webcam,Electronics,1051.63,2,Israel,2103.26,1,2023
4488,2022-04-28,1865,USB Cable,Office,1256.03,1,France,1256.03,4,2022
4489,2022-04-26,1039,Laptop,Electronics,414.25,3,France,1242.75,4,2022
4490,2022-09-17,1600,Keyboard,Electronics,283.71,2,France,567.42,9,2022
4491,2022-11-01,1636,Mouse,Office,117.5,1,Israel,117.5,11,2022
4492,2022-01-07,1961,Desk Lamp,Electronics,794.21,3,Israel,2382.63,1,2022
4493,2023-01-01,1417,Mouse,Accessories,1247.78,2,France,2495.56,1,2023
4494,2023-06-07,1985,Monitor,Office,379.93,4,USA,1519.72,6,2023
4495,2023-03-05,1350,Headphones,Accessories,693.65,2,Canada,1387.3,3,2023
4496,2024-03-01,1008,Laptop,Accessories,245.4,2,France,490.8,3,2024
4497,2024-01-17,1349,Keyboard,Accessories,609.28,1,Israel,609.28,1,2024
4498,2023-01-02,1083,Headphones,Accessories,28.09,2,France,56.18,1,2023
4499,2022-11-09,1532,Headphones,Electronics,1366.54,2,Israel,2733.08,11,2022
4500,2023-06-22,1988,Webcam,Electronics,1016.47,3,France,3049.41,6,2023
4501,2024-07-09,1792,Webcam,Office,502.56,1,Canada,502.56,7,2024
4502,2024-12-13,1357,Keyboard,Office,1322.39,3,USA,3967.17,12,2024
4503,2024-05-14,1377,Keyboard,Accessories,278.48,4,USA,1113.92,5,2024
4504,2024-02-21,1171,Keyboard,Accessories,122.71,2,Israel,245.42,2,2024
4505,2022-11-30,1024,Keyboard,Office,1414.22,1,Israel,1414.22,11,2022
4506,2024-03-08,1392,Mouse,Office,466.98,4,UK,1867.92,3,2024
4507,2022-12-14,1102,USB Cable,Office,1404.28,1,Germany,1404.28,12,2022
4508,2022-09-30,1701,USB Cable,Office,958.23,2,UK,1916.46,9,2022
4509,2024-08-20,1235,Headphones,Accessories,1470.16,1,Israel,1470.16,8,2024
4510,2023-12-21,1409,USB Cable,Office,1131.38,1,Canada,1131.38,12,2023
4511,2023-05-15,1824,Desk Lamp,Electronics,162.7,3,Israel,488.1,5,2023
4512,2023-11-16,1548,Headphones,Accessories,1279.08,1,France,1279.08,11,2023
4513,2022-03-20,1783,Mouse,Electronics,226.08,1,UK,226.08,3,2022
4514,2023-09-14,1804,Desk Lamp,Office,1039.84,3,Germany,3119.52,9,2023
4515,2024-08-04,1331,USB Cable,Electronics,753.11,2,UK,1506.22,8,2024
4516,2022-12-24,1663,Headphones,Office,1063.05,4,USA,4252.2,12,2022
4517,2023-09-10,1793,Keyboard,Electronics,1148.66,3,USA,3445.98,9,2023
4518,2023-05-22,1531,Laptop,Accessories,1206.48,2,UK,2412.96,5,2023
4519,2023-07-30,1648,USB Cable,Electronics,1253.3,2,Canada,2506.6,7,2023
4520,2022-09-01,1982,Desk Lamp,Accessories,1271.6,4,UK,5086.4,9,2022
4521,2023-05-21,1870,Webcam,Electronics,621.8,2,Canada,1243.6,5,2023
4522,2023-02-26,1028,Desk Lamp,Electronics,1334.4,3,Israel,4003.2,2,2023
4523,2022-08-05,1542,Desk Lamp,Accessories,1080.77,2,Canada,2161.54,8,2022
4524,2024-10-05,1018,Webcam,Accessories,1259.26,4,France,5037.04,10,2024
4525,2022-11-26,1147,Headphones,Office,1483.84,4,USA,5935.36,11,2022
4526,2023-10-12,1470,Laptop,Accessories,179.04,3,Germany,537.12,10,2023
4527,2023-01-26,1490,Webcam,Accessories,559.02,3,France,1677.06,1,2023
4528,2023-01-16,1282,USB Cable,Office,1210.79,2,Canada,2421.58,1,2023
4529,2024-01-12,1861,Laptop,Accessories,134.02,4,UK,536.08,1,2024
4530,2024-03-30,1852,Desk Lamp,Accessories,813.47,4,USA,3253.88,3,2024
4531,2023-11-04,1811,Mouse,Electronics,1288.3,2,UK,2576.6,11,2023
4532,2023-05-28,1674,Monitor,Office,33.39,4,USA,133.56,5,2023
4533,2024-08-06,1112,Headphones,Office,1409.58,3,Germany,4228.74,8,2024
4534,2024-07-18,1454,Mouse,Electronics,1467.33,3,France,4401.99,7,2024
4535,2024-07-01,1661,Mouse,Office,486.81,2,Germany,973.62,7,2024
4536,2023-10-06,1329,Laptop,Electronics,1151.35,2,Germany,2302.7,10,2023
4537,2023-03-03,1254,Headphones,Accessories,195.13,2,France,390.26,3,2023
4538,2023-05-17,1598,Mouse,Office,1160.43,3,Canada,3481.29,5,2023
4539,2023-12-31,1398,Keyboard,Accessories,724.87,3,France,2174.61,12,2023
4540,2022-03-12,1861,Mouse,Office,1291.11,4,Canada,5164.44,3,2022
4541,2023-04-23,1609,Keyboard,Accessories,322.85,3,Germany,968.55,4,2023
4542,2023-04-02,1908,Monitor,Office,1010.62,2,UK,2021.24,4,2023
4543,2022-07-08,1507,Keyboard,Office,1180.25,1,France,1180.25,7,2022
4544,2022-10-18,1643,Keyboard,Accessories,307.73,1,Germany,307.73,10,2022
4545,2024-07-08,1465,Laptop,Electronics,1228.34,1,Germany,1228.34,7,2024
4546,2022-10-19,1823,Mouse,Office,1437.19,1,Germany,1437.19,10,2022
4547,2024-01-26,1406,Monitor,Electronics,926.04,1,UK,926.04,1,2024
4548,2023-01-12,1608,Mouse,Electronics,1178.35,3,Israel,3535.05,1,2023
4549,2023-05-23,1097,USB Cable,Electronics,801.21,2,Israel,1602.42,5,2023
4550,2023-06-12,1289,USB Cable,Electronics,899.16,2,France,1798.32,6,2023
4551,2023-07-13,1867,Keyboard,Electronics,24.96,4,Israel,99.84,7,2023
4552,2024-11-20,1738,Webcam,Electronics,788.81,2,USA,1577.62,11,2024
4553,2022-09-17,1656,Keyboard,Office,865.47,4,Canada,3461.88,9,2022
4554,2023-02-25,1155,Mouse,Electronics,1006.72,2,France,2013.44,2,2023
4555,2022-10-31,1781,Desk Lamp,Office,258.24,4,France,1032.96,10,2022
4556,2024-07-30,1161,Monitor,Office,365.85,4,Germany,1463.4,7,2024
4557,2024-11-28,1623,Webcam,Office,1135.23,2,Canada,2270.46,11,2024
4558,2023-06-26,1842,Monitor,Accessories,255.62,1,USA,255.62,6,2023
4559,2024-12-25,1696,Laptop,Electronics,626.96,2,Israel,1253.92,12,2024
4560,2022-04-18,1716,Keyboard,Accessories,379.48,2,France,758.96,4,2022
4561,2022-09-25,1096,Keyboard,Electronics,820.05,1,Canada,820.05,9,2022
4562,2022-08-10,1376,USB Cable,Accessories,1480.37,2,USA,2960.74,8,2022
4563,2023-11-24,1566,Laptop,Office,1278.8,4,UK,5115.2,11,2023
4564,2022-09-12,1449,USB Cable,Accessories,407.86,1,UK,407.86,9,2022
4565,2022-09-10,1993,Mouse,Office,556.07,1,Germany,556.07,9,2022
4566,2022-09-14,1116,Keyboard,Accessories,1378.36,3,USA,4135.08,9,2022
4567,2023-01-18,1604,Mouse,Electronics,1347.95,4,France,5391.8,1,2023
4568,2023-03-18,1804,Monitor,Electronics,244.99,4,UK,979.96,3,2023
4569,2023-08-22,1963,Webcam,Accessories,1244.76,2,Canada,2489.52,8,2023
4570,2023-01-25,1715,Webcam,Accessories,449.92,2,UK,899.84,1,2023
4571,2023-08-05,1793,Webcam,Electronics,817.99,4,Canada,3271.96,8,2023
4572,2024-12-03,1505,USB Cable,Accessories,12.62,4,Israel,50.48,12,2024
4573,2023-08-21,1188,Headphones,Accessories,1497.89,4,Israel,5991.56,8,2023
4574,2022-01-19,1475,Laptop,Electronics,1142.84,2,USA,2285.68,1,2022
4575,2023-08-30,1322,Webcam,Office,366.39,4,Israel,1465.56,8,2023
4576,2022-02-02,1595,Keyboard,Electronics,1027.27,4,USA,4109.08,2,2022
4577,2024-05-11,1969,Laptop,Electronics,443.49,1,France,443.49,5,2024
4578,2022-06-04,1179,Monitor,Accessories,138.74,4,France,554.96,6,2022
4579,2024-06-23,1785,Monitor,Electronics,640.84,3,France,1922.52,6,2024
4580,2023-02-09,1180,USB Cable,Electronics,922.51,2,Israel,1845.02,2,2023
4581,2024-04-23,1958,Monitor,Accessories,139.22,1,Israel,139.22,4,2024
4582,2024-01-17,1692,Monitor,Accessories,780.02,4,Germany,3120.08,1,2024
4583,2022-09-28,1794,Desk Lamp,Office,774.72,4,UK,3098.88,9,2022
4584,2024-02-09,1286,Headphones,Electronics,944.82,1,Canada,944.82,2,2024
4585,2022-06-21,1474,Desk Lamp,Office,370.75,1,France,370.75,6,2022
4586,2022-10-01,1617,Mouse,Office,35.86,1,Israel,35.86,10,2022
4587,2022-09-16,1640,Mouse,Office,490.66,3,UK,1471.98,9,2022
4588,2023-02-26,1261,Desk Lamp,Office,600.88,3,France,1802.64,2,2023
4589,2022-12-30,1522,Webcam,Electronics,955.43,1,France,955.43,12,2022
4590,2023-01-13,1161,Headphones,Electronics,1395.61,4,Canada,5582.44,1,2023
4591,2023-08-03,1486,USB Cable,Electronics,309.06,2,UK,618.12,8,2023
4592,2024-06-09,1979,Mouse,Office,1032.56,3,UK,3097.68,6,2024
4593,2023-12-23,1958,Desk Lamp,Accessories,150.61,2,Israel,301.22,12,2023
4594,2024-05-30,1180,USB Cable,Electronics,289.98,2,UK,579.96,5,2024
4595,2023-08-28,1724,USB Cable,Office,766.16,3,UK,2298.48,8,2023
4596,2022-01-22,1468,Monitor,Office,1064.02,2,Israel,2128.04,1,2022
4597,2023-01-18,1785,Mouse,Office,1288.56,4,France,5154.24,1,2023
4598,2022-05-14,1020,Laptop,Office,1117.14,3,Canada,3351.42,5,2022
4599,2024-11-14,1274,Webcam,Office,27.95,3,UK,83.85,11,2024
4600,2023-05-18,1259,Mouse,Office,1027.48,2,Canada,2054.96,5,2023
4601,2022-05-24,1332,Laptop,Electronics,1237.86,2,Germany,2475.72,5,2022
4602,2022-08-12,1465,Keyboard,Accessories,790.67,1,USA,790.67,8,2022
4603,2022-08-08,1115,Laptop,Electronics,1448.57,3,Canada,4345.71,8,2022
4604,2022-06-28,1412,Laptop,Electronics,11.45,2,UK,22.9,6,2022
4605,2023-03-09,1536,Monitor,Office,1228.89,4,Canada,4915.56,3,2023
4606,2022-09-22,1951,Monitor,Electronics,505.56,3,UK,1516.68,9,2022
4607,2024-08-11,1844,Webcam,Accessories,977.42,1,USA,977.42,8,2024
4608,2023-03-05,1765,Monitor,Accessories,1041.76,4,Germany,4167.04,3,2023
4609,2023-02-20,1958,Laptop,Office,462.84,1,Canada,462.84,2,2023
4610,2023-12-28,1922,Headphones,Accessories,1493.16,1,France,1493.16,12,2023
4611,2022-07-16,1955,Monitor,Office,159.36,4,Germany,637.44,7,2022
4612,2024-12-12,1722,Monitor,Accessories,239.76,1,USA,239.76,12,2024
4613,2023-04-25,1816,Desk Lamp,Accessories,1338.83,1,Canada,1338.83,4,2023
4614,2024-06-08,1832,Laptop,Electronics,183.17,1,UK,183.17,6,2024
4615,2024-07-13,1933,Keyboard,Accessories,575.02,1,France,575.02,7,2024
4616,2022-05-03,1850,Keyboard,Office,1101.05,1,Germany,1101.05,5,2022
4617,2024-02-17,1947,Desk Lamp,Accessories,1188.28,3,Germany,3564.84,2,2024
4618,2022-12-14,1256,Mouse,Accessories,1432.23,2,France,2864.46,12,2022
4619,2022-01-29,1167,Webcam,Electronics,1185.41,3,Germany,3556.23,1,2022
4620,2024-09-01,1848,Keyboard,Office,1267.58,3,USA,3802.74,9,2024
4621,2022-02-04,1532,Monitor,Office,1424.32,2,France,2848.64,2,2022
4622,2023-09-15,1597,Headphones,Office,832.76,2,USA,1665.52,9,2023
4623,2023-08-12,1014,Mouse,Electronics,518.43,4,France,2073.72,8,2023
4624,2024-12-26,1049,Webcam,Accessories,1143.61,1,USA,1143.61,12,2024
4625,2024-06-22,1998,Headphones,Office,249.49,2,UK,498.98,6,2024
4626,2023-06-04,1303,Headphones,Accessories,107.01,4,UK,428.04,6,2023
4627,2022-05-02,1486,Monitor,Accessories,1179.07,4,Germany,4716.28,5,2022
4628,2022-12-06,1415,Laptop,Accessories,1426.25,3,France,4278.75,12,2022
4629,2022-06-24,1304,Laptop,Electronics,666.46,4,Canada,2665.84,6,2022
4630,2023-08-20,1195,Laptop,Accessories,245.89,1,France,245.89,8,2023
4631,2023-03-27,1875,Keyboard,Electronics,748.05,3,USA,2244.15,3,2023
4632,2023-07-11,1812,Laptop,Electronics,593.01,2,Canada,1186.02,7,2023
4633,2024-11-05,1799,Webcam,Electronics,561.85,3,Germany,1685.55,11,2024
4634,2022-01-09,1387,Desk Lamp,Office,943.98,3,Germany,2831.94,1,2022
4635,2022-11-30,1756,Monitor,Electronics,266.23,1,Canada,266.23,11,2022
4636,2024-10-13,1960,Desk Lamp,Office,573.82,1,France,573.82,10,2024
4637,2022-11-23,1864,Keyboard,Electronics,1303.67,3,UK,3911.01,11,2022
4638,2022-01-15,1454,Webcam,Electronics,1095.85,2,France,2191.7,1,2022
4639,2024-04-18,1712,Laptop,Electronics,88.1,1,Canada,88.1,4,2024
4640,2022-08-14,1704,Webcam,Electronics,773.29,3,France,2319.87,8,2022
4641,2022-04-23,1847,Desk Lamp,Accessories,141.49,1,Israel,141.49,4,2022
4642,2022-01-01,1657,Headphones,Accessories,1436.46,1,USA,1436.46,1,2022
4643,2022-09-23,1309,Monitor,Electronics,370.74,4,USA,1482.96,9,2022
4644,2024-08-09,1126,Monitor,Accessories,1399.27,2,Israel,2798.54,8,2024
4645,2022-11-02,1174,Desk Lamp,Office,1251.84,3,Germany,3755.52,11,2022
4646,2022-01-12,1133,Webcam,Accessories,829.29,3,Canada,2487.87,1,2022
4647,2024-07-25,1065,Mouse,Accessories,507.78,4,USA,2031.12,7,2024
4648,2023-02-24,1392,Desk Lamp,Accessories,1287.63,3,Germany,3862.89,2,2023
4649,2024-06-07,1963,Monitor,Electronics,233.41,3,UK,700.23,6,2024
4650,2022-06-20,1364,Headphones,Office,274.06,4,Germany,1096.24,6,2022
4651,2022-05-14,1278,Desk Lamp,Electronics,340.96,4,USA,1363.84,5,2022
4652,2024-08-22,1757,Desk Lamp,Office,898.56,3,Canada,2695.68,8,2024
4653,2024-11-14,1362,Monitor,Electronics,474.92,4,Canada,1899.68,11,2024
4654,2023-10-20,1748,Desk Lamp,Accessories,1483.83,1,Germany,1483.83,10,2023
4655,2022-06-28,1170,Mouse,Office,296.69,1,UK,296.69,6,2022
4656,2024-12-15,1050,Monitor,Accessories,1209.39,1,Israel,1209.39,12,2024
4657,2022-04-21,1327,USB Cable,Office,148.28,1,USA,148.28,4,2022
4658,2022-05-17,1870,Monitor,Office,533.4,4,Canada,2133.6,5,2022
4659,2022-08-20,1664,Mouse,Electronics,369.42,2,UK,738.84,8,2022
4660,2024-09-18,1591,USB Cable,Electronics,1465.37,2,France,2930.74,9,2024
4661,2023-04-13,1930,USB Cable,Accessories,43.47,3,Israel,130.41,4,2023
4662,2024-01-02,1144,Monitor,Accessories,1083.9,2,Israel,2167.8,1,2024
4663,2023-04-26,1273,Desk Lamp,Office,375.34,1,USA,375.34,4,2023
4664,2024-12-27,1154,Webcam,Office,1217.82,4,UK,4871.28,12,2024
4665,2024-03-24,1910,Keyboard,Electronics,470.28,1,Canada,470.28,3,2024
4666,2024-09-20,1507,USB Cable,Electronics,284.99,1,Canada,284.99,9,2024
4667,2022-11-19,1848,Webcam,Electronics,1041.09,4,France,4164.36,11,2022
4668,2024-07-10,1362,Monitor,Electronics,390.08,1,Canada,390.08,7,2024
4669,2024-06-22,1324,Laptop,Electronics,730.89,1,UK,730.89,6,2024
4670,2023-08-29,1847,Laptop,Office,201.64,4,Canada,806.56,8,2023
4671,2023-03-05,1654,Keyboard,Office,1088.27,4,Germany,4353.08,3,2023
4672,2022-05-28,1297,USB Cable,Accessories,613.22,3,Canada,1839.66,5,2022
4673,2024-04-29,1493,Monitor,Office,215.17,3,USA,645.51,4,2024
4674,2023-01-02,1545,Headphones,Electronics,1113.68,1,Germany,1113.68,1,2023
4675,2024-04-29,1303,USB Cable,Office,159.53,3,Canada,478.59,4,2024
4676,2024-12-25,1466,Monitor,Office,864.36,2,Canada,1728.72,12,2024
4677,2024-03-23,1903,Laptop,Office,913.19,2,Canada,1826.38,3,2024
4678,2022-06-24,1238,Mouse,Accessories,1395.87,1,Germany,1395.87,6,2022
4679,2023-08-11,1649,Keyboard,Accessories,230.72,3,Canada,692.16,8,2023
4680,2023-05-10,1765,Mouse,Office,981.75,1,Israel,981.75,5,2023
4681,2024-08-30,1516,Headphones,Office,574.25,3,Canada,1722.75,8,2024
4682,2022-02-04,1883,Monitor,Electronics,604.22,4,Israel,2416.88,2,2022
4683,2024-09-25,1175,Desk Lamp,Accessories,755.23,4,Germany,3020.92,9,2024
4684,2023-06-22,1884,Headphones,Electronics,354.51,4,Canada,1418.04,6,2023
4685,2024-01-20,1409,Mouse,Electronics,694.47,4,UK,2777.88,1,2024
4686,2024-11-03,1725,Monitor,Office,1031.84,1,USA,1031.84,11,2024
4687,2023-01-09,1363,USB Cable,Office,688.38,1,Canada,688.38,1,2023
4688,2023-07-11,1022,Webcam,Office,68.55,1,USA,68.55,7,2023
4689,2022-08-21,1317,Webcam,Electronics,390.45,2,UK,780.9,8,2022
4690,2023-12-06,1524,USB Cable,Electronics,530.43,4,Germany,2121.72,12,2023
4691,2023-07-17,1904,Headphones,Electronics,535.31,4,USA,2141.24,7,2023
4692,2024-07-27,1752,Desk Lamp,Office,126.11,4,Canada,504.44,7,2024
4693,2024-06-05,1275,Webcam,Office,677.11,3,Israel,2031.33,6,2024
4694,2023-12-27,1603,Desk Lamp,Office,1039.46,3,France,3118.38,12,2023
4695,2022-03-17,1619,Desk Lamp,Electronics,77.76,2,Israel,155.52,3,2022
4696,2023-03-15,1952,Webcam,Electronics,1127.63,2,UK,2255.26,3,2023
4697,2023-11-30,1228,Laptop,Accessories,1432.88,3,France,4298.64,11,2023
4698,2024-07-03,1663,Webcam,Office,18.96,3,USA,56.88,7,2024
4699,2024-06-09,1107,Laptop,Electronics,294.57,1,Canada,294.57,6,2024
4700,2023-11-23,1800,Keyboard,Accessories,817.51,1,USA,817.51,11,2023
4701,2022-09-10,1915,Laptop,Electronics,330.98,3,France,992.94,9,2022
4702,2024-11-26,1955,Laptop,Electronics,1148.12,4,USA,4592.48,11,2024
4703,2023-02-14,1175,Mouse,Office,471.64,3,France,1414.92,2,2023
4704,2022-05-07,1319,Desk Lamp,Accessories,443.97,1,Germany,443.97,5,2022
4705,2023-08-15,1285,Desk Lamp,Electronics,6.38,2,UK,12.76,8,2023
4706,2022-10-21,1875,Laptop,Accessories,408.84,3,Canada,1226.52,10,2022
4707,2024-10-16,1328,Laptop,Accessories,330.42,3,Israel,991.26,10,2024
4708,2022-11-06,1876,Mouse,Office,518.15,4,France,2072.6,11,2022
4709,2023-10-24,1752,Laptop,Accessories,225.75,2,France,451.5,10,2023
4710,2023-06-12,1656,Webcam,Office,894.0,4,Germany,3576.0,6,2023
4711,2023-06-24,1355,USB Cable,Office,361.92,2,Canada,723.84,6,2023
4712,2023-02-23,1013,Laptop,Office,1248.47,4,Canada,4993.88,2,2023
4713,2023-03-20,1274,Keyboard,Accessories,430.41,2,Israel,860.82,3,2023
4714,2023-11-16,1070,Laptop,Electronics,320.25,3,Germany,960.75,11,2023
4715,2024-04-19,1826,Laptop,Office,89.84,3,Germany,269.52,4,2024
4716,2022-08-24,1194,Keyboard,Electronics,1111.16,3,UK,3333.48,8,2022
4717,2022-08-02,1864,USB Cable,Accessories,764.77,1,USA,764.77,8,2022
4718,2022-03-26,1811,Mouse,Electronics,175.11,2,Canada,350.22,3,2022
4719,2024-03-04,1927,Webcam,Electronics,335.9,2,Canada,671.8,3,2024
4720,2022-03-26,1878,USB Cable,Office,1498.09,4,Israel,5992.36,3,2022
4721,2022-03-06,1522,Laptop,Office,1210.01,1,Germany,1210.01,3,2022
4722,2023-10-25,1105,Webcam,Office,528.05,4,USA,2112.2,10,2023
4723,2023-09-19,1769,Headphones,Accessories,816.12,1,USA,816.12,9,2023
4724,2022-03-05,1985,Desk Lamp,Electronics,626.95,4,USA,2507.8,3,2022
4725,2024-07-27,1892,Webcam,Accessories,59.4,1,Canada,59.4,7,2024
4726,2024-07-07,1195,Mouse,Accessories,1169.12,4,USA,4676.48,7,2024
4727,2023-05-06,1144,Mouse,Accessories,1076.89,4,UK,4307.56,5,2023
4728,2022-11-09,1976,Desk Lamp,Accessories,616.16,1,UK,616.16,11,2022
4729,2023-09-07,1731,USB Cable,Office,1269.62,2,Germany,2539.24,9,2023
4730,2024-07-07,1349,Laptop,Electronics,804.43,4,USA,3217.72,7,2024
4731,2024-03-23,1423,Desk Lamp,Office,102.49,1,Germany,102.49,3,2024
4732,2024-07-28,1470,Keyboard,Office,392.81,1,France,392.81,7,2024
4733,2023-11-11,1685,Mouse,Accessories,695.35,2,Canada,1390.7,11,2023
4734,2023-03-11,1215,Keyboard,Office,159.66,2,UK,319.32,3,2023
4735,2023-11-13,1092,USB Cable,Electronics,858.77,2,UK,1717.54,11,2023
4736,2024-12-09,1259,USB Cable,Accessories,185.25,2,Canada,370.5,12,2024
4737,2022-12-06,1933,Headphones,Office,304.76,4,Israel,1219.04,12,2022
4738,2022-12-13,1574,Keyboard,Accessories,1341.51,4,France,5366.04,12,2022
4739,2023-10-08,1540,USB Cable,Electronics,1499.72,3,UK,4499.16,10,2023
4740,2023-10-11,1786,USB Cable,Accessories,827.63,4,USA,3310.52,10,2023
4741,2022-09-02,1858,USB Cable,Office,931.37,3,Canada,2794.11,9,2022
4742,2022-04-19,1284,Desk Lamp,Office,1197.16,3,USA,3591.48,4,2022
4743,2023-06-17,1483,Monitor,Electronics,1045.73,4,Canada,4182.92,6,2023
4744,2022-10-23,1930,USB Cable,Electronics,277.79,3,USA,833.37,10,2022
4745,2022-04-22,1371,USB Cable,Accessories,620.45,2,Canada,1240.9,4,2022
4746,2022-12-09,1069,Keyboard,Office,805.0,3,Germany,2415.0,12,2022
4747,2022-04-11,1378,Mouse,Electronics,542.77,4,UK,2171.08,4,2022
4748,2023-09-21,1278,Keyboard,Electronics,268.28,1,Germany,268.28,9,2023
4749,2022-01-28,1742,Keyboard,Office,1105.49,4,UK,4421.96,1,2022
4750,2024-07-25,1301,Monitor,Electronics,302.28,1,Israel,302.28,7,2024
4751,2022-02-27,1254,Monitor,Electronics,394.43,1,Germany,394.43,2,2022
4752,2022-10-24,1683,Desk Lamp,Office,433.35,3,UK,1300.05,10,2022
4753,2022-05-14,1943,Laptop,Electronics,246.86,3,Israel,740.58,5,2022
4754,2022-09-06,1691,Mouse,Office,1275.08,1,UK,1275.08,9,2022
4755,2024-10-17,1263,USB Cable,Office,917.87,3,France,2753.61,10,2024
4756,2023-07-04,1694,Desk Lamp,Accessories,1252.95,2,Canada,2505.9,7,2023
4757,2024-06-20,1833,Laptop,Office,743.13,4,Germany,2972.52,6,2024
4758,2024-04-13,1716,USB Cable,Electronics,781.75,3,USA,2345.25,4,2024
4759,2024-02-10,1423,USB Cable,Accessories,926.14,1,Israel,926.14,2,2024
4760,2022-05-26,1760,Monitor,Accessories,559.52,1,Israel,559.52,5,2022
4761,2024-06-11,1212,USB Cable,Electronics,747.39,4,USA,2989.56,6,2024
4762,2022-12-10,1670,USB Cable,Accessories,822.64,3,Israel,2467.92,12,2022
4763,2024-11-24,1943,Keyboard,Electronics,1430.55,3,USA,4291.65,11,2024
4764,2023-12-03,1099,Monitor,Accessories,1324.95,1,USA,1324.95,12,2023
4765,2022-01-01,1828,Headphones,Electronics,198.22,4,UK,792.88,1,2022
4766,2022-06-02,1111,Keyboard,Office,66.72,1,Germany,66.72,6,2022
4767,2023-03-05,1307,Laptop,Office,1022.1,4,France,4088.4,3,2023
4768,2023-05-23,1677,Keyboard,Accessories,78.55,3,Israel,235.65,5,2023
4769,2023-05-06,1474,Desk Lamp,Accessories,95.22,3,UK,285.66,5,2023
4770,2022-12-11,1547,Headphones,Office,243.1,4,France,972.4,12,2022
4771,2022-08-09,1111,Monitor,Electronics,530.8,1,France,530.8,8,2022
4772,2023-12-24,1086,Mouse,Accessories,655.32,1,Israel,655.32,12,2023
4773,2024-11-14,1182,USB Cable,Office,781.47,1,Israel,781.47,11,2024
4774,2023-06-12,1596,Webcam,Accessories,1488.47,4,UK,5953.88,6,2023
4775,2024-04-20,1780,Mouse,Office,580.92,4,Israel,2323.68,4,2024
4776,2024-12-01,1164,Mouse,Office,367.92,1,France,367.92,12,2024
4777,2023-04-26,1814,USB Cable,Office,865.0,1,Israel,865.0,4,2023
4778,2024-07-18,1089,Monitor,Electronics,326.65,4,Canada,1306.6,7,2024
4779,2024-05-21,1999,Mouse,Accessories,1411.11,4,Canada,5644.44,5,2024
4780,2022-12-11,1454,Headphones,Electronics,392.59,1,UK,392.59,12,2022
4781,2022-02-14,1237,USB Cable,Electronics,1484.95,1,UK,1484.95,2,2022
4782,2022-01-21,1998,Monitor,Office,630.91,3,UK,1892.73,1,2022
4783,2024-12-29,1533,Desk Lamp,Electronics,1219.97,2,Israel,2439.94,12,2024
4784,2024-05-22,1678,Mouse,Accessories,974.18,4,Germany,3896.72,5,2024
4785,2022-02-17,1726,USB Cable,Accessories,1400.57,2,UK,2801.14,2,2022
4786,2023-07-05,1057,Webcam,Office,940.01,4,Germany,3760.04,7,2023
4787,2022-10-14,1541,Laptop,Office,873.92,3,USA,2621.76,10,2022
4788,2024-09-28,1913,Monitor,Accessories,981.01,4,UK,3924.04,9,2024
4789,2024-10-30,1617,Monitor,Accessories,1180.77,4,Germany,4723.08,10,2024
4790,2023-06-26,1401,Keyboard,Office,1348.77,2,Germany,2697.54,6,2023
4791,2024-01-26,1841,Desk Lamp,Electronics,403.89,3,France,1211.67,1,2024
4792,2022-10-01,1678,USB Cable,Accessories,305.33,3,Germany,915.99,10,2022
4793,2024-08-13,1861,Mouse,Office,56.35,3,France,169.05,8,2024
4794,2023-08-23,1665,Laptop,Office,558.27,3,Canada,1674.81,8,2023
4795,2023-01-16,1838,USB Cable,Accessories,1270.05,4,Canada,5080.2,1,2023
4796,2023-04-24,1518,Webcam,Office,109.44,2,Canada,218.88,4,2023
4797,2022-01-15,1196,Headphones,Accessories,810.09,3,Germany,2430.27,1,2022
4798,2023-05-31,1832,Monitor,Office,1043.71,1,Germany,1043.71,5,2023
4799,2022-07-10,1045,Headphones,Office,1256.1,3,USA,3768.3,7,2022
4800,2023-09-13,1529,Headphones,Electronics,877.23,2,Germany,1754.46,9,2023
4801,2022-06-03,1396,Headphones,Office,283.55,2,Israel,567.1,6,2022
4802,2022-09-29,1664,Desk Lamp,Accessories,1446.98,2,Israel,2893.96,9,2022
4803,2022-05-23,1999,Keyboard,Accessories,146.5,2,Canada,293.0,5,2022
4804,2024-12-28,1775,USB Cable,Electronics,1154.65,1,Israel,1154.65,12,2024
4805,2022-09-04,1073,Headphones,Accessories,134.41,3,USA,403.23,9,2022
4806,2024-02-27,1415,Mouse,Office,219.41,4,Germany,877.64,2,2024
4807,2022-03-20,1656,Mouse,Electronics,1347.83,4,USA,5391.32,3,2022
4808,2023-09-15,1613,Laptop,Accessories,1130.85,1,Germany,1130.85,9,2023
4809,2023-06-09,1334,Laptop,Office,551.43,3,France,1654.29,6,2023
4810,2024-02-11,1846,Webcam,Electronics,959.89,3,USA,2879.67,2,2024
4811,2024-07-26,1632,Headphones,Office,688.58,4,Canada,2754.32,7,2024
4812,2023-09-09,1687,Headphones,Accessories,104.47,1,Israel,104.47,9,2023
4813,2024-10-28,1574,Keyboard,Accessories,1083.09,4,Israel,4332.36,10,2024
4814,2022-03-08,1295,USB Cable,Accessories,1146.07,1,Israel,1146.07,3,2022
4815,2022-07-10,1083,Headphones,Accessories,1324.1,2,Germany,2648.2,7,2022
4816,2024-02-07,1014,Headphones,Electronics,813.25,3,Germany,2439.75,2,2024
4817,2023-06-05,1866,Desk Lamp,Accessories,1011.34,3,USA,3034.02,6,2023
4818,2024-09-16,1133,USB Cable,Electronics,659.89,3,Canada,1979.67,9,2024
4819,2022-09-24,1477,Headphones,Electronics,481.77,3,UK,1445.31,9,2022
4820,2023-04-30,1632,Monitor,Office,620.49,3,Germany,1861.47,4,2023
4821,2023-01-11,1318,Monitor,Accessories,1368.07,3,UK,4104.21,1,2023
4822,2023-10-15,1391,Desk Lamp,Office,250.44,2,UK,500.88,10,2023
4823,2023-07-03,1478,Desk Lamp,Office,376.51,3,Germany,1129.53,7,2023
4824,2022-03-14,1639,Keyboard,Office,911.26,2,USA,1822.52,3,2022
4825,2022-11-04,1367,Desk Lamp,Office,178.84,3,Canada,536.52,11,2022
4826,2022-07-18,1366,Keyboard,Office,1338.34,3,UK,4015.02,7,2022
4827,2023-07-26,1287,Desk Lamp,Accessories,75.62,1,USA,75.62,7,2023
4828,2024-03-01,1812,Desk Lamp,Office,1134.19,3,USA,3402.57,3,2024
4829,2022-06-28,1377,Mouse,Electronics,563.72,4,Canada,2254.88,6,2022
4830,2022-07-16,1691,Keyboard,Electronics,81.49,1,Germany,81.49,7,2022
4831,2024-01-05,1462,Webcam,Accessories,1265.18,1,Canada,1265.18,1,2024
4832,2022-03-30,1593,Mouse,Electronics,962.49,1,UK,962.49,3,2022
4833,2024-03-09,1012,Desk Lamp,Office,18.24,4,USA,72.96,3,2024
4834,2024-02-27,1535,USB Cable,Electronics,404.96,2,UK,809.92,2,2024
4835,2024-01-18,1167,Headphones,Office,531.31,1,USA,531.31,1,2024
4836,2022-07-28,1269,Desk Lamp,Accessories,487.25,1,Germany,487.25,7,2022
4837,2023-05-08,1987,Keyboard,Electronics,750.02,1,USA,750.02,5,2023
4838,2023-10-27,1970,Webcam,Electronics,792.57,3,Germany,2377.71,10,2023
4839,2024-11-02,1069,Keyboard,Electronics,598.15,2,Germany,1196.3,11,2024
4840,2024-05-20,1317,Desk Lamp,Accessories,501.0,4,UK,2004.0,5,2024
4841,2024-01-02,1375,Keyboard,Accessories,759.09,4,UK,3036.36,1,2024
4842,2023-11-29,1088,Mouse,Electronics,55.26,2,Canada,110.52,11,2023
4843,2023-08-17,1700,USB Cable,Accessories,969.58,2,UK,1939.16,8,2023
4844,2024-06-04,1256,USB Cable,Office,910.94,2,France,1821.88,6,2024
4845,2024-05-01,1216,Mouse,Accessories,422.43,3,UK,1267.29,5,2024
4846,2022-11-21,1449,Desk Lamp,Electronics,273.38,1,UK,273.38,11,2022
4847,2024-09-05,1893,Laptop,Office,114.11,3,Canada,342.33,9,2024
4848,2024-08-13,1543,Mouse,Electronics,883.08,2,USA,1766.16,8,2024
4849,2024-06-12,1140,Mouse,Electronics,855.51,3,Canada,2566.53,6,2024
4850,2022-05-24,1160,Monitor,Electronics,802.31,4,France,3209.24,5,2022
4851,2023-01-19,1031,Desk Lamp,Accessories,1478.5,3,France,4435.5,1,2023
4852,2022-08-04,1823,Keyboard,Electronics,799.66,2,USA,1599.32,8,2022
4853,2022-11-20,1151,Mouse,Office,1084.08,1,UK,1084.08,11,2022
4854,2024-11-04,1858,Keyboard,Office,173.81,3,Canada,521.43,11,2024
4855,2022-08-05,1259,Keyboard,Office,451.96,2,Israel,903.92,8,2022
4856,2024-08-08,1727,Monitor,Electronics,416.79,3,Germany,1250.37,8,2024
4857,2022-07-02,1278,Desk Lamp,Office,866.08,4,France,3464.32,7,2022
4858,2022-09-27,1284,Keyboard,Office,499.57,3,USA,1498.71,9,2022
4859,2024-08-02,1609,Webcam,Office,963.39,3,Israel,2890.17,8,2024
4860,2024-05-19,1916,Mouse,Office,1036.68,1,Germany,1036.68,5,2024
4861,2023-04-12,1541,Keyboard,Accessories,55.37,3,Israel,166.11,4,2023
4862,2022-11-01,1601,Laptop,Electronics,961.44,3,UK,2884.32,11,2022
4863,2022-04-21,1147,Laptop,Electronics,179.6,4,USA,718.4,4,2022
4864,2024-10-10,1655,Monitor,Office,700.38,4,Germany,2801.52,10,2024
4865,2022-08-20,1066,Webcam,Electronics,1091.23,4,Germany,4364.92,8,2022
4866,2023-08-18,1944,USB Cable,Office,1056.5,1,UK,1056.5,8,2023
4867,2022-06-22,1868,USB Cable,Office,453.23,4,UK,1812.92,6,2022
4868,2024-08-30,1569,Mouse,Office,412.19,4,UK,1648.76,8,2024
4869,2024-10-27,1999,Desk Lamp,Electronics,663.14,3,USA,1989.42,10,2024
4870,2023-06-30,1939,Monitor,Accessories,287.06,3,France,861.18,6,2023
4871,2023-07-02,1792,Laptop,Electronics,1462.18,1,Israel,1462.18,7,2023
4872,2023-06-02,1278,Webcam,Electronics,520.65,4,USA,2082.6,6,2023
4873,2024-07-02,1747,Mouse,Accessories,1384.87,2,USA,2769.74,7,2024
4874,2022-08-03,1442,Keyboard,Electronics,1362.86,3,Israel,4088.58,8,2022
4875,2022-05-14,1896,Mouse,Accessories,550.45,2,Germany,1100.9,5,2022
4876,2022-10-12,1864,Headphones,Office,384.86,2,Israel,769.72,10,2022
4877,2023-11-17,1398,Mouse,Accessories,1157.4,4,UK,4629.6,11,2023
4878,2022-11-27,1127,Keyboard,Office,347.92,2,Germany,695.84,11,2022
4879,2024-06-12,1336,Headphones,Accessories,784.26,1,USA,784.26,6,2024
4880,2024-06-17,1481,USB Cable,Office,170.48,1,Israel,170.48,6,2024
4881,2022-03-19,1720,Webcam,Electronics,581.97,3,USA,1745.91,3,2022
4882,2024-08-04,1947,Monitor,Accessories,121.84,2,Canada,243.68,8,2024
4883,2023-11-19,1185,Webcam,Electronics,428.74,1,USA,428.74,11,2023
4884,2022-01-21,1168,Mouse,Office,999.61,1,Israel,999.61,1,2022
4885,2023-07-20,1683,USB Cable,Accessories,1487.0,2,Canada,2974.0,7,2023
4886,2024-04-06,1259,Monitor,Accessories,385.94,1,Canada,385.94,4,2024
4887,2022-06-28,1716,Mouse,Accessories,712.62,2,Canada,1425.24,6,2022
4888,2024-12-18,1963,Laptop,Electronics,674.83,1,USA,674.83,12,2024
4889,2024-06-23,1646,Laptop,Office,280.31,2,France,560.62,6,2024
4890,2023-10-31,1557,Keyboard,Electronics,917.05,1,France,917.05,10,2023
4891,2022-07-10,1506,USB Cable,Accessories,1088.43,1,USA,1088.43,7,2022
4892,2023-12-09,1520,Desk Lamp,Office,225.09,1,Germany,225.09,12,2023
4893,2024-11-24,1470,USB Cable,Office,1136.9,4,Germany,4547.6,11,2024
4894,2023-01-14,1160,Desk Lamp,Electronics,1051.74,4,Germany,4206.96,1,2023
4895,2023-01-22,1288,Webcam,Electronics,300.03,1,Germany,300.03,1,2023
4896,2022-08-25,1339,Laptop,Accessories,975.18,4,France,3900.72,8,2022
4897,2023-09-08,1899,Headphones,Accessories,593.54,2,Germany,1187.08,9,2023
4898,2022-10-10,1832,Headphones,Accessories,1023.3,4,Israel,4093.2,10,2022
4899,2022-01-01,1501,USB Cable,Accessories,746.66,3,Germany,2239.98,1,2022
4900,2023-04-09,1105,USB Cable,Office,76.97,3,Israel,230.91,4,2023
4901,2024-08-24,1801,Mouse,Accessories,1181.52,1,France,1181.52,8,2024
4902,2022-06-21,1474,USB Cable,Accessories,835.62,4,Israel,3342.48,6,2022
4903,2024-04-22,1852,Monitor,Accessories,1088.57,3,Canada,3265.71,4,2024
4904,2023-11-21,1599,Headphones,Electronics,193.48,1,Israel,193.48,11,2023
4905,2023-07-29,1462,Mouse,Electronics,1083.3,3,USA,3249.9,7,2023
4906,2022-06-14,1482,Desk Lamp,Electronics,623.43,1,Israel,623.43,6,2022
4907,2023-01-18,1703,Monitor,Accessories,1199.9,3,Canada,3599.7,1,2023
4908,2022-07-28,1152,USB Cable,Office,900.75,3,USA,2702.25,7,2022
4909,2022-08-12,1822,USB Cable,Accessories,535.58,4,Canada,2142.32,8,2022
4910,2022-01-03,1648,Laptop,Electronics,306.87,1,Germany,306.87,1,2022
4911,2023-01-07,1784,Mouse,Electronics,1224.81,3,Israel,3674.43,1,2023
4912,2023-09-03,1148,Monitor,Accessories,842.49,1,Israel,842.49,9,2023
4913,2022-04-26,1187,Keyboard,Office,1481.26,4,UK,5925.04,4,2022
4914,2023-03-23,1652,USB Cable,Office,563.37,3,Germany,1690.11,3,2023
4915,2023-02-19,1130,Webcam,Office,1030.15,2,Israel,2060.3,2,2023
4916,2024-06-10,1451,Webcam,Electronics,936.12,2,Israel,1872.24,6,2024
4917,2024-11-13,1515,USB Cable,Electronics,958.18,2,UK,1916.36,11,2024
4918,2023-10-25,1490,Keyboard,Office,1106.79,1,USA,1106.79,10,2023
4919,2024-12-09,1475,Headphones,Accessories,212.97,4,Germany,851.88,12,2024
4920,2023-12-19,1262,Webcam,Office,826.72,1,UK,826.72,12,2023
4921,2024-11-16,1537,Monitor,Accessories,766.15,1,Germany,766.15,11,2024
4922,2022-09-28,1458,USB Cable,Electronics,517.08,2,Germany,1034.16,9,2022
4923,2023-07-16,1535,USB Cable,Electronics,657.04,4,USA,2628.16,7,2023
4924,2024-03-14,1777,USB Cable,Electronics,780.62,3,USA,2341.86,3,2024
4925,2022-09-04,1740,Keyboard,Office,484.78,1,France,484.78,9,2022
4926,2023-01-22,1780,Headphones,Office,443.27,2,UK,886.54,1,2023
4927,2023-12-03,1636,Mouse,Electronics,1108.72,1,Canada,1108.72,12,2023
4928,2023-07-13,1683,USB Cable,Electronics,105.04,1,UK,105.04,7,2023
4929,2024-08-30,1745,Mouse,Electronics,472.88,4,Germany,1891.52,8,2024
4930,2024-09-10,1294,Monitor,Office,982.3,3,France,2946.9,9,2024
4931,2022-12-18,1914,Monitor,Office,317.12,1,France,317.12,12,2022
4932,2024-01-23,1434,Desk Lamp,Electronics,860.55,1,Germany,860.55,1,2024
4933,2024-02-20,1274,Monitor,Office,456.74,3,USA,1370.22,2,2024
4934,2024-10-21,1587,Webcam,Office,1265.74,4,France,5062.96,10,2024
4935,2023-06-30,1307,Monitor,Office,528.23,1,UK,528.23,6,2023
4936,2022-03-20,1725,Desk Lamp,Office,348.13,4,USA,1392.52,3,2022
4937,2022-11-30,1942,USB Cable,Electronics,797.51,4,Israel,3190.04,11,2022
4938,2024-06-07,1996,Keyboard,Electronics,207.81,1,France,207.81,6,2024
4939,2023-05-17,1375,Keyboard,Office,1197.24,3,Germany,3591.72,5,2023
4940,2024-02-04,1157,Headphones,Electronics,1021.64,1,UK,1021.64,2,2024
4941,2024-07-09,1813,Keyboard,Electronics,1156.91,1,France,1156.91,7,2024
4942,2023-07-04,1203,Desk Lamp,Electronics,601.32,2,Germany,1202.64,7,2023
4943,2022-01-14,1988,Webcam,Accessories,1253.33,3,UK,3759.99,1,2022
4944,2023-01-27,1660,Desk Lamp,Electronics,742.85,2,France,1485.7,1,2023
4945,2022-11-06,1074,Mouse,Electronics,146.58,3,UK,439.74,11,2022
4946,2023-01-21,1379,Desk Lamp,Office,339.92,1,Israel,339.92,1,2023
4947,2024-08-31,1740,Headphones,Office,1068.02,4,UK,4272.08,8,2024
4948,2022-12-06,1303,Keyboard,Accessories,1345.15,2,Germany,2690.3,12,2022
4949,2023-08-20,1061,Monitor,Accessories,147.3,2,France,294.6,8,2023
4950,2024-01-27,1569,Keyboard,Electronics,1297.0,2,Germany,2594.0,1,2024
4951,2024-11-11,1785,Laptop,Electronics,1199.61,2,Israel,2399.22,11,2024
4952,2022-10-18,1107,Headphones,Office,538.06,3,Canada,1614.18,10,2022
4953,2022-11-02,1186,USB Cable,Electronics,1035.47,4,USA,4141.88,11,2022
4954,2023-09-26,1986,USB Cable,Electronics,284.49,4,UK,1137.96,9,2023
4955,2023-09-17,1228,Webcam,Electronics,1221.02,1,Germany,1221.02,9,2023
4956,2024-07-27,1047,Keyboard,Electronics,987.72,1,Canada,987.72,7,2024
4957,2024-04-27,1830,Keyboard,Electronics,661.05,2,France,1322.1,4,2024
4958,2023-03-18,1267,Webcam,Electronics,1297.45,1,France,1297.45,3,2023
4959,2023-05-18,1726,Desk Lamp,Electronics,213.16,1,USA,213.16,5,2023
4960,2022-05-10,1801,Mouse,Electronics,1269.45,3,France,3808.35,5,2022
4961,2023-08-20,1253,Monitor,Office,40.71,1,Israel,40.71,8,2023
4962,2024-05-11,1956,Desk Lamp,Accessories,1131.03,1,USA,1131.03,5,2024
4963,2023-08-16,1869,Monitor,Electronics,862.18,1,Israel,862.18,8,2023
4964,2024-09-25,1086,Mouse,Office,1046.6,4,UK,4186.4,9,2024
4965,2022-11-21,1180,Mouse,Electronics,621.46,4,Israel,2485.84,11,2022
4966,2024-12-28,1024,Laptop,Electronics,1297.34,1,UK,1297.34,12,2024
4967,2023-03-24,1957,Desk Lamp,Accessories,473.16,2,Israel,946.32,3,2023
4968,2024-03-29,1387,Webcam,Office,416.06,4,USA,1664.24,3,2024
4969,2023-12-10,1221,Headphones,Electronics,456.12,3,UK,1368.36,12,2023
4970,2022-09-22,1989,Monitor,Accessories,1162.67,3,Canada,3488.01,9,2022
4971,2023-09-04,1396,Mouse,Accessories,745.46,3,Israel,2236.38,9,2023
4972,2024-04-11,1937,Mouse,Electronics,807.94,1,Israel,807.94,4,2024
4973,2023-11-05,1510,Webcam,Electronics,1248.32,2,France,2496.64,11,2023
4974,2022-06-06,1560,USB Cable,Office,1250.88,3,Israel,3752.64,6,2022
4975,2022-09-08,1845,Headphones,Office,246.8,2,France,493.6,9,2022
4976,2024-05-27,1439,Mouse,Electronics,826.9,3,Israel,2480.7,5,2024
4977,2023-06-14,1174,USB Cable,Electronics,193.4,2,Germany,386.8,6,2023
4978,2022-11-23,1903,Laptop,Accessories,1303.45,1,France,1303.45,11,2022
4979,2024-08-18,1310,Headphones,Office,1256.32,1,USA,1256.32,8,2024
4980,2024-06-13,1983,USB Cable,Electronics,1274.78,3,USA,3824.34,6,2024
4981,2022-04-07,1273,Laptop,Electronics,1058.76,3,UK,3176.28,4,2022
4982,2023-05-28,1034,Keyboard,Office,702.98,4,Canada,2811.92,5,2023
4983,2022-08-04,1216,Monitor,Electronics,610.06,3,Canada,1830.18,8,2022
4984,2022-05-05,1720,Mouse,Accessories,595.86,4,USA,2383.44,5,2022
4985,2022-02-28,1671,USB Cable,Accessories,103.99,4,UK,415.96,2,2022
4986,2022-06-10,1407,Headphones,Electronics,1423.56,1,USA,1423.56,6,2022
4987,2022-10-11,1518,Laptop,Office,678.16,1,France,678.16,10,2022
4988,2022-04-16,1268,Monitor,Accessories,1395.52,4,Germany,5582.08,4,2022
4989,2022-08-16,1637,Desk Lamp,Office,1319.49,3,UK,3958.47,8,2022
4990,2022-11-14,1474,Monitor,Office,1243.77,4,Germany,4975.08,11,2022
4991,2024-03-12,1879,Desk Lamp,Office,884.52,3,Israel,2653.56,3,2024
4992,2024-05-23,1324,Desk Lamp,Accessories,156.83,1,Israel,156.83,5,2024
4993,2023-04-17,1355,Mouse,Accessories,489.25,3,Germany,1467.75,4,2023
4994,2024-12-15,1089,USB Cable,Electronics,907.36,4,France,3629.44,12,2024
4995,2023-09-17,1041,Desk Lamp,Office,25.12,3,Germany,75.36,9,2023
4996,2022-01-13,1364,Monitor,Accessories,68.73,4,Germany,274.92,1,2022
4997,2024-11-07,1670,Mouse,Accessories,1018.11,3,Germany,3054.33,11,2024
4998,2023-11-25,1201,USB Cable,Electronics,1332.86,4,UK,5331.44,11,2023
4999,2024-08-30,1365,Desk Lamp,Accessories,1283.47,1,UK,1283.47,8,2024
5000,2022-04-23,1793,USB Cable,Accessories,256.38,4,Germany,1025.52,4,2022
5001,2022-08-17,1981,Keyboard,Accessories,1367.29,1,Canada,1367.29,8,2022
5002,2022-06-20,1843,Mouse,Electronics,1045.97,4,France,4183.88,6,2022
5003,2022-10-22,1287,Webcam,Electronics,1075.91,4,Israel,4303.64,10,2022
5004,2022-07-08,1602,Desk Lamp,Office,459.54,2,Israel,919.08,7,2022
5005,2023-03-02,1480,Laptop,Accessories,1075.42,2,Israel,2150.84,3,2023
5006,2024-09-03,1636,Webcam,Electronics,1066.11,2,USA,2132.22,9,2024
5007,2023-10-20,1500,USB Cable,Electronics,894.02,2,France,1788.04,10,2023
5008,2024-07-07,1637,USB Cable,Electronics,539.15,3,UK,1617.45,7,2024
5009,2023-05-14,1051,Monitor,Office,1217.47,1,Israel,1217.47,5,2023
5010,2024-02-01,1915,Monitor,Office,1406.59,1,UK,1406.59,2,2024
5011,2024-05-15,1102,Monitor,Office,1305.48,2,UK,2610.96,5,2024
5012,2024-04-05,1360,USB Cable,Office,368.25,3,UK,1104.75,4,2024
5013,2022-03-12,1423,Mouse,Office,671.28,4,Canada,2685.12,3,2022
5014,2022-09-05,1698,Headphones,Accessories,516.91,4,UK,2067.64,9,2022
5015,2022-05-26,1204,Mouse,Accessories,1062.68,1,Germany,1062.68,5,2022
5016,2023-08-05,1013,Laptop,Electronics,1248.08,1,UK,1248.08,8,2023
5017,2023-04-15,1939,Mouse,Office,327.62,3,USA,982.86,4,2023
5018,2022-07-12,1615,Monitor,Office,1421.18,4,UK,5684.72,7,2022
5019,2024-12-27,1628,Keyboard,Electronics,1017.61,3,Israel,3052.83,12,2024
5020,2023-05-09,1469,Laptop,Accessories,331.58,4,UK,1326.32,5,2023
5021,2022-02-21,1465,Webcam,Office,559.79,2,Israel,1119.58,2,2022
5022,2024-05-31,1303,Keyboard,Office,161.39,2,UK,322.78,5,2024
5023,2022-12-29,1604,Laptop,Office,897.62,3,France,2692.86,12,2022
5024,2024-07-05,1426,Laptop,Accessories,257.94,1,Germany,257.94,7,2024
5025,2023-04-19,1655,USB Cable,Accessories,1041.17,3,Israel,3123.51,4,2023
5026,2023-06-05,1109,Monitor,Office,1107.18,3,USA,3321.54,6,2023
5027,2023-11-22,1674,USB Cable,Office,721.61,4,UK,2886.44,11,2023
5028,2023-06-16,1564,Desk Lamp,Electronics,145.26,4,Israel,581.04,6,2023
5029,2024-04-19,1929,Webcam,Electronics,918.26,4,Canada,3673.04,4,2024
5030,2024-12-24,1514,Mouse,Accessories,561.45,4,Germany,2245.8,12,2024
5031,2022-08-29,1067,USB Cable,Electronics,1424.72,1,Canada,1424.72,8,2022
5032,2023-06-20,1245,Desk Lamp,Office,772.24,1,UK,772.24,6,2023
5033,2022-03-24,1388,Webcam,Accessories,113.04,2,Germany,226.08,3,2022
5034,2024-09-08,1649,Monitor,Electronics,955.89,3,USA,2867.67,9,2024
5035,2024-08-08,1307,Monitor,Accessories,1170.13,2,Israel,2340.26,8,2024
5036,2023-09-03,1924,Desk Lamp,Office,244.95,4,USA,979.8,9,2023
5037,2023-07-28,1351,USB Cable,Electronics,676.34,3,Germany,2029.02,7,2023
5038,2022-10-13,1798,Monitor,Electronics,1116.08,4,France,4464.32,10,2022
5039,2024-09-15,1065,Keyboard,Electronics,35.64,3,France,106.92,9,2024
5040,2023-04-04,1459,Webcam,Office,48.31,1,Canada,48.31,4,2023
5041,2022-05-06,1346,Webcam,Accessories,1016.98,4,Israel,4067.92,5,2022
5042,2023-03-01,1324,Laptop,Electronics,1089.06,3,UK,3267.18,3,2023
5043,2023-07-08,1932,Headphones,Accessories,1269.57,3,Canada,3808.71,7,2023
5044,2023-09-02,1666,Mouse,Accessories,602.4,4,USA,2409.6,9,2023
5045,2022-04-22,1598,Desk Lamp,Accessories,587.72,1,France,587.72,4,2022
5046,2023-02-06,1032,Monitor,Office,830.79,1,France,830.79,2,2023
5047,2022-05-02,1067,Webcam,Office,1137.2,1,UK,1137.2,5,2022
5048,2022-09-30,1186,Webcam,Electronics,963.28,3,USA,2889.84,9,2022
5049,2023-02-02,1191,Laptop,Electronics,494.35,1,Germany,494.35,2,2023
5050,2023-04-16,1212,Desk Lamp,Accessories,523.09,3,Canada,1569.27,4,2023
5051,2024-09-11,1599,Mouse,Accessories,1145.69,2,France,2291.38,9,2024
5052,2023-07-23,1427,Headphones,Accessories,804.3,1,Israel,804.3,7,2023
5053,2024-06-15,1350,Headphones,Office,151.47,4,Israel,605.88,6,2024
5054,2024-03-30,1107,Monitor,Office,233.73,4,Germany,934.92,3,2024
5055,2024-05-02,1239,Headphones,Electronics,1277.53,4,UK,5110.12,5,2024
5056,2023-12-11,1215,Headphones,Accessories,1498.21,4,UK,5992.84,12,2023
5057,2022-11-17,1176,USB Cable,Accessories,506.85,2,Canada,1013.7,11,2022
5058,2022-06-28,1564,Mouse,Office,583.12,2,France,1166.24,6,2022
5059,2024-06-15,1329,Desk Lamp,Electronics,235.96,1,Canada,235.96,6,2024
5060,2022-08-07,1560,Mouse,Accessories,357.39,1,France,357.39,8,2022
5061,2024-02-28,1880,USB Cable,Accessories,639.82,4,France,2559.28,2,2024
5062,2023-05-07,1625,Monitor,Electronics,430.16,4,Germany,1720.64,5,2023
5063,2022-03-02,1449,Webcam,Accessories,1053.63,4,Germany,4214.52,3,2022
5064,2024-12-13,1606,Laptop,Office,809.08,3,France,2427.24,12,2024
5065,2023-06-22,1446,Monitor,Electronics,1234.33,1,UK,1234.33,6,2023
5066,2024-04-27,1536,Keyboard,Accessories,1088.16,4,USA,4352.64,4,2024
5067,2024-09-14,1643,Headphones,Accessories,196.51,4,France,786.04,9,2024
5068,2022-03-06,1178,USB Cable,Office,189.47,4,UK,757.88,3,2022
5069,2023-08-09,1394,Laptop,Office,1343.99,2,UK,2687.98,8,2023
5070,2022-06-20,1144,Webcam,Office,1230.17,2,Israel,2460.34,6,2022
5071,2023-06-19,1875,Webcam,Accessories,704.54,2,Canada,1409.08,6,2023
5072,2023-11-24,1961,Mouse,Accessories,199.89,3,USA,599.67,11,2023
5073,2022-04-18,1197,Keyboard,Accessories,1348.37,3,France,4045.11,4,2022
5074,2024-03-24,1968,Desk Lamp,Electronics,349.9,1,USA,349.9,3,2024
5075,2024-10-01,1836,Webcam,Office,58.12,4,France,232.48,10,2024
5076,2023-03-28,1083,Keyboard,Electronics,1386.74,1,Canada,1386.74,3,2023
5077,2023-08-13,1668,Headphones,Office,1214.36,1,USA,1214.36,8,2023
5078,2024-11-05,1084,Mouse,Accessories,1041.76,2,USA,2083.52,11,2024
5079,2022-11-23,1456,Laptop,Electronics,55.88,4,UK,223.52,11,2022
5080,2023-08-31,1475,Mouse,Electronics,795.0,2,USA,1590.0,8,2023
5081,2023-10-21,1252,Headphones,Office,982.19,2,USA,1964.38,10,2023
5082,2022-01-02,1886,USB Cable,Electronics,1140.22,4,Canada,4560.88,1,2022
5083,2024-10-30,1071,Webcam,Electronics,709.26,1,France,709.26,10,2024
5084,2023-03-10,1222,Keyboard,Accessories,1430.26,1,UK,1430.26,3,2023
5085,2022-05-05,1275,USB Cable,Office,370.95,2,USA,741.9,5,2022
5086,2023-04-30,1794,Headphones,Electronics,109.25,4,UK,437.0,4,2023
5087,2023-10-14,1775,Webcam,Accessories,502.49,1,UK,502.49,10,2023
5088,2024-03-10,1245,Monitor,Electronics,994.4,3,Germany,2983.2,3,2024
5089,2024-05-22,1340,Desk Lamp,Accessories,1107.05,1,France,1107.05,5,2024
5090,2022-05-09,1572,Keyboard,Electronics,1109.05,4,Germany,4436.2,5,2022
5091,2023-03-14,1923,Headphones,Accessories,170.46,4,UK,681.84,3,2023
5092,2024-01-21,1470,Laptop,Accessories,1328.21,4,Canada,5312.84,1,2024
5093,2023-05-16,1453,Laptop,Office,424.85,2,Canada,849.7,5,2023
5094,2024-12-17,1770,Webcam,Accessories,318.82,1,USA,318.82,12,2024
5095,2022-07-30,1964,Webcam,Electronics,923.61,3,France,2770.83,7,2022
5096,2024-06-20,1968,Laptop,Accessories,321.71,2,Israel,643.42,6,2024
5097,2022-02-14,1006,Desk Lamp,Accessories,764.52,1,France,764.52,2,2022
5098,2023-06-19,1187,Monitor,Electronics,613.51,4,Germany,2454.04,6,2023
5099,2023-04-06,1003,Mouse,Electronics,351.89,1,France,351.89,4,2023
5100,2023-01-26,1742,Laptop,Accessories,441.63,4,USA,1766.52,1,2023
5101,2024-12-03,1644,Desk Lamp,Electronics,643.97,4,France,2575.88,12,2024
5102,2022-01-27,1906,Desk Lamp,Accessories,522.51,1,Israel,522.51,1,2022
5103,2024-03-04,1124,Webcam,Accessories,575.46,1,Canada,575.46,3,2024
5104,2024-09-01,1014,Webcam,Accessories,1104.47,3,Germany,3313.41,9,2024
5105,2023-07-02,1959,Monitor,Electronics,256.73,1,Germany,256.73,7,2023
5106,2023-09-13,1993,Laptop,Office,943.29,1,UK,943.29,9,2023
5107,2023-07-21,1524,Monitor,Office,1018.85,2,Germany,2037.7,7,2023
5108,2023-12-05,1629,Desk Lamp,Accessories,1204.12,4,Israel,4816.48,12,2023
5109,2022-07-04,1239,Laptop,Accessories,1271.75,4,Israel,5087.0,7,2022
5110,2024-12-28,1774,Mouse,Electronics,242.2,3,Canada,726.6,12,2024
5111,2024-04-27,1359,Headphones,Office,211.7,2,Germany,423.4,4,2024
5112,2023-08-22,1517,Laptop,Office,924.08,3,Canada,2772.24,8,2023
5113,2024-03-16,1951,Headphones,Office,1136.59,1,France,1136.59,3,2024
5114,2022-03-20,1319,Laptop,Electronics,412.13,3,Israel,1236.39,3,2022
5115,2023-08-02,1230,Mouse,Electronics,791.14,4,Germany,3164.56,8,2023
5116,2023-02-17,1945,Desk Lamp,Electronics,1159.5,2,Germany,2319.0,2,2023
5117,2023-06-30,1029,USB Cable,Accessories,1152.42,1,France,1152.42,6,2023
5118,2022-06-18,1533,Webcam,Electronics,982.46,2,Canada,1964.92,6,2022
5119,2023-11-12,1920,Headphones,Accessories,122.79,2,Germany,245.58,11,2023
5120,2023-08-06,1155,Desk Lamp,Accessories,80.71,3,USA,242.13,8,2023
5121,2023-05-30,1629,Monitor,Accessories,585.73,1,UK,585.73,5,2023
5122,2022-02-01,1851,Laptop,Accessories,44.9,2,Israel,89.8,2,2022
5123,2022-10-14,1934,Webcam,Electronics,1356.7,2,France,2713.4,10,2022
5124,2023-08-17,1962,Laptop,Electronics,35.12,3,France,105.36,8,2023
5125,2024-12-02,1900,Monitor,Office,49.27,2,UK,98.54,12,2024
5126,2023-09-09,1704,Desk Lamp,Office,252.16,4,USA,1008.64,9,2023
5127,2024-10-21,1398,Mouse,Accessories,942.39,4,UK,3769.56,10,2024
5128,2022-09-27,1345,Keyboard,Office,814.62,1,Germany,814.62,9,2022
5129,2023-06-02,1194,Laptop,Office,990.93,1,Canada,990.93,6,2023
5130,2024-10-30,1167,USB Cable,Office,1340.86,3,France,4022.58,10,2024
5131,2023-08-06,1376,Monitor,Accessories,685.14,2,Canada,1370.28,8,2023
5132,2022-08-14,1488,Keyboard,Office,70.59,3,Canada,211.77,8,2022
5133,2023-11-01,1750,Laptop,Electronics,1146.43,3,Canada,3439.29,11,2023
5134,2024-07-05,1361,Headphones,Accessories,1218.89,4,Canada,4875.56,7,2024
5135,2022-05-06,1481,Desk Lamp,Electronics,79.58,2,Germany,159.16,5,2022
5136,2024-08-13,1243,Webcam,Accessories,368.06,4,France,1472.24,8,2024
5137,2022-03-15,1580,Webcam,Electronics,1157.04,4,Canada,4628.16,3,2022
5138,2022-02-25,1606,Monitor,Office,567.35,1,France,567.35,2,2022
5139,2023-12-21,1588,Headphones,Accessories,711.61,3,Canada,2134.83,12,2023
5140,2023-07-07,1170,Mouse,Electronics,1235.65,4,Germany,4942.6,7,2023
5141,2022-02-01,1512,Keyboard,Accessories,146.46,1,UK,146.46,2,2022
5142,2023-07-28,1405,Monitor,Electronics,1017.54,1,Canada,1017.54,7,2023
5143,2023-10-29,1573,USB Cable,Office,326.4,2,Israel,652.8,10,2023
5144,2022-10-11,1206,Laptop,Accessories,98.66,2,Israel,197.32,10,2022
5145,2022-07-06,1153,Webcam,Accessories,995.43,4,UK,3981.72,7,2022
5146,2023-05-13,1785,Laptop,Electronics,186.51,1,USA,186.51,5,2023
5147,2022-05-10,1047,Keyboard,Electronics,1121.78,1,UK,1121.78,5,2022
5148,2023-10-01,1648,Headphones,Office,308.04,1,UK,308.04,10,2023
5149,2022-04-24,1000,Headphones,Electronics,77.53,3,UK,232.59,4,2022
5150,2022-01-13,1746,Monitor,Electronics,153.45,1,Israel,153.45,1,2022
5151,2023-03-20,1904,Monitor,Electronics,1262.7,3,France,3788.1,3,2023
5152,2023-03-23,1767,Headphones,Office,559.6,2,USA,1119.2,3,2023
5153,2024-09-12,1406,Monitor,Office,456.89,4,USA,1827.56,9,2024
5154,2024-09-19,1106,Headphones,Accessories,739.34,2,USA,1478.68,9,2024
5155,2023-12-16,1172,Keyboard,Office,951.23,4,Germany,3804.92,12,2023
5156,2022-03-15,1505,Monitor,Electronics,60.47,1,Canada,60.47,3,2022
5157,2023-06-21,1129,Headphones,Accessories,1347.79,4,UK,5391.16,6,2023
5158,2022-04-11,1397,Monitor,Office,1437.93,4,France,5751.72,4,2022
5159,2022-06-25,1293,Laptop,Office,628.87,2,France,1257.74,6,2022
5160,2023-03-03,1551,Desk Lamp,Electronics,621.88,4,Germany,2487.52,3,2023
5161,2022-02-10,1446,Webcam,Electronics,1318.45,1,Israel,1318.45,2,2022
5162,2023-03-05,1849,Laptop,Office,646.82,3,Germany,1940.46,3,2023
5163,2022-12-10,1015,Mouse,Accessories,1285.0,1,Germany,1285.0,12,2022
5164,2023-01-01,1638,Headphones,Electronics,47.36,4,UK,189.44,1,2023
5165,2023-09-01,1884,Mouse,Office,737.03,2,Israel,1474.06,9,2023
5166,2023-10-19,1348,Headphones,Office,1428.88,1,Canada,1428.88,10,2023
5167,2023-12-29,1202,Desk Lamp,Electronics,382.94,4,Canada,1531.76,12,2023
5168,2022-08-17,1133,Webcam,Accessories,402.9,2,Germany,805.8,8,2022
5169,2024-04-04,1770,Monitor,Accessories,947.03,3,Canada,2841.09,4,2024
5170,2024-06-07,1525,Headphones,Accessories,1389.66,2,France,2779.32,6,2024
5171,2024-09-10,1507,Desk Lamp,Electronics,302.12,4,UK,1208.48,9,2024
5172,2024-04-15,1065,Laptop,Electronics,1382.87,2,Canada,2765.74,4,2024
5173,2022-04-27,1479,Monitor,Electronics,996.19,4,Israel,3984.76,4,2022
5174,2024-03-28,1862,Webcam,Accessories,1489.61,2,France,2979.22,3,2024
5175,2023-01-03,1458,Laptop,Accessories,1106.01,2,USA,2212.02,1,2023
5176,2022-06-17,1341,Monitor,Electronics,1003.36,2,UK,2006.72,6,2022
5177,2024-08-11,1706,Headphones,Electronics,1223.28,4,France,4893.12,8,2024
5178,2023-10-23,1625,Headphones,Electronics,266.83,2,Germany,533.66,10,2023
5179,2023-11-26,1158,Laptop,Accessories,1419.25,4,Germany,5677.0,11,2023
5180,2024-07-13,1160,Keyboard,Office,252.57,1,UK,252.57,7,2024
5181,2022-06-01,1253,Headphones,Office,43.38,3,Israel,130.14,6,2022
5182,2023-08-09,1983,Desk Lamp,Accessories,1048.3,1,Germany,1048.3,8,2023
5183,2024-07-01,1896,Keyboard,Electronics,280.97,3,France,842.91,7,2024
5184,2022-10-01,1939,Monitor,Electronics,1139.34,4,USA,4557.36,10,2022
5185,2023-05-11,1526,Keyboard,Electronics,1193.58,1,Israel,1193.58,5,2023
5186,2022-04-11,1548,Laptop,Electronics,358.87,3,UK,1076.61,4,2022
5187,2023-07-11,1154,Mouse,Accessories,134.65,3,Germany,403.95,7,2023
5188,2022-03-14,1485,Mouse,Office,753.73,1,Israel,753.73,3,2022
5189,2024-11-03,1431,Laptop,Office,1335.88,1,USA,1335.88,11,2024
5190,2022-06-06,1026,USB Cable,Accessories,1271.7,4,Israel,5086.8,6,2022
5191,2024-01-05,1011,Desk Lamp,Electronics,180.04,3,Israel,540.12,1,2024
5192,2022-05-12,1066,Mouse,Office,1447.35,4,UK,5789.4,5,2022
5193,2024-10-15,1541,Laptop,Accessories,399.6,4,USA,1598.4,10,2024
5194,2023-07-13,1095,Headphones,Electronics,527.34,2,USA,1054.68,7,2023
5195,2022-04-17,1214,Keyboard,Office,227.83,4,Israel,911.32,4,2022
5196,2022-09-22,1193,Mouse,Accessories,569.82,3,Germany,1709.46,9,2022
5197,2022-06-04,1646,Headphones,Office,955.28,2,Israel,1910.56,6,2022
5198,2024-09-14,1289,Mouse,Office,761.59,4,France,3046.36,9,2024
5199,2024-09-23,1543,Monitor,Accessories,1242.17,4,Germany,4968.68,9,2024
5200,2022-09-04,1884,Laptop,Accessories,963.74,3,UK,2891.22,9,2022
5201,2023-06-15,1038,Laptop,Office,399.0,2,USA,798.0,6,2023
5202,2024-05-07,1863,Desk Lamp,Office,838.37,1,Canada,838.37,5,2024
5203,2023-06-22,1938,Headphones,Accessories,100.97,1,Germany,100.97,6,2023
5204,2023-12-30,1938,USB Cable,Electronics,873.28,2,UK,1746.56,12,2023
5205,2022-06-03,1205,Monitor,Electronics,587.55,2,Israel,1175.1,6,2022
5206,2022-04-02,1898,Keyboard,Electronics,152.11,2,UK,304.22,4,2022
5207,2022-12-04,1941,Desk Lamp,Electronics,464.66,2,France,929.32,12,2022
5208,2023-03-26,1927,Monitor,Accessories,1347.64,1,Canada,1347.64,3,2023
5209,2024-03-20,1554,USB Cable,Electronics,881.13,4,UK,3524.52,3,2024
5210,2024-02-26,1483,Monitor,Office,1355.38,3,Canada,4066.14,2,2024
5211,2022-09-30,1336,Webcam,Electronics,619.15,1,Canada,619.15,9,2022
5212,2023-08-11,1495,Keyboard,Accessories,1468.47,3,Germany,4405.41,8,2023
5213,2022-06-26,1770,Desk Lamp,Electronics,543.23,1,USA,543.23,6,2022
5214,2024-04-10,1248,Keyboard,Electronics,1136.42,2,Germany,2272.84,4,2024
5215,2023-10-05,1073,Monitor,Accessories,461.58,1,Germany,461.58,10,2023
5216,2024-12-08,1372,Desk Lamp,Electronics,163.46,1,USA,163.46,12,2024
5217,2023-07-21,1830,Mouse,Accessories,1250.42,2,France,2500.84,7,2023
5218,2023-10-28,1878,Webcam,Electronics,1145.06,4,Germany,4580.24,10,2023
5219,2024-05-17,1807,Mouse,Accessories,1231.84,2,USA,2463.68,5,2024
5220,2024-12-05,1785,Monitor,Electronics,453.04,4,USA,1812.16,12,2024
5221,2022-10-29,1834,Mouse,Office,1056.97,1,Germany,1056.97,10,2022
5222,2024-05-17,1870,Keyboard,Office,333.78,1,Canada,333.78,5,2024
5223,2024-06-30,1701,Desk Lamp,Accessories,21.91,3,USA,65.73,6,2024
5224,2023-02-12,1137,Keyboard,Accessories,1300.4,3,Canada,3901.2,2,2023
5225,2024-04-01,1947,Mouse,Accessories,787.67,1,Israel,787.67,4,2024
5226,2023-07-15,1456,Desk Lamp,Office,1475.56,3,Germany,4426.68,7,2023
5227,2023-04-09,1813,Keyboard,Accessories,580.63,4,Canada,2322.52,4,2023
5228,2022-05-24,1822,Laptop,Electronics,1435.53,2,France,2871.06,5,2022
5229,2023-03-18,1941,Keyboard,Accessories,924.51,1,Israel,924.51,3,2023
5230,2023-05-02,1842,Monitor,Accessories,770.75,1,France,770.75,5,2023
5231,2024-05-09,1443,Headphones,Electronics,457.7,3,Canada,1373.1,5,2024
5232,2022-05-28,1352,Mouse,Electronics,1238.79,1,Germany,1238.79,5,2022
5233,2024-12-30,1995,Webcam,Office,1244.05,1,UK,1244.05,12,2024
5234,2024-03-21,1793,USB Cable,Electronics,628.31,4,USA,2513.24,3,2024
5235,2023-10-28,1410,Mouse,Electronics,1092.3,4,Israel,4369.2,10,2023
5236,2022-03-31,1677,USB Cable,Accessories,673.62,2,Germany,1347.24,3,2022
5237,2022-07-18,1789,USB Cable,Office,1110.79,1,USA,1110.79,7,2022
5238,2023-06-22,1537,Keyboard,Electronics,1491.31,3,Canada,4473.93,6,2023
5239,2022-10-28,1981,Keyboard,Office,397.43,2,UK,794.86,10,2022
5240,2023-12-25,1452,Desk Lamp,Electronics,952.91,3,France,2858.73,12,2023
5241,2024-08-20,1418,Desk Lamp,Office,572.92,1,Germany,572.92,8,2024
5242,2022-03-09,1449,Headphones,Electronics,824.82,3,Germany,2474.46,3,2022
5243,2023-04-04,1994,Headphones,Accessories,1311.85,3,Canada,3935.55,4,2023
5244,2023-02-02,1584,Webcam,Office,524.63,2,UK,1049.26,2,2023
5245,2023-09-12,1114,Monitor,Office,113.22,1,France,113.22,9,2023
5246,2023-12-31,1050,Laptop,Electronics,1199.41,2,Germany,2398.82,12,2023
5247,2023-07-10,1368,Monitor,Office,834.76,1,Canada,834.76,7,2023
5248,2024-02-20,1913,Desk Lamp,Electronics,676.85,4,USA,2707.4,2,2024
5249,2024-06-12,1682,Webcam,Office,279.08,2,Canada,558.16,6,2024
5250,2023-09-02,1779,Mouse,Office,143.81,1,UK,143.81,9,2023
5251,2024-01-18,1514,Keyboard,Accessories,421.71,4,Germany,1686.84,1,2024
5252,2022-10-09,1209,Monitor,Accessories,1079.76,4,Canada,4319.04,10,2022
5253,2023-10-23,1887,USB Cable,Office,620.6,4,France,2482.4,10,2023
5254,2024-07-12,1997,Keyboard,Accessories,857.49,2,Israel,1714.98,7,2024
5255,2024-09-22,1902,Keyboard,Office,127.66,4,Germany,510.64,9,2024
5256,2024-01-16,1992,Monitor,Electronics,189.25,1,France,189.25,1,2024
5257,2022-03-28,1901,Monitor,Office,21.9,2,UK,43.8,3,2022
5258,2024-03-01,1849,USB Cable,Office,1011.56,3,France,3034.68,3,2024
5259,2022-10-31,1812,Desk Lamp,Accessories,400.36,4,France,1601.44,10,2022
5260,2022-05-10,1894,USB Cable,Accessories,1450.56,2,UK,2901.12,5,2022
5261,2023-08-19,1853,Headphones,Electronics,466.14,3,Israel,1398.42,8,2023
5262,2023-07-12,1626,Desk Lamp,Electronics,548.61,2,Canada,1097.22,7,2023
5263,2024-06-17,1678,Webcam,Electronics,706.89,4,USA,2827.56,6,2024
5264,2022-03-19,1434,Webcam,Office,482.12,4,Israel,1928.48,3,2022
5265,2024-02-23,1776,USB Cable,Electronics,1227.08,3,USA,3681.24,2,2024
5266,2023-11-05,1226,Laptop,Electronics,1314.93,1,USA,1314.93,11,2023
5267,2022-08-26,1662,Desk Lamp,Accessories,21.5,4,USA,86.0,8,2022
5268,2022-10-05,1267,USB Cable,Accessories,983.72,3,Germany,2951.16,10,2022
5269,2024-11-07,1115,Headphones,Electronics,1030.7,4,Israel,4122.8,11,2024
5270,2023-06-08,1599,Laptop,Electronics,1442.33,1,France,1442.33,6,2023
5271,2022-06-29,1829,Monitor,Office,558.75,3,Germany,1676.25,6,2022
5272,2022-05-03,1753,Webcam,Office,296.94,1,UK,296.94,5,2022
5273,2024-12-10,1359,Webcam,Accessories,783.27,4,UK,3133.08,12,2024
5274,2024-12-30,1328,Laptop,Electronics,674.1,3,USA,2022.3,12,2024
5275,2023-04-25,1844,Mouse,Electronics,1188.64,2,Germany,2377.28,4,2023
5276,2024-11-08,1039,Headphones,Electronics,1356.44,1,Canada,1356.44,11,2024
5277,2022-03-25,1181,Headphones,Electronics,134.63,4,Canada,538.52,3,2022
5278,2023-07-19,1489,Headphones,Electronics,1270.64,4,Germany,5082.56,7,2023
5279,2023-09-11,1208,Webcam,Office,1363.91,1,UK,1363.91,9,2023
5280,2022-12-23,1902,Keyboard,Office,1386.58,3,France,4159.74,12,2022
5281,2024-03-26,1272,Webcam,Electronics,1147.64,2,Israel,2295.28,3,2024
5282,2023-10-09,1118,Keyboard,Office,1114.41,4,Israel,4457.64,10,2023
5283,2023-03-19,1381,Webcam,Office,27.27,1,USA,27.27,3,2023
5284,2024-12-28,1945,Desk Lamp,Electronics,1380.69,1,USA,1380.69,12,2024
5285,2023-06-07,1535,Monitor,Office,530.5,2,USA,1061.0,6,2023
5286,2022-05-23,1257,Webcam,Electronics,66.48,2,UK,132.96,5,2022
5287,2022-07-11,1482,Desk Lamp,Office,622.4,4,UK,2489.6,7,2022
5288,2023-01-13,1508,Desk Lamp,Electronics,1100.61,2,Canada,2201.22,1,2023
5289,2023-08-04,1091,Monitor,Electronics,665.72,1,Israel,665.72,8,2023
5290,2023-06-19,1978,Desk Lamp,Office,1138.23,3,Canada,3414.69,6,2023
5291,2024-10-29,1160,Keyboard,Office,766.57,3,Canada,2299.71,10,2024
5292,2022-04-03,1148,Headphones,Accessories,452.64,1,USA,452.64,4,2022
5293,2023-06-13,1116,Keyboard,Electronics,308.35,1,Canada,308.35,6,2023
5294,2023-02-09,1457,Laptop,Electronics,634.55,1,Germany,634.55,2,2023
5295,2024-04-19,1564,Headphones,Electronics,58.53,4,Canada,234.12,4,2024
5296,2024-06-07,1813,Webcam,Electronics,636.7,1,France,636.7,6,2024
5297,2023-02-26,1044,Webcam,Office,107.59,2,UK,215.18,2,2023
5298,2023-04-17,1776,Webcam,Office,1316.12,1,Canada,1316.12,4,2023
5299,2024-06-11,1997,Webcam,Accessories,865.34,1,USA,865.34,6,2024
5300,2023-07-01,1773,Webcam,Electronics,970.83,4,USA,3883.32,7,2023
5301,2023-09-23,1818,Keyboard,Accessories,436.85,1,UK,436.85,9,2023
5302,2024-11-03,1233,USB Cable,Accessories,342.6,2,Israel,685.2,11,2024
5303,2024-02-17,1374,Monitor,Accessories,1063.32,2,Israel,2126.64,2,2024
5304,2022-12-30,1546,USB Cable,Accessories,1008.99,2,Israel,2017.98,12,2022
5305,2022-04-29,1849,Keyboard,Accessories,188.4,1,Israel,188.4,4,2022
5306,2023-06-30,1948,Mouse,Office,361.77,4,Germany,1447.08,6,2023
5307,2023-06-06,1914,Desk Lamp,Office,1420.13,4,USA,5680.52,6,2023
5308,2023-09-26,1196,USB Cable,Accessories,459.75,4,Israel,1839.0,9,2023
5309,2024-08-20,1024,Keyboard,Office,43.62,2,Israel,87.24,8,2024
5310,2024-08-15,1394,Desk Lamp,Office,100.35,4,Canada,401.4,8,2024
5311,2024-06-01,1713,Headphones,Accessories,1164.36,1,France,1164.36,6,2024
5312,2024-02-19,1784,Webcam,Office,1136.95,1,France,1136.95,2,2024
5313,2024-05-20,1035,Keyboard,Office,575.83,3,USA,1727.49,5,2024
5314,2023-05-31,1473,USB Cable,Electronics,234.04,2,Canada,468.08,5,2023
5315,2024-07-26,1222,Monitor,Accessories,749.67,3,UK,2249.01,7,2024
5316,2024-05-15,1863,USB Cable,Electronics,501.17,3,Israel,1503.51,5,2024
5317,2022-04-16,1788,Webcam,Electronics,564.08,2,Germany,1128.16,4,2022
5318,2022-08-02,1529,USB Cable,Accessories,395.17,2,France,790.34,8,2022
5319,2024-04-29,1187,Laptop,Electronics,98.97,3,Israel,296.91,4,2024
5320,2022-07-16,1401,Mouse,Electronics,1187.78,1,UK,1187.78,7,2022
5321,2022-01-19,1256,Headphones,Office,929.24,3,Germany,2787.72,1,2022
5322,2023-10-04,1653,Monitor,Electronics,1252.78,2,France,2505.56,10,2023
5323,2024-11-01,1135,Mouse,Accessories,757.29,1,Canada,757.29,11,2024
5324,2022-11-26,1961,Keyboard,Office,1477.56,3,UK,4432.68,11,2022
5325,2024-05-15,1818,Mouse,Office,1443.97,3,UK,4331.91,5,2024
5326,2024-02-13,1590,Webcam,Office,411.32,3,Canada,1233.96,2,2024
5327,2023-01-27,1443,Webcam,Accessories,583.53,2,Germany,1167.06,1,2023
5328,2023-09-29,1417,Laptop,Accessories,1130.3,3,Germany,3390.9,9,2023
5329,2022-11-03,1291,Desk Lamp,Accessories,1166.02,2,France,2332.04,11,2022
5330,2024-06-13,1573,Mouse,Electronics,1366.5,1,Germany,1366.5,6,2024
5331,2023-10-14,1128,USB Cable,Electronics,980.69,4,Israel,3922.76,10,2023
5332,2024-04-20,1340,Mouse,Office,715.31,1,Germany,715.31,4,2024
5333,2024-10-22,1809,Webcam,Office,569.59,3,Canada,1708.77,10,2024
5334,2023-06-04,1256,Desk Lamp,Accessories,631.67,2,UK,1263.34,6,2023
5335,2023-09-28,1991,Keyboard,Accessories,1276.36,3,Germany,3829.08,9,2023
5336,2024-01-10,1723,Keyboard,Electronics,1470.11,1,France,1470.11,1,2024
5337,2023-04-14,1565,Headphones,Electronics,82.6,4,Israel,330.4,4,2023
5338,2022-07-31,1686,USB Cable,Accessories,872.47,4,Germany,3489.88,7,2022
5339,2024-10-28,1099,USB Cable,Accessories,782.48,2,Israel,1564.96,10,2024
5340,2024-03-14,1038,Keyboard,Electronics,567.33,1,Germany,567.33,3,2024
5341,2023-04-22,1925,Mouse,Office,1278.11,1,Israel,1278.11,4,2023
5342,2024-05-23,1262,Laptop,Office,865.74,2,Germany,1731.48,5,2024
5343,2023-04-05,1149,Keyboard,Electronics,473.11,2,Germany,946.22,4,2023
5344,2022-09-10,1632,USB Cable,Electronics,668.94,2,USA,1337.88,9,2022
5345,2024-01-22,1689,USB Cable,Office,538.42,3,UK,1615.26,1,2024
5346,2024-09-07,1812,Webcam,Electronics,647.98,3,France,1943.94,9,2024
5347,2024-05-03,1329,Webcam,Office,111.54,2,France,223.08,5,2024
5348,2022-08-24,1119,Headphones,Office,172.31,2,USA,344.62,8,2022
5349,2023-04-23,1583,Desk Lamp,Electronics,937.42,4,Germany,3749.68,4,2023
5350,2023-11-10,1218,Headphones,Accessories,1027.68,4,UK,4110.72,11,2023
5351,2024-11-09,1905,Mouse,Accessories,956.75,3,Israel,2870.25,11,2024
5352,2022-08-04,1909,Keyboard,Accessories,1145.8,4,USA,4583.2,8,2022
5353,2024-05-04,1813,Keyboard,Accessories,1415.58,2,France,2831.16,5,2024
5354,2022-05-15,1122,Headphones,Accessories,1291.62,1,France,1291.62,5,2022
5355,2024-06-23,1243,Keyboard,Accessories,630.67,2,Canada,1261.34,6,2024
5356,2023-02-14,1885,Mouse,Accessories,330.23,4,Canada,1320.92,2,2023
5357,2022-03-27,1586,Laptop,Electronics,471.22,3,France,1413.66,3,2022
5358,2023-07-10,1517,Desk Lamp,Electronics,883.67,2,Germany,1767.34,7,2023
5359,2023-01-13,1020,Webcam,Accessories,1285.03,2,Canada,2570.06,1,2023
5360,2024-12-10,1189,Mouse,Electronics,1054.08,4,Israel,4216.32,12,2024
5361,2022-08-30,1224,Keyboard,Office,816.8,1,Israel,816.8,8,2022
5362,2024-07-08,1914,Mouse,Accessories,904.81,2,Israel,1809.62,7,2024
5363,2022-09-23,1614,Webcam,Office,794.75,3,Germany,2384.25,9,2022
5364,2023-12-13,1855,Monitor,Electronics,1457.58,3,France,4372.74,12,2023
5365,2022-03-11,1465,USB Cable,Accessories,1225.06,1,Canada,1225.06,3,2022
5366,2022-02-26,1098,Webcam,Office,1173.01,4,Canada,4692.04,2,2022
5367,2022-02-08,1829,USB Cable,Electronics,778.41,1,France,778.41,2,2022
5368,2024-03-11,1362,Webcam,Accessories,501.06,3,Germany,1503.18,3,2024
5369,2024-11-07,1996,Monitor,Accessories,34.17,2,UK,68.34,11,2024
5370,2024-01-02,1082,Keyboard,Office,69.93,3,Germany,209.79,1,2024
5371,2024-04-04,1692,Keyboard,Office,50.21,1,Germany,50.21,4,2024
5372,2024-01-26,1663,Desk Lamp,Office,1470.81,3,France,4412.43,1,2024
5373,2022-12-18,1055,Laptop,Electronics,176.15,4,Israel,704.6,12,2022
5374,2022-10-10,1701,Webcam,Office,217.47,1,France,217.47,10,2022
5375,2022-04-20,1929,Mouse,Office,728.8,3,Canada,2186.4,4,2022
5376,2024-10-13,1021,Laptop,Office,724.69,2,UK,1449.38,10,2024
5377,2023-06-28,1579,Keyboard,Accessories,1380.36,2,USA,2760.72,6,2023
5378,2022-01-25,1184,Keyboard,Office,114.93,1,Canada,114.93,1,2022
5379,2024-04-22,1521,Desk Lamp,Office,1436.07,2,USA,2872.14,4,2024
5380,2024-03-01,1577,Desk Lamp,Electronics,328.5,1,Germany,328.5,3,2024
5381,2024-01-08,1263,Desk Lamp,Electronics,1455.38,2,USA,2910.76,1,2024
5382,2022-02-26,1224,Headphones,Office,814.28,3,Canada,2442.84,2,2022
5383,2022-06-29,1634,Laptop,Electronics,979.76,2,Israel,1959.52,6,2022
5384,2022-08-20,1037,Keyboard,Electronics,477.01,3,France,1431.03,8,2022
5385,2022-12-09,1122,Monitor,Electronics,919.68,1,UK,919.68,12,2022
5386,2023-04-22,1829,USB Cable,Accessories,1067.69,2,UK,2135.38,4,2023
5387,2023-07-30,1155,Headphones,Office,20.5,4,UK,82.0,7,2023
5388,2023-03-31,1905,Mouse,Office,56.17,4,Canada,224.68,3,2023
5389,2022-10-16,1300,USB Cable,Office,1479.78,4,Canada,5919.12,10,2022
5390,2022-09-15,1832,Headphones,Electronics,689.05,2,France,1378.1,9,2022
5391,2023-06-14,1993,Desk Lamp,Electronics,1404.05,3,Israel,4212.15,6,2023
5392,2023-11-18,1066,Webcam,Electronics,1096.2,1,UK,1096.2,11,2023
5393,2024-07-17,1904,Webcam,Accessories,562.59,2,USA,1125.18,7,2024
5394,2022-08-17,1644,Mouse,Electronics,230.51,1,Israel,230.51,8,2022
5395,2023-08-19,1873,Monitor,Accessories,1467.34,1,Israel,1467.34,8,2023
5396,2023-03-11,1393,Mouse,Office,878.82,2,Canada,1757.64,3,2023
5397,2024-05-31,1651,Laptop,Electronics,292.57,3,Canada,877.71,5,2024
5398,2024-10-17,1593,USB Cable,Accessories,1024.07,4,Israel,4096.28,10,2024
5399,2023-02-06,1569,Mouse,Accessories,142.61,1,UK,142.61,2,2023
5400,2023-09-14,1660,Mouse,Electronics,1302.72,1,Israel,1302.72,9,2023
5401,2022-03-29,1404,Headphones,Accessories,139.76,2,Canada,279.52,3,2022
5402,2023-08-07,1448,Monitor,Electronics,358.11,1,UK,358.11,8,2023
5403,2022-11-05,1130,Mouse,Accessories,141.69,2,USA,283.38,11,2022
5404,2024-06-24,1068,Laptop,Office,160.16,1,Canada,160.16,6,2024
5405,2022-12-09,1344,Headphones,Office,788.13,3,USA,2364.39,12,2022
5406,2023-03-12,1761,Monitor,Office,1032.05,3,USA,3096.15,3,2023
5407,2022-06-26,1319,Monitor,Electronics,1183.78,4,Canada,4735.12,6,2022
5408,2022-05-19,1176,Keyboard,Office,1044.11,4,Canada,4176.44,5,2022
5409,2022-07-13,1583,Webcam,Office,548.42,3,USA,1645.26,7,2022
5410,2024-07-31,1528,USB Cable,Office,838.15,4,Israel,3352.6,7,2024
5411,2023-06-09,1840,Laptop,Electronics,1391.86,4,Israel,5567.44,6,2023
5412,2024-12-01,1159,Webcam,Accessories,584.43,4,UK,2337.72,12,2024
5413,2024-07-03,1581,Headphones,Electronics,382.34,3,USA,1147.02,7,2024
5414,2022-07-29,1624,Headphones,Electronics,781.38,4,Germany,3125.52,7,2022
5415,2024-01-11,1743,Laptop,Office,449.52,2,USA,899.04,1,2024
5416,2024-05-11,1532,Monitor,Accessories,396.42,4,France,1585.68,5,2024
5417,2024-08-11,1134,Desk Lamp,Office,1169.31,2,Germany,2338.62,8,2024
5418,2024-04-12,1774,Mouse,Office,1336.8,4,France,5347.2,4,2024
5419,2022-05-20,1110,Laptop,Electronics,755.96,2,Germany,1511.92,5,2022
5420,2024-03-02,1998,Headphones,Electronics,1170.78,4,Canada,4683.12,3,2024
5421,2023-06-30,1757,Webcam,Electronics,284.7,2,UK,569.4,6,2023
5422,2024-10-13,1282,USB Cable,Office,823.73,4,Israel,3294.92,10,2024
5423,2022-02-26,1519,Laptop,Accessories,956.12,2,UK,1912.24,2,2022
5424,2022-04-22,1968,Monitor,Accessories,738.54,3,Germany,2215.62,4,2022
5425,2022-01-05,1795,USB Cable,Office,179.74,1,USA,179.74,1,2022
5426,2024-11-02,1718,USB Cable,Accessories,1102.48,1,UK,1102.48,11,2024
5427,2022-03-31,1193,USB Cable,Office,1259.42,3,Germany,3778.26,3,2022
5428,2023-09-08,1966,Keyboard,Accessories,954.66,3,USA,2863.98,9,2023
5429,2024-06-09,1046,USB Cable,Office,257.9,2,Israel,515.8,6,2024
5430,2023-11-29,1977,Keyboard,Accessories,116.46,2,Germany,232.92,11,2023
5431,2024-06-16,1341,Mouse,Electronics,455.9,4,France,1823.6,6,2024
5432,2024-08-28,1241,Mouse,Electronics,60.3,4,France,241.2,8,2024
5433,2023-10-30,1521,USB Cable,Electronics,1259.63,1,France,1259.63,10,2023
5434,2023-08-17,1369,Monitor,Electronics,1056.08,1,USA,1056.08,8,2023
5435,2023-08-12,1800,Webcam,Office,847.71,2,USA,1695.42,8,2023
5436,2023-04-30,1902,Mouse,Accessories,1335.0,2,UK,2670.0,4,2023
5437,2024-09-08,1130,Keyboard,Office,169.59,3,USA,508.77,9,2024
5438,2024-08-29,1269,Monitor,Electronics,1073.12,2,Germany,2146.24,8,2024
5439,2023-10-01,1939,USB Cable,Accessories,224.22,4,France,896.88,10,2023
5440,2024-09-23,1813,Monitor,Office,96.08,3,Israel,288.24,9,2024
5441,2022-10-09,1060,Monitor,Electronics,203.69,2,Canada,407.38,10,2022
5442,2024-09-12,1163,Laptop,Accessories,1426.66,4,France,5706.64,9,2024
5443,2022-01-16,1524,Webcam,Accessories,663.45,4,Germany,2653.8,1,2022
5444,2024-07-24,1271,USB Cable,Electronics,78.25,1,Canada,78.25,7,2024
5445,2022-09-11,1719,Webcam,Electronics,877.53,3,Israel,2632.59,9,2022
5446,2022-11-25,1757,Mouse,Accessories,303.57,1,UK,303.57,11,2022
5447,2023-06-28,1132,Desk Lamp,Electronics,15.22,3,USA,45.66,6,2023
5448,2024-02-22,1243,Webcam,Office,1138.79,3,Germany,3416.37,2,2024
5449,2024-09-23,1984,Headphones,Electronics,236.52,1,Canada,236.52,9,2024
5450,2024-04-24,1805,Keyboard,Electronics,1414.02,1,USA,1414.02,4,2024
5451,2023-01-01,1997,Mouse,Electronics,891.24,2,UK,1782.48,1,2023
5452,2023-10-17,1433,USB Cable,Accessories,135.06,3,Israel,405.18,10,2023
5453,2024-01-30,1037,Webcam,Accessories,330.65,2,Canada,661.3,1,2024
5454,2023-10-01,1870,Keyboard,Electronics,918.21,3,Germany,2754.63,10,2023
5455,2024-11-29,1567,USB Cable,Accessories,510.48,4,Israel,2041.92,11,2024
5456,2024-07-12,1318,USB Cable,Electronics,800.55,2,Canada,1601.1,7,2024
5457,2023-02-20,1509,Mouse,Office,1200.27,1,Canada,1200.27,2,2023
5458,2022-09-12,1375,Headphones,Accessories,1189.94,4,Germany,4759.76,9,2022
5459,2023-12-11,1559,Keyboard,Electronics,1048.49,1,UK,1048.49,12,2023
5460,2023-07-31,1616,Desk Lamp,Accessories,1329.65,4,UK,5318.6,7,2023
5461,2024-06-18,1473,Desk Lamp,Office,303.04,4,UK,1212.16,6,2024
5462,2022-01-11,1058,Desk Lamp,Office,269.98,2,USA,539.96,1,2022
5463,2022-01-26,1588,Headphones,Electronics,1200.03,1,France,1200.03,1,2022
5464,2024-08-14,1939,Keyboard,Accessories,484.73,2,Israel,969.46,8,2024
5465,2023-02-25,1498,Laptop,Office,770.71,4,Germany,3082.84,2,2023
5466,2023-05-11,1217,USB Cable,Accessories,1117.21,3,Israel,3351.63,5,2023
5467,2022-08-25,1894,Laptop,Electronics,596.92,3,France,1790.76,8,2022
5468,2024-10-05,1566,Keyboard,Office,199.59,4,USA,798.36,10,2024
5469,2022-08-07,1566,Desk Lamp,Office,1020.79,1,USA,1020.79,8,2022
5470,2023-04-06,1128,Keyboard,Accessories,1226.65,1,France,1226.65,4,2023
5471,2023-10-25,1903,Headphones,Office,24.13,1,Canada,24.13,10,2023
5472,2023-09-27,1382,USB Cable,Electronics,846.02,3,Germany,2538.06,9,2023
5473,2024-09-16,1387,Webcam,Electronics,706.76,2,France,1413.52,9,2024
5474,2022-07-08,1084,USB Cable,Office,393.1,1,USA,393.1,7,2022
5475,2022-09-12,1509,Monitor,Electronics,245.74,2,Canada,491.48,9,2022
5476,2022-03-09,1725,Keyboard,Office,286.12,1,USA,286.12,3,2022
5477,2023-09-08,1626,Mouse,Office,1088.83,1,Canada,1088.83,9,2023
5478,2022-12-02,1436,Mouse,Office,806.61,1,Israel,806.61,12,2022
5479,2023-11-02,1825,Mouse,Office,1471.83,2,Germany,2943.66,11,2023
5480,2024-03-31,1292,Laptop,Accessories,368.63,2,Germany,737.26,3,2024
5481,2024-05-23,1048,Webcam,Office,1435.57,2,USA,2871.14,5,2024
5482,2022-10-27,1066,Headphones,Electronics,775.09,4,France,3100.36,10,2022
5483,2022-12-23,1786,Webcam,Accessories,223.31,3,USA,669.93,12,2022
5484,2022-09-13,1128,Laptop,Electronics,226.53,4,Israel,906.12,9,2022
5485,2024-10-04,1028,Webcam,Office,914.81,3,France,2744.43,10,2024
5486,2022-12-19,1342,Webcam,Electronics,1247.98,4,USA,4991.92,12,2022
5487,2023-06-08,1544,USB Cable,Accessories,1122.83,3,Canada,3368.49,6,2023
5488,2024-08-07,1118,Mouse,Electronics,985.16,2,Canada,1970.32,8,2024
5489,2024-01-26,1691,Keyboard,Accessories,262.3,3,Germany,786.9,1,2024
5490,2022-10-11,1936,Mouse,Office,166.97,1,Israel,166.97,10,2022
5491,2022-04-09,1662,Webcam,Office,5.37,2,USA,10.74,4,2022
5492,2022-07-16,1132,Keyboard,Electronics,157.18,4,USA,628.72,7,2022
5493,2023-04-27,1326,USB Cable,Electronics,1150.72,1,Canada,1150.72,4,2023
5494,2024-05-27,1184,Headphones,Office,1343.4,1,Canada,1343.4,5,2024
5495,2023-09-07,1505,Monitor,Office,364.32,2,Canada,728.64,9,2023
5496,2023-09-10,1645,Keyboard,Electronics,1193.37,1,Canada,1193.37,9,2023
5497,2023-01-03,1688,Laptop,Office,302.28,2,UK,604.56,1,2023
5498,2023-07-24,1533,Mouse,Accessories,377.66,3,France,1132.98,7,2023
5499,2023-08-13,1240,USB Cable,Accessories,340.12,2,UK,680.24,8,2023
5500,2024-12-01,1588,USB Cable,Electronics,82.34,2,Germany,164.68,12,2024
5501,2023-02-26,1715,Mouse,Electronics,295.12,4,France,1180.48,2,2023
5502,2024-04-15,1515,Webcam,Office,563.45,1,Israel,563.45,4,2024
5503,2023-06-29,1839,Webcam,Office,611.18,4,France,2444.72,6,2023
5504,2022-03-12,1959,Webcam,Accessories,467.65,4,Canada,1870.6,3,2022
5505,2024-02-07,1164,Desk Lamp,Electronics,774.51,4,USA,3098.04,2,2024
5506,2022-11-03,1926,USB Cable,Electronics,570.11,4,USA,2280.44,11,2022
5507,2023-01-12,1932,Webcam,Electronics,1455.7,4,USA,5822.8,1,2023
5508,2023-10-17,1639,Mouse,Electronics,1211.99,1,France,1211.99,10,2023
5509,2023-11-09,1556,Desk Lamp,Accessories,1396.81,1,USA,1396.81,11,2023
5510,2023-02-03,1217,Keyboard,Accessories,838.35,1,USA,838.35,2,2023
5511,2022-08-09,1746,Headphones,Electronics,1019.12,4,Canada,4076.48,8,2022
5512,2022-07-01,1647,Keyboard,Accessories,254.18,1,UK,254.18,7,2022
5513,2022-11-03,1679,Laptop,Electronics,1130.41,4,USA,4521.64,11,2022
5514,2023-06-06,1992,Desk Lamp,Accessories,357.78,1,UK,357.78,6,2023
5515,2024-10-10,1748,Mouse,Office,223.02,1,Germany,223.02,10,2024
5516,2022-01-04,1604,Desk Lamp,Accessories,67.58,1,France,67.58,1,2022
5517,2024-05-12,1004,Keyboard,Electronics,710.98,1,UK,710.98,5,2024
5518,2024-04-27,1667,Mouse,Office,433.75,2,Canada,867.5,4,2024
5519,2024-03-14,1756,USB Cable,Electronics,1480.16,1,France,1480.16,3,2024
5520,2022-08-03,1871,Laptop,Office,378.5,1,France,378.5,8,2022
5521,2024-08-29,1080,USB Cable,Office,1300.48,2,Israel,2600.96,8,2024
5522,2022-04-11,1246,Monitor,Accessories,478.08,3,UK,1434.24,4,2022
5523,2024-08-20,1854,Monitor,Accessories,1124.94,3,USA,3374.82,8,2024
5524,2023-07-27,1492,Monitor,Office,991.46,2,Canada,1982.92,7,2023
5525,2023-10-20,1648,Mouse,Office,844.87,3,Canada,2534.61,10,2023
5526,2024-07-27,1385,Keyboard,Office,628.15,1,Israel,628.15,7,2024
5527,2024-12-22,1574,Mouse,Electronics,1008.3,4,UK,4033.2,12,2024
5528,2022-08-14,1991,USB Cable,Accessories,613.88,4,Canada,2455.52,8,2022
5529,2022-04-15,1306,Headphones,Electronics,824.41,1,UK,824.41,4,2022
5530,2024-02-11,1627,USB Cable,Accessories,886.75,1,Germany,886.75,2,2024
5531,2023-03-05,1624,Keyboard,Electronics,404.7,3,USA,1214.1,3,2023
5532,2023-03-10,1542,USB Cable,Accessories,512.91,2,Germany,1025.82,3,2023
5533,2024-11-17,1006,USB Cable,Office,31.98,4,France,127.92,11,2024
5534,2023-11-13,1925,Laptop,Office,1278.98,1,USA,1278.98,11,2023
5535,2023-08-11,1953,Webcam,Accessories,1135.19,2,Germany,2270.38,8,2023
5536,2024-12-28,1514,Monitor,Office,279.38,2,Germany,558.76,12,2024
5537,2024-05-15,1818,Keyboard,Office,546.26,1,USA,546.26,5,2024
5538,2024-01-16,1754,Desk Lamp,Electronics,634.5,2,UK,1269.0,1,2024
5539,2024-05-13,1567,Desk Lamp,Accessories,504.9,4,France,2019.6,5,2024
5540,2023-01-03,1072,Desk Lamp,Office,1198.37,4,Israel,4793.48,1,2023
5541,2022-09-08,1009,Desk Lamp,Accessories,1089.5,2,Canada,2179.0,9,2022
5542,2024-05-08,1572,Keyboard,Electronics,1151.9,1,Israel,1151.9,5,2024
5543,2024-05-05,1561,Monitor,Accessories,1356.67,2,Israel,2713.34,5,2024
5544,2023-07-15,1121,USB Cable,Electronics,894.75,3,France,2684.25,7,2023
5545,2022-10-21,1686,Laptop,Electronics,923.73,1,USA,923.73,10,2022
5546,2024-07-07,1985,Mouse,Electronics,1084.29,1,USA,1084.29,7,2024
5547,2023-03-09,1512,Mouse,Office,1023.44,1,USA,1023.44,3,2023
5548,2022-02-28,1989,USB Cable,Electronics,1305.37,4,Israel,5221.48,2,2022
5549,2024-08-26,1440,USB Cable,Accessories,1156.45,1,UK,1156.45,8,2024
5550,2024-04-15,1037,Webcam,Accessories,185.09,1,Germany,185.09,4,2024
5551,2022-07-18,1701,Desk Lamp,Office,1392.9,4,Israel,5571.6,7,2022
5552,2022-08-03,1590,Keyboard,Office,1026.23,4,France,4104.92,8,2022
5553,2024-06-16,1344,Monitor,Electronics,195.08,4,USA,780.32,6,2024
5554,2023-04-17,1965,USB Cable,Electronics,1159.1,1,Germany,1159.1,4,2023
5555,2022-09-04,1337,USB Cable,Electronics,540.83,1,USA,540.83,9,2022
5556,2023-01-17,1960,Headphones,Office,1209.94,4,USA,4839.76,1,2023
5557,2024-09-17,1701,Laptop,Office,1433.33,4,USA,5733.32,9,2024
5558,2024-07-15,1183,Mouse,Accessories,386.59,3,Canada,1159.77,7,2024
5559,2023-07-14,1066,Laptop,Electronics,1286.83,4,UK,5147.32,7,2023
5560,2024-12-10,1016,Laptop,Electronics,1161.47,2,Germany,2322.94,12,2024
5561,2023-11-20,1382,Webcam,Accessories,1008.42,3,Israel,3025.26,11,2023
5562,2023-01-15,1367,Desk Lamp,Accessories,580.46,4,UK,2321.84,1,2023
5563,2023-04-19,1903,Laptop,Accessories,169.24,4,Canada,676.96,4,2023
5564,2023-11-28,1315,Monitor,Accessories,728.43,4,France,2913.72,11,2023
5565,2024-06-29,1496,Webcam,Electronics,162.97,4,Canada,651.88,6,2024
5566,2024-08-17,1807,USB Cable,Office,752.72,2,France,1505.44,8,2024
5567,2023-04-23,1720,Monitor,Electronics,1231.34,4,Canada,4925.36,4,2023
5568,2024-09-30,1344,Webcam,Accessories,1496.47,1,Israel,1496.47,9,2024
5569,2024-07-14,1957,Monitor,Office,301.02,3,Germany,903.06,7,2024
5570,2023-12-08,1552,Webcam,Electronics,315.75,4,Israel,1263.0,12,2023
5571,2024-05-03,1907,Webcam,Accessories,1217.27,1,UK,1217.27,5,2024
5572,2024-10-13,1988,Keyboard,Office,706.24,2,Germany,1412.48,10,2024
5573,2024-01-24,1472,Monitor,Office,1374.13,3,France,4122.39,1,2024
5574,2023-05-18,1114,Keyboard,Office,1154.65,4,Germany,4618.6,5,2023
5575,2024-03-27,1099,USB Cable,Electronics,1105.96,3,Germany,3317.88,3,2024
5576,2023-08-11,1884,Desk Lamp,Accessories,157.42,4,Germany,629.68,8,2023
5577,2023-12-09,1437,Desk Lamp,Electronics,58.63,2,Israel,117.26,12,2023
5578,2024-12-03,1344,Webcam,Electronics,478.56,2,USA,957.12,12,2024
5579,2022-07-26,1348,Desk Lamp,Electronics,329.86,3,UK,989.58,7,2022
5580,2022-05-31,1138,Mouse,Office,1069.9,3,Germany,3209.7,5,2022
5581,2023-10-30,1827,Webcam,Accessories,678.85,3,Germany,2036.55,10,2023
5582,2023-06-12,1323,Mouse,Electronics,787.1,2,Israel,1574.2,6,2023
5583,2022-06-14,1845,Mouse,Accessories,1221.54,1,UK,1221.54,6,2022
5584,2024-07-05,1301,Mouse,Office,720.36,3,UK,2161.08,7,2024
5585,2024-10-06,1293,Mouse,Electronics,819.66,4,France,3278.64,10,2024
5586,2022-02-06,1956,Desk Lamp,Accessories,1264.27,2,UK,2528.54,2,2022
5587,2022-11-29,1528,Monitor,Office,649.85,3,UK,1949.55,11,2022
5588,2023-02-07,1833,Headphones,Electronics,129.27,2,Germany,258.54,2,2023
5589,2023-02-18,1967,Monitor,Electronics,784.95,3,USA,2354.85,2,2023
5590,2022-02-14,1291,USB Cable,Accessories,871.15,2,Germany,1742.3,2,2022
5591,2022-07-25,1073,Headphones,Accessories,770.14,2,Canada,1540.28,7,2022
5592,2022-03-03,1774,Monitor,Electronics,390.78,3,Israel,1172.34,3,2022
5593,2023-02-24,1483,USB Cable,Electronics,339.42,4,UK,1357.68,2,2023
5594,2024-05-17,1015,Desk Lamp,Office,557.79,2,USA,1115.58,5,2024
5595,2024-03-30,1525,Mouse,Office,253.51,4,Germany,1014.04,3,2024
5596,2022-01-19,1335,Laptop,Electronics,1000.71,4,Canada,4002.84,1,2022
5597,2022-12-31,1792,Webcam,Accessories,923.94,2,France,1847.88,12,2022
5598,2024-10-27,1872,Headphones,Accessories,950.43,2,Israel,1900.86,10,2024
5599,2023-03-04,1515,Laptop,Electronics,341.07,2,Canada,682.14,3,2023
5600,2023-08-03,1924,Mouse,Office,373.56,4,Israel,1494.24,8,2023
5601,2023-06-30,1126,Headphones,Electronics,1182.15,2,Canada,2364.3,6,2023
5602,2022-11-21,1823,Laptop,Accessories,1036.72,2,Israel,2073.44,11,2022
5603,2022-02-24,1517,Monitor,Electronics,1313.39,2,Germany,2626.78,2,2022
5604,2024-02-17,1128,USB Cable,Electronics,608.24,2,USA,1216.48,2,2024
5605,2024-09-18,1510,Mouse,Office,823.26,3,USA,2469.78,9,2024
5606,2022-02-11,1422,Monitor,Accessories,1109.47,2,UK,2218.94,2,2022
5607,2022-08-19,1384,Monitor,Accessories,1461.36,4,USA,5845.44,8,2022
5608,2023-03-29,1882,Mouse,Electronics,1484.5,4,France,5938.0,3,2023
5609,2023-01-29,1231,Headphones,Accessories,1498.77,1,Canada,1498.77,1,2023
5610,2023-11-22,1958,Webcam,Accessories,1336.34,3,Israel,4009.02,11,2023
5611,2023-01-27,1824,Keyboard,Accessories,961.28,3,Germany,2883.84,1,2023
5612,2023-08-27,1194,Keyboard,Accessories,15.42,1,Israel,15.42,8,2023
5613,2024-05-30,1064,Webcam,Office,1050.82,4,Israel,4203.28,5,2024
5614,2022-03-26,1832,Desk Lamp,Office,361.71,4,France,1446.84,3,2022
5615,2024-11-19,1614,Mouse,Office,90.46,2,Canada,180.92,11,2024
5616,2022-02-18,1276,Keyboard,Office,1047.29,1,Israel,1047.29,2,2022
5617,2022-03-10,1669,Webcam,Office,1135.24,4,Israel,4540.96,3,2022
5618,2024-12-17,1223,Laptop,Accessories,990.85,1,France,990.85,12,2024
5619,2023-11-28,1800,Webcam,Electronics,550.93,1,France,550.93,11,2023
5620,2023-04-24,1943,Desk Lamp,Electronics,768.95,3,USA,2306.85,4,2023
5621,2024-03-30,1277,Headphones,Office,1402.75,4,Canada,5611.0,3,2024
5622,2022-05-27,1989,USB Cable,Accessories,1095.77,4,Israel,4383.08,5,2022
5623,2024-10-12,1693,Webcam,Office,759.5,2,Canada,1519.0,10,2024
5624,2023-09-01,1365,Monitor,Electronics,892.21,4,UK,3568.84,9,2023
5625,2023-03-22,1515,Monitor,Accessories,1391.89,3,UK,4175.67,3,2023
5626,2022-08-09,1214,USB Cable,Accessories,593.7,4,UK,2374.8,8,2022
5627,2022-04-05,1438,Mouse,Accessories,157.26,2,Canada,314.52,4,2022
5628,2022-09-19,1427,Monitor,Electronics,492.11,4,France,1968.44,9,2022
5629,2024-06-15,1728,Laptop,Electronics,625.72,1,Israel,625.72,6,2024
5630,2024-12-30,1395,Webcam,Office,413.08,3,USA,1239.24,12,2024
5631,2022-08-07,1208,USB Cable,Office,795.81,2,Israel,1591.62,8,2022
5632,2022-04-02,1500,Laptop,Electronics,460.76,2,UK,921.52,4,2022
5633,2022-05-07,1462,Mouse,Office,159.25,1,Canada,159.25,5,2022
5634,2022-03-21,1585,Monitor,Electronics,286.16,3,Germany,858.48,3,2022
5635,2024-09-09,1226,USB Cable,Accessories,1377.64,4,Canada,5510.56,9,2024
5636,2024-07-04,1374,Keyboard,Office,946.25,3,UK,2838.75,7,2024
5637,2023-05-01,1499,Webcam,Electronics,474.89,3,Canada,1424.67,5,2023
5638,2023-11-25,1947,Keyboard,Electronics,553.54,3,Canada,1660.62,11,2023
5639,2022-01-25,1092,Headphones,Electronics,742.61,3,Canada,2227.83,1,2022
5640,2022-06-05,1459,Mouse,Office,1011.33,3,France,3033.99,6,2022
5641,2023-09-24,1576,Headphones,Office,875.36,3,Israel,2626.08,9,2023
5642,2024-12-16,1320,Keyboard,Accessories,1399.38,1,France,1399.38,12,2024
5643,2022-01-19,1009,Keyboard,Office,940.49,2,Canada,1880.98,1,2022
5644,2022-08-25,1913,Keyboard,Office,1366.63,1,USA,1366.63,8,2022
5645,2022-10-04,1302,Headphones,Office,13.12,4,Israel,52.48,10,2022
5646,2024-01-15,1321,USB Cable,Accessories,1336.39,2,Israel,2672.78,1,2024
5647,2023-07-06,1816,Mouse,Accessories,1083.58,2,Israel,2167.16,7,2023
5648,2023-10-01,1455,Desk Lamp,Accessories,262.43,4,Germany,1049.72,10,2023
5649,2022-08-25,1277,Webcam,Office,398.24,2,Israel,796.48,8,2022
5650,2024-09-24,1597,Desk Lamp,Electronics,816.5,4,Germany,3266.0,9,2024
5651,2022-02-24,1537,USB Cable,Office,191.78,3,Israel,575.34,2,2022
5652,2023-11-15,1729,Webcam,Accessories,1179.13,3,Canada,3537.39,11,2023
5653,2022-04-19,1392,Laptop,Office,1187.8,2,UK,2375.6,4,2022
5654,2023-01-08,1916,Desk Lamp,Office,454.92,2,USA,909.84,1,2023
5655,2024-08-30,1094,Laptop,Electronics,109.38,3,Israel,328.14,8,2024
5656,2022-07-20,1755,Desk Lamp,Electronics,1483.33,3,France,4449.99,7,2022
5657,2024-04-28,1958,Keyboard,Office,379.84,4,UK,1519.36,4,2024
5658,2023-05-24,1106,Mouse,Accessories,106.0,2,France,212.0,5,2023
5659,2022-10-02,1389,Desk Lamp,Office,498.3,2,France,996.6,10,2022
5660,2022-07-30,1759,Mouse,Office,1453.66,1,Germany,1453.66,7,2022
5661,2023-05-19,1525,Monitor,Office,1190.43,3,USA,3571.29,5,2023
5662,2023-12-04,1672,Monitor,Accessories,723.1,3,France,2169.3,12,2023
5663,2022-02-11,1070,USB Cable,Accessories,461.47,2,UK,922.94,2,2022
5664,2022-11-11,1663,Desk Lamp,Accessories,637.84,1,USA,637.84,11,2022
5665,2024-02-27,1968,Headphones,Accessories,30.96,4,UK,123.84,2,2024
5666,2022-11-25,1586,Desk Lamp,Accessories,1078.96,4,France,4315.84,11,2022
5667,2024-11-06,1375,Desk Lamp,Office,153.97,3,USA,461.91,11,2024
5668,2022-10-10,1726,Monitor,Accessories,780.96,1,Israel,780.96,10,2022
5669,2024-07-31,1367,USB Cable,Office,850.94,1,France,850.94,7,2024
5670,2022-09-15,1050,Webcam,Office,7.53,4,France,30.12,9,2022
5671,2023-07-29,1897,Webcam,Office,1469.92,3,Canada,4409.76,7,2023
5672,2023-07-28,1142,USB Cable,Electronics,456.7,2,Canada,913.4,7,2023
5673,2023-09-04,1418,Headphones,Accessories,120.45,1,Germany,120.45,9,2023
5674,2024-11-08,1547,Laptop,Accessories,1282.31,2,UK,2564.62,11,2024
5675,2024-04-16,1499,Keyboard,Office,232.17,3,Israel,696.51,4,2024
5676,2023-02-27,1885,Mouse,Electronics,42.31,4,USA,169.24,2,2023
5677,2024-01-28,1987,Laptop,Accessories,744.56,1,France,744.56,1,2024
5678,2024-02-02,1166,USB Cable,Office,199.23,2,France,398.46,2,2024
5679,2023-02-28,1747,Webcam,Electronics,1473.72,1,Israel,1473.72,2,2023
5680,2023-03-05,1259,Laptop,Office,20.56,1,France,20.56,3,2023
5681,2022-07-23,1191,Headphones,Electronics,81.54,1,UK,81.54,7,2022
5682,2022-07-15,1201,Keyboard,Office,1250.76,3,USA,3752.28,7,2022
5683,2023-12-29,1773,Webcam,Accessories,363.43,2,Israel,726.86,12,2023
5684,2022-10-12,1184,Headphones,Office,1367.84,1,Israel,1367.84,10,2022
5685,2022-07-15,1157,USB Cable,Office,470.15,2,Canada,940.3,7,2022
5686,2022-11-03,1757,Laptop,Electronics,109.33,3,Germany,327.99,11,2022
5687,2022-01-14,1621,Mouse,Electronics,20.83,1,USA,20.83,1,2022
5688,2024-12-16,1098,Monitor,Accessories,427.44,1,Israel,427.44,12,2024
5689,2023-12-24,1240,Headphones,Office,713.23,1,France,713.23,12,2023
5690,2024-02-19,1490,Webcam,Electronics,6.52,2,Canada,13.04,2,2024
5691,2023-06-13,1201,Laptop,Accessories,873.76,2,USA,1747.52,6,2023
5692,2024-03-08,1633,Monitor,Accessories,503.82,1,UK,503.82,3,2024
5693,2022-12-10,1508,Monitor,Electronics,588.28,2,Israel,1176.56,12,2022
5694,2022-07-28,1628,Laptop,Electronics,395.81,2,UK,791.62,7,2022
5695,2023-10-03,1095,Keyboard,Office,795.92,1,Israel,795.92,10,2023
5696,2022-09-09,1745,Laptop,Accessories,349.03,1,France,349.03,9,2022
5697,2022-09-28,1489,Webcam,Electronics,206.56,4,Germany,826.24,9,2022
5698,2024-07-08,1578,USB Cable,Accessories,1336.52,4,France,5346.08,7,2024
5699,2023-02-23,1887,Mouse,Office,588.88,1,UK,588.88,2,2023
5700,2024-03-05,1217,Webcam,Electronics,120.01,3,USA,360.03,3,2024
5701,2023-12-26,1526,USB Cable,Accessories,349.33,1,Canada,349.33,12,2023
5702,2023-03-09,1272,Monitor,Electronics,468.36,1,UK,468.36,3,2023
5703,2022-04-19,1218,Mouse,Office,1155.62,1,Germany,1155.62,4,2022
5704,2023-10-03,1785,Headphones,Office,38.27,1,Israel,38.27,10,2023
5705,2024-12-06,1882,Monitor,Office,719.98,1,Canada,719.98,12,2024
5706,2023-01-14,1658,Desk Lamp,Office,614.5,1,Israel,614.5,1,2023
5707,2024-08-15,1331,Keyboard,Electronics,1452.76,1,UK,1452.76,8,2024
5708,2022-04-13,1855,Laptop,Electronics,274.21,1,USA,274.21,4,2022
5709,2024-06-10,1452,Headphones,Accessories,943.67,4,Israel,3774.68,6,2024
5710,2024-05-03,1151,Desk Lamp,Accessories,307.28,4,Israel,1229.12,5,2024
5711,2024-11-16,1346,Webcam,Electronics,824.89,4,Canada,3299.56,11,2024
5712,2023-06-14,1815,Mouse,Electronics,834.82,3,Germany,2504.46,6,2023
5713,2023-11-10,1413,Headphones,Accessories,117.64,2,Canada,235.28,11,2023
5714,2024-09-15,1526,Desk Lamp,Electronics,687.39,3,Germany,2062.17,9,2024
5715,2023-03-04,1430,Desk Lamp,Office,694.43,3,USA,2083.29,3,2023
5716,2024-04-01,1378,Desk Lamp,Office,482.11,1,Israel,482.11,4,2024
5717,2024-07-20,1997,Keyboard,Office,419.35,4,France,1677.4,7,2024
5718,2024-11-27,1894,Laptop,Accessories,340.33,1,UK,340.33,11,2024
5719,2023-05-26,1427,Headphones,Electronics,13.88,1,Canada,13.88,5,2023
5720,2023-01-28,1865,Webcam,Accessories,7.72,4,Israel,30.88,1,2023
5721,2023-12-14,1922,Mouse,Accessories,886.73,1,UK,886.73,12,2023
5722,2023-05-09,1083,Headphones,Electronics,440.74,2,Canada,881.48,5,2023
5723,2023-07-01,1191,Laptop,Accessories,255.99,2,Israel,511.98,7,2023
5724,2023-08-17,1040,Webcam,Office,1028.68,3,Germany,3086.04,8,2023
5725,2023-01-24,1863,Headphones,Electronics,795.71,4,USA,3182.84,1,2023
5726,2022-06-07,1835,Mouse,Office,1372.86,2,France,2745.72,6,2022
5727,2024-10-24,1772,Laptop,Office,1247.37,3,Canada,3742.11,10,2024
5728,2022-06-16,1308,Keyboard,Electronics,1091.46,1,Germany,1091.46,6,2022
5729,2024-08-17,1377,Keyboard,Office,194.24,3,USA,582.72,8,2024
5730,2023-02-13,1135,Monitor,Office,1000.8,3,Germany,3002.4,2,2023
5731,2022-07-13,1789,Headphones,Office,1042.42,2,Canada,2084.84,7,2022
5732,2022-08-23,1105,Mouse,Electronics,1146.18,3,UK,3438.54,8,2022
5733,2023-12-19,1518,Headphones,Electronics,398.38,4,Israel,1593.52,12,2023
5734,2024-03-26,1917,Laptop,Electronics,962.24,1,Germany,962.24,3,2024
5735,2023-02-08,1813,Monitor,Accessories,929.33,4,Canada,3717.32,2,2023
5736,2024-06-11,1541,Mouse,Office,581.04,1,USA,581.04,6,2024
5737,2023-11-09,1125,Headphones,Accessories,996.94,4,Israel,3987.76,11,2023
5738,2022-03-09,1356,Mouse,Accessories,134.61,1,Canada,134.61,3,2022
5739,2022-03-29,1399,Laptop,Office,967.04,4,UK,3868.16,3,2022
5740,2022-08-05,1078,Monitor,Electronics,910.99,1,UK,910.99,8,2022
5741,2022-01-01,1388,Mouse,Accessories,319.88,2,France,639.76,1,2022
5742,2022-05-20,1578,Laptop,Electronics,1228.23,3,Israel,3684.69,5,2022
5743,2023-09-10,1534,Keyboard,Electronics,1312.25,3,UK,3936.75,9,2023
5744,2022-05-13,1700,Mouse,Office,319.67,3,Germany,959.01,5,2022
5745,2022-06-27,1073,Monitor,Accessories,118.56,3,UK,355.68,6,2022
5746,2024-03-20,1004,USB Cable,Accessories,907.35,1,UK,907.35,3,2024
5747,2023-01-15,1918,Webcam,Electronics,722.48,4,UK,2889.92,1,2023
5748,2024-06-26,1462,Webcam,Office,644.25,4,France,2577.0,6,2024
5749,2023-10-20,1081,Mouse,Accessories,1142.71,2,Canada,2285.42,10,2023
5750,2023-03-26,1536,Mouse,Electronics,1454.65,3,USA,4363.95,3,2023
5751,2023-08-09,1775,Laptop,Electronics,719.11,3,Canada,2157.33,8,2023
5752,2023-04-08,1990,Headphones,Electronics,14.2,2,UK,28.4,4,2023
5753,2024-09-16,1404,Webcam,Office,896.42,3,USA,2689.26,9,2024
5754,2022-05-02,1513,Desk Lamp,Office,982.68,2,Israel,1965.36,5,2022
5755,2022-01-17,1277,Headphones,Electronics,1242.89,3,USA,3728.67,1,2022
5756,2022-11-23,1839,Webcam,Electronics,303.11,4,Israel,1212.44,11,2022
5757,2022-11-14,1854,Mouse,Office,788.87,2,France,1577.74,11,2022
5758,2024-03-19,1223,Desk Lamp,Electronics,673.46,4,Israel,2693.84,3,2024
5759,2023-05-18,1583,Monitor,Electronics,998.34,3,Israel,2995.02,5,2023
5760,2022-04-29,1067,Monitor,Office,100.59,4,Germany,402.36,4,2022
5761,2023-12-11,1319,USB Cable,Electronics,1326.6,4,France,5306.4,12,2023
5762,2022-02-14,1605,Webcam,Electronics,769.18,1,UK,769.18,2,2022
5763,2022-11-10,1018,Desk Lamp,Electronics,1316.18,3,France,3948.54,11,2022
5764,2023-02-22,1639,Webcam,Office,513.65,1,Germany,513.65,2,2023
5765,2023-07-10,1342,Laptop,Office,982.02,2,Israel,1964.04,7,2023
5766,2022-11-22,1593,Mouse,Office,1435.3,1,Canada,1435.3,11,2022
5767,2023-05-30,1765,Mouse,Accessories,1415.35,3,France,4246.05,5,2023
5768,2022-08-02,1948,USB Cable,Accessories,1416.43,1,Germany,1416.43,8,2022
5769,2022-03-15,1732,Headphones,Accessories,69.21,1,Canada,69.21,3,2022
5770,2023-05-24,1342,Laptop,Accessories,607.51,3,UK,1822.53,5,2023
5771,2022-11-28,1096,Keyboard,Office,95.87,4,Israel,383.48,11,2022
5772,2023-11-19,1051,Monitor,Electronics,467.67,2,France,935.34,11,2023
5773,2023-10-19,1174,Monitor,Office,265.99,1,France,265.99,10,2023
5774,2024-10-24,1337,Mouse,Accessories,932.11,3,Canada,2796.33,10,2024
5775,2023-08-23,1693,USB Cable,Office,1172.22,1,Israel,1172.22,8,2023
5776,2024-12-11,1939,Desk Lamp,Electronics,772.45,2,France,1544.9,12,2024
5777,2022-11-21,1352,Laptop,Accessories,1194.23,2,Israel,2388.46,11,2022
5778,2024-09-18,1390,Keyboard,Electronics,24.16,2,Germany,48.32,9,2024
5779,2023-12-18,1114,Monitor,Electronics,1231.61,1,Israel,1231.61,12,2023
5780,2023-12-24,1347,Laptop,Electronics,271.65,4,UK,1086.6,12,2023
5781,2022-10-04,1000,Keyboard,Accessories,694.1,4,Israel,2776.4,10,2022
5782,2023-06-20,1062,Webcam,Office,666.67,4,Canada,2666.68,6,2023
5783,2022-06-01,1759,Mouse,Accessories,1310.37,3,France,3931.11,6,2022
5784,2024-08-12,1742,Headphones,Accessories,1449.14,4,Canada,5796.56,8,2024
5785,2022-09-16,1225,Monitor,Office,386.41,4,Israel,1545.64,9,2022
5786,2022-11-20,1422,Monitor,Office,105.78,2,Israel,211.56,11,2022
5787,2024-10-13,1018,Keyboard,Office,977.53,3,Israel,2932.59,10,2024
5788,2024-05-18,1030,Headphones,Office,756.75,2,UK,1513.5,5,2024
5789,2023-11-19,1844,Desk Lamp,Electronics,850.73,1,Canada,850.73,11,2023
5790,2022-11-06,1632,Webcam,Accessories,74.17,1,UK,74.17,11,2022
5791,2024-03-13,1023,Laptop,Accessories,1164.09,2,France,2328.18,3,2024
5792,2024-12-15,1836,Mouse,Accessories,352.37,3,Canada,1057.11,12,2024
5793,2023-09-12,1982,Laptop,Office,505.73,4,France,2022.92,9,2023
5794,2023-04-18,1210,Keyboard,Accessories,346.39,4,Israel,1385.56,4,2023
5795,2023-04-06,1960,Desk Lamp,Electronics,1419.19,3,USA,4257.57,4,2023
5796,2024-03-24,1160,Desk Lamp,Accessories,257.24,4,Canada,1028.96,3,2024
5797,2024-04-25,1254,Monitor,Accessories,1099.82,4,Germany,4399.28,4,2024
5798,2023-10-29,1570,Webcam,Electronics,372.39,2,Israel,744.78,10,2023
5799,2022-09-19,1113,Monitor,Electronics,640.25,1,Germany,640.25,9,2022
5800,2022-12-21,1503,Laptop,Accessories,1494.11,3,UK,4482.33,12,2022
5801,2024-02-09,1928,Webcam,Office,155.36,3,France,466.08,2,2024
5802,2022-06-29,1671,USB Cable,Office,1322.63,4,USA,5290.52,6,2022
5803,2022-03-07,1954,Mouse,Accessories,1419.34,4,France,5677.36,3,2022
5804,2024-03-30,1219,Keyboard,Accessories,1048.85,1,UK,1048.85,3,2024
5805,2022-06-20,1356,Mouse,Accessories,19.89,3,Israel,59.67,6,2022
5806,2023-04-19,1168,Desk Lamp,Accessories,1232.09,2,UK,2464.18,4,2023
5807,2023-06-18,1523,Keyboard,Office,1324.0,1,USA,1324.0,6,2023
5808,2023-03-15,1968,Desk Lamp,Accessories,1471.5,2,Israel,2943.0,3,2023
5809,2024-04-14,1241,Mouse,Electronics,1259.78,1,Canada,1259.78,4,2024
5810,2022-08-15,1374,USB Cable,Office,671.15,2,Israel,1342.3,8,2022
5811,2023-03-18,1138,Laptop,Office,1034.53,2,USA,2069.06,3,2023
5812,2023-01-31,1096,Headphones,Electronics,730.27,2,France,1460.54,1,2023
5813,2023-12-29,1146,Webcam,Accessories,532.76,3,Israel,1598.28,12,2023
5814,2022-03-25,1181,Keyboard,Accessories,941.51,4,France,3766.04,3,2022
5815,2024-11-02,1056,Laptop,Accessories,1155.9,3,Germany,3467.7,11,2024
5816,2023-11-24,1041,Monitor,Accessories,955.67,2,USA,1911.34,11,2023
5817,2023-05-08,1865,Monitor,Accessories,1240.73,4,Germany,4962.92,5,2023
5818,2024-08-27,1710,Mouse,Electronics,268.68,2,Israel,537.36,8,2024
5819,2022-12-19,1542,Desk Lamp,Accessories,563.67,1,USA,563.67,12,2022
5820,2024-12-16,1691,Monitor,Electronics,472.32,4,Israel,1889.28,12,2024
5821,2022-02-09,1001,Desk Lamp,Electronics,295.22,3,USA,885.66,2,2022
5822,2023-10-02,1978,Headphones,Electronics,667.55,2,France,1335.1,10,2023
5823,2022-06-22,1933,Keyboard,Accessories,1422.07,4,UK,5688.28,6,2022
5824,2022-09-16,1287,Mouse,Accessories,809.32,3,Canada,2427.96,9,2022
5825,2023-06-01,1137,Keyboard,Office,433.18,1,UK,433.18,6,2023
5826,2023-12-31,1616,Keyboard,Office,534.32,2,USA,1068.64,12,2023
5827,2023-06-07,1511,USB Cable,Electronics,921.55,3,Germany,2764.65,6,2023
5828,2024-04-18,1903,Laptop,Office,532.36,4,USA,2129.44,4,2024
5829,2022-04-27,1729,Monitor,Electronics,809.83,1,France,809.83,4,2022
5830,2022-07-03,1221,Webcam,Office,414.87,2,Canada,829.74,7,2022
5831,2022-06-11,1330,Keyboard,Accessories,522.17,3,Germany,1566.51,6,2022
5832,2023-06-27,1616,Desk Lamp,Accessories,1060.06,1,USA,1060.06,6,2023
5833,2024-04-18,1403,Headphones,Electronics,879.0,1,Canada,879.0,4,2024
5834,2024-12-25,1507,USB Cable,Electronics,144.76,3,Canada,434.28,12,2024
5835,2024-12-29,1915,Desk Lamp,Accessories,1459.91,2,USA,2919.82,12,2024
5836,2023-03-23,1126,Headphones,Accessories,78.76,3,Israel,236.28,3,2023
5837,2023-02-20,1264,Desk Lamp,Accessories,128.99,1,France,128.99,2,2023
5838,2023-06-16,1711,Webcam,Office,1053.57,1,France,1053.57,6,2023
5839,2023-03-17,1763,Monitor,Office,1063.49,4,UK,4253.96,3,2023
5840,2024-01-08,1014,Monitor,Office,33.31,2,Israel,66.62,1,2024
5841,2023-04-09,1225,Mouse,Office,965.92,3,Germany,2897.76,4,2023
5842,2023-01-31,1983,Mouse,Electronics,54.72,2,Canada,109.44,1,2023
5843,2023-12-12,1864,Desk Lamp,Electronics,1441.35,2,UK,2882.7,12,2023
5844,2023-01-30,1104,Mouse,Office,1045.73,1,France,1045.73,1,2023
5845,2022-11-22,1744,Monitor,Electronics,283.93,4,USA,1135.72,11,2022
5846,2024-01-20,1492,Keyboard,Office,241.37,3,Israel,724.11,1,2024
5847,2024-12-29,1318,Desk Lamp,Office,856.65,3,France,2569.95,12,2024
5848,2023-10-04,1999,Laptop,Accessories,952.11,4,France,3808.44,10,2023
5849,2022-08-02,1218,Webcam,Office,1247.7,4,Israel,4990.8,8,2022
5850,2023-01-04,1276,USB Cable,Electronics,1355.47,1,France,1355.47,1,2023
5851,2022-02-18,1772,Webcam,Office,591.84,1,UK,591.84,2,2022
5852,2024-12-11,1892,Webcam,Accessories,1266.91,3,Israel,3800.73,12,2024
5853,2022-05-13,1930,Mouse,Electronics,815.86,4,France,3263.44,5,2022
5854,2024-09-25,1340,Laptop,Accessories,708.52,2,France,1417.04,9,2024
5855,2024-02-25,1451,Headphones,Office,1049.96,2,Israel,2099.92,2,2024
5856,2023-01-08,1368,Monitor,Office,159.28,4,USA,637.12,1,2023
5857,2023-04-24,1943,Headphones,Office,401.75,3,Germany,1205.25,4,2023
5858,2024-04-11,1847,Mouse,Office,1226.06,2,Israel,2452.12,4,2024
5859,2023-10-12,1990,Keyboard,Electronics,758.6,2,USA,1517.2,10,2023
5860,2023-11-13,1473,USB Cable,Office,1362.52,4,Canada,5450.08,11,2023
5861,2023-11-19,1189,USB Cable,Accessories,137.61,1,France,137.61,11,2023
5862,2022-03-23,1883,Mouse,Electronics,473.55,2,UK,947.1,3,2022
5863,2022-03-28,1418,Laptop,Electronics,536.55,1,Canada,536.55,3,2022
5864,2022-08-13,1709,USB Cable,Electronics,636.97,2,France,1273.94,8,2022
5865,2022-01-16,1864,Mouse,Accessories,1480.3,3,France,4440.9,1,2022
5866,2024-04-01,1788,Webcam,Accessories,469.44,1,Canada,469.44,4,2024
5867,2022-06-12,1847,Keyboard,Accessories,780.43,3,USA,2341.29,6,2022
5868,2023-05-29,1494,Keyboard,Accessories,806.43,1,Israel,806.43,5,2023
5869,2022-12-16,1038,Monitor,Office,1157.34,4,Germany,4629.36,12,2022
5870,2023-11-12,1161,Monitor,Office,779.21,4,Germany,3116.84,11,2023
5871,2022-06-30,1120,Webcam,Accessories,910.58,2,Israel,1821.16,6,2022
5872,2024-01-13,1891,Desk Lamp,Accessories,1131.23,3,Israel,3393.69,1,2024
5873,2023-10-22,1398,Desk Lamp,Office,156.19,1,UK,156.19,10,2023
5874,2023-05-08,1261,Keyboard,Office,1445.39,3,Israel,4336.17,5,2023
5875,2024-07-11,1961,Desk Lamp,Accessories,1270.22,3,UK,3810.66,7,2024
5876,2022-05-08,1727,Webcam,Electronics,586.22,2,Israel,1172.44,5,2022
5877,2023-07-19,1823,Keyboard,Electronics,1093.98,4,UK,4375.92,7,2023
5878,2023-07-04,1560,Desk Lamp,Accessories,1144.68,1,Israel,1144.68,7,2023
5879,2023-03-29,1603,Desk Lamp,Electronics,1276.12,2,Israel,2552.24,3,2023
5880,2023-04-16,1128,Desk Lamp,Office,286.53,3,Germany,859.59,4,2023
5881,2024-09-14,1832,Laptop,Electronics,1057.04,4,France,4228.16,9,2024
5882,2024-01-08,1539,Desk Lamp,Accessories,54.84,4,France,219.36,1,2024
5883,2022-08-12,1355,Desk Lamp,Electronics,177.79,1,UK,177.79,8,2022
5884,2022-06-03,1659,Mouse,Electronics,1165.22,4,USA,4660.88,6,2022
5885,2023-07-14,1431,Monitor,Electronics,1220.44,3,Canada,3661.32,7,2023
5886,2022-12-17,1839,Laptop,Office,890.69,4,Germany,3562.76,12,2022
5887,2022-12-15,1064,USB Cable,Office,874.62,3,Israel,2623.86,12,2022
5888,2022-07-01,1217,Desk Lamp,Office,1125.52,1,Germany,1125.52,7,2022
5889,2023-09-29,1562,Desk Lamp,Accessories,1359.6,3,USA,4078.8,9,2023
5890,2024-10-14,1426,Mouse,Electronics,634.57,4,Germany,2538.28,10,2024
5891,2022-06-28,1816,Desk Lamp,Office,176.66,4,USA,706.64,6,2022
5892,2024-11-28,1920,Desk Lamp,Office,1259.3,1,Canada,1259.3,11,2024
5893,2024-02-11,1073,Desk Lamp,Electronics,515.76,1,USA,515.76,2,2024
5894,2024-06-12,1459,Monitor,Accessories,205.01,4,USA,820.04,6,2024
5895,2024-10-23,1424,USB Cable,Electronics,923.85,1,USA,923.85,10,2024
5896,2024-10-12,1710,Webcam,Accessories,869.24,3,USA,2607.72,10,2024
5897,2022-03-05,1191,USB Cable,Electronics,714.0,2,Israel,1428.0,3,2022
5898,2022-01-29,1188,Laptop,Office,1290.4,3,Germany,3871.2,1,2022
5899,2023-01-07,1011,Desk Lamp,Office,411.98,3,France,1235.94,1,2023
5900,2022-04-07,1238,Headphones,Office,24.79,1,France,24.79,4,2022
5901,2024-09-19,1871,USB Cable,Accessories,488.59,2,Israel,977.18,9,2024
5902,2022-01-21,1592,Headphones,Electronics,19.51,4,UK,78.04,1,2022
5903,2024-01-05,1452,Monitor,Accessories,817.67,1,Canada,817.67,1,2024
5904,2024-12-05,1382,Laptop,Office,570.48,3,USA,1711.44,12,2024
5905,2022-03-07,1781,USB Cable,Accessories,1221.84,2,Germany,2443.68,3,2022
5906,2023-08-26,1801,Desk Lamp,Accessories,1197.39,1,USA,1197.39,8,2023
5907,2022-12-04,1047,Mouse,Accessories,654.78,3,USA,1964.34,12,2022
5908,2022-05-03,1316,USB Cable,Electronics,328.65,3,France,985.95,5,2022
5909,2023-03-23,1208,Desk Lamp,Accessories,636.53,4,USA,2546.12,3,2023
5910,2023-09-03,1546,Mouse,Accessories,963.77,4,Germany,3855.08,9,2023
5911,2023-11-02,1118,Laptop,Accessories,289.36,2,Germany,578.72,11,2023
5912,2023-09-07,1576,Headphones,Office,1160.7,3,France,3482.1,9,2023
5913,2024-06-15,1314,Laptop,Office,499.19,3,Israel,1497.57,6,2024
5914,2022-10-08,1753,Desk Lamp,Electronics,1398.6,4,France,5594.4,10,2022
5915,2024-12-02,1035,Headphones,Office,770.25,3,France,2310.75,12,2024
5916,2023-08-19,1462,Headphones,Electronics,1271.45,4,USA,5085.8,8,2023
5917,2023-12-04,1763,Webcam,Office,925.76,3,UK,2777.28,12,2023
5918,2024-12-10,1914,Webcam,Electronics,834.13,4,Canada,3336.52,12,2024
5919,2022-07-29,1754,Mouse,Electronics,1024.78,4,Israel,4099.12,7,2022
5920,2022-05-06,1553,Monitor,Electronics,1218.18,2,Israel,2436.36,5,2022
5921,2023-05-07,1580,Keyboard,Office,968.54,3,Israel,2905.62,5,2023
5922,2024-08-17,1402,Laptop,Accessories,1196.87,3,USA,3590.61,8,2024
5923,2024-08-27,1106,Headphones,Office,289.75,4,France,1159.0,8,2024
5924,2023-08-04,1038,Desk Lamp,Accessories,419.89,3,Canada,1259.67,8,2023
5925,2024-02-16,1580,Laptop,Office,348.44,4,USA,1393.76,2,2024
5926,2022-09-15,1179,Monitor,Accessories,1198.46,2,Germany,2396.92,9,2022
5927,2022-08-18,1011,Desk Lamp,Office,133.76,2,UK,267.52,8,2022
5928,2022-07-08,1338,Monitor,Electronics,1194.82,4,UK,4779.28,7,2022
5929,2022-01-10,1942,Keyboard,Electronics,586.62,1,Canada,586.62,1,2022
5930,2023-11-07,1715,Desk Lamp,Electronics,123.86,2,USA,247.72,11,2023
5931,2023-05-17,1547,USB Cable,Accessories,639.52,3,France,1918.56,5,2023
5932,2022-03-26,1125,Keyboard,Accessories,454.25,4,Israel,1817.0,3,2022
5933,2022-02-18,1062,Headphones,Electronics,889.97,4,Canada,3559.88,2,2022
5934,2024-04-17,1843,Webcam,Accessories,711.43,2,Canada,1422.86,4,2024
5935,2024-10-04,1081,USB Cable,Electronics,448.68,4,Germany,1794.72,10,2024
5936,2023-11-20,1818,Keyboard,Office,1294.09,2,Germany,2588.18,11,2023
5937,2023-01-22,1298,Webcam,Accessories,613.2,4,Canada,2452.8,1,2023
5938,2024-08-27,1033,USB Cable,Accessories,708.68,2,UK,1417.36,8,2024
5939,2024-10-02,1751,Webcam,Office,1270.71,3,Canada,3812.13,10,2024
5940,2022-08-06,1608,Headphones,Accessories,138.14,1,France,138.14,8,2022
5941,2024-10-01,1048,Desk Lamp,Accessories,587.89,1,Israel,587.89,10,2024
5942,2022-09-12,1657,Mouse,Accessories,607.27,1,UK,607.27,9,2022
5943,2022-08-24,1636,Desk Lamp,Office,746.26,1,France,746.26,8,2022
5944,2024-11-15,1700,Webcam,Electronics,163.65,2,Israel,327.3,11,2024
5945,2022-09-28,1056,Desk Lamp,Electronics,158.48,4,USA,633.92,9,2022
5946,2022-05-03,1860,Headphones,Office,627.54,1,France,627.54,5,2022
5947,2023-10-18,1108,Keyboard,Office,54.38,4,Canada,217.52,10,2023
5948,2022-09-16,1516,Laptop,Office,386.2,2,Canada,772.4,9,2022
5949,2024-08-05,1984,Keyboard,Electronics,305.76,2,Germany,611.52,8,2024
5950,2022-02-16,1023,Desk Lamp,Office,736.63,1,France,736.63,2,2022
5951,2024-05-12,1220,Monitor,Electronics,21.68,3,France,65.04,5,2024
5952,2023-06-09,1959,Keyboard,Office,1015.22,1,Canada,1015.22,6,2023
5953,2024-06-06,1314,Mouse,Accessories,1284.1,4,Canada,5136.4,6,2024
5954,2022-07-27,1293,Headphones,Electronics,1061.58,1,France,1061.58,7,2022
5955,2024-01-17,1928,Webcam,Electronics,1228.03,2,Israel,2456.06,1,2024
5956,2022-05-29,1009,Monitor,Office,966.76,2,Israel,1933.52,5,2022
5957,2023-03-14,1676,Headphones,Accessories,763.51,4,USA,3054.04,3,2023
5958,2022-06-04,1480,Headphones,Electronics,332.44,4,USA,1329.76,6,2022
5959,2022-12-24,1726,Webcam,Office,423.04,4,Israel,1692.16,12,2022
5960,2023-04-01,1637,USB Cable,Accessories,479.97,1,Israel,479.97,4,2023
5961,2024-02-15,1266,Keyboard,Electronics,61.84,1,UK,61.84,2,2024
5962,2023-09-21,1791,Laptop,Office,1370.07,3,France,4110.21,9,2023
5963,2024-04-11,1087,USB Cable,Accessories,1350.95,4,France,5403.8,4,2024
5964,2023-05-01,1454,Monitor,Electronics,166.13,3,Germany,498.39,5,2023
5965,2023-06-17,1625,Webcam,Electronics,837.26,3,Israel,2511.78,6,2023
5966,2022-07-19,1532,Mouse,Accessories,704.12,2,Israel,1408.24,7,2022
5967,2023-01-06,1147,Mouse,Office,1026.7,3,USA,3080.1,1,2023
5968,2024-10-10,1756,Laptop,Office,906.51,2,Canada,1813.02,10,2024
5969,2024-05-02,1777,Laptop,Accessories,190.86,4,USA,763.44,5,2024
5970,2022-09-05,1728,Keyboard,Electronics,991.82,2,Canada,1983.64,9,2022
5971,2024-02-27,1430,Mouse,Accessories,915.26,4,France,3661.04,2,2024
5972,2022-09-21,1995,Monitor,Accessories,799.18,1,France,799.18,9,2022
5973,2024-12-17,1751,Desk Lamp,Accessories,606.6,3,Canada,1819.8,12,2024
5974,2022-01-31,1942,Webcam,Electronics,1432.61,4,Israel,5730.44,1,2022
5975,2023-08-28,1910,Laptop,Accessories,1274.91,1,France,1274.91,8,2023
5976,2023-05-17,1939,Laptop,Accessories,879.7,1,Israel,879.7,5,2023
5977,2024-06-04,1743,Laptop,Electronics,14.53,4,Germany,58.12,6,2024
5978,2023-07-03,1743,Desk Lamp,Electronics,651.02,2,Germany,1302.04,7,2023
5979,2024-04-18,1241,Webcam,Accessories,1052.01,4,UK,4208.04,4,2024
5980,2024-04-27,1701,Monitor,Office,180.35,3,USA,541.05,4,2024
5981,2023-09-06,1901,Mouse,Accessories,612.79,1,UK,612.79,9,2023
5982,2023-02-16,1740,Desk Lamp,Electronics,291.63,2,Germany,583.26,2,2023
5983,2023-03-08,1065,Desk Lamp,Electronics,510.52,4,France,2042.08,3,2023
5984,2023-11-09,1971,USB Cable,Electronics,44.87,4,USA,179.48,11,2023
5985,2022-06-08,1377,Monitor,Office,194.46,1,USA,194.46,6,2022
5986,2022-01-14,1387,Webcam,Electronics,684.86,4,UK,2739.44,1,2022
5987,2023-01-08,1790,Monitor,Office,1347.79,3,USA,4043.37,1,2023
5988,2022-08-13,1780,Keyboard,Electronics,738.42,2,Germany,1476.84,8,2022
5989,2023-05-26,1208,USB Cable,Electronics,682.35,3,France,2047.05,5,2023
5990,2023-08-26,1414,Webcam,Accessories,1182.42,1,UK,1182.42,8,2023
5991,2022-08-04,1015,USB Cable,Office,405.41,2,France,810.82,8,2022
5992,2024-09-14,1296,USB Cable,Accessories,147.13,1,Canada,147.13,9,2024
5993,2024-04-19,1985,Laptop,Office,318.31,1,UK,318.31,4,2024
5994,2023-12-28,1219,Mouse,Electronics,1187.99,3,Canada,3563.97,12,2023
5995,2023-07-08,1768,USB Cable,Electronics,1017.19,2,Israel,2034.38,7,2023
5996,2024-12-01,1366,Keyboard,Office,141.84,1,USA,141.84,12,2024
5997,2023-11-07,1779,Keyboard,Accessories,1002.3,3,Israel,3006.9,11,2023
5998,2024-05-22,1228,Webcam,Office,1397.67,3,Canada,4193.01,5,2024
5999,2022-10-10,1630,Headphones,Office,72.21,2,USA,144.42,10,2022
6000,2024-12-17,1439,Desk Lamp,Office,926.55,4,Israel,3706.2,12,2024
6001,2024-04-13,1689,Laptop,Electronics,571.85,4,France,2287.4,4,2024
6002,2023-06-21,1531,Mouse,Office,754.04,1,Germany,754.04,6,2023
6003,2024-07-11,1449,Mouse,Electronics,794.63,4,UK,3178.52,7,2024
6004,2024-04-21,1035,Mouse,Accessories,1157.71,2,USA,2315.42,4,2024
6005,2024-08-05,1846,Desk Lamp,Electronics,837.73,4,UK,3350.92,8,2024
6006,2023-10-27,1421,Webcam,Accessories,891.66,2,Germany,1783.32,10,2023
6007,2022-03-08,1917,Laptop,Accessories,502.7,1,Israel,502.7,3,2022
6008,2022-01-06,1619,USB Cable,Accessories,193.29,4,France,773.16,1,2022
6009,2023-09-29,1188,USB Cable,Electronics,1025.68,2,Canada,2051.36,9,2023
6010,2022-11-10,1177,Webcam,Office,5.72,2,UK,11.44,11,2022
6011,2023-07-19,1607,Mouse,Electronics,496.43,2,Canada,992.86,7,2023
6012,2024-04-05,1314,Desk Lamp,Accessories,330.98,3,Israel,992.94,4,2024
6013,2023-05-21,1019,USB Cable,Office,585.86,1,Canada,585.86,5,2023
6014,2024-10-22,1675,Monitor,Electronics,470.35,2,USA,940.7,10,2024
6015,2022-07-23,1381,Monitor,Accessories,1057.8,3,UK,3173.4,7,2022
6016,2023-10-24,1608,Desk Lamp,Accessories,394.01,3,UK,1182.03,10,2023
6017,2024-03-15,1142,Desk Lamp,Office,843.32,2,USA,1686.64,3,2024
6018,2023-02-08,1061,Laptop,Electronics,686.38,1,Germany,686.38,2,2023
6019,2023-06-20,1241,Mouse,Office,1202.58,4,Israel,4810.32,6,2023
6020,2023-07-31,1237,Webcam,Office,645.0,3,Canada,1935.0,7,2023
6021,2024-02-02,1130,Desk Lamp,Office,1296.49,2,Canada,2592.98,2,2024
6022,2022-04-27,1604,Desk Lamp,Office,5.22,1,UK,5.22,4,2022
6023,2023-09-20,1602,Headphones,Electronics,909.23,1,Israel,909.23,9,2023
6024,2024-01-19,1644,Desk Lamp,Office,19.66,2,Canada,39.32,1,2024
6025,2022-04-15,1122,Headphones,Accessories,1072.33,3,France,3216.99,4,2022
6026,2023-05-10,1439,Headphones,Accessories,356.21,4,Israel,1424.84,5,2023
6027,2022-02-15,1926,Monitor,Accessories,573.07,1,Israel,573.07,2,2022
6028,2024-04-02,1341,Webcam,Office,573.75,4,Canada,2295.0,4,2024
6029,2024-09-08,1418,Headphones,Accessories,1270.4,1,USA,1270.4,9,2024
6030,2024-08-17,1629,Mouse,Electronics,157.63,1,Canada,157.63,8,2024
6031,2024-04-24,1454,Mouse,Office,1002.01,1,Israel,1002.01,4,2024
6032,2023-03-25,1197,Headphones,Office,1471.98,3,Canada,4415.94,3,2023
6033,2023-06-20,1281,Keyboard,Office,38.46,3,Canada,115.38,6,2023
6034,2023-05-26,1885,Headphones,Electronics,1449.01,2,Germany,2898.02,5,2023
6035,2023-06-24,1000,Keyboard,Office,32.52,4,Israel,130.08,6,2023
6036,2022-01-16,1722,Laptop,Office,1262.52,4,France,5050.08,1,2022
6037,2022-08-31,1774,Laptop,Accessories,1442.06,2,Canada,2884.12,8,2022
6038,2024-06-30,1931,Mouse,Accessories,1489.58,3,Israel,4468.74,6,2024
6039,2024-01-31,1331,Webcam,Office,691.39,4,Canada,2765.56,1,2024
6040,2023-12-06,1211,Monitor,Electronics,1301.1,2,USA,2602.2,12,2023
6041,2022-04-25,1086,Webcam,Accessories,187.9,1,France,187.9,4,2022
6042,2023-02-01,1664,Mouse,Office,640.95,4,USA,2563.8,2,2023
6043,2023-01-29,1861,Mouse,Accessories,465.42,3,Canada,1396.26,1,2023
6044,2024-09-04,1698,Webcam,Accessories,595.79,4,Germany,2383.16,9,2024
6045,2022-10-24,1060,Monitor,Electronics,1054.46,1,Germany,1054.46,10,2022
6046,2024-09-28,1796,Mouse,Office,135.78,3,USA,407.34,9,2024
6047,2022-06-27,1094,USB Cable,Accessories,1497.26,3,Germany,4491.78,6,2022
6048,2024-08-24,1785,USB Cable,Office,954.43,2,Canada,1908.86,8,2024
6049,2022-11-11,1552,Monitor,Electronics,1310.91,3,USA,3932.73,11,2022
6050,2024-11-28,1146,Mouse,Electronics,1245.39,2,UK,2490.78,11,2024
6051,2022-09-16,1245,USB Cable,Accessories,1150.17,3,Israel,3450.51,9,2022
6052,2022-01-07,1643,Laptop,Electronics,63.64,1,UK,63.64,1,2022
6053,2022-02-18,1960,Keyboard,Accessories,777.12,1,Germany,777.12,2,2022
6054,2022-06-10,1296,Mouse,Office,495.58,1,USA,495.58,6,2022
6055,2022-06-25,1122,Keyboard,Accessories,173.84,1,USA,173.84,6,2022
6056,2024-10-22,1654,Headphones,Accessories,517.77,1,Canada,517.77,10,2024
6057,2024-09-27,1693,USB Cable,Electronics,968.98,4,USA,3875.92,9,2024
6058,2023-03-31,1703,Mouse,Office,349.79,1,USA,349.79,3,2023
6059,2022-10-03,1455,Laptop,Office,669.67,3,Israel,2009.01,10,2022
6060,2023-05-13,1398,Monitor,Accessories,609.72,2,France,1219.44,5,2023
6061,2023-11-07,1718,Laptop,Office,83.43,4,UK,333.72,11,2023
6062,2024-11-17,1945,Keyboard,Office,943.98,3,Germany,2831.94,11,2024
6063,2024-10-21,1230,Monitor,Accessories,930.18,1,USA,930.18,10,2024
6064,2022-02-25,1533,Laptop,Accessories,1449.79,1,UK,1449.79,2,2022
6065,2023-07-01,1401,Laptop,Office,450.52,3,France,1351.56,7,2023
6066,2022-02-05,1591,Laptop,Accessories,631.33,4,UK,2525.32,2,2022
6067,2023-03-15,1129,Webcam,Electronics,608.44,2,Germany,1216.88,3,2023
6068,2023-08-18,1291,Desk Lamp,Office,1380.02,2,USA,2760.04,8,2023
6069,2022-11-03,1275,Monitor,Accessories,615.93,2,Germany,1231.86,11,2022
6070,2023-09-11,1911,Laptop,Office,666.93,2,USA,1333.86,9,2023
6071,2022-12-23,1834,Desk Lamp,Office,382.26,1,France,382.26,12,2022
6072,2022-06-30,1375,USB Cable,Electronics,6.75,4,Canada,27.0,6,2022
6073,2022-03-09,1925,USB Cable,Electronics,170.12,1,Germany,170.12,3,2022
6074,2022-10-19,1054,Laptop,Office,1057.31,4,UK,4229.24,10,2022
6075,2023-11-23,1577,Keyboard,Electronics,1025.33,2,Canada,2050.66,11,2023
6076,2022-06-30,1738,Laptop,Accessories,487.18,3,France,1461.54,6,2022
6077,2023-03-10,1025,USB Cable,Office,712.14,3,Germany,2136.42,3,2023
6078,2024-07-02,1440,Laptop,Electronics,449.58,1,Canada,449.58,7,2024
6079,2022-03-07,1764,Headphones,Office,1097.72,3,USA,3293.16,3,2022
6080,2024-11-10,1196,Desk Lamp,Office,1264.54,1,Canada,1264.54,11,2024
6081,2023-01-19,1641,Monitor,Accessories,1349.16,1,France,1349.16,1,2023
6082,2022-02-08,1242,Headphones,Accessories,264.94,4,USA,1059.76,2,2022
6083,2024-04-01,1823,Desk Lamp,Accessories,1044.05,2,Canada,2088.1,4,2024
6084,2023-08-25,1723,Desk Lamp,Electronics,1444.69,2,Israel,2889.38,8,2023
6085,2024-02-24,1189,Webcam,Electronics,977.66,2,UK,1955.32,2,2024
6086,2023-11-02,1801,Keyboard,Electronics,529.71,2,USA,1059.42,11,2023
6087,2023-04-24,1737,Desk Lamp,Accessories,955.74,4,Germany,3822.96,4,2023
6088,2023-07-15,1757,Headphones,Office,1034.2,2,Israel,2068.4,7,2023
6089,2022-04-11,1567,Webcam,Accessories,598.59,2,France,1197.18,4,2022
6090,2023-05-29,1566,Mouse,Electronics,160.47,3,Germany,481.41,5,2023
6091,2022-06-25,1275,Monitor,Electronics,911.96,2,France,1823.92,6,2022
6092,2022-08-26,1817,Laptop,Electronics,1204.2,2,Israel,2408.4,8,2022
6093,2024-06-28,1408,Headphones,Accessories,1496.38,1,Germany,1496.38,6,2024
6094,2024-12-18,1339,Headphones,Electronics,338.47,1,USA,338.47,12,2024
6095,2024-05-20,1152,Laptop,Accessories,1052.08,2,Canada,2104.16,5,2024
6096,2023-05-10,1564,Laptop,Office,46.92,1,Germany,46.92,5,2023
6097,2024-08-04,1397,Keyboard,Accessories,1454.89,3,UK,4364.67,8,2024
6098,2024-01-25,1443,Headphones,Electronics,23.78,3,USA,71.34,1,2024
6099,2022-07-30,1622,Headphones,Office,541.4,3,UK,1624.2,7,2022
6100,2022-05-20,1426,USB Cable,Electronics,119.22,4,Germany,476.88,5,2022
6101,2023-06-25,1957,Desk Lamp,Office,933.35,3,Germany,2800.05,6,2023
6102,2022-09-27,1486,Mouse,Electronics,512.55,2,France,1025.1,9,2022
6103,2024-11-01,1203,USB Cable,Accessories,1100.75,3,Germany,3302.25,11,2024
6104,2023-05-21,1111,Webcam,Electronics,732.14,3,USA,2196.42,5,2023
6105,2022-02-01,1324,Mouse,Accessories,632.01,3,UK,1896.03,2,2022
6106,2024-12-28,1958,USB Cable,Accessories,526.03,3,Canada,1578.09,12,2024
6107,2024-03-23,1257,Headphones,Office,133.76,1,Canada,133.76,3,2024
6108,2022-12-28,1949,Mouse,Accessories,311.21,3,Israel,933.63,12,2022
6109,2024-07-17,1527,Headphones,Accessories,960.46,3,UK,2881.38,7,2024
6110,2022-04-10,1950,Monitor,Accessories,747.64,1,Canada,747.64,4,2022
6111,2022-01-09,1349,Keyboard,Office,109.78,1,Canada,109.78,1,2022
6112,2023-11-28,1938,Mouse,Electronics,818.21,4,France,3272.84,11,2023
6113,2024-11-18,1956,Headphones,Electronics,85.94,2,Israel,171.88,11,2024
6114,2023-04-07,1677,Mouse,Accessories,770.03,4,Canada,3080.12,4,2023
6115,2024-07-09,1812,Desk Lamp,Accessories,1447.62,1,Canada,1447.62,7,2024
6116,2023-01-25,1893,Desk Lamp,Electronics,464.48,1,Israel,464.48,1,2023
6117,2023-09-24,1434,Webcam,Accessories,1086.64,1,Germany,1086.64,9,2023
6118,2023-11-13,1425,Keyboard,Electronics,1119.6,4,Canada,4478.4,11,2023
6119,2022-06-06,1279,Monitor,Office,610.27,3,France,1830.81,6,2022
6120,2022-12-01,1370,Laptop,Accessories,891.97,2,France,1783.94,12,2022
6121,2022-09-17,1669,Desk Lamp,Accessories,710.71,2,Germany,1421.42,9,2022
6122,2022-03-23,1932,Laptop,Electronics,428.63,3,Canada,1285.89,3,2022
6123,2024-01-24,1248,Mouse,Electronics,1133.34,2,USA,2266.68,1,2024
6124,2023-12-21,1890,Headphones,Office,1055.73,3,Germany,3167.19,12,2023
6125,2022-03-16,1180,Webcam,Accessories,1351.32,4,France,5405.28,3,2022
6126,2023-09-18,1702,Desk Lamp,Electronics,929.1,1,Israel,929.1,9,2023
6127,2022-03-03,1998,Keyboard,Office,586.14,3,USA,1758.42,3,2022
6128,2024-05-23,1650,Monitor,Electronics,1072.44,3,Canada,3217.32,5,2024
6129,2022-11-16,1077,Monitor,Electronics,930.46,1,France,930.46,11,2022
6130,2022-04-12,1918,Desk Lamp,Office,926.84,1,France,926.84,4,2022
6131,2024-05-23,1884,Desk Lamp,Office,1275.51,2,Germany,2551.02,5,2024
6132,2024-08-11,1335,USB Cable,Office,1366.15,3,UK,4098.45,8,2024
6133,2022-09-12,1049,Monitor,Office,274.46,1,France,274.46,9,2022
6134,2023-07-24,1084,Laptop,Office,474.51,2,UK,949.02,7,2023
6135,2022-04-22,1694,Keyboard,Office,977.21,4,USA,3908.84,4,2022
6136,2024-09-11,1694,USB Cable,Accessories,838.05,3,Israel,2514.15,9,2024
6137,2024-09-24,1003,Laptop,Office,980.23,4,UK,3920.92,9,2024
6138,2023-04-06,1992,Mouse,Accessories,652.36,1,UK,652.36,4,2023
6139,2023-12-09,1949,Monitor,Electronics,621.6,1,UK,621.6,12,2023
6140,2024-06-05,1316,Keyboard,Electronics,180.89,3,UK,542.67,6,2024
6141,2024-12-11,1110,Desk Lamp,Office,937.35,4,UK,3749.4,12,2024
6142,2023-06-04,1333,Monitor,Electronics,267.8,1,USA,267.8,6,2023
6143,2024-03-22,1850,Laptop,Office,1008.18,3,Canada,3024.54,3,2024
6144,2022-08-24,1762,Laptop,Office,1450.77,3,Canada,4352.31,8,2022
6145,2024-07-15,1132,Laptop,Accessories,388.34,3,France,1165.02,7,2024
6146,2023-07-11,1611,Monitor,Electronics,217.52,1,Israel,217.52,7,2023
6147,2023-10-11,1990,Keyboard,Office,41.14,1,France,41.14,10,2023
6148,2022-08-22,1913,Keyboard,Electronics,571.35,3,USA,1714.05,8,2022
6149,2024-11-21,1683,Mouse,Accessories,325.84,2,USA,651.68,11,2024
6150,2023-08-02,1798,Monitor,Electronics,740.33,3,UK,2220.99,8,2023
6151,2023-06-26,1118,Mouse,Accessories,788.84,3,USA,2366.52,6,2023
6152,2022-04-24,1349,Webcam,Accessories,527.24,3,USA,1581.72,4,2022
6153,2022-07-23,1916,Mouse,Accessories,1126.11,2,UK,2252.22,7,2022
6154,2024-11-18,1686,Mouse,Office,1357.69,4,USA,5430.76,11,2024
6155,2023-10-05,1541,Mouse,Office,321.23,1,USA,321.23,10,2023
6156,2023-04-19,1054,Desk Lamp,Electronics,1255.27,1,USA,1255.27,4,2023
6157,2023-11-28,1360,Laptop,Office,201.13,4,Germany,804.52,11,2023
6158,2022-09-10,1707,Webcam,Office,346.91,3,Canada,1040.73,9,2022
6159,2024-06-23,1452,USB Cable,Electronics,844.32,3,France,2532.96,6,2024
6160,2023-01-21,1552,Desk Lamp,Accessories,463.34,1,Germany,463.34,1,2023
6161,2022-03-03,1684,Mouse,Accessories,67.36,3,France,202.08,3,2022
6162,2023-05-30,1329,Keyboard,Electronics,445.83,4,UK,1783.32,5,2023
6163,2023-03-06,1218,Mouse,Office,1357.78,1,UK,1357.78,3,2023
6164,2023-08-03,1207,Laptop,Electronics,265.46,2,Canada,530.92,8,2023
6165,2024-01-13,1669,Desk Lamp,Electronics,1146.81,3,France,3440.43,1,2024
6166,2023-11-06,1844,Headphones,Office,1084.81,4,France,4339.24,11,2023
6167,2022-11-07,1739,USB Cable,Electronics,163.81,1,Canada,163.81,11,2022
6168,2023-04-16,1084,Webcam,Office,497.52,1,Israel,497.52,4,2023
6169,2024-03-19,1684,Headphones,Office,288.09,2,France,576.18,3,2024
6170,2022-06-21,1244,Headphones,Electronics,39.61,3,France,118.83,6,2022
6171,2023-07-30,1871,Webcam,Accessories,263.7,2,UK,527.4,7,2023
6172,2022-01-31,1684,Monitor,Office,306.36,4,UK,1225.44,1,2022
6173,2022-02-16,1334,USB Cable,Accessories,253.14,1,USA,253.14,2,2022
6174,2022-05-10,1211,Desk Lamp,Office,141.19,1,USA,141.19,5,2022
6175,2022-12-18,1595,USB Cable,Accessories,791.83,2,UK,1583.66,12,2022
6176,2024-09-04,1684,Keyboard,Electronics,487.35,2,USA,974.7,9,2024
6177,2022-02-27,1182,Laptop,Office,1362.83,2,Germany,2725.66,2,2022
6178,2024-03-22,1954,Webcam,Electronics,284.88,3,Germany,854.64,3,2024
6179,2024-02-07,1132,Desk Lamp,Electronics,906.28,1,Canada,906.28,2,2024
6180,2023-11-14,1891,Headphones,Electronics,1351.43,3,USA,4054.29,11,2023
6181,2024-09-23,1799,Laptop,Office,75.55,4,USA,302.2,9,2024
6182,2022-10-13,1773,Laptop,Electronics,776.83,3,France,2330.49,10,2022
6183,2024-12-30,1349,Monitor,Electronics,678.75,2,France,1357.5,12,2024
6184,2024-06-04,1281,Headphones,Office,1393.52,4,Germany,5574.08,6,2024
6185,2023-02-01,1292,Mouse,Electronics,997.33,4,Canada,3989.32,2,2023
6186,2022-01-26,1268,Laptop,Office,527.0,3,Germany,1581.0,1,2022
6187,2022-11-09,1860,Headphones,Electronics,1068.72,3,France,3206.16,11,2022
6188,2022-05-06,1196,USB Cable,Accessories,876.07,2,France,1752.14,5,2022
6189,2024-03-21,1536,Laptop,Electronics,524.02,2,Canada,1048.04,3,2024
6190,2022-07-07,1652,Monitor,Accessories,1178.95,4,France,4715.8,7,2022
6191,2023-11-29,1983,Monitor,Office,1003.91,2,USA,2007.82,11,2023
6192,2024-03-20,1734,Mouse,Accessories,13.1,1,UK,13.1,3,2024
6193,2023-12-17,1019,Monitor,Office,1298.38,1,Germany,1298.38,12,2023
6194,2023-03-26,1758,Desk Lamp,Electronics,598.65,4,Israel,2394.6,3,2023
6195,2023-06-07,1839,Headphones,Accessories,969.94,3,Canada,2909.82,6,2023
6196,2024-09-12,1955,Webcam,Electronics,598.17,3,France,1794.51,9,2024
6197,2023-10-20,1712,Monitor,Accessories,1322.64,1,USA,1322.64,10,2023
6198,2023-08-20,1404,Webcam,Office,978.0,3,Germany,2934.0,8,2023
6199,2022-04-10,1114,Mouse,Office,871.18,2,France,1742.36,4,2022
6200,2023-09-08,1894,USB Cable,Office,1470.5,1,USA,1470.5,9,2023
6201,2024-08-05,1700,Keyboard,Office,424.56,4,Germany,1698.24,8,2024
6202,2023-07-10,1979,Laptop,Electronics,102.56,3,Germany,307.68,7,2023
6203,2022-10-05,1974,Desk Lamp,Electronics,776.44,4,Israel,3105.76,10,2022
6204,2023-05-06,1025,Laptop,Electronics,638.91,4,Israel,2555.64,5,2023
6205,2022-09-12,1565,Headphones,Electronics,684.16,3,Germany,2052.48,9,2022
6206,2023-01-16,1681,Mouse,Electronics,932.06,3,USA,2796.18,1,2023
6207,2024-06-10,1394,Mouse,Office,924.61,1,France,924.61,6,2024
6208,2023-06-26,1932,Mouse,Electronics,591.44,1,Canada,591.44,6,2023
6209,2024-04-04,1380,Laptop,Electronics,1295.0,4,France,5180.0,4,2024
6210,2024-05-28,1522,Monitor,Electronics,978.93,4,Germany,3915.72,5,2024
6211,2022-10-08,1538,Laptop,Office,1335.42,1,France,1335.42,10,2022
6212,2024-02-12,1861,Laptop,Office,1370.17,4,Israel,5480.68,2,2024
6213,2024-04-22,1082,Laptop,Office,255.13,2,France,510.26,4,2024
6214,2023-12-20,1801,USB Cable,Office,1022.44,3,UK,3067.32,12,2023
6215,2022-11-24,1549,USB Cable,Electronics,479.68,3,Israel,1439.04,11,2022
6216,2022-07-30,1444,Monitor,Electronics,1255.46,2,Israel,2510.92,7,2022
6217,2023-12-28,1086,Keyboard,Accessories,1100.61,1,Germany,1100.61,12,2023
6218,2024-07-11,1948,Headphones,Electronics,302.13,1,Germany,302.13,7,2024
6219,2023-07-06,1832,Keyboard,Office,1408.4,4,France,5633.6,7,2023
6220,2022-01-26,1386,Keyboard,Office,1026.8,4,France,4107.2,1,2022
6221,2022-01-27,1962,Laptop,Electronics,1423.21,1,Germany,1423.21,1,2022
6222,2023-12-03,1667,Desk Lamp,Accessories,306.86,4,USA,1227.44,12,2023
6223,2023-11-13,1397,Keyboard,Office,1305.21,2,France,2610.42,11,2023
6224,2023-02-17,1819,Laptop,Accessories,1003.77,3,USA,3011.31,2,2023
6225,2022-06-16,1285,Laptop,Office,830.67,2,Israel,1661.34,6,2022
6226,2022-06-18,1697,Headphones,Office,1231.67,3,Canada,3695.01,6,2022
6227,2022-08-17,1693,Mouse,Electronics,951.13,3,Canada,2853.39,8,2022
6228,2023-01-02,1964,Laptop,Office,1006.05,4,UK,4024.2,1,2023
6229,2023-06-12,1368,USB Cable,Accessories,384.24,4,USA,1536.96,6,2023
6230,2024-03-01,1654,Keyboard,Accessories,1226.5,3,France,3679.5,3,2024
6231,2023-06-08,1421,Headphones,Electronics,977.2,4,Canada,3908.8,6,2023
6232,2024-12-31,1717,Webcam,Office,1267.36,2,Germany,2534.72,12,2024
6233,2022-04-16,1653,Webcam,Accessories,530.53,1,Germany,530.53,4,2022
6234,2024-01-02,1696,Webcam,Electronics,500.91,4,UK,2003.64,1,2024
6235,2024-08-22,1442,Keyboard,Accessories,40.73,4,UK,162.92,8,2024
6236,2022-05-13,1752,Mouse,Electronics,1154.06,4,Israel,4616.24,5,2022
6237,2023-06-18,1519,Monitor,Accessories,498.82,1,USA,498.82,6,2023
6238,2024-09-01,1583,Desk Lamp,Office,494.18,2,UK,988.36,9,2024
6239,2022-09-26,1914,Mouse,Accessories,1034.58,3,Israel,3103.74,9,2022
6240,2023-11-04,1287,Desk Lamp,Accessories,383.04,2,Israel,766.08,11,2023
6241,2024-03-01,1094,Headphones,Electronics,1363.99,4,Israel,5455.96,3,2024
6242,2022-01-18,1668,Mouse,Electronics,809.41,1,Canada,809.41,1,2022
6243,2022-04-27,1040,Webcam,Electronics,1454.37,2,Canada,2908.74,4,2022
6244,2024-03-08,1330,Mouse,Accessories,119.62,4,France,478.48,3,2024
6245,2023-07-05,1812,Headphones,Electronics,508.55,4,UK,2034.2,7,2023
6246,2024-07-17,1780,Headphones,Office,575.3,3,Canada,1725.9,7,2024
6247,2024-01-23,1154,Webcam,Electronics,1096.98,1,Germany,1096.98,1,2024
6248,2023-02-26,1503,USB Cable,Electronics,323.38,3,Israel,970.14,2,2023
6249,2023-10-08,1274,Keyboard,Office,566.14,2,Germany,1132.28,10,2023
6250,2023-07-12,1665,Desk Lamp,Electronics,1366.41,3,France,4099.23,7,2023
6251,2022-02-19,1564,Laptop,Electronics,176.25,2,USA,352.5,2,2022
6252,2023-11-09,1178,Monitor,Accessories,1119.26,4,France,4477.04,11,2023
6253,2022-04-16,1932,Monitor,Accessories,1055.22,1,France,1055.22,4,2022
6254,2023-10-20,1751,Webcam,Electronics,200.11,1,UK,200.11,10,2023
6255,2024-12-31,1136,USB Cable,Office,1034.29,4,Israel,4137.16,12,2024
6256,2024-09-14,1766,Monitor,Electronics,856.83,1,France,856.83,9,2024
6257,2024-04-21,1987,Mouse,Electronics,434.85,3,Israel,1304.55,4,2024
6258,2023-03-22,1735,Headphones,Electronics,470.16,2,Germany,940.32,3,2023
6259,2022-03-11,1179,Desk Lamp,Accessories,1250.32,2,USA,2500.64,3,2022
6260,2022-05-30,1181,USB Cable,Office,350.37,2,USA,700.74,5,2022
6261,2024-02-13,1258,Headphones,Office,771.61,3,Germany,2314.83,2,2024
6262,2024-08-01,1242,Webcam,Office,1023.32,2,UK,2046.64,8,2024
6263,2023-03-31,1095,Headphones,Accessories,199.2,1,Germany,199.2,3,2023
6264,2024-08-03,1196,Desk Lamp,Accessories,1398.87,2,Canada,2797.74,8,2024
6265,2023-08-24,1903,Laptop,Electronics,394.65,3,Germany,1183.95,8,2023
6266,2023-10-15,1525,Headphones,Accessories,481.66,1,Canada,481.66,10,2023
6267,2023-12-26,1631,Headphones,Electronics,1000.84,4,UK,4003.36,12,2023
6268,2022-08-21,1386,USB Cable,Accessories,121.9,1,UK,121.9,8,2022
6269,2022-09-08,1407,Desk Lamp,Electronics,943.28,3,France,2829.84,9,2022
6270,2022-03-20,1268,Mouse,Accessories,1374.46,1,Israel,1374.46,3,2022
6271,2024-12-11,1170,Keyboard,Office,377.39,2,USA,754.78,12,2024
6272,2024-06-16,1924,Monitor,Electronics,546.05,3,UK,1638.15,6,2024
6273,2024-07-09,1583,Mouse,Accessories,352.34,4,Canada,1409.36,7,2024
6274,2024-02-20,1690,Mouse,Accessories,1229.06,2,UK,2458.12,2,2024
6275,2022-08-14,1169,Mouse,Electronics,255.57,3,France,766.71,8,2022
6276,2024-12-10,1158,Monitor,Accessories,523.21,3,France,1569.63,12,2024
6277,2024-11-23,1508,Webcam,Office,903.53,4,Israel,3614.12,11,2024
6278,2024-03-13,1446,Mouse,Electronics,609.81,4,UK,2439.24,3,2024
6279,2024-01-12,1665,Keyboard,Electronics,102.88,3,UK,308.64,1,2024
6280,2022-05-11,1913,Webcam,Electronics,1421.84,4,France,5687.36,5,2022
6281,2024-10-19,1081,Headphones,Electronics,510.16,4,Germany,2040.64,10,2024
6282,2023-09-24,1056,Keyboard,Electronics,671.25,2,Israel,1342.5,9,2023
6283,2024-04-17,1518,USB Cable,Office,255.48,3,UK,766.44,4,2024
6284,2024-01-29,1111,Desk Lamp,Electronics,1298.7,1,USA,1298.7,1,2024
6285,2023-12-05,1997,Webcam,Office,440.69,2,USA,881.38,12,2023
6286,2023-05-12,1047,Headphones,Office,34.64,3,Canada,103.92,5,2023
6287,2022-11-19,1591,Headphones,Office,478.02,3,France,1434.06,11,2022
6288,2023-09-07,1886,Mouse,Electronics,1476.17,2,Canada,2952.34,9,2023
6289,2022-11-25,1375,Mouse,Office,224.53,4,USA,898.12,11,2022
6290,2022-05-13,1827,Monitor,Electronics,51.65,1,France,51.65,5,2022
6291,2024-04-14,1032,Laptop,Office,869.37,1,Germany,869.37,4,2024
6292,2023-10-13,1503,Keyboard,Electronics,560.64,3,France,1681.92,10,2023
6293,2022-05-01,1626,Monitor,Accessories,1193.49,3,UK,3580.47,5,2022
6294,2023-08-29,1895,Monitor,Accessories,1099.17,1,USA,1099.17,8,2023
6295,2024-08-22,1002,Keyboard,Office,282.2,3,UK,846.6,8,2024
6296,2022-05-09,1485,Desk Lamp,Accessories,849.13,1,USA,849.13,5,2022
6297,2022-01-29,1515,Webcam,Office,53.49,4,USA,213.96,1,2022
6298,2023-12-23,1867,USB Cable,Office,662.02,1,France,662.02,12,2023
6299,2022-11-29,1771,Keyboard,Office,1072.51,1,Israel,1072.51,11,2022
6300,2024-08-01,1041,Headphones,Accessories,625.36,1,USA,625.36,8,2024
6301,2024-11-13,1008,USB Cable,Office,181.34,3,USA,544.02,11,2024
6302,2022-12-22,1999,Desk Lamp,Accessories,96.99,4,Canada,387.96,12,2022
6303,2022-05-19,1818,Laptop,Accessories,1281.22,2,Israel,2562.44,5,2022
6304,2022-01-29,1656,Desk Lamp,Electronics,1337.53,2,UK,2675.06,1,2022
6305,2024-07-19,1912,Webcam,Accessories,517.92,1,USA,517.92,7,2024
6306,2023-05-11,1608,Mouse,Electronics,250.44,3,France,751.32,5,2023
6307,2024-10-10,1787,Laptop,Office,1468.03,2,Israel,2936.06,10,2024
6308,2023-10-17,1141,Laptop,Office,821.07,2,Israel,1642.14,10,2023
6309,2024-04-07,1789,Desk Lamp,Electronics,717.6,1,Canada,717.6,4,2024
6310,2022-12-17,1435,Mouse,Office,1113.7,1,USA,1113.7,12,2022
6311,2023-07-08,1026,Laptop,Electronics,257.46,3,UK,772.38,7,2023
6312,2022-10-26,1042,Webcam,Electronics,872.08,2,UK,1744.16,10,2022
6313,2022-03-05,1130,Webcam,Office,1335.79,1,Germany,1335.79,3,2022
6314,2024-01-25,1215,Webcam,Electronics,39.49,4,Germany,157.96,1,2024
6315,2024-02-09,1605,Monitor,Electronics,1011.04,4,France,4044.16,2,2024
6316,2024-04-13,1519,Monitor,Electronics,829.38,4,Canada,3317.52,4,2024
6317,2022-06-15,1597,Webcam,Office,1426.45,1,USA,1426.45,6,2022
6318,2023-05-21,1344,Mouse,Office,391.75,3,UK,1175.25,5,2023
6319,2024-03-03,1507,Mouse,Office,1289.04,4,Germany,5156.16,3,2024
6320,2024-04-12,1649,Keyboard,Office,466.93,4,USA,1867.72,4,2024
6321,2024-05-07,1880,Keyboard,Office,647.65,4,Canada,2590.6,5,2024
6322,2024-03-16,1412,Desk Lamp,Accessories,323.86,1,USA,323.86,3,2024
6323,2024-01-31,1935,Webcam,Accessories,1296.07,1,UK,1296.07,1,2024
6324,2024-04-12,1245,USB Cable,Electronics,297.14,1,USA,297.14,4,2024
6325,2022-10-10,1448,Laptop,Accessories,1289.22,4,Israel,5156.88,10,2022
6326,2023-01-14,1020,Laptop,Office,686.14,1,Germany,686.14,1,2023
6327,2022-07-17,1998,Mouse,Office,1253.45,1,France,1253.45,7,2022
6328,2024-10-11,1407,USB Cable,Office,400.41,3,Germany,1201.23,10,2024
6329,2024-10-20,1456,Laptop,Electronics,203.43,1,USA,203.43,10,2024
6330,2023-07-10,1443,Desk Lamp,Electronics,834.67,2,Israel,1669.34,7,2023
6331,2022-12-22,1921,Headphones,Electronics,766.61,1,Germany,766.61,12,2022
6332,2024-11-06,1264,Monitor,Electronics,538.13,1,UK,538.13,11,2024
6333,2023-10-01,1659,Laptop,Electronics,995.92,2,Israel,1991.84,10,2023
6334,2023-01-14,1183,Laptop,Electronics,147.24,2,Canada,294.48,1,2023
6335,2023-11-11,1226,Keyboard,Accessories,934.89,1,Germany,934.89,11,2023
6336,2023-05-21,1803,Headphones,Office,321.58,3,USA,964.74,5,2023
6337,2024-06-17,1547,Laptop,Accessories,197.79,4,UK,791.16,6,2024
6338,2022-03-17,1245,Monitor,Electronics,1364.86,2,USA,2729.72,3,2022
6339,2022-08-19,1072,Desk Lamp,Office,692.39,3,Canada,2077.17,8,2022
6340,2024-08-19,1149,Laptop,Office,1146.31,1,USA,1146.31,8,2024
6341,2022-10-29,1512,Mouse,Office,138.23,1,Canada,138.23,10,2022
6342,2023-12-27,1068,Headphones,Accessories,90.91,2,UK,181.82,12,2023
6343,2022-08-03,1968,Laptop,Office,744.8,2,Israel,1489.6,8,2022
6344,2022-03-10,1804,USB Cable,Electronics,476.75,3,Germany,1430.25,3,2022
6345,2023-01-28,1229,Headphones,Electronics,12.34,1,Israel,12.34,1,2023
6346,2022-09-24,1722,Laptop,Accessories,279.03,2,Canada,558.06,9,2022
6347,2024-12-28,1071,Monitor,Accessories,332.07,2,UK,664.14,12,2024
6348,2023-09-03,1874,Desk Lamp,Electronics,436.32,4,Canada,1745.28,9,2023
6349,2024-10-05,1607,Desk Lamp,Accessories,1316.92,2,Germany,2633.84,10,2024
6350,2024-08-19,1396,Monitor,Office,633.8,3,UK,1901.4,8,2024
6351,2023-12-29,1083,Headphones,Accessories,1020.75,1,France,1020.75,12,2023
6352,2023-11-04,1739,Webcam,Office,32.5,2,France,65.0,11,2023
6353,2023-02-27,1298,Keyboard,Office,1221.82,4,Israel,4887.28,2,2023
6354,2022-04-25,1747,Keyboard,Office,364.29,2,UK,728.58,4,2022
6355,2022-08-08,1292,Mouse,Office,467.01,2,Germany,934.02,8,2022
6356,2022-01-31,1733,Webcam,Office,72.66,1,Israel,72.66,1,2022
6357,2023-09-09,1969,Keyboard,Electronics,617.49,4,France,2469.96,9,2023
6358,2023-06-23,1222,Headphones,Electronics,1279.6,3,France,3838.8,6,2023
6359,2024-01-09,1792,Keyboard,Electronics,571.21,3,France,1713.63,1,2024
6360,2024-10-22,1732,Mouse,Office,1363.36,1,Israel,1363.36,10,2024
6361,2024-05-20,1215,Laptop,Accessories,1301.83,3,Germany,3905.49,5,2024
6362,2022-04-11,1230,Keyboard,Accessories,97.63,3,France,292.89,4,2022
6363,2024-12-17,1404,Headphones,Office,461.38,2,Israel,922.76,12,2024
6364,2023-11-23,1168,Headphones,Accessories,1366.07,3,Israel,4098.21,11,2023
6365,2024-07-29,1328,Mouse,Office,49.56,4,USA,198.24,7,2024
6366,2022-12-07,1425,Desk Lamp,Accessories,1149.88,2,USA,2299.76,12,2022
6367,2024-05-10,1553,USB Cable,Office,1360.11,3,Canada,4080.33,5,2024
6368,2024-11-09,1769,Mouse,Accessories,1156.88,4,Germany,4627.52,11,2024
6369,2022-02-07,1195,USB Cable,Accessories,1117.0,2,France,2234.0,2,2022
6370,2023-10-22,1903,Monitor,Electronics,1265.82,4,USA,5063.28,10,2023
6371,2024-07-16,1607,Monitor,Accessories,1000.36,1,Germany,1000.36,7,2024
6372,2024-11-15,1828,Desk Lamp,Accessories,637.53,1,USA,637.53,11,2024
6373,2023-03-30,1525,Monitor,Office,98.82,3,France,296.46,3,2023
6374,2024-01-07,1624,USB Cable,Accessories,1183.01,4,Israel,4732.04,1,2024
6375,2024-03-29,1076,Laptop,Accessories,1358.35,2,France,2716.7,3,2024
6376,2024-02-12,1276,Headphones,Accessories,769.82,4,USA,3079.28,2,2024
6377,2022-01-13,1919,Desk Lamp,Accessories,801.1,4,France,3204.4,1,2022
6378,2024-07-03,1945,Monitor,Accessories,607.91,1,Israel,607.91,7,2024
6379,2024-07-09,1465,Headphones,Electronics,1286.04,1,UK,1286.04,7,2024
6380,2024-04-04,1940,Mouse,Accessories,27.13,3,Israel,81.39,4,2024
6381,2023-01-06,1447,Desk Lamp,Office,938.7,4,USA,3754.8,1,2023
6382,2022-11-28,1319,Laptop,Office,1361.58,4,Israel,5446.32,11,2022
6383,2022-09-18,1999,Mouse,Accessories,159.32,2,Canada,318.64,9,2022
6384,2023-11-28,1921,Headphones,Accessories,1438.95,2,Germany,2877.9,11,2023
6385,2023-11-18,1159,Webcam,Accessories,1451.68,1,France,1451.68,11,2023
6386,2024-08-07,1491,USB Cable,Electronics,1395.03,4,Canada,5580.12,8,2024
6387,2023-01-22,1312,Webcam,Office,696.51,3,UK,2089.53,1,2023
6388,2024-03-31,1630,Monitor,Electronics,577.54,1,UK,577.54,3,2024
6389,2023-04-13,1948,Webcam,Electronics,1060.39,4,France,4241.56,4,2023
6390,2022-03-10,1160,Mouse,Accessories,481.44,1,France,481.44,3,2022
6391,2022-07-19,1307,Desk Lamp,Accessories,107.17,3,Germany,321.51,7,2022
6392,2022-08-04,1862,USB Cable,Office,1352.63,4,Israel,5410.52,8,2022
6393,2022-07-31,1145,Webcam,Accessories,954.11,3,UK,2862.33,7,2022
6394,2023-05-23,1674,Keyboard,Office,314.7,4,USA,1258.8,5,2023
6395,2022-01-16,1395,Laptop,Electronics,32.52,4,France,130.08,1,2022
6396,2024-06-02,1690,Headphones,Office,1086.66,3,France,3259.98,6,2024
6397,2022-11-28,1088,Desk Lamp,Office,1279.94,2,Canada,2559.88,11,2022
6398,2023-12-18,1734,USB Cable,Office,611.44,3,Canada,1834.32,12,2023
6399,2023-07-05,1777,Desk Lamp,Electronics,125.94,3,Canada,377.82,7,2023
6400,2024-07-30,1750,Monitor,Electronics,974.69,1,UK,974.69,7,2024
6401,2022-09-13,1307,Mouse,Accessories,448.91,3,Canada,1346.73,9,2022
6402,2024-09-18,1545,Laptop,Accessories,220.2,3,France,660.6,9,2024
6403,2023-12-29,1370,Monitor,Office,768.04,1,UK,768.04,12,2023
6404,2024-05-29,1450,Mouse,Office,725.36,2,USA,1450.72,5,2024
6405,2024-03-25,1166,Webcam,Electronics,777.57,3,USA,2332.71,3,2024
6406,2023-10-11,1391,USB Cable,Electronics,1236.78,1,UK,1236.78,10,2023
6407,2024-09-26,1636,Headphones,Electronics,729.4,2,France,1458.8,9,2024
6408,2023-04-16,1735,USB Cable,Office,1351.31,2,Germany,2702.62,4,2023
6409,2023-11-21,1490,Keyboard,Office,1263.51,3,Germany,3790.53,11,2023
6410,2023-12-01,1924,Desk Lamp,Electronics,978.42,2,Israel,1956.84,12,2023
6411,2023-05-22,1149,Keyboard,Office,89.99,3,Germany,269.97,5,2023
6412,2024-09-18,1467,Desk Lamp,Electronics,1298.09,2,Canada,2596.18,9,2024
6413,2024-10-06,1965,USB Cable,Accessories,1358.83,2,France,2717.66,10,2024
6414,2024-03-14,1700,Webcam,Electronics,565.7,2,Germany,1131.4,3,2024
6415,2024-04-10,1042,Headphones,Office,791.6,3,Israel,2374.8,4,2024
6416,2022-08-02,1944,Laptop,Office,425.13,2,USA,850.26,8,2022
6417,2022-06-18,1028,Headphones,Office,27.0,4,UK,108.0,6,2022
6418,2024-09-04,1873,Webcam,Office,721.78,1,Germany,721.78,9,2024
6419,2022-05-26,1631,Mouse,Electronics,198.39,1,UK,198.39,5,2022
6420,2023-05-31,1848,USB Cable,Electronics,279.07,4,UK,1116.28,5,2023
6421,2023-03-29,1030,USB Cable,Accessories,723.66,2,Canada,1447.32,3,2023
6422,2022-03-01,1692,USB Cable,Electronics,1301.22,4,Canada,5204.88,3,2022
6423,2023-06-12,1673,USB Cable,Accessories,1267.73,3,USA,3803.19,6,2023
6424,2024-10-20,1127,Laptop,Electronics,1447.78,1,Israel,1447.78,10,2024
6425,2023-04-19,1766,Keyboard,Electronics,726.61,2,France,1453.22,4,2023
6426,2024-01-27,1293,Webcam,Office,830.25,1,France,830.25,1,2024
6427,2024-02-21,1440,Mouse,Accessories,1234.06,4,France,4936.24,2,2024
6428,2023-03-09,1868,Webcam,Office,1051.01,4,Israel,4204.04,3,2023
6429,2023-02-05,1387,Monitor,Office,278.32,1,Canada,278.32,2,2023
6430,2022-02-26,1765,Monitor,Electronics,600.27,1,Israel,600.27,2,2022
6431,2024-09-29,1641,Monitor,Electronics,1394.09,1,Israel,1394.09,9,2024
6432,2022-07-05,1523,Keyboard,Accessories,223.46,1,Germany,223.46,7,2022
6433,2023-02-02,1546,Headphones,Accessories,317.99,4,UK,1271.96,2,2023
6434,2023-08-28,1709,Laptop,Electronics,603.99,2,Israel,1207.98,8,2023
6435,2024-02-27,1759,USB Cable,Accessories,1410.11,1,Israel,1410.11,2,2024
6436,2022-06-07,1109,Keyboard,Electronics,175.16,2,Germany,350.32,6,2022
6437,2023-08-12,1327,Desk Lamp,Electronics,1011.05,1,UK,1011.05,8,2023
6438,2023-04-11,1404,Mouse,Electronics,202.52,3,Canada,607.56,4,2023
6439,2023-03-22,1244,Mouse,Accessories,789.13,2,Canada,1578.26,3,2023
6440,2024-03-11,1761,Monitor,Office,807.16,3,France,2421.48,3,2024
6441,2024-07-17,1877,Desk Lamp,Accessories,68.73,4,USA,274.92,7,2024
6442,2022-01-17,1828,Laptop,Office,1431.41,3,Israel,4294.23,1,2022
6443,2024-01-01,1162,Monitor,Accessories,1210.9,4,Israel,4843.6,1,2024
6444,2022-11-22,1559,Mouse,Office,457.77,1,USA,457.77,11,2022
6445,2024-09-21,1398,Mouse,Office,200.28,4,Israel,801.12,9,2024
6446,2023-09-05,1582,USB Cable,Accessories,521.71,1,Canada,521.71,9,2023
6447,2023-06-30,1398,Headphones,Accessories,1341.94,1,Israel,1341.94,6,2023
6448,2023-08-19,1492,USB Cable,Office,203.36,1,Israel,203.36,8,2023
6449,2024-07-09,1645,Headphones,Electronics,527.23,4,USA,2108.92,7,2024
6450,2024-04-21,1238,USB Cable,Office,743.99,1,Canada,743.99,4,2024
6451,2022-12-10,1464,Headphones,Office,54.16,3,Germany,162.48,12,2022
6452,2024-05-08,1579,Monitor,Electronics,405.71,3,Germany,1217.13,5,2024
6453,2023-03-21,1789,Webcam,Office,895.47,1,USA,895.47,3,2023
6454,2022-08-10,1031,Desk Lamp,Electronics,489.33,1,Germany,489.33,8,2022
6455,2023-08-15,1122,Laptop,Electronics,1306.44,2,France,2612.88,8,2023
6456,2024-10-27,1533,Headphones,Accessories,1405.46,4,France,5621.84,10,2024
6457,2024-10-14,1666,Keyboard,Office,665.11,2,Canada,1330.22,10,2024
6458,2022-01-16,1109,Headphones,Office,800.37,3,USA,2401.11,1,2022
6459,2023-06-08,1270,Monitor,Electronics,948.06,4,UK,3792.24,6,2023
6460,2024-03-13,1379,Laptop,Office,998.48,3,Canada,2995.44,3,2024
6461,2022-01-21,1299,Headphones,Electronics,99.57,4,Israel,398.28,1,2022
6462,2022-08-16,1626,USB Cable,Office,85.25,4,UK,341.0,8,2022
6463,2024-10-04,1981,Laptop,Office,1299.05,4,Israel,5196.2,10,2024
6464,2024-03-19,1731,Keyboard,Electronics,333.71,3,Canada,1001.13,3,2024
6465,2023-02-08,1741,Mouse,Electronics,878.24,1,Germany,878.24,2,2023
6466,2024-12-25,1763,USB Cable,Office,938.88,3,Germany,2816.64,12,2024
6467,2023-03-13,1248,Laptop,Office,250.87,4,France,1003.48,3,2023
6468,2024-04-08,1520,Webcam,Electronics,1143.59,3,UK,3430.77,4,2024
6469,2024-07-22,1033,Headphones,Accessories,1299.59,3,USA,3898.77,7,2024
6470,2022-09-16,1227,USB Cable,Accessories,431.64,2,Israel,863.28,9,2022
6471,2022-04-13,1584,Monitor,Office,1317.37,4,Germany,5269.48,4,2022
6472,2024-09-19,1398,Webcam,Office,126.15,3,Canada,378.45,9,2024
6473,2024-02-08,1957,Desk Lamp,Office,1201.69,4,Israel,4806.76,2,2024
6474,2024-03-23,1812,Desk Lamp,Electronics,961.97,3,USA,2885.91,3,2024
6475,2022-08-14,1723,Webcam,Office,876.75,2,Israel,1753.5,8,2022
6476,2024-07-31,1583,Monitor,Office,349.05,3,France,1047.15,7,2024
6477,2023-04-08,1569,Monitor,Office,545.95,1,USA,545.95,4,2023
6478,2022-08-25,1219,Desk Lamp,Accessories,1365.91,4,USA,5463.64,8,2022
6479,2024-11-15,1370,Monitor,Office,701.28,2,Israel,1402.56,11,2024
6480,2023-05-21,1786,Webcam,Office,893.6,3,Israel,2680.8,5,2023
6481,2024-03-24,1760,Laptop,Electronics,1404.1,2,Germany,2808.2,3,2024
6482,2024-02-06,1527,Monitor,Accessories,702.4,3,Israel,2107.2,2,2024
6483,2023-09-26,1074,Mouse,Electronics,585.46,4,USA,2341.84,9,2023
6484,2024-09-17,1617,Webcam,Office,1340.34,3,Canada,4021.02,9,2024
6485,2023-09-10,1135,Webcam,Office,1366.78,2,Israel,2733.56,9,2023
6486,2022-09-30,1928,Webcam,Office,535.18,1,Canada,535.18,9,2022
6487,2022-08-20,1073,Keyboard,Office,890.02,2,Canada,1780.04,8,2022
6488,2024-02-07,1253,Laptop,Office,1445.77,1,Germany,1445.77,2,2024
6489,2023-05-11,1017,Laptop,Electronics,87.93,1,UK,87.93,5,2023
6490,2024-11-13,1930,Monitor,Office,64.5,4,Canada,258.0,11,2024
6491,2023-05-17,1042,Webcam,Office,777.29,2,France,1554.58,5,2023
6492,2022-01-25,1049,USB Cable,Accessories,440.4,3,Canada,1321.2,1,2022
6493,2022-10-15,1514,Webcam,Accessories,874.87,1,USA,874.87,10,2022
6494,2022-12-04,1743,Monitor,Office,1087.82,2,Germany,2175.64,12,2022
6495,2024-11-26,1730,Laptop,Office,108.27,4,France,433.08,11,2024
6496,2022-05-17,1570,Desk Lamp,Office,1324.14,3,Israel,3972.42,5,2022
6497,2023-05-23,1795,Monitor,Office,418.95,3,Canada,1256.85,5,2023
6498,2022-08-15,1813,Desk Lamp,Office,575.11,3,Israel,1725.33,8,2022
6499,2022-11-16,1575,Monitor,Office,508.87,2,UK,1017.74,11,2022
6500,2024-07-04,1581,Monitor,Electronics,1260.55,2,Israel,2521.1,7,2024
6501,2022-03-27,1302,Monitor,Electronics,260.13,3,France,780.39,3,2022
6502,2024-07-14,1141,Monitor,Electronics,47.87,4,Germany,191.48,7,2024
6503,2022-02-22,1902,Headphones,Accessories,1457.84,3,UK,4373.52,2,2022
6504,2024-05-09,1201,Headphones,Office,1471.05,3,France,4413.15,5,2024
6505,2024-05-16,1206,Webcam,Accessories,390.25,4,Germany,1561.0,5,2024
6506,2023-03-09,1414,Webcam,Accessories,18.98,4,France,75.92,3,2023
6507,2024-09-25,1220,USB Cable,Accessories,970.65,4,Israel,3882.6,9,2024
6508,2022-04-10,1361,USB Cable,Electronics,974.45,3,France,2923.35,4,2022
6509,2024-09-16,1757,Headphones,Office,1410.83,4,UK,5643.32,9,2024
6510,2023-08-22,1080,Laptop,Office,451.21,2,France,902.42,8,2023
6511,2023-02-07,1762,Keyboard,Accessories,288.31,4,USA,1153.24,2,2023
6512,2023-01-31,1562,Laptop,Electronics,926.49,3,Israel,2779.47,1,2023
6513,2023-02-19,1284,USB Cable,Accessories,847.69,1,France,847.69,2,2023
6514,2024-07-27,1368,Webcam,Accessories,1078.02,1,Germany,1078.02,7,2024
6515,2023-11-08,1491,Headphones,Office,1328.27,2,Israel,2656.54,11,2023
6516,2023-04-08,1910,Laptop,Electronics,841.82,1,Canada,841.82,4,2023
6517,2023-06-25,1895,Keyboard,Office,229.36,1,Germany,229.36,6,2023
6518,2022-03-25,1345,Desk Lamp,Accessories,899.2,1,UK,899.2,3,2022
6519,2022-09-28,1203,Monitor,Office,564.28,2,Canada,1128.56,9,2022
6520,2022-09-01,1024,Mouse,Accessories,681.84,1,Canada,681.84,9,2022
6521,2023-01-23,1956,Headphones,Electronics,1439.43,3,Canada,4318.29,1,2023
6522,2022-08-02,1552,Headphones,Office,834.65,1,USA,834.65,8,2022
6523,2024-03-28,1068,Keyboard,Office,228.72,4,France,914.88,3,2024
6524,2022-02-28,1515,Monitor,Office,667.52,1,Israel,667.52,2,2022
6525,2024-06-01,1491,Monitor,Office,346.5,1,France,346.5,6,2024
6526,2024-04-22,1239,Mouse,Office,207.55,3,France,622.65,4,2024
6527,2024-07-12,1360,Desk Lamp,Electronics,1069.79,2,Israel,2139.58,7,2024
6528,2022-05-03,1440,Monitor,Electronics,944.71,2,Canada,1889.42,5,2022
6529,2023-03-15,1030,Desk Lamp,Office,749.19,1,Canada,749.19,3,2023
6530,2024-10-18,1898,Keyboard,Accessories,637.74,3,USA,1913.22,10,2024
6531,2023-07-16,1628,Desk Lamp,Accessories,486.72,1,USA,486.72,7,2023
6532,2022-04-28,1706,Webcam,Office,136.57,2,UK,273.14,4,2022
6533,2024-06-23,1601,Monitor,Office,452.41,2,Israel,904.82,6,2024
6534,2023-01-30,1689,Webcam,Electronics,1258.4,4,Israel,5033.6,1,2023
6535,2024-05-25,1656,USB Cable,Electronics,1176.59,4,Germany,4706.36,5,2024
6536,2024-07-23,1955,USB Cable,Office,1458.61,3,Germany,4375.83,7,2024
6537,2024-08-09,1713,Webcam,Office,985.82,3,Germany,2957.46,8,2024
6538,2022-03-16,1321,Keyboard,Accessories,832.69,2,USA,1665.38,3,2022
6539,2022-10-22,1343,Headphones,Electronics,447.59,2,UK,895.18,10,2022
6540,2022-01-21,1714,Headphones,Office,119.91,2,UK,239.82,1,2022
6541,2024-11-04,1535,Headphones,Electronics,928.94,1,Canada,928.94,11,2024
6542,2023-07-14,1354,Laptop,Office,734.8,4,France,2939.2,7,2023
6543,2023-01-07,1470,Headphones,Office,1139.82,4,UK,4559.28,1,2023
6544,2024-03-28,1927,Keyboard,Office,620.73,2,Germany,1241.46,3,2024
6545,2024-12-28,1982,Mouse,Office,1478.4,2,Israel,2956.8,12,2024
6546,2024-04-25,1993,USB Cable,Accessories,599.43,4,France,2397.72,4,2024
6547,2023-06-05,1104,Monitor,Office,502.94,3,Canada,1508.82,6,2023
6548,2023-01-06,1786,Headphones,Accessories,1307.12,2,USA,2614.24,1,2023
6549,2022-04-11,1321,Laptop,Accessories,596.28,2,UK,1192.56,4,2022
6550,2023-10-23,1571,USB Cable,Office,1306.99,3,Canada,3920.97,10,2023
6551,2024-08-25,1882,Desk Lamp,Electronics,45.89,2,Israel,91.78,8,2024
6552,2022-08-31,1961,USB Cable,Electronics,1040.43,4,Germany,4161.72,8,2022
6553,2024-01-23,1526,Webcam,Office,112.42,4,USA,449.68,1,2024
6554,2023-05-27,1503,Laptop,Office,226.61,3,USA,679.83,5,2023
6555,2024-04-28,1084,Keyboard,Office,1051.61,4,UK,4206.44,4,2024
6556,2023-07-09,1930,Mouse,Electronics,438.14,3,Israel,1314.42,7,2023
6557,2022-08-14,1708,Headphones,Electronics,319.6,3,Germany,958.8,8,2022
6558,2022-08-02,1234,Headphones,Office,1203.28,4,Germany,4813.12,8,2022
6559,2023-12-19,1922,Laptop,Electronics,1419.64,3,Germany,4258.92,12,2023
6560,2022-03-08,1855,Desk Lamp,Accessories,352.41,4,Germany,1409.64,3,2022
6561,2023-01-31,1262,Keyboard,Electronics,479.21,3,UK,1437.63,1,2023
6562,2023-09-04,1005,Laptop,Electronics,1072.54,3,Canada,3217.62,9,2023
6563,2024-11-01,1493,Laptop,Office,1223.86,3,Canada,3671.58,11,2024
6564,2024-02-09,1892,Mouse,Accessories,1498.75,4,Canada,5995.0,2,2024
6565,2023-02-11,1288,Keyboard,Office,413.69,2,UK,827.38,2,2023
6566,2024-07-13,1569,Mouse,Electronics,837.14,1,Israel,837.14,7,2024
6567,2023-10-09,1944,Keyboard,Accessories,205.36,2,France,410.72,10,2023
6568,2022-08-10,1656,Headphones,Office,499.61,3,UK,1498.83,8,2022
6569,2023-10-16,1877,Monitor,Electronics,72.23,4,Germany,288.92,10,2023
6570,2023-03-04,1553,Webcam,Accessories,320.2,3,Canada,960.6,3,2023
6571,2024-09-03,1349,Monitor,Office,762.28,2,Canada,1524.56,9,2024
6572,2024-10-02,1199,Desk Lamp,Accessories,249.82,1,Israel,249.82,10,2024
6573,2023-01-06,1935,Desk Lamp,Electronics,1334.63,2,Germany,2669.26,1,2023
6574,2024-04-29,1685,USB Cable,Office,1066.91,4,UK,4267.64,4,2024
6575,2024-05-05,1966,Keyboard,Electronics,46.47,4,Canada,185.88,5,2024
6576,2022-08-17,1965,Monitor,Accessories,1315.67,2,Israel,2631.34,8,2022
6577,2022-10-07,1963,Laptop,Electronics,1466.09,2,Germany,2932.18,10,2022
6578,2024-12-06,1896,Headphones,Accessories,755.28,1,Canada,755.28,12,2024
6579,2024-09-01,1334,Desk Lamp,Office,475.34,3,France,1426.02,9,2024
6580,2024-01-28,1606,Webcam,Electronics,398.88,4,USA,1595.52,1,2024
6581,2024-11-13,1216,Webcam,Office,135.69,4,USA,542.76,11,2024
6582,2022-11-17,1622,USB Cable,Office,739.96,1,Canada,739.96,11,2022
6583,2022-10-01,1352,Webcam,Office,79.96,4,Germany,319.84,10,2022
6584,2023-07-10,1691,Headphones,Office,758.24,4,Canada,3032.96,7,2023
6585,2024-04-23,1674,Monitor,Electronics,382.56,2,USA,765.12,4,2024
6586,2023-10-30,1630,Webcam,Electronics,717.27,2,Canada,1434.54,10,2023
6587,2024-09-26,1324,Desk Lamp,Office,630.48,1,Canada,630.48,9,2024
6588,2023-01-15,1900,Webcam,Office,461.15,4,France,1844.6,1,2023
6589,2023-12-12,1227,Keyboard,Accessories,675.71,1,Canada,675.71,12,2023
6590,2024-01-16,1144,Laptop,Office,713.68,3,France,2141.04,1,2024
6591,2023-11-06,1948,Keyboard,Accessories,1251.37,3,Germany,3754.11,11,2023
6592,2022-04-26,1307,Monitor,Accessories,1000.35,1,France,1000.35,4,2022
6593,2023-08-28,1653,Headphones,Office,652.57,4,USA,2610.28,8,2023
6594,2024-12-01,1633,Headphones,Electronics,1358.34,3,Germany,4075.02,12,2024
6595,2023-01-14,1284,Keyboard,Accessories,1134.83,4,Canada,4539.32,1,2023
6596,2023-04-11,1391,Mouse,Electronics,118.2,2,USA,236.4,4,2023
6597,2022-10-07,1737,Keyboard,Office,234.85,1,France,234.85,10,2022
6598,2023-09-10,1359,Desk Lamp,Office,127.09,3,France,381.27,9,2023
6599,2022-04-28,1768,Mouse,Office,481.7,4,Israel,1926.8,4,2022
6600,2022-11-05,1796,USB Cable,Office,656.29,2,UK,1312.58,11,2022
6601,2022-04-10,1931,Keyboard,Accessories,758.85,1,Canada,758.85,4,2022
6602,2022-09-18,1946,Mouse,Accessories,1277.86,3,UK,3833.58,9,2022
6603,2024-09-19,1164,Mouse,Electronics,31.84,2,Germany,63.68,9,2024
6604,2022-10-13,1732,Webcam,Electronics,645.29,1,USA,645.29,10,2022
6605,2022-11-24,1580,USB Cable,Accessories,619.44,3,UK,1858.32,11,2022
6606,2022-03-04,1820,Webcam,Office,1421.48,4,Germany,5685.92,3,2022
6607,2023-11-18,1223,Mouse,Electronics,365.35,2,France,730.7,11,2023
6608,2024-01-08,1123,Mouse,Accessories,188.0,2,UK,376.0,1,2024
6609,2024-10-27,1947,Laptop,Electronics,217.68,4,USA,870.72,10,2024
6610,2023-10-01,1343,Desk Lamp,Accessories,782.61,2,Israel,1565.22,10,2023
6611,2024-07-24,1850,Mouse,Office,589.4,2,Israel,1178.8,7,2024
6612,2023-04-21,1523,Desk Lamp,Accessories,1132.44,1,UK,1132.44,4,2023
6613,2022-02-22,1051,Webcam,Electronics,488.16,4,Israel,1952.64,2,2022
6614,2024-01-24,1128,Mouse,Accessories,196.3,2,Germany,392.6,1,2024
6615,2023-05-01,1134,Headphones,Electronics,583.38,4,Canada,2333.52,5,2023
6616,2023-02-13,1656,Laptop,Electronics,1325.14,1,USA,1325.14,2,2023
6617,2024-10-27,1126,Mouse,Electronics,611.26,1,France,611.26,10,2024
6618,2023-10-30,1737,Webcam,Office,1251.27,4,USA,5005.08,10,2023
6619,2024-04-14,1938,Webcam,Office,560.44,4,France,2241.76,4,2024
6620,2024-05-25,1070,Monitor,Accessories,425.67,3,Israel,1277.01,5,2024
6621,2023-01-02,1272,Webcam,Accessories,1163.42,1,Germany,1163.42,1,2023
6622,2024-09-28,1186,Desk Lamp,Electronics,317.81,2,France,635.62,9,2024
6623,2022-09-07,1002,Laptop,Office,351.59,1,Israel,351.59,9,2022
6624,2023-01-15,1284,Desk Lamp,Accessories,79.47,1,France,79.47,1,2023
6625,2024-05-21,1021,Webcam,Accessories,285.83,3,UK,857.49,5,2024
6626,2024-04-14,1165,Headphones,Office,571.33,4,USA,2285.32,4,2024
6627,2024-02-14,1309,Keyboard,Electronics,602.36,1,Canada,602.36,2,2024
6628,2024-07-07,1874,Headphones,Accessories,633.84,3,Canada,1901.52,7,2024
6629,2023-03-31,1476,USB Cable,Electronics,722.14,4,Germany,2888.56,3,2023
6630,2023-01-01,1497,Desk Lamp,Office,860.01,1,Israel,860.01,1,2023
6631,2023-02-07,1433,Headphones,Office,288.2,3,Germany,864.6,2,2023
6632,2022-02-27,1757,Laptop,Accessories,922.85,1,USA,922.85,2,2022
6633,2023-06-05,1233,Laptop,Accessories,508.15,2,Canada,1016.3,6,2023
6634,2022-07-29,1836,Monitor,Office,1102.35,4,France,4409.4,7,2022
6635,2024-11-30,1669,Webcam,Electronics,838.02,4,France,3352.08,11,2024
6636,2024-03-26,1662,Monitor,Electronics,833.63,1,Germany,833.63,3,2024
6637,2022-06-22,1724,Laptop,Office,1029.8,3,France,3089.4,6,2022
6638,2022-08-22,1375,Webcam,Accessories,502.86,3,France,1508.58,8,2022
6639,2024-03-03,1729,Laptop,Office,646.7,2,France,1293.4,3,2024
6640,2024-03-03,1245,Laptop,Accessories,876.43,2,UK,1752.86,3,2024
6641,2024-11-28,1302,Keyboard,Electronics,635.23,3,Israel,1905.69,11,2024
6642,2022-04-29,1404,Headphones,Accessories,669.16,4,Israel,2676.64,4,2022
6643,2022-12-01,1787,Monitor,Electronics,412.37,2,Canada,824.74,12,2022
6644,2022-11-20,1662,Desk Lamp,Office,434.64,1,USA,434.64,11,2022
6645,2024-10-07,1707,Monitor,Accessories,1049.94,1,France,1049.94,10,2024
6646,2022-10-11,1916,Mouse,Electronics,11.4,4,Germany,45.6,10,2022
6647,2022-08-01,1020,USB Cable,Accessories,147.46,4,France,589.84,8,2022
6648,2024-07-17,1256,Keyboard,Electronics,1423.47,2,USA,2846.94,7,2024
6649,2024-01-22,1398,Laptop,Electronics,284.59,1,France,284.59,1,2024
6650,2022-12-05,1528,Laptop,Office,630.09,4,UK,2520.36,12,2022
6651,2024-11-11,1050,Keyboard,Office,1275.28,1,USA,1275.28,11,2024
6652,2022-04-15,1446,Webcam,Accessories,5.15,2,Israel,10.3,4,2022
6653,2024-02-09,1269,Monitor,Electronics,1388.14,4,Israel,5552.56,2,2024
6654,2023-12-17,1826,Laptop,Office,84.97,3,UK,254.91,12,2023
6655,2024-02-02,1594,USB Cable,Accessories,260.45,1,Israel,260.45,2,2024
6656,2023-01-14,1817,Mouse,Office,48.51,4,Canada,194.04,1,2023
6657,2023-12-14,1635,Monitor,Accessories,781.68,2,UK,1563.36,12,2023
6658,2022-08-13,1801,Headphones,Office,1414.93,3,Israel,4244.79,8,2022
6659,2024-01-08,1261,Desk Lamp,Office,1259.36,4,Israel,5037.44,1,2024
6660,2022-08-24,1364,Desk Lamp,Electronics,961.42,1,Canada,961.42,8,2022
6661,2022-07-02,1048,USB Cable,Electronics,282.31,1,France,282.31,7,2022
6662,2023-12-13,1517,Keyboard,Office,1305.05,2,USA,2610.1,12,2023
6663,2023-03-20,1628,Monitor,Electronics,1133.39,1,Israel,1133.39,3,2023
6664,2023-09-15,1117,Desk Lamp,Office,403.94,3,USA,1211.82,9,2023
6665,2024-10-26,1452,Headphones,Accessories,1208.61,2,USA,2417.22,10,2024
6666,2024-01-19,1774,Mouse,Office,1316.34,2,Israel,2632.68,1,2024
6667,2022-06-04,1864,Webcam,Office,1048.85,4,USA,4195.4,6,2022
6668,2022-09-14,1972,Desk Lamp,Accessories,155.07,2,Canada,310.14,9,2022
6669,2022-08-23,1946,Keyboard,Accessories,1476.45,4,UK,5905.8,8,2022
6670,2023-05-15,1885,Webcam,Electronics,118.62,2,Canada,237.24,5,2023
6671,2022-10-16,1640,Desk Lamp,Accessories,983.44,4,Germany,3933.76,10,2022
6672,2023-05-25,1396,USB Cable,Electronics,170.24,4,UK,680.96,5,2023
6673,2023-12-10,1682,Laptop,Office,1358.59,4,Israel,5434.36,12,2023
6674,2024-02-24,1026,Webcam,Accessories,528.22,3,UK,1584.66,2,2024
6675,2024-06-12,1710,Laptop,Office,769.7,4,Canada,3078.8,6,2024
6676,2024-02-15,1371,USB Cable,Electronics,272.25,3,Germany,816.75,2,2024
6677,2022-10-25,1898,Desk Lamp,Accessories,822.11,4,UK,3288.44,10,2022
6678,2022-05-17,1825,Headphones,Electronics,1408.57,4,USA,5634.28,5,2022
6679,2023-01-11,1856,Monitor,Electronics,1352.94,3,Israel,4058.82,1,2023
6680,2022-03-28,1096,Mouse,Accessories,100.52,3,USA,301.56,3,2022
6681,2023-03-13,1999,Headphones,Accessories,570.5,3,USA,1711.5,3,2023
6682,2024-02-03,1528,Mouse,Electronics,404.81,3,Israel,1214.43,2,2024
6683,2023-12-03,1684,Webcam,Accessories,724.64,4,Israel,2898.56,12,2023
6684,2024-07-30,1973,Mouse,Electronics,1251.43,4,France,5005.72,7,2024
6685,2022-06-01,1612,Webcam,Office,1109.58,2,Germany,2219.16,6,2022
6686,2024-10-28,1185,Mouse,Office,519.25,2,USA,1038.5,10,2024
6687,2024-03-17,1695,Keyboard,Accessories,577.09,4,Canada,2308.36,3,2024
6688,2022-08-23,1949,Headphones,Accessories,983.11,2,USA,1966.22,8,2022
6689,2023-11-06,1214,Desk Lamp,Office,295.37,3,Israel,886.11,11,2023
6690,2023-07-15,1250,Desk Lamp,Electronics,158.58,2,Israel,317.16,7,2023
6691,2022-02-07,1215,Keyboard,Electronics,367.67,3,UK,1103.01,2,2022
6692,2024-04-01,1028,Monitor,Electronics,190.43,4,USA,761.72,4,2024
6693,2023-02-25,1101,Desk Lamp,Accessories,531.22,2,USA,1062.44,2,2023
6694,2022-12-14,1122,Monitor,Electronics,1406.66,3,Israel,4219.98,12,2022
6695,2024-01-18,1053,Laptop,Accessories,184.85,4,Canada,739.4,1,2024
6696,2022-09-30,1282,Desk Lamp,Accessories,1228.39,4,Canada,4913.56,9,2022
6697,2022-11-04,1613,Laptop,Accessories,804.3,3,USA,2412.9,11,2022
6698,2024-09-02,1116,Desk Lamp,Office,951.19,3,Germany,2853.57,9,2024
6699,2024-01-03,1615,Desk Lamp,Electronics,259.27,4,France,1037.08,1,2024
6700,2024-10-29,1556,Laptop,Accessories,231.3,1,Israel,231.3,10,2024
6701,2023-03-20,1113,USB Cable,Electronics,248.3,1,Israel,248.3,3,2023
6702,2023-02-09,1854,Monitor,Office,1002.26,3,USA,3006.78,2,2023
6703,2024-05-02,1542,Mouse,Electronics,1122.94,2,Canada,2245.88,5,2024
6704,2024-02-17,1675,Webcam,Office,1380.77,3,France,4142.31,2,2024
6705,2022-04-25,1976,USB Cable,Accessories,600.3,4,France,2401.2,4,2022
6706,2022-03-06,1700,Mouse,Accessories,695.64,3,Canada,2086.92,3,2022
6707,2024-04-04,1292,Headphones,Office,707.04,1,Israel,707.04,4,2024
6708,2022-08-27,1194,Monitor,Accessories,408.5,3,Israel,1225.5,8,2022
6709,2022-10-29,1291,Desk Lamp,Electronics,495.71,1,Israel,495.71,10,2022
6710,2024-08-26,1886,Desk Lamp,Electronics,1271.0,2,Germany,2542.0,8,2024
6711,2023-01-04,1260,Desk Lamp,Office,518.86,2,USA,1037.72,1,2023
6712,2022-08-21,1941,Webcam,Electronics,1304.3,2,Germany,2608.6,8,2022
6713,2022-07-14,1206,Webcam,Accessories,461.38,3,Israel,1384.14,7,2022
6714,2024-06-25,1563,Webcam,Accessories,513.13,1,France,513.13,6,2024
6715,2024-11-01,1048,Laptop,Accessories,842.62,3,USA,2527.86,11,2024
6716,2024-07-09,1005,Webcam,Electronics,159.17,2,USA,318.34,7,2024
6717,2023-11-20,1378,Webcam,Accessories,1383.48,3,Canada,4150.44,11,2023
6718,2022-06-26,1393,Monitor,Electronics,1231.5,1,Israel,1231.5,6,2022
6719,2022-08-05,1885,Mouse,Office,1007.4,4,Israel,4029.6,8,2022
6720,2024-10-31,1223,USB Cable,Accessories,1482.25,1,Israel,1482.25,10,2024
6721,2023-09-22,1022,USB Cable,Office,28.92,2,Israel,57.84,9,2023
6722,2022-06-13,1656,Desk Lamp,Electronics,619.54,2,Israel,1239.08,6,2022
6723,2022-02-22,1109,Mouse,Electronics,1288.22,2,Israel,2576.44,2,2022
6724,2022-08-06,1723,Keyboard,Office,652.36,3,USA,1957.08,8,2022
6725,2024-09-25,1811,Keyboard,Accessories,12.84,1,Germany,12.84,9,2024
6726,2024-04-03,1552,Headphones,Accessories,240.84,3,France,722.52,4,2024
6727,2023-01-20,1398,Monitor,Accessories,653.94,2,Israel,1307.88,1,2023
6728,2022-02-25,1171,Keyboard,Office,1003.58,1,France,1003.58,2,2022
6729,2022-04-28,1697,Keyboard,Electronics,248.17,4,Canada,992.68,4,2022
6730,2024-06-18,1725,Monitor,Office,674.82,2,USA,1349.64,6,2024
6731,2024-03-08,1305,Mouse,Electronics,24.12,1,France,24.12,3,2024
6732,2024-02-19,1563,Desk Lamp,Accessories,718.86,1,USA,718.86,2,2024
6733,2024-10-12,1581,Headphones,Accessories,1344.41,2,UK,2688.82,10,2024
6734,2024-03-13,1707,Headphones,Electronics,897.17,4,Germany,3588.68,3,2024
6735,2024-04-24,1958,Headphones,Accessories,663.78,1,UK,663.78,4,2024
6736,2024-05-04,1953,Keyboard,Office,247.58,1,USA,247.58,5,2024
6737,2023-12-09,1150,Mouse,Electronics,307.62,4,Canada,1230.48,12,2023
6738,2022-01-22,1427,Headphones,Accessories,119.38,2,UK,238.76,1,2022
6739,2024-04-22,1620,Monitor,Accessories,1114.9,1,USA,1114.9,4,2024
6740,2022-07-11,1466,Headphones,Accessories,120.32,2,UK,240.64,7,2022
6741,2024-10-15,1629,USB Cable,Accessories,579.0,3,USA,1737.0,10,2024
6742,2023-01-31,1876,Laptop,Electronics,1126.02,3,Germany,3378.06,1,2023
6743,2024-10-27,1606,Mouse,Electronics,1070.67,4,Canada,4282.68,10,2024
6744,2023-10-02,1767,Laptop,Accessories,868.41,2,Germany,1736.82,10,2023
6745,2024-10-15,1555,Mouse,Office,859.11,1,Germany,859.11,10,2024
6746,2023-07-21,1947,Webcam,Office,140.04,4,USA,560.16,7,2023
6747,2022-08-19,1066,Monitor,Office,266.5,3,France,799.5,8,2022
6748,2024-05-23,1155,Webcam,Office,804.44,2,UK,1608.88,5,2024
6749,2023-07-28,1834,Keyboard,Electronics,525.38,4,UK,2101.52,7,2023
6750,2022-08-28,1205,Keyboard,Electronics,33.31,4,UK,133.24,8,2022
6751,2022-03-31,1785,Webcam,Office,1198.26,2,Canada,2396.52,3,2022
6752,2022-08-20,1154,Mouse,Electronics,982.45,1,UK,982.45,8,2022
6753,2023-04-02,1690,Headphones,Office,492.05,1,Germany,492.05,4,2023
6754,2022-08-21,1508,Laptop,Accessories,151.82,1,France,151.82,8,2022
6755,2022-12-20,1571,Monitor,Accessories,888.85,2,UK,1777.7,12,2022
6756,2024-10-01,1073,Headphones,Office,526.08,3,France,1578.24,10,2024
6757,2023-03-15,1048,Keyboard,Electronics,386.81,4,USA,1547.24,3,2023
6758,2022-12-11,1782,Headphones,Office,1083.6,2,USA,2167.2,12,2022
6759,2023-10-26,1466,Desk Lamp,Electronics,495.58,1,Canada,495.58,10,2023
6760,2023-10-19,1584,Desk Lamp,Accessories,208.39,1,UK,208.39,10,2023
6761,2022-05-10,1707,Webcam,Electronics,725.07,4,Israel,2900.28,5,2022
6762,2022-05-21,1910,Desk Lamp,Office,1243.56,4,Canada,4974.24,5,2022
6763,2023-02-19,1178,Webcam,Accessories,1275.24,4,Germany,5100.96,2,2023
6764,2023-09-18,1047,USB Cable,Accessories,1274.77,4,Canada,5099.08,9,2023
6765,2022-10-11,1071,USB Cable,Electronics,634.28,4,UK,2537.12,10,2022
6766,2022-08-11,1112,Laptop,Accessories,1187.45,2,Germany,2374.9,8,2022
6767,2024-01-14,1756,Desk Lamp,Accessories,1276.09,1,UK,1276.09,1,2024
6768,2023-04-08,1896,Keyboard,Electronics,692.01,1,Germany,692.01,4,2023
6769,2022-12-23,1902,Mouse,Accessories,481.52,2,Israel,963.04,12,2022
6770,2024-11-12,1820,Desk Lamp,Office,1054.44,3,Israel,3163.32,11,2024
6771,2024-05-08,1158,Monitor,Electronics,1357.18,1,Canada,1357.18,5,2024
6772,2023-10-27,1785,Webcam,Electronics,1458.37,3,USA,4375.11,10,2023
6773,2024-10-11,1779,Desk Lamp,Electronics,438.89,3,Canada,1316.67,10,2024
6774,2022-03-26,1815,Monitor,Electronics,1434.48,3,UK,4303.44,3,2022
6775,2023-09-13,1029,Keyboard,Office,751.43,3,Israel,2254.29,9,2023
6776,2024-11-20,1096,Mouse,Electronics,462.52,1,Israel,462.52,11,2024
6777,2022-08-28,1250,USB Cable,Office,1482.66,1,Canada,1482.66,8,2022
6778,2022-12-29,1518,Webcam,Electronics,1317.32,2,UK,2634.64,12,2022
6779,2024-04-01,1091,Laptop,Electronics,1040.16,1,Canada,1040.16,4,2024
6780,2023-10-30,1112,Monitor,Accessories,1342.94,2,Canada,2685.88,10,2023
6781,2022-04-09,1258,Desk Lamp,Accessories,1023.82,3,Canada,3071.46,4,2022
6782,2022-02-16,1106,Keyboard,Office,663.4,2,UK,1326.8,2,2022
6783,2024-04-18,1574,Monitor,Accessories,1422.33,2,USA,2844.66,4,2024
6784,2023-02-26,1389,Desk Lamp,Electronics,1445.06,1,Israel,1445.06,2,2023
6785,2022-03-03,1990,USB Cable,Office,474.69,2,Germany,949.38,3,2022
6786,2024-10-06,1357,USB Cable,Accessories,534.82,3,UK,1604.46,10,2024
6787,2023-08-21,1782,Mouse,Electronics,577.17,1,UK,577.17,8,2023
6788,2023-01-27,1198,Laptop,Accessories,1234.11,1,UK,1234.11,1,2023
6789,2024-09-03,1426,USB Cable,Accessories,1187.76,1,Canada,1187.76,9,2024
6790,2024-12-11,1477,Mouse,Accessories,1474.76,4,Canada,5899.04,12,2024
6791,2023-08-26,1858,USB Cable,Accessories,700.49,3,UK,2101.47,8,2023
6792,2022-12-03,1848,Webcam,Electronics,1106.47,2,Israel,2212.94,12,2022
6793,2024-03-20,1502,Headphones,Accessories,1285.8,4,Germany,5143.2,3,2024
6794,2024-01-22,1657,Mouse,Office,335.74,1,USA,335.74,1,2024
6795,2024-05-30,1917,Mouse,Office,932.73,4,France,3730.92,5,2024
6796,2023-09-27,1572,Monitor,Accessories,823.82,4,Israel,3295.28,9,2023
6797,2022-09-11,1119,USB Cable,Office,1115.53,2,Israel,2231.06,9,2022
6798,2022-01-20,1572,Mouse,Accessories,1044.66,3,France,3133.98,1,2022
6799,2023-06-12,1308,Keyboard,Electronics,1220.12,4,France,4880.48,6,2023
6800,2023-01-11,1537,Webcam,Electronics,470.16,3,UK,1410.48,1,2023
6801,2022-06-15,1626,Monitor,Office,328.45,3,Germany,985.35,6,2022
6802,2024-05-10,1474,Monitor,Office,1208.77,1,Israel,1208.77,5,2024
6803,2023-09-09,1551,Headphones,Accessories,544.04,1,Israel,544.04,9,2023
6804,2023-09-04,1343,Webcam,Accessories,434.92,2,USA,869.84,9,2023
6805,2023-05-18,1627,Desk Lamp,Accessories,508.54,2,France,1017.08,5,2023
6806,2024-07-01,1135,Keyboard,Electronics,104.2,4,France,416.8,7,2024
6807,2022-03-20,1276,Webcam,Accessories,1160.85,1,Israel,1160.85,3,2022
6808,2023-08-08,1988,Mouse,Electronics,1074.16,3,France,3222.48,8,2023
6809,2023-11-19,1810,Headphones,Office,831.28,3,UK,2493.84,11,2023
6810,2023-01-31,1532,Keyboard,Electronics,1075.55,4,USA,4302.2,1,2023
6811,2023-02-06,1898,Headphones,Office,562.83,1,Israel,562.83,2,2023
6812,2024-09-01,1030,Webcam,Electronics,446.58,2,Canada,893.16,9,2024
6813,2022-08-12,1246,Laptop,Electronics,1294.14,4,USA,5176.56,8,2022
6814,2023-06-02,1410,Webcam,Accessories,636.57,3,Canada,1909.71,6,2023
6815,2023-09-26,1026,Mouse,Office,297.89,1,UK,297.89,9,2023
6816,2022-08-24,1072,Headphones,Electronics,1124.82,2,USA,2249.64,8,2022
6817,2022-04-26,1952,Laptop,Electronics,507.13,2,Canada,1014.26,4,2022
6818,2022-08-14,1096,Mouse,Office,321.72,3,France,965.16,8,2022
6819,2022-08-18,1672,Headphones,Electronics,45.69,3,Israel,137.07,8,2022
6820,2022-07-01,1345,Headphones,Office,1456.05,3,USA,4368.15,7,2022
6821,2022-07-29,1475,Webcam,Office,703.6,3,Germany,2110.8,7,2022
6822,2022-04-06,1299,USB Cable,Office,246.83,2,Israel,493.66,4,2022
6823,2024-06-12,1298,Headphones,Electronics,1137.93,1,USA,1137.93,6,2024
6824,2024-01-26,1286,Headphones,Electronics,1332.04,2,Israel,2664.08,1,2024
6825,2023-02-19,1884,Monitor,Accessories,794.31,3,Canada,2382.93,2,2023
6826,2023-01-29,1448,USB Cable,Office,47.4,1,USA,47.4,1,2023
6827,2023-11-27,1211,Headphones,Electronics,550.89,2,USA,1101.78,11,2023
6828,2024-04-23,1075,Webcam,Electronics,368.44,1,France,368.44,4,2024
6829,2023-08-27,1400,Monitor,Office,956.41,2,USA,1912.82,8,2023
6830,2023-08-05,1654,Monitor,Office,780.69,1,Germany,780.69,8,2023
6831,2022-05-13,1033,Desk Lamp,Office,536.83,2,France,1073.66,5,2022
6832,2024-03-01,1497,Laptop,Accessories,974.52,2,Germany,1949.04,3,2024
6833,2023-10-11,1847,Mouse,Accessories,878.72,4,Canada,3514.88,10,2023
6834,2022-08-09,1515,Monitor,Accessories,1360.2,3,Germany,4080.6,8,2022
6835,2024-09-02,1327,Keyboard,Office,897.22,4,UK,3588.88,9,2024
6836,2024-12-05,1097,Monitor,Electronics,764.03,2,Germany,1528.06,12,2024
6837,2024-02-27,1365,Desk Lamp,Office,1236.39,3,USA,3709.17,2,2024
6838,2023-11-22,1728,Keyboard,Electronics,307.62,2,Israel,615.24,11,2023
6839,2022-02-08,1462,Desk Lamp,Accessories,369.13,4,France,1476.52,2,2022
6840,2023-11-21,1027,Desk Lamp,Accessories,1176.44,1,France,1176.44,11,2023
6841,2022-06-11,1712,USB Cable,Accessories,666.31,1,France,666.31,6,2022
6842,2022-06-10,1385,Laptop,Electronics,616.81,3,Israel,1850.43,6,2022
6843,2024-12-13,1272,Keyboard,Electronics,1331.18,4,Germany,5324.72,12,2024
6844,2024-11-23,1825,Laptop,Office,917.11,4,Canada,3668.44,11,2024
6845,2022-08-30,1126,Laptop,Office,1205.35,2,UK,2410.7,8,2022
6846,2024-08-24,1201,Laptop,Office,1215.71,3,USA,3647.13,8,2024
6847,2024-06-08,1520,Keyboard,Accessories,184.44,1,Canada,184.44,6,2024
6848,2022-04-23,1286,Keyboard,Office,982.29,4,France,3929.16,4,2022
6849,2024-10-10,1449,Laptop,Accessories,1429.01,2,USA,2858.02,10,2024
6850,2022-11-14,1087,USB Cable,Electronics,722.64,3,Germany,2167.92,11,2022
6851,2022-01-23,1317,Laptop,Accessories,1099.61,4,Canada,4398.44,1,2022
6852,2024-04-03,1018,USB Cable,Accessories,852.27,4,UK,3409.08,4,2024
6853,2023-12-02,1592,Mouse,Accessories,311.24,1,France,311.24,12,2023
6854,2024-10-15,1106,USB Cable,Electronics,296.81,4,Germany,1187.24,10,2024
6855,2024-12-03,1457,USB Cable,Electronics,653.58,1,Canada,653.58,12,2024
6856,2022-05-08,1310,USB Cable,Office,727.07,4,UK,2908.28,5,2022
6857,2024-05-25,1411,Laptop,Office,757.18,2,Canada,1514.36,5,2024
6858,2022-06-07,1741,Headphones,Office,1432.73,2,France,2865.46,6,2022
6859,2024-04-06,1623,Mouse,Electronics,154.88,2,Germany,309.76,4,2024
6860,2024-05-01,1731,Mouse,Electronics,573.89,3,USA,1721.67,5,2024
6861,2023-05-27,1634,Desk Lamp,Electronics,774.25,3,Canada,2322.75,5,2023
6862,2022-02-14,1497,Mouse,Electronics,1444.85,2,Israel,2889.7,2,2022
6863,2022-08-07,1243,Headphones,Electronics,758.95,2,France,1517.9,8,2022
6864,2023-03-19,1689,Mouse,Accessories,1164.04,2,UK,2328.08,3,2023
6865,2022-11-11,1576,Mouse,Office,1125.17,1,UK,1125.17,11,2022
6866,2022-06-26,1379,Keyboard,Accessories,851.83,2,Israel,1703.66,6,2022
6867,2022-08-16,1514,Webcam,Office,200.4,3,Israel,601.2,8,2022
6868,2022-09-24,1206,Desk Lamp,Accessories,332.04,1,Germany,332.04,9,2022
6869,2024-05-19,1947,Keyboard,Electronics,364.01,2,Israel,728.02,5,2024
6870,2024-04-17,1393,Laptop,Office,62.8,3,France,188.4,4,2024
6871,2023-05-04,1020,Desk Lamp,Accessories,571.93,1,Canada,571.93,5,2023
6872,2023-12-03,1804,Laptop,Office,917.72,1,Israel,917.72,12,2023
6873,2023-11-18,1526,Desk Lamp,Electronics,220.68,3,France,662.04,11,2023
6874,2024-09-22,1342,USB Cable,Electronics,266.68,3,USA,800.04,9,2024
6875,2022-12-23,1717,Monitor,Office,1061.94,1,Israel,1061.94,12,2022
6876,2024-05-21,1974,Desk Lamp,Office,258.03,3,USA,774.09,5,2024
6877,2022-07-23,1201,Webcam,Electronics,207.33,1,Canada,207.33,7,2022
6878,2023-07-06,1119,Headphones,Electronics,1466.87,1,UK,1466.87,7,2023
6879,2022-11-19,1648,Keyboard,Electronics,27.03,1,Canada,27.03,11,2022
6880,2023-08-17,1811,Desk Lamp,Accessories,491.49,1,Israel,491.49,8,2023
6881,2022-06-30,1806,Laptop,Office,57.23,2,UK,114.46,6,2022
6882,2023-05-14,1388,Headphones,Electronics,1257.88,3,Canada,3773.64,5,2023
6883,2022-03-24,1536,Mouse,Office,877.39,2,USA,1754.78,3,2022
6884,2022-10-30,1823,Headphones,Accessories,76.69,2,UK,153.38,10,2022
6885,2022-09-19,1233,Keyboard,Accessories,924.97,2,USA,1849.94,9,2022
6886,2024-02-23,1632,Webcam,Electronics,189.03,2,Germany,378.06,2,2024
6887,2024-07-02,1601,Monitor,Office,746.12,1,Canada,746.12,7,2024
6888,2023-11-23,1319,USB Cable,Accessories,1005.77,1,Canada,1005.77,11,2023
6889,2024-08-01,1711,Keyboard,Office,227.02,1,USA,227.02,8,2024
6890,2023-11-14,1981,USB Cable,Office,748.09,4,Germany,2992.36,11,2023
6891,2023-11-20,1179,Webcam,Electronics,688.83,1,UK,688.83,11,2023
6892,2023-01-31,1856,Laptop,Accessories,1374.05,2,USA,2748.1,1,2023
6893,2024-04-18,1367,USB Cable,Accessories,1493.57,4,Germany,5974.28,4,2024
6894,2024-05-27,1075,Laptop,Accessories,983.44,4,USA,3933.76,5,2024
6895,2024-04-02,1648,Headphones,Office,1283.01,4,France,5132.04,4,2024
6896,2022-02-18,1649,Keyboard,Accessories,972.09,1,Canada,972.09,2,2022
6897,2024-02-28,1495,Laptop,Accessories,1315.05,2,France,2630.1,2,2024
6898,2022-10-20,1521,Mouse,Office,652.74,1,UK,652.74,10,2022
6899,2023-06-20,1200,Mouse,Accessories,913.94,3,France,2741.82,6,2023
6900,2022-11-07,1829,Monitor,Accessories,1268.53,4,Canada,5074.12,11,2022
6901,2023-06-21,1345,Headphones,Office,1377.54,3,Israel,4132.62,6,2023
6902,2023-10-01,1482,Laptop,Accessories,41.9,4,Germany,167.6,10,2023
6903,2022-08-22,1218,Monitor,Electronics,160.41,4,Canada,641.64,8,2022
6904,2023-08-28,1059,Mouse,Office,1397.1,3,Canada,4191.3,8,2023
6905,2022-04-04,1990,Monitor,Accessories,854.92,3,Israel,2564.76,4,2022
6906,2022-11-23,1658,Desk Lamp,Electronics,1485.34,1,France,1485.34,11,2022
6907,2022-08-13,1618,Monitor,Office,1189.99,3,UK,3569.97,8,2022
6908,2024-08-24,1549,Laptop,Accessories,1228.12,3,Israel,3684.36,8,2024
6909,2024-06-08,1645,Laptop,Office,582.25,2,Canada,1164.5,6,2024
6910,2022-01-11,1910,Laptop,Electronics,390.02,3,UK,1170.06,1,2022
6911,2024-11-01,1220,Headphones,Office,899.4,1,USA,899.4,11,2024
6912,2022-02-04,1814,USB Cable,Accessories,1319.15,4,Canada,5276.6,2,2022
6913,2023-03-23,1940,Monitor,Electronics,1089.92,4,Israel,4359.68,3,2023
6914,2023-03-17,1501,Monitor,Office,710.9,2,USA,1421.8,3,2023
6915,2023-10-15,1132,Headphones,Accessories,1131.03,1,Israel,1131.03,10,2023
6916,2023-08-18,1845,Mouse,Accessories,1037.14,4,Germany,4148.56,8,2023
6917,2022-08-17,1052,Keyboard,Electronics,1370.01,2,UK,2740.02,8,2022
6918,2022-12-10,1449,USB Cable,Electronics,399.02,4,USA,1596.08,12,2022
6919,2024-09-15,1061,Mouse,Office,183.37,1,France,183.37,9,2024
6920,2024-06-27,1022,Headphones,Accessories,707.73,3,Israel,2123.19,6,2024
6921,2023-06-11,1043,USB Cable,Electronics,544.82,2,Canada,1089.64,6,2023
6922,2022-03-16,1819,USB Cable,Accessories,1462.42,3,USA,4387.26,3,2022
6923,2022-07-15,1557,Monitor,Office,16.22,1,Israel,16.22,7,2022
6924,2022-01-29,1658,Monitor,Electronics,1400.41,1,Israel,1400.41,1,2022
6925,2023-12-07,1727,Laptop,Office,1432.84,4,Israel,5731.36,12,2023
6926,2024-10-17,1851,Laptop,Office,81.18,4,USA,324.72,10,2024
6927,2022-01-16,1046,Desk Lamp,Electronics,1334.91,2,USA,2669.82,1,2022
6928,2024-03-15,1858,Monitor,Office,708.81,4,Israel,2835.24,3,2024
6929,2024-07-28,1819,Monitor,Accessories,1150.4,4,France,4601.6,7,2024
6930,2024-08-24,1023,Webcam,Electronics,123.49,1,Canada,123.49,8,2024
6931,2022-08-17,1656,USB Cable,Accessories,1433.03,1,UK,1433.03,8,2022
6932,2024-08-19,1088,Laptop,Office,913.28,2,Israel,1826.56,8,2024
6933,2023-12-16,1173,Laptop,Electronics,1348.55,3,France,4045.65,12,2023
6934,2024-09-10,1575,Mouse,Accessories,1011.08,2,UK,2022.16,9,2024
6935,2023-07-27,1118,Monitor,Accessories,807.53,1,Israel,807.53,7,2023
6936,2023-09-07,1734,USB Cable,Accessories,262.88,1,UK,262.88,9,2023
6937,2022-11-22,1667,Monitor,Accessories,271.04,2,Israel,542.08,11,2022
6938,2024-05-24,1177,Headphones,Accessories,711.49,2,USA,1422.98,5,2024
6939,2022-12-25,1831,Mouse,Office,1306.31,3,Israel,3918.93,12,2022
6940,2022-11-20,1923,Keyboard,Office,177.25,1,Israel,177.25,11,2022
6941,2022-06-14,1341,Keyboard,Office,1497.59,4,Israel,5990.36,6,2022
6942,2024-03-08,1567,Keyboard,Office,1314.49,1,Israel,1314.49,3,2024
6943,2023-03-31,1058,USB Cable,Office,591.88,4,France,2367.52,3,2023
6944,2022-07-12,1900,Webcam,Office,383.41,4,Germany,1533.64,7,2022
6945,2023-09-19,1437,Laptop,Office,1383.38,4,France,5533.52,9,2023
6946,2023-06-14,1427,USB Cable,Accessories,189.2,3,France,567.6,6,2023
6947,2024-10-30,1425,Keyboard,Office,524.2,2,USA,1048.4,10,2024
6948,2022-04-02,1967,Headphones,Accessories,130.45,4,Israel,521.8,4,2022
6949,2022-05-19,1380,Desk Lamp,Electronics,1430.43,2,France,2860.86,5,2022
6950,2023-04-26,1485,USB Cable,Office,928.35,4,UK,3713.4,4,2023
6951,2023-03-25,1731,USB Cable,Accessories,507.59,3,Israel,1522.77,3,2023
6952,2024-05-18,1184,Desk Lamp,Electronics,416.85,4,USA,1667.4,5,2024
6953,2022-12-06,1558,Laptop,Electronics,668.92,2,Canada,1337.84,12,2022
6954,2024-12-11,1459,Laptop,Accessories,141.61,3,Canada,424.83,12,2024
6955,2023-04-11,1888,Keyboard,Accessories,1334.58,2,USA,2669.16,4,2023
6956,2023-12-19,1920,Laptop,Accessories,768.86,2,UK,1537.72,12,2023
6957,2024-03-09,1101,Desk Lamp,Office,1089.02,2,Canada,2178.04,3,2024
6958,2023-04-20,1555,Mouse,Electronics,354.45,4,USA,1417.8,4,2023
6959,2023-02-05,1014,Desk Lamp,Office,758.11,3,Canada,2274.33,2,2023
6960,2023-08-28,1747,Desk Lamp,Office,320.57,3,Israel,961.71,8,2023
6961,2024-07-20,1872,Mouse,Office,1225.06,3,Germany,3675.18,7,2024
6962,2024-09-23,1050,Desk Lamp,Electronics,1164.04,1,Germany,1164.04,9,2024
6963,2024-07-10,1308,Keyboard,Electronics,226.56,1,France,226.56,7,2024
6964,2024-03-31,1033,USB Cable,Electronics,116.39,3,USA,349.17,3,2024
6965,2023-10-19,1635,Headphones,Accessories,1237.17,4,Israel,4948.68,10,2023
6966,2023-08-21,1588,Laptop,Office,168.92,1,UK,168.92,8,2023
6967,2023-05-29,1903,Monitor,Accessories,824.98,4,UK,3299.92,5,2023
6968,2024-10-26,1634,USB Cable,Accessories,804.06,4,Israel,3216.24,10,2024
6969,2023-05-15,1204,Keyboard,Office,308.4,1,Israel,308.4,5,2023
6970,2023-12-18,1739,Webcam,Electronics,889.08,2,UK,1778.16,12,2023
6971,2023-08-24,1069,Laptop,Office,756.62,2,USA,1513.24,8,2023
6972,2023-10-28,1229,Keyboard,Accessories,766.24,2,Canada,1532.48,10,2023
6973,2023-04-13,1479,Desk Lamp,Electronics,542.75,1,France,542.75,4,2023
6974,2022-06-10,1532,Keyboard,Electronics,1258.45,4,France,5033.8,6,2022
6975,2022-09-27,1107,Headphones,Accessories,131.13,1,France,131.13,9,2022
6976,2024-12-15,1875,Monitor,Electronics,660.74,3,Israel,1982.22,12,2024
6977,2022-08-16,1240,Laptop,Electronics,393.43,4,UK,1573.72,8,2022
6978,2024-04-28,1250,Keyboard,Office,1273.41,1,UK,1273.41,4,2024
6979,2022-05-29,1134,Keyboard,Office,341.5,4,UK,1366.0,5,2022
6980,2024-12-05,1089,USB Cable,Accessories,1151.7,1,Canada,1151.7,12,2024
6981,2023-09-24,1590,Laptop,Accessories,919.22,3,UK,2757.66,9,2023
6982,2023-02-17,1439,Desk Lamp,Accessories,1312.81,3,UK,3938.43,2,2023
6983,2023-06-04,1688,Keyboard,Electronics,892.72,3,Germany,2678.16,6,2023
6984,2023-01-22,1297,Keyboard,Accessories,836.94,2,Canada,1673.88,1,2023
6985,2022-10-02,1406,Keyboard,Office,1202.69,3,Israel,3608.07,10,2022
6986,2022-12-19,1307,Mouse,Electronics,845.92,2,Canada,1691.84,12,2022
6987,2024-12-25,1101,Mouse,Accessories,1267.59,4,Israel,5070.36,12,2024
6988,2023-08-21,1360,Monitor,Electronics,78.73,4,Germany,314.92,8,2023
6989,2023-07-12,1846,Headphones,Electronics,745.25,4,France,2981.0,7,2023
6990,2022-04-23,1623,USB Cable,Electronics,1219.97,1,USA,1219.97,4,2022
6991,2022-05-21,1692,USB Cable,Accessories,1273.31,1,Canada,1273.31,5,2022
6992,2023-12-31,1615,Laptop,Electronics,1251.91,2,Israel,2503.82,12,2023
6993,2023-08-12,1527,Headphones,Electronics,908.55,2,Israel,1817.1,8,2023
6994,2023-02-15,1607,Desk Lamp,Electronics,1490.99,2,Germany,2981.98,2,2023
6995,2023-01-12,1292,Headphones,Office,276.17,1,Israel,276.17,1,2023
6996,2024-01-21,1145,USB Cable,Accessories,265.81,1,Israel,265.81,1,2024
6997,2023-09-19,1403,Desk Lamp,Office,54.07,4,France,216.28,9,2023
6998,2024-09-21,1813,Mouse,Electronics,1484.06,3,Germany,4452.18,9,2024
6999,2023-12-04,1001,Monitor,Electronics,525.29,3,Canada,1575.87,12,2023
7000,2023-04-07,1118,Desk Lamp,Office,1144.27,1,Israel,1144.27,4,2023
7001,2022-01-12,1854,Desk Lamp,Electronics,94.27,3,UK,282.81,1,2022
7002,2023-04-22,1605,Headphones,Office,451.54,4,Germany,1806.16,4,2023
7003,2024-07-27,1190,USB Cable,Electronics,937.65,3,France,2812.95,7,2024
7004,2023-02-05,1002,Headphones,Electronics,789.55,2,Canada,1579.1,2,2023
7005,2024-03-18,1941,Keyboard,Electronics,315.58,4,USA,1262.32,3,2024
7006,2022-06-26,1486,Laptop,Electronics,695.08,1,Israel,695.08,6,2022
7007,2022-02-26,1622,Monitor,Accessories,167.63,2,UK,335.26,2,2022
7008,2023-03-24,1176,USB Cable,Accessories,816.34,1,UK,816.34,3,2023
7009,2022-07-22,1256,Laptop,Accessories,149.93,1,USA,149.93,7,2022
7010,2024-01-08,1872,Desk Lamp,Office,955.72,2,Germany,1911.44,1,2024
7011,2022-07-21,1533,Mouse,Office,237.26,4,France,949.04,7,2022
7012,2022-12-29,1476,Headphones,Office,822.89,1,Israel,822.89,12,2022
7013,2024-06-10,1397,Headphones,Office,198.04,2,Israel,396.08,6,2024
7014,2023-03-30,1495,Webcam,Accessories,604.06,2,Canada,1208.12,3,2023
7015,2022-12-22,1219,Laptop,Office,530.99,1,Israel,530.99,12,2022
7016,2022-08-04,1980,Mouse,Office,1135.83,1,UK,1135.83,8,2022
7017,2024-08-29,1172,USB Cable,Office,963.54,4,Germany,3854.16,8,2024
7018,2023-07-09,1735,Webcam,Electronics,1405.95,2,USA,2811.9,7,2023
7019,2024-06-05,1389,Desk Lamp,Office,1383.26,3,Germany,4149.78,6,2024
7020,2022-01-23,1501,Webcam,Electronics,1088.87,3,France,3266.61,1,2022
7021,2022-06-04,1576,Keyboard,Office,1157.03,1,France,1157.03,6,2022
7022,2022-09-06,1788,Webcam,Office,939.24,1,USA,939.24,9,2022
7023,2024-01-19,1760,Webcam,Electronics,1039.04,4,UK,4156.16,1,2024
7024,2024-03-15,1259,Keyboard,Office,927.75,3,Canada,2783.25,3,2024
7025,2022-05-14,1130,Headphones,Electronics,471.09,1,USA,471.09,5,2022
7026,2022-11-17,1112,Headphones,Office,529.28,1,Canada,529.28,11,2022
7027,2023-01-25,1797,Desk Lamp,Office,864.23,3,France,2592.69,1,2023
7028,2023-03-10,1798,Monitor,Electronics,1081.66,1,UK,1081.66,3,2023
7029,2024-11-11,1929,Webcam,Accessories,612.15,3,Germany,1836.45,11,2024
7030,2024-05-22,1722,Laptop,Electronics,218.29,3,France,654.87,5,2024
7031,2024-05-07,1019,Headphones,Accessories,691.83,4,UK,2767.32,5,2024
7032,2022-02-20,1214,Mouse,Electronics,1444.97,3,UK,4334.91,2,2022
7033,2022-06-25,1309,USB Cable,Accessories,325.06,1,Israel,325.06,6,2022
7034,2024-05-19,1250,Laptop,Office,975.36,2,Germany,1950.72,5,2024
7035,2022-09-10,1487,Monitor,Accessories,1473.9,2,UK,2947.8,9,2022
7036,2024-08-23,1381,Webcam,Office,567.48,2,USA,1134.96,8,2024
7037,2024-01-09,1408,Keyboard,Electronics,1332.39,4,Canada,5329.56,1,2024
7038,2022-10-29,1270,Monitor,Accessories,1296.69,1,Germany,1296.69,10,2022
7039,2023-07-02,1933,Laptop,Office,511.87,4,Germany,2047.48,7,2023
7040,2023-12-17,1406,Keyboard,Electronics,152.28,4,France,609.12,12,2023
7041,2024-02-18,1691,Desk Lamp,Accessories,271.92,4,Germany,1087.68,2,2024
7042,2022-09-25,1193,Mouse,Office,551.8,1,Germany,551.8,9,2022
7043,2024-10-06,1440,Keyboard,Accessories,1438.91,1,Israel,1438.91,10,2024
7044,2023-07-05,1312,Keyboard,Accessories,415.3,1,Germany,415.3,7,2023
7045,2022-11-10,1078,Mouse,Office,1390.66,2,Canada,2781.32,11,2022
7046,2022-07-03,1179,Headphones,Office,276.14,3,Canada,828.42,7,2022
7047,2023-12-14,1674,Headphones,Electronics,1454.87,1,Canada,1454.87,12,2023
7048,2022-05-08,1713,Keyboard,Office,443.94,1,UK,443.94,5,2022
7049,2023-12-01,1013,USB Cable,Office,951.47,4,USA,3805.88,12,2023
7050,2023-01-21,1858,Keyboard,Accessories,109.19,1,Canada,109.19,1,2023
7051,2022-09-28,1245,Monitor,Office,453.0,3,Israel,1359.0,9,2022
7052,2024-03-21,1013,USB Cable,Accessories,320.01,2,Israel,640.02,3,2024
7053,2023-02-19,1098,Headphones,Accessories,10.11,1,Israel,10.11,2,2023
7054,2022-07-17,1032,Mouse,Office,239.37,2,Israel,478.74,7,2022
7055,2024-12-15,1435,Webcam,Office,891.69,1,France,891.69,12,2024
7056,2024-04-10,1256,Webcam,Office,587.93,2,Israel,1175.86,4,2024
7057,2023-09-20,1033,Keyboard,Office,1085.24,1,France,1085.24,9,2023
7058,2023-08-27,1018,Keyboard,Electronics,1008.26,4,France,4033.04,8,2023
7059,2024-12-16,1663,Webcam,Accessories,1199.95,2,Germany,2399.9,12,2024
7060,2024-10-06,1259,Monitor,Electronics,1301.2,4,USA,5204.8,10,2024
7061,2022-03-12,1675,Monitor,Electronics,1230.64,4,Germany,4922.56,3,2022
7062,2024-06-29,1588,Monitor,Accessories,674.85,1,France,674.85,6,2024
7063,2023-08-17,1825,Desk Lamp,Electronics,466.55,4,Germany,1866.2,8,2023
7064,2023-08-23,1415,Laptop,Office,755.94,4,UK,3023.76,8,2023
7065,2023-05-29,1136,Mouse,Office,805.02,1,Israel,805.02,5,2023
7066,2022-03-25,1358,Laptop,Office,473.2,4,Israel,1892.8,3,2022
7067,2024-09-20,1719,Keyboard,Office,812.31,2,France,1624.62,9,2024
7068,2024-12-02,1753,Monitor,Accessories,163.14,2,Germany,326.28,12,2024
7069,2024-04-18,1578,Monitor,Office,350.41,3,UK,1051.23,4,2024
7070,2023-08-29,1115,Webcam,Accessories,1120.34,3,UK,3361.02,8,2023
7071,2024-03-20,1403,Desk Lamp,Accessories,278.33,3,Canada,834.99,3,2024
7072,2022-05-13,1201,Webcam,Accessories,212.86,3,UK,638.58,5,2022
7073,2024-12-24,1375,USB Cable,Accessories,434.58,4,France,1738.32,12,2024
7074,2022-10-17,1249,Monitor,Electronics,559.72,2,Canada,1119.44,10,2022
7075,2023-01-11,1445,Desk Lamp,Electronics,496.18,3,Germany,1488.54,1,2023
7076,2024-02-08,1953,Headphones,Office,565.04,4,UK,2260.16,2,2024
7077,2023-04-12,1277,Webcam,Accessories,214.17,1,UK,214.17,4,2023
7078,2023-04-16,1111,Mouse,Office,252.27,2,Germany,504.54,4,2023
7079,2022-05-29,1962,Desk Lamp,Office,357.57,1,Germany,357.57,5,2022
7080,2022-03-29,1842,Laptop,Office,605.98,3,Israel,1817.94,3,2022
7081,2023-01-31,1472,Desk Lamp,Office,507.17,3,USA,1521.51,1,2023
7082,2024-02-29,1745,Mouse,Accessories,1188.05,3,USA,3564.15,2,2024
7083,2024-05-14,1687,Webcam,Accessories,790.65,2,UK,1581.3,5,2024
7084,2022-01-24,1391,Monitor,Electronics,865.67,1,Germany,865.67,1,2022
7085,2024-08-13,1968,Keyboard,Accessories,843.09,1,Israel,843.09,8,2024
7086,2022-11-07,1142,Desk Lamp,Accessories,601.17,2,France,1202.34,11,2022
7087,2023-10-26,1031,Headphones,Office,1470.82,3,USA,4412.46,10,2023
7088,2023-03-14,1180,Webcam,Accessories,60.81,3,Canada,182.43,3,2023
7089,2023-12-07,1578,Mouse,Office,327.68,4,USA,1310.72,12,2023
7090,2023-02-26,1515,Desk Lamp,Accessories,430.56,2,Germany,861.12,2,2023
7091,2022-11-17,1797,Keyboard,Electronics,1322.54,1,France,1322.54,11,2022
7092,2023-08-10,1268,Webcam,Office,1378.71,4,USA,5514.84,8,2023
7093,2024-08-04,1235,Monitor,Accessories,1269.93,1,Israel,1269.93,8,2024
7094,2024-04-28,1276,USB Cable,Accessories,628.34,1,USA,628.34,4,2024
7095,2022-02-11,1552,Monitor,Office,1372.36,4,Germany,5489.44,2,2022
7096,2024-07-27,1632,Monitor,Electronics,152.27,1,Germany,152.27,7,2024
7097,2023-01-22,1274,Monitor,Electronics,980.39,4,Canada,3921.56,1,2023
7098,2024-06-28,1742,Webcam,Accessories,1406.15,4,Canada,5624.6,6,2024
7099,2023-12-17,1815,USB Cable,Accessories,1133.58,4,France,4534.32,12,2023
7100,2023-03-07,1085,Headphones,Accessories,420.41,3,USA,1261.23,3,2023
7101,2023-07-08,1062,Headphones,Office,1077.67,3,France,3233.01,7,2023
7102,2024-03-10,1403,Mouse,Office,445.67,2,USA,891.34,3,2024
7103,2023-03-02,1191,Webcam,Office,171.82,2,UK,343.64,3,2023
7104,2022-01-26,1292,Desk Lamp,Accessories,1077.25,4,USA,4309.0,1,2022
7105,2023-01-20,1030,Desk Lamp,Electronics,272.94,2,Germany,545.88,1,2023
7106,2022-02-25,1329,USB Cable,Office,171.04,3,Germany,513.12,2,2022
7107,2023-09-26,1657,Desk Lamp,Electronics,829.88,3,UK,2489.64,9,2023
7108,2022-04-16,1106,USB Cable,Accessories,932.83,4,USA,3731.32,4,2022
7109,2024-04-28,1870,Monitor,Office,81.33,3,USA,243.99,4,2024
7110,2023-11-01,1621,Desk Lamp,Office,11.68,4,Germany,46.72,11,2023
7111,2023-01-11,1275,Headphones,Office,1323.7,2,UK,2647.4,1,2023
7112,2024-01-13,1721,Webcam,Accessories,177.3,3,Germany,531.9,1,2024
7113,2024-08-24,1650,Keyboard,Accessories,877.93,4,UK,3511.72,8,2024
7114,2022-11-04,1597,Headphones,Accessories,1430.55,4,Germany,5722.2,11,2022
7115,2022-04-01,1555,Desk Lamp,Electronics,770.31,1,Israel,770.31,4,2022
7116,2024-03-12,1081,Headphones,Electronics,214.0,4,USA,856.0,3,2024
7117,2022-04-20,1063,USB Cable,Office,593.26,4,France,2373.04,4,2022
7118,2023-08-08,1889,Mouse,Office,937.94,3,Israel,2813.82,8,2023
7119,2022-12-06,1929,Headphones,Accessories,1145.45,1,Germany,1145.45,12,2022
7120,2024-09-05,1854,Keyboard,Accessories,912.37,1,UK,912.37,9,2024
7121,2022-12-22,1832,Monitor,Accessories,56.3,1,France,56.3,12,2022
7122,2022-06-17,1566,Laptop,Office,218.94,3,UK,656.82,6,2022
7123,2023-07-11,1585,Mouse,Accessories,560.84,2,Canada,1121.68,7,2023
7124,2024-06-23,1884,Keyboard,Electronics,1060.04,4,UK,4240.16,6,2024
7125,2022-04-15,1128,Mouse,Electronics,878.57,1,Canada,878.57,4,2022
7126,2022-05-30,1255,Desk Lamp,Office,71.82,1,Canada,71.82,5,2022
7127,2022-05-26,1933,Webcam,Office,1196.34,3,USA,3589.02,5,2022
7128,2023-12-17,1230,Desk Lamp,Electronics,909.66,3,Germany,2728.98,12,2023
7129,2024-05-23,1496,Monitor,Accessories,1331.29,1,USA,1331.29,5,2024
7130,2022-10-26,1136,Headphones,Office,629.39,2,Canada,1258.78,10,2022
7131,2023-10-08,1862,Desk Lamp,Office,737.85,3,UK,2213.55,10,2023
7132,2023-12-24,1454,Webcam,Office,611.3,1,USA,611.3,12,2023
7133,2024-12-07,1912,Headphones,Electronics,1085.07,2,Israel,2170.14,12,2024
7134,2023-09-30,1354,Desk Lamp,Office,1129.44,3,Canada,3388.32,9,2023
7135,2022-08-27,1623,USB Cable,Electronics,1086.25,2,UK,2172.5,8,2022
7136,2024-10-27,1484,Keyboard,Electronics,440.94,1,UK,440.94,10,2024
7137,2023-04-09,1819,Monitor,Accessories,955.87,2,Israel,1911.74,4,2023
7138,2023-03-29,1145,Laptop,Accessories,511.1,1,UK,511.1,3,2023
7139,2024-02-23,1958,Laptop,Accessories,1252.13,3,France,3756.39,2,2024
7140,2024-06-15,1032,Headphones,Office,87.4,4,France,349.6,6,2024
7141,2023-01-06,1259,Webcam,Electronics,61.39,4,Germany,245.56,1,2023
7142,2023-05-02,1086,USB Cable,Office,157.05,1,Germany,157.05,5,2023
7143,2022-06-14,1842,Monitor,Electronics,307.53,4,USA,1230.12,6,2022
7144,2022-07-11,1947,Monitor,Office,61.26,1,USA,61.26,7,2022
7145,2023-12-31,1264,Keyboard,Electronics,112.07,4,Israel,448.28,12,2023
7146,2022-08-02,1831,Webcam,Accessories,462.55,4,Israel,1850.2,8,2022
7147,2023-07-28,1541,Laptop,Accessories,154.19,3,Canada,462.57,7,2023
7148,2024-08-14,1391,Keyboard,Office,1204.1,1,UK,1204.1,8,2024
7149,2023-01-16,1231,Desk Lamp,Electronics,85.53,2,Germany,171.06,1,2023
7150,2023-11-04,1900,Mouse,Accessories,1362.35,3,Canada,4087.05,11,2023
7151,2024-03-08,1587,Monitor,Electronics,1306.91,2,Germany,2613.82,3,2024
7152,2022-08-27,1446,Laptop,Office,316.53,3,Germany,949.59,8,2022
7153,2023-12-01,1128,Keyboard,Accessories,111.93,1,Germany,111.93,12,2023
7154,2023-05-20,1270,Headphones,Office,162.77,2,USA,325.54,5,2023
7155,2022-07-21,1088,Mouse,Office,840.84,3,France,2522.52,7,2022
7156,2024-07-08,1465,Keyboard,Electronics,903.37,4,Canada,3613.48,7,2024
7157,2022-02-06,1933,Headphones,Office,476.8,2,Israel,953.6,2,2022
7158,2023-10-06,1169,Laptop,Office,448.77,3,Israel,1346.31,10,2023
7159,2024-02-04,1127,Laptop,Electronics,799.59,3,Germany,2398.77,2,2024
7160,2023-12-07,1173,Mouse,Electronics,461.91,2,Germany,923.82,12,2023
7161,2023-06-29,1948,Headphones,Office,1401.81,4,USA,5607.24,6,2023
7162,2023-06-24,1025,Monitor,Accessories,577.03,2,USA,1154.06,6,2023
7163,2024-10-13,1572,USB Cable,Accessories,333.62,2,Israel,667.24,10,2024
7164,2023-01-29,1510,USB Cable,Electronics,223.22,2,Germany,446.44,1,2023
7165,2024-04-12,1487,Laptop,Office,949.4,3,Germany,2848.2,4,2024
7166,2024-12-01,1890,Webcam,Accessories,493.36,4,Canada,1973.44,12,2024
7167,2023-08-20,1578,Monitor,Electronics,287.25,2,Israel,574.5,8,2023
7168,2023-01-28,1949,Monitor,Electronics,417.34,2,USA,834.68,1,2023
7169,2023-12-01,1405,USB Cable,Electronics,465.28,2,Canada,930.56,12,2023
7170,2023-03-17,1025,Keyboard,Office,940.62,2,Israel,1881.24,3,2023
7171,2024-07-06,1082,Desk Lamp,Electronics,266.15,2,USA,532.3,7,2024
7172,2022-11-16,1363,Keyboard,Accessories,1100.54,2,USA,2201.08,11,2022
7173,2023-07-07,1366,Laptop,Office,460.8,4,Canada,1843.2,7,2023
7174,2024-12-30,1059,Monitor,Accessories,735.02,4,Canada,2940.08,12,2024
7175,2023-07-22,1550,Keyboard,Accessories,983.98,4,USA,3935.92,7,2023
7176,2024-07-07,1634,Headphones,Accessories,817.71,1,Germany,817.71,7,2024
7177,2022-08-24,1291,Headphones,Office,995.04,1,Israel,995.04,8,2022
7178,2024-09-13,1788,Desk Lamp,Accessories,487.28,3,USA,1461.84,9,2024
7179,2024-10-29,1936,Headphones,Electronics,1445.36,4,France,5781.44,10,2024
7180,2022-03-01,1885,Desk Lamp,Electronics,691.19,4,USA,2764.76,3,2022
7181,2024-06-11,1815,Headphones,Accessories,486.29,4,USA,1945.16,6,2024
7182,2022-08-13,1793,Desk Lamp,Electronics,448.11,2,Canada,896.22,8,2022
7183,2023-12-01,1190,Desk Lamp,Office,68.83,2,USA,137.66,12,2023
7184,2023-08-05,1460,Desk Lamp,Office,1028.78,3,UK,3086.34,8,2023
7185,2024-09-20,1803,Monitor,Electronics,397.46,4,Canada,1589.84,9,2024
7186,2022-06-18,1663,Headphones,Electronics,1438.6,2,France,2877.2,6,2022
7187,2024-12-21,1895,Monitor,Office,319.61,4,Germany,1278.44,12,2024
7188,2022-01-14,1232,USB Cable,Accessories,796.59,4,Canada,3186.36,1,2022
7189,2022-06-13,1473,Laptop,Office,1104.53,2,Israel,2209.06,6,2022
7190,2024-01-27,1404,Desk Lamp,Accessories,1305.82,2,Israel,2611.64,1,2024
7191,2024-11-17,1657,Laptop,Electronics,238.91,1,Canada,238.91,11,2024
7192,2023-03-22,1270,Headphones,Electronics,1478.18,2,Israel,2956.36,3,2023
7193,2023-12-17,1846,Headphones,Accessories,1360.59,1,Canada,1360.59,12,2023
7194,2024-09-02,1133,Headphones,Accessories,1444.46,2,Germany,2888.92,9,2024
7195,2024-03-29,1170,Desk Lamp,Office,1279.74,4,USA,5118.96,3,2024
7196,2022-04-14,1414,Laptop,Accessories,1317.12,2,France,2634.24,4,2022
7197,2024-01-12,1027,Keyboard,Electronics,900.25,3,Israel,2700.75,1,2024
7198,2023-03-02,1135,Laptop,Electronics,1268.74,4,UK,5074.96,3,2023
7199,2023-10-01,1924,Headphones,Electronics,803.35,3,UK,2410.05,10,2023
7200,2024-04-29,1404,Keyboard,Accessories,809.63,4,France,3238.52,4,2024
7201,2024-02-08,1976,Desk Lamp,Accessories,846.06,2,Israel,1692.12,2,2024
7202,2022-10-04,1887,Keyboard,Electronics,1494.5,2,USA,2989.0,10,2022
7203,2024-12-24,1504,Mouse,Accessories,161.07,2,Israel,322.14,12,2024
7204,2024-06-18,1240,USB Cable,Office,1209.39,1,USA,1209.39,6,2024
7205,2022-07-07,1855,Monitor,Office,413.6,2,Israel,827.2,7,2022
7206,2022-04-15,1953,USB Cable,Accessories,545.03,3,UK,1635.09,4,2022
7207,2023-06-30,1443,Headphones,Accessories,125.4,1,Germany,125.4,6,2023
7208,2023-01-15,1433,Monitor,Electronics,530.6,2,Canada,1061.2,1,2023
7209,2022-04-20,1227,Mouse,Accessories,1486.19,1,France,1486.19,4,2022
7210,2023-06-29,1508,Monitor,Electronics,598.62,1,USA,598.62,6,2023
7211,2022-12-20,1798,Headphones,Office,1006.18,4,Germany,4024.72,12,2022
7212,2024-01-13,1302,Mouse,Accessories,185.47,1,USA,185.47,1,2024
7213,2022-11-13,1033,Monitor,Office,1384.13,1,France,1384.13,11,2022
7214,2024-12-24,1001,Desk Lamp,Accessories,1242.48,4,Germany,4969.92,12,2024
7215,2022-11-29,1361,Laptop,Accessories,582.51,2,Germany,1165.02,11,2022
7216,2023-08-15,1194,Keyboard,Electronics,525.95,3,Canada,1577.85,8,2023
7217,2024-02-22,1605,USB Cable,Electronics,651.24,1,Canada,651.24,2,2024
7218,2023-06-24,1839,Mouse,Accessories,604.88,3,France,1814.64,6,2023
7219,2024-01-05,1307,Laptop,Accessories,390.79,1,France,390.79,1,2024
7220,2023-09-13,1646,Headphones,Electronics,1486.32,3,USA,4458.96,9,2023
7221,2023-09-11,1715,Keyboard,Office,1216.77,4,Germany,4867.08,9,2023
7222,2024-06-27,1249,USB Cable,Accessories,405.55,1,France,405.55,6,2024
7223,2024-09-18,1146,Mouse,Electronics,1472.68,1,Canada,1472.68,9,2024
7224,2022-04-09,1345,Keyboard,Accessories,28.22,2,USA,56.44,4,2022
7225,2022-11-13,1347,Webcam,Electronics,659.66,2,Israel,1319.32,11,2022
7226,2022-05-03,1253,Desk Lamp,Office,856.38,1,Canada,856.38,5,2022
7227,2024-03-09,1398,Webcam,Accessories,61.19,4,France,244.76,3,2024
7228,2023-04-02,1333,Mouse,Accessories,245.75,3,Canada,737.25,4,2023
7229,2023-06-06,1175,Mouse,Office,390.91,2,Canada,781.82,6,2023
7230,2023-06-04,1124,Monitor,Accessories,1081.74,2,Germany,2163.48,6,2023
7231,2024-07-05,1762,Keyboard,Accessories,1409.92,2,Israel,2819.84,7,2024
7232,2023-12-18,1397,Webcam,Accessories,938.68,2,France,1877.36,12,2023
7233,2022-11-11,1130,USB Cable,Electronics,846.18,4,UK,3384.72,11,2022
7234,2023-12-10,1561,Webcam,Electronics,807.45,1,Germany,807.45,12,2023
7235,2023-12-11,1604,Keyboard,Accessories,529.3,3,Canada,1587.9,12,2023
7236,2024-11-09,1891,Webcam,Office,1242.43,2,Germany,2484.86,11,2024
7237,2023-07-14,1821,USB Cable,Office,813.45,4,USA,3253.8,7,2023
7238,2024-08-26,1901,Laptop,Accessories,349.0,4,UK,1396.0,8,2024
7239,2022-12-22,1944,Desk Lamp,Electronics,209.56,2,France,419.12,12,2022
7240,2024-12-13,1406,Webcam,Electronics,1478.34,3,UK,4435.02,12,2024
7241,2024-06-08,1731,Desk Lamp,Accessories,31.12,2,Canada,62.24,6,2024
7242,2024-03-03,1845,Webcam,Electronics,1400.49,4,France,5601.96,3,2024
7243,2022-09-22,1333,Headphones,Electronics,331.36,3,USA,994.08,9,2022
7244,2024-09-08,1019,Laptop,Office,988.04,4,Canada,3952.16,9,2024
7245,2024-03-12,1204,Monitor,Accessories,455.79,1,Canada,455.79,3,2024
7246,2022-02-12,1602,Mouse,Electronics,1290.42,4,Israel,5161.68,2,2022
7247,2024-05-11,1955,USB Cable,Electronics,817.45,2,UK,1634.9,5,2024
7248,2022-12-16,1354,Webcam,Electronics,215.88,3,Germany,647.64,12,2022
7249,2024-06-30,1172,USB Cable,Accessories,408.4,2,France,816.8,6,2024
7250,2022-01-01,1188,Monitor,Accessories,483.88,1,UK,483.88,1,2022
7251,2023-08-07,1823,Monitor,Electronics,1329.45,3,France,3988.35,8,2023
7252,2023-03-08,1001,Laptop,Office,1151.27,3,UK,3453.81,3,2023
7253,2022-02-22,1872,USB Cable,Office,1245.23,3,Germany,3735.69,2,2022
7254,2024-07-28,1940,Mouse,Accessories,83.12,4,France,332.48,7,2024
7255,2023-06-04,1167,Headphones,Office,870.28,2,France,1740.56,6,2023
7256,2022-05-27,1367,Monitor,Electronics,1498.77,3,Israel,4496.31,5,2022
7257,2023-09-21,1535,Headphones,Accessories,1178.87,3,USA,3536.61,9,2023
7258,2022-10-26,1924,Mouse,Accessories,185.46,3,UK,556.38,10,2022
7259,2024-02-28,1962,Mouse,Office,1019.83,1,Germany,1019.83,2,2024
7260,2024-04-29,1876,Desk Lamp,Accessories,1119.26,3,Israel,3357.78,4,2024
7261,2022-06-27,1579,Laptop,Office,773.8,4,Israel,3095.2,6,2022
7262,2024-04-21,1369,USB Cable,Office,122.74,4,USA,490.96,4,2024
7263,2024-05-27,1705,Keyboard,Electronics,56.86,3,Germany,170.58,5,2024
7264,2024-01-29,1595,USB Cable,Office,1407.03,4,Canada,5628.12,1,2024
7265,2024-12-27,1949,Webcam,Office,389.98,4,UK,1559.92,12,2024
7266,2023-03-21,1436,Laptop,Accessories,571.56,3,France,1714.68,3,2023
7267,2023-12-09,1206,USB Cable,Electronics,1193.94,4,USA,4775.76,12,2023
7268,2023-08-25,1048,Headphones,Electronics,1035.44,1,France,1035.44,8,2023
7269,2022-05-25,1543,Desk Lamp,Office,1453.01,3,Israel,4359.03,5,2022
7270,2022-10-02,1828,USB Cable,Accessories,143.79,2,France,287.58,10,2022
7271,2023-05-24,1681,Laptop,Accessories,1061.84,4,UK,4247.36,5,2023
7272,2024-01-23,1128,Mouse,Accessories,127.93,3,Canada,383.79,1,2024
7273,2023-04-22,1446,Desk Lamp,Electronics,5.25,2,UK,10.5,4,2023
7274,2023-10-28,1613,Monitor,Electronics,184.74,1,Canada,184.74,10,2023
7275,2023-07-22,1034,Desk Lamp,Office,927.01,1,France,927.01,7,2023
7276,2023-06-15,1818,Desk Lamp,Office,1015.91,3,France,3047.73,6,2023
7277,2022-06-08,1198,Webcam,Accessories,660.32,3,USA,1980.96,6,2022
7278,2023-11-12,1812,Webcam,Office,73.88,1,Canada,73.88,11,2023
7279,2022-01-23,1076,Keyboard,Accessories,952.92,1,UK,952.92,1,2022
7280,2024-12-06,1368,Mouse,Electronics,133.3,1,France,133.3,12,2024
7281,2023-06-09,1832,Webcam,Office,216.88,2,Germany,433.76,6,2023
7282,2023-12-30,1525,Desk Lamp,Accessories,771.3,2,USA,1542.6,12,2023
7283,2022-05-24,1348,Webcam,Electronics,513.86,3,USA,1541.58,5,2022
7284,2023-10-30,1505,Monitor,Accessories,699.81,2,USA,1399.62,10,2023
7285,2023-11-12,1642,Headphones,Office,954.44,4,USA,3817.76,11,2023
7286,2024-08-30,1237,Headphones,Accessories,244.21,1,Canada,244.21,8,2024
7287,2024-03-09,1279,Headphones,Electronics,1340.16,3,Canada,4020.48,3,2024
7288,2022-03-26,1576,Laptop,Office,841.42,2,France,1682.84,3,2022
7289,2023-02-20,1431,Headphones,Electronics,38.03,3,Israel,114.09,2,2023
7290,2023-11-25,1137,Headphones,Office,944.54,2,Germany,1889.08,11,2023
7291,2023-04-27,1268,Laptop,Accessories,697.45,3,Israel,2092.35,4,2023
7292,2023-04-01,1739,Desk Lamp,Electronics,1053.95,1,Israel,1053.95,4,2023
7293,2024-04-06,1200,Desk Lamp,Electronics,1177.13,1,France,1177.13,4,2024
7294,2022-10-24,1141,Desk Lamp,Accessories,1408.57,1,USA,1408.57,10,2022
7295,2024-08-07,1611,Monitor,Electronics,1497.53,2,USA,2995.06,8,2024
7296,2023-11-11,1649,Mouse,Electronics,826.68,3,France,2480.04,11,2023
7297,2023-01-13,1679,Webcam,Electronics,844.45,3,France,2533.35,1,2023
7298,2023-02-25,1918,Keyboard,Electronics,38.56,3,Canada,115.68,2,2023
7299,2022-04-15,1610,Webcam,Accessories,1298.43,4,UK,5193.72,4,2022
7300,2022-11-26,1822,Desk Lamp,Electronics,47.93,2,USA,95.86,11,2022
7301,2023-03-15,1830,Desk Lamp,Electronics,950.83,1,Germany,950.83,3,2023
7302,2023-01-17,1838,Headphones,Electronics,152.37,1,UK,152.37,1,2023
7303,2022-05-18,1937,Headphones,Office,432.33,3,Israel,1296.99,5,2022
7304,2024-07-31,1354,USB Cable,Office,214.79,3,Canada,644.37,7,2024
7305,2024-04-22,1577,Webcam,Accessories,210.4,4,Canada,841.6,4,2024
7306,2022-09-27,1846,Desk Lamp,Accessories,116.53,2,USA,233.06,9,2022
7307,2023-01-31,1328,Webcam,Accessories,480.23,3,France,1440.69,1,2023
7308,2024-07-01,1558,USB Cable,Electronics,638.36,3,France,1915.08,7,2024
7309,2023-04-09,1848,Headphones,Office,699.39,2,France,1398.78,4,2023
7310,2023-03-26,1893,Desk Lamp,Office,662.36,3,USA,1987.08,3,2023
7311,2022-01-20,1230,Laptop,Accessories,787.92,1,Canada,787.92,1,2022
7312,2022-08-27,1307,Desk Lamp,Office,1290.38,2,Germany,2580.76,8,2022
7313,2023-02-22,1657,Laptop,Accessories,949.54,1,France,949.54,2,2023
7314,2024-11-20,1718,Laptop,Electronics,30.84,4,Canada,123.36,11,2024
7315,2022-07-05,1145,Keyboard,Office,263.56,3,USA,790.68,7,2022
7316,2022-09-10,1151,Mouse,Electronics,526.68,3,Israel,1580.04,9,2022
7317,2022-01-19,1790,Headphones,Electronics,1423.82,2,UK,2847.64,1,2022
7318,2023-12-13,1139,Monitor,Office,121.73,4,USA,486.92,12,2023
7319,2022-08-11,1662,Webcam,Accessories,1066.63,2,USA,2133.26,8,2022
7320,2022-01-03,1020,Webcam,Office,54.47,4,Canada,217.88,1,2022
7321,2024-05-03,1253,Headphones,Electronics,546.99,2,France,1093.98,5,2024
7322,2022-08-16,1063,Headphones,Accessories,1156.37,2,UK,2312.74,8,2022
7323,2024-07-01,1217,Headphones,Electronics,519.17,3,UK,1557.51,7,2024
7324,2023-05-14,1071,Webcam,Accessories,648.27,3,France,1944.81,5,2023
7325,2023-06-05,1989,USB Cable,Office,1358.43,4,Germany,5433.72,6,2023
7326,2023-12-03,1161,Headphones,Electronics,103.92,1,USA,103.92,12,2023
7327,2024-07-05,1129,Webcam,Accessories,793.86,1,France,793.86,7,2024
7328,2022-10-18,1580,Mouse,Accessories,552.53,2,Canada,1105.06,10,2022
7329,2024-12-12,1926,Monitor,Office,1445.9,3,Germany,4337.7,12,2024
7330,2023-12-16,1224,Laptop,Accessories,1191.57,2,France,2383.14,12,2023
7331,2024-08-05,1757,USB Cable,Accessories,187.5,4,Israel,750.0,8,2024
7332,2023-10-10,1579,Monitor,Electronics,1391.48,2,Germany,2782.96,10,2023
7333,2024-10-24,1453,Headphones,Office,320.76,2,Canada,641.52,10,2024
7334,2023-11-15,1982,Monitor,Office,131.8,2,Germany,263.6,11,2023
7335,2024-05-19,1914,Headphones,Electronics,814.68,4,UK,3258.72,5,2024
7336,2024-12-06,1383,Monitor,Electronics,1106.26,4,USA,4425.04,12,2024
7337,2022-04-04,1106,Keyboard,Electronics,1075.5,2,France,2151.0,4,2022
7338,2024-07-28,1620,Desk Lamp,Accessories,803.41,3,Canada,2410.23,7,2024
7339,2023-07-14,1839,Monitor,Office,741.64,4,Canada,2966.56,7,2023
7340,2022-08-01,1102,Desk Lamp,Office,1454.47,1,France,1454.47,8,2022
7341,2023-03-12,1140,Laptop,Office,1231.74,2,USA,2463.48,3,2023
7342,2024-05-01,1576,Laptop,Accessories,1049.47,3,Canada,3148.41,5,2024
7343,2023-05-23,1133,USB Cable,Office,296.84,4,Canada,1187.36,5,2023
7344,2024-04-15,1198,Monitor,Office,1230.56,2,USA,2461.12,4,2024
7345,2023-10-13,1879,Webcam,Office,1125.92,3,Canada,3377.76,10,2023
7346,2022-07-24,1509,Desk Lamp,Office,1488.08,1,Canada,1488.08,7,2022
7347,2023-01-16,1666,Webcam,Electronics,203.83,4,Canada,815.32,1,2023
7348,2022-03-18,1078,Webcam,Accessories,1074.37,4,UK,4297.48,3,2022
7349,2024-03-26,1947,Monitor,Office,1468.73,1,USA,1468.73,3,2024
7350,2024-02-07,1893,Webcam,Office,696.58,4,Israel,2786.32,2,2024
7351,2023-02-14,1481,Mouse,Office,1101.45,3,UK,3304.35,2,2023
7352,2022-04-16,1511,Monitor,Office,1463.18,4,Germany,5852.72,4,2022
7353,2023-07-05,1249,Laptop,Office,823.49,2,USA,1646.98,7,2023
7354,2024-04-05,1888,Desk Lamp,Electronics,1050.07,1,Germany,1050.07,4,2024
7355,2022-03-29,1598,USB Cable,Electronics,35.03,2,UK,70.06,3,2022
7356,2024-05-30,1815,Webcam,Accessories,781.9,4,Canada,3127.6,5,2024
7357,2023-06-24,1752,Keyboard,Accessories,387.42,2,Israel,774.84,6,2023
7358,2022-09-02,1599,Webcam,Office,201.21,3,Israel,603.63,9,2022
7359,2023-08-01,1974,Laptop,Office,1064.35,2,USA,2128.7,8,2023
7360,2024-09-08,1482,Mouse,Electronics,63.44,3,Israel,190.32,9,2024
7361,2023-12-18,1835,Monitor,Accessories,1357.77,3,Canada,4073.31,12,2023
7362,2022-05-22,1171,Webcam,Office,779.07,3,France,2337.21,5,2022
7363,2024-06-11,1868,Keyboard,Office,974.1,1,Canada,974.1,6,2024
7364,2022-12-18,1016,Desk Lamp,Office,383.89,2,UK,767.78,12,2022
7365,2023-06-29,1734,USB Cable,Accessories,277.38,3,Canada,832.14,6,2023
7366,2024-07-01,1293,Laptop,Electronics,369.41,3,Israel,1108.23,7,2024
7367,2022-06-01,1393,USB Cable,Electronics,352.28,2,UK,704.56,6,2022
7368,2023-10-15,1821,USB Cable,Office,1297.43,4,UK,5189.72,10,2023
7369,2024-08-15,1497,Keyboard,Office,1182.07,1,Canada,1182.07,8,2024
7370,2024-02-02,1218,Desk Lamp,Office,1279.84,3,Canada,3839.52,2,2024
7371,2023-09-16,1233,Headphones,Office,1103.63,4,France,4414.52,9,2023
7372,2023-10-18,1389,Laptop,Office,967.11,4,Canada,3868.44,10,2023
7373,2023-03-26,1247,Headphones,Accessories,794.17,4,Canada,3176.68,3,2023
7374,2023-12-22,1901,Keyboard,Electronics,401.9,3,USA,1205.7,12,2023
7375,2022-02-12,1051,Monitor,Accessories,1059.52,3,UK,3178.56,2,2022
7376,2022-09-21,1014,Monitor,Accessories,209.19,3,France,627.57,9,2022
7377,2024-10-23,1323,Monitor,Office,769.04,2,Israel,1538.08,10,2024
7378,2023-08-19,1440,USB Cable,Accessories,296.94,3,Germany,890.82,8,2023
7379,2024-11-05,1111,Headphones,Electronics,759.62,1,USA,759.62,11,2024
7380,2024-12-18,1695,USB Cable,Office,444.39,2,Canada,888.78,12,2024
7381,2024-10-09,1871,Monitor,Electronics,84.95,1,Germany,84.95,10,2024
7382,2022-06-26,1006,USB Cable,Accessories,758.04,4,France,3032.16,6,2022
7383,2022-03-04,1562,Mouse,Office,276.84,2,UK,553.68,3,2022
7384,2024-08-15,1825,Laptop,Electronics,245.93,2,France,491.86,8,2024
7385,2024-09-29,1752,Laptop,Electronics,579.63,2,USA,1159.26,9,2024
7386,2023-07-15,1244,Desk Lamp,Office,545.87,1,USA,545.87,7,2023
7387,2024-08-12,1447,USB Cable,Electronics,1301.1,1,Israel,1301.1,8,2024
7388,2024-04-29,1364,Desk Lamp,Office,849.13,4,France,3396.52,4,2024
7389,2023-08-27,1366,Keyboard,Office,1282.58,3,USA,3847.74,8,2023
7390,2023-08-29,1921,Webcam,Accessories,224.52,1,France,224.52,8,2023
7391,2024-04-09,1697,Headphones,Electronics,539.18,4,Israel,2156.72,4,2024
7392,2024-01-16,1286,Laptop,Office,835.22,3,Israel,2505.66,1,2024
7393,2023-07-12,1961,USB Cable,Accessories,233.93,2,France,467.86,7,2023
7394,2022-03-05,1603,Headphones,Accessories,196.45,3,Canada,589.35,3,2022
7395,2024-07-30,1105,Keyboard,Office,993.8,1,USA,993.8,7,2024
7396,2022-09-06,1012,Monitor,Office,982.48,4,UK,3929.92,9,2022
7397,2024-07-28,1145,Webcam,Electronics,355.07,2,Canada,710.14,7,2024
7398,2022-06-06,1477,Keyboard,Electronics,344.55,2,UK,689.1,6,2022
7399,2024-01-05,1630,Mouse,Electronics,1119.44,3,Canada,3358.32,1,2024
7400,2024-09-11,1714,Monitor,Office,179.9,3,Israel,539.7,9,2024
7401,2024-12-25,1652,Monitor,Accessories,1385.28,1,USA,1385.28,12,2024
7402,2023-10-24,1114,Monitor,Accessories,1415.89,2,Israel,2831.78,10,2023
7403,2024-11-09,1508,Keyboard,Office,1307.13,3,Israel,3921.39,11,2024
7404,2022-02-02,1151,Mouse,Electronics,319.96,2,Israel,639.92,2,2022
7405,2023-07-12,1056,Webcam,Accessories,30.12,4,Israel,120.48,7,2023
7406,2022-03-14,1381,Headphones,Accessories,1405.35,4,France,5621.4,3,2022
7407,2024-04-04,1156,Keyboard,Electronics,519.24,1,France,519.24,4,2024
7408,2024-12-14,1951,Laptop,Accessories,469.06,2,USA,938.12,12,2024
7409,2022-03-02,1821,Laptop,Electronics,396.21,3,Canada,1188.63,3,2022
7410,2022-09-29,1132,Keyboard,Accessories,370.58,4,USA,1482.32,9,2022
7411,2022-09-03,1162,Headphones,Accessories,1103.16,4,Germany,4412.64,9,2022
7412,2023-09-20,1274,Laptop,Accessories,1362.3,1,UK,1362.3,9,2023
7413,2023-12-06,1694,Headphones,Electronics,1180.15,4,France,4720.6,12,2023
7414,2023-10-24,1076,Monitor,Accessories,1012.79,1,USA,1012.79,10,2023
7415,2022-11-06,1836,Keyboard,Accessories,435.2,2,Canada,870.4,11,2022
7416,2023-05-10,1043,Monitor,Accessories,822.71,3,Israel,2468.13,5,2023
7417,2022-12-04,1717,Laptop,Office,359.27,2,France,718.54,12,2022
7418,2023-08-02,1549,Headphones,Accessories,171.7,2,UK,343.4,8,2023
7419,2022-01-10,1317,Monitor,Accessories,184.84,2,France,369.68,1,2022
7420,2022-02-18,1533,Laptop,Electronics,907.63,3,Canada,2722.89,2,2022
7421,2023-09-15,1584,USB Cable,Electronics,62.53,2,UK,125.06,9,2023
7422,2024-01-01,1752,Mouse,Office,1460.02,2,Germany,2920.04,1,2024
7423,2024-03-05,1935,Monitor,Electronics,1493.22,1,USA,1493.22,3,2024
7424,2024-08-28,1153,Mouse,Electronics,228.39,1,Canada,228.39,8,2024
7425,2022-05-13,1236,Mouse,Electronics,643.82,1,UK,643.82,5,2022
7426,2022-03-24,1892,Webcam,Office,1153.27,3,Germany,3459.81,3,2022
7427,2022-02-26,1516,Desk Lamp,Office,1432.82,4,Canada,5731.28,2,2022
7428,2023-01-11,1220,Laptop,Accessories,1337.53,4,Canada,5350.12,1,2023
7429,2022-12-15,1309,Keyboard,Accessories,385.86,2,France,771.72,12,2022
7430,2022-09-28,1597,Headphones,Electronics,132.37,4,USA,529.48,9,2022
7431,2022-04-21,1176,USB Cable,Accessories,436.65,2,UK,873.3,4,2022
7432,2024-05-18,1770,Laptop,Accessories,658.67,1,Canada,658.67,5,2024
7433,2024-06-05,1219,Webcam,Office,543.11,2,Canada,1086.22,6,2024
7434,2022-03-17,1037,Webcam,Office,1161.93,3,UK,3485.79,3,2022
7435,2022-11-25,1653,USB Cable,Accessories,390.39,4,Canada,1561.56,11,2022
7436,2022-05-02,1430,Monitor,Accessories,1288.66,2,USA,2577.32,5,2022
7437,2022-02-10,1909,Headphones,Accessories,342.32,1,Canada,342.32,2,2022
7438,2024-07-10,1746,Webcam,Electronics,545.22,3,France,1635.66,7,2024
7439,2023-10-04,1202,Keyboard,Office,674.47,2,France,1348.94,10,2023
7440,2024-11-12,1840,Laptop,Accessories,440.37,2,Israel,880.74,11,2024
7441,2022-10-06,1805,Keyboard,Accessories,1150.73,2,Canada,2301.46,10,2022
7442,2024-02-02,1447,Monitor,Electronics,617.27,3,France,1851.81,2,2024
7443,2023-04-14,1494,Desk Lamp,Office,1331.1,2,USA,2662.2,4,2023
7444,2022-01-09,1683,Laptop,Electronics,1445.57,1,Germany,1445.57,1,2022
7445,2022-01-13,1124,Monitor,Electronics,1290.41,1,USA,1290.41,1,2022
7446,2024-07-12,1837,Headphones,Accessories,786.32,1,UK,786.32,7,2024
7447,2024-07-11,1064,Headphones,Electronics,767.16,1,Canada,767.16,7,2024
7448,2024-12-11,1792,Desk Lamp,Electronics,327.73,3,Israel,983.19,12,2024
7449,2024-12-10,1783,Keyboard,Accessories,890.46,1,Israel,890.46,12,2024
7450,2023-10-15,1243,Keyboard,Office,1429.32,1,Germany,1429.32,10,2023
7451,2023-09-13,1526,Headphones,Accessories,125.51,4,Canada,502.04,9,2023
7452,2022-07-15,1225,Mouse,Office,1129.92,1,UK,1129.92,7,2022
7453,2023-02-21,1464,Headphones,Electronics,1304.96,3,France,3914.88,2,2023
7454,2023-10-26,1642,USB Cable,Electronics,1480.12,4,France,5920.48,10,2023
7455,2022-05-28,1706,Laptop,Accessories,505.46,4,France,2021.84,5,2022
7456,2024-09-27,1292,USB Cable,Accessories,536.58,3,USA,1609.74,9,2024
7457,2022-12-30,1720,Monitor,Accessories,348.51,4,France,1394.04,12,2022
7458,2023-02-06,1950,Headphones,Electronics,1184.65,2,UK,2369.3,2,2023
7459,2023-08-29,1380,Headphones,Electronics,214.36,1,Israel,214.36,8,2023
7460,2022-08-17,1624,Desk Lamp,Office,405.31,2,USA,810.62,8,2022
7461,2023-06-21,1755,Desk Lamp,Accessories,446.42,3,France,1339.26,6,2023
7462,2022-09-25,1165,Webcam,Electronics,565.52,2,UK,1131.04,9,2022
7463,2024-10-31,1702,Monitor,Office,635.39,3,Germany,1906.17,10,2024
7464,2022-05-06,1768,Webcam,Accessories,840.74,2,UK,1681.48,5,2022
7465,2022-11-02,1838,Monitor,Accessories,1422.82,1,Israel,1422.82,11,2022
7466,2023-09-20,1217,USB Cable,Office,374.68,3,UK,1124.04,9,2023
7467,2023-11-20,1870,Laptop,Office,1169.93,3,UK,3509.79,11,2023
7468,2024-11-03,1274,Monitor,Office,1016.2,3,USA,3048.6,11,2024
7469,2022-10-08,1051,Keyboard,Electronics,178.5,4,Israel,714.0,10,2022
7470,2023-03-19,1373,Desk Lamp,Accessories,1216.51,1,France,1216.51,3,2023
7471,2024-04-16,1669,Headphones,Accessories,140.46,4,Israel,561.84,4,2024
7472,2023-01-24,1362,Desk Lamp,Office,1109.69,4,Germany,4438.76,1,2023
7473,2023-09-09,1566,Monitor,Electronics,1075.1,1,Canada,1075.1,9,2023
7474,2022-05-27,1013,Laptop,Office,1035.66,3,Israel,3106.98,5,2022
7475,2023-06-05,1780,Monitor,Electronics,418.66,4,USA,1674.64,6,2023
7476,2023-09-22,1339,Headphones,Accessories,862.18,4,France,3448.72,9,2023
7477,2023-03-10,1601,Mouse,Accessories,1143.56,3,Israel,3430.68,3,2023
7478,2022-05-24,1538,Monitor,Electronics,958.2,1,Canada,958.2,5,2022
7479,2022-10-16,1088,Keyboard,Accessories,1207.44,1,France,1207.44,10,2022
7480,2022-01-14,1904,Desk Lamp,Accessories,1033.38,1,USA,1033.38,1,2022
7481,2022-09-14,1040,Headphones,Office,415.3,4,UK,1661.2,9,2022
7482,2024-05-07,1303,Laptop,Electronics,233.82,1,Canada,233.82,5,2024
7483,2024-07-31,1267,USB Cable,Accessories,949.81,1,Germany,949.81,7,2024
7484,2023-04-09,1137,USB Cable,Accessories,1140.84,4,Israel,4563.36,4,2023
7485,2022-09-27,1005,Headphones,Electronics,217.77,1,France,217.77,9,2022
7486,2023-09-15,1241,Webcam,Accessories,266.36,2,Israel,532.72,9,2023
7487,2022-03-13,1161,Mouse,Electronics,23.04,1,USA,23.04,3,2022
7488,2022-03-15,1691,Laptop,Electronics,799.97,1,UK,799.97,3,2022
7489,2022-12-21,1808,Mouse,Office,815.73,3,USA,2447.19,12,2022
7490,2023-05-12,1978,USB Cable,Electronics,752.61,4,Canada,3010.44,5,2023
7491,2024-09-14,1517,Mouse,Office,477.43,3,France,1432.29,9,2024
7492,2023-08-03,1897,Keyboard,Accessories,644.58,2,Israel,1289.16,8,2023
7493,2024-06-28,1782,Desk Lamp,Electronics,1150.52,1,France,1150.52,6,2024
7494,2023-01-08,1400,USB Cable,Office,276.79,3,Canada,830.37,1,2023
7495,2022-12-28,1783,Monitor,Electronics,306.31,3,Canada,918.93,12,2022
7496,2022-04-03,1155,Keyboard,Accessories,1002.13,2,USA,2004.26,4,2022
7497,2022-11-20,1084,Keyboard,Office,1301.02,1,Israel,1301.02,11,2022
7498,2023-01-19,1711,Webcam,Office,513.89,3,France,1541.67,1,2023
7499,2023-07-29,1009,Keyboard,Office,1399.45,1,Israel,1399.45,7,2023
7500,2024-01-06,1137,Laptop,Accessories,91.23,2,Germany,182.46,1,2024
7501,2024-01-07,1753,Monitor,Office,182.19,2,USA,364.38,1,2024
7502,2022-12-12,1905,Monitor,Accessories,692.64,1,USA,692.64,12,2022
7503,2023-12-20,1712,USB Cable,Accessories,1086.61,2,Germany,2173.22,12,2023
7504,2024-02-20,1155,Laptop,Electronics,559.4,4,UK,2237.6,2,2024
7505,2024-10-16,1407,Keyboard,Accessories,834.35,3,Canada,2503.05,10,2024
7506,2023-10-26,1786,Keyboard,Office,47.71,4,France,190.84,10,2023
7507,2023-08-23,1224,Mouse,Office,695.44,4,UK,2781.76,8,2023
7508,2022-01-11,1579,USB Cable,Accessories,367.65,2,Israel,735.3,1,2022
7509,2022-07-06,1183,USB Cable,Accessories,776.97,2,France,1553.94,7,2022
7510,2023-12-27,1194,Mouse,Electronics,791.12,1,France,791.12,12,2023
7511,2024-11-04,1553,Webcam,Electronics,1130.97,4,Canada,4523.88,11,2024
7512,2024-02-17,1395,Headphones,Office,812.06,3,France,2436.18,2,2024
7513,2023-02-15,1913,Mouse,Accessories,923.33,1,Germany,923.33,2,2023
7514,2024-08-13,1662,Monitor,Office,796.82,1,USA,796.82,8,2024
7515,2023-08-08,1595,Desk Lamp,Accessories,1485.61,1,Germany,1485.61,8,2023
7516,2024-12-11,1133,Laptop,Office,1188.47,2,Germany,2376.94,12,2024
7517,2024-11-17,1308,Keyboard,Office,1134.69,2,Germany,2269.38,11,2024
7518,2023-07-31,1865,Headphones,Office,942.75,1,UK,942.75,7,2023
7519,2024-11-06,1809,Mouse,Accessories,794.91,2,Germany,1589.82,11,2024
7520,2024-09-15,1961,USB Cable,Electronics,520.41,2,USA,1040.82,9,2024
7521,2024-01-13,1541,Headphones,Electronics,1177.03,1,France,1177.03,1,2024
7522,2022-07-23,1008,Laptop,Accessories,288.47,3,UK,865.41,7,2022
7523,2024-12-12,1986,Desk Lamp,Electronics,59.64,3,Canada,178.92,12,2024
7524,2024-08-31,1169,Laptop,Office,1048.77,2,Germany,2097.54,8,2024
7525,2024-07-28,1289,USB Cable,Accessories,221.55,3,Germany,664.65,7,2024
7526,2024-12-13,1167,Headphones,Accessories,1356.22,3,France,4068.66,12,2024
7527,2024-11-20,1343,Headphones,Electronics,1157.17,2,France,2314.34,11,2024
7528,2024-12-17,1496,Webcam,Electronics,905.36,3,Canada,2716.08,12,2024
7529,2022-04-15,1144,Headphones,Office,474.32,2,UK,948.64,4,2022
7530,2022-09-10,1412,Keyboard,Accessories,958.72,4,Canada,3834.88,9,2022
7531,2022-10-22,1739,Desk Lamp,Electronics,717.9,1,Canada,717.9,10,2022
7532,2023-10-30,1817,Desk Lamp,Accessories,440.27,3,USA,1320.81,10,2023
7533,2023-07-03,1587,Desk Lamp,Office,1417.89,1,UK,1417.89,7,2023
7534,2023-09-23,1734,Monitor,Office,247.02,1,France,247.02,9,2023
7535,2024-12-26,1688,Mouse,Office,1131.31,2,USA,2262.62,12,2024
7536,2022-10-26,1456,USB Cable,Accessories,1201.06,3,Germany,3603.18,10,2022
7537,2022-04-11,1700,Mouse,Accessories,1427.93,3,Canada,4283.79,4,2022
7538,2024-12-15,1978,Desk Lamp,Accessories,826.38,4,Germany,3305.52,12,2024
7539,2022-11-28,1301,Mouse,Accessories,804.64,3,Israel,2413.92,11,2022
7540,2024-04-15,1045,Headphones,Accessories,1380.83,3,France,4142.49,4,2024
7541,2023-01-28,1893,USB Cable,Office,1202.63,2,Israel,2405.26,1,2023
7542,2024-05-23,1016,Headphones,Office,1146.64,1,UK,1146.64,5,2024
7543,2023-01-16,1577,Webcam,Office,1184.76,4,UK,4739.04,1,2023
7544,2022-04-02,1359,Headphones,Electronics,742.31,3,Canada,2226.93,4,2022
7545,2023-03-23,1260,Webcam,Office,66.92,3,USA,200.76,3,2023
7546,2022-04-19,1122,Webcam,Accessories,301.41,4,Canada,1205.64,4,2022
7547,2022-11-13,1230,Keyboard,Office,966.27,2,France,1932.54,11,2022
7548,2023-03-18,1949,Keyboard,Electronics,597.27,3,USA,1791.81,3,2023
7549,2022-08-06,1636,Keyboard,Electronics,912.12,3,USA,2736.36,8,2022
7550,2023-11-04,1111,Desk Lamp,Electronics,829.76,4,UK,3319.04,11,2023
7551,2022-10-05,1783,Keyboard,Electronics,660.8,1,UK,660.8,10,2022
7552,2024-10-05,1592,Laptop,Electronics,355.92,3,Canada,1067.76,10,2024
7553,2023-07-23,1245,Keyboard,Accessories,1079.85,3,France,3239.55,7,2023
7554,2024-10-06,1858,Keyboard,Office,1364.02,1,UK,1364.02,10,2024
7555,2024-05-24,1390,Keyboard,Accessories,1156.1,3,France,3468.3,5,2024
7556,2023-04-11,1391,Webcam,Accessories,184.46,1,Israel,184.46,4,2023
7557,2024-04-18,1327,Mouse,Electronics,809.23,2,Canada,1618.46,4,2024
7558,2024-01-24,1214,USB Cable,Office,1253.87,1,Germany,1253.87,1,2024
7559,2024-04-17,1863,Mouse,Office,888.52,1,Canada,888.52,4,2024
7560,2022-01-30,1746,Mouse,Office,662.16,3,Israel,1986.48,1,2022
7561,2022-12-25,1366,Monitor,Electronics,430.4,3,UK,1291.2,12,2022
7562,2022-03-27,1081,Laptop,Accessories,498.93,4,Germany,1995.72,3,2022
7563,2024-01-17,1805,Webcam,Office,367.02,3,Germany,1101.06,1,2024
7564,2022-11-09,1821,Headphones,Accessories,297.61,3,Canada,892.83,11,2022
7565,2022-12-31,1075,Webcam,Office,885.35,1,Canada,885.35,12,2022
7566,2024-06-23,1526,Keyboard,Office,766.53,2,USA,1533.06,6,2024
7567,2023-11-29,1731,Mouse,Office,1103.58,3,Germany,3310.74,11,2023
7568,2022-05-11,1502,Webcam,Office,465.35,1,France,465.35,5,2022
7569,2024-03-13,1741,Laptop,Electronics,693.93,4,UK,2775.72,3,2024
7570,2024-02-28,1945,Keyboard,Electronics,1022.15,4,UK,4088.6,2,2024
7571,2022-12-17,1951,Monitor,Accessories,1445.03,2,USA,2890.06,12,2022
7572,2022-06-29,1478,Headphones,Electronics,526.56,2,Canada,1053.12,6,2022
7573,2024-02-13,1371,Keyboard,Office,450.82,2,Canada,901.64,2,2024
7574,2023-05-25,1264,USB Cable,Accessories,676.69,1,USA,676.69,5,2023
7575,2022-12-31,1263,Headphones,Accessories,1087.19,3,UK,3261.57,12,2022
7576,2024-09-07,1109,Webcam,Accessories,1442.52,1,USA,1442.52,9,2024
7577,2022-12-19,1914,Keyboard,Office,807.12,4,Germany,3228.48,12,2022
7578,2024-03-10,1306,Monitor,Office,1219.6,4,Germany,4878.4,3,2024
7579,2023-02-16,1199,Webcam,Accessories,699.28,3,France,2097.84,2,2023
7580,2024-01-05,1225,Laptop,Electronics,64.59,2,Canada,129.18,1,2024
7581,2024-09-07,1184,Headphones,Office,1341.85,4,USA,5367.4,9,2024
7582,2022-04-28,1963,Headphones,Office,438.37,2,UK,876.74,4,2022
7583,2023-04-27,1030,Laptop,Electronics,212.31,1,Canada,212.31,4,2023
7584,2022-07-11,1613,Desk Lamp,Accessories,1494.26,2,Canada,2988.52,7,2022
7585,2023-08-14,1770,Desk Lamp,Electronics,524.36,1,Israel,524.36,8,2023
7586,2023-08-13,1098,USB Cable,Office,209.12,3,UK,627.36,8,2023
7587,2023-10-21,1338,Desk Lamp,Accessories,470.76,2,Canada,941.52,10,2023
7588,2022-04-17,1810,Headphones,Accessories,773.19,3,Israel,2319.57,4,2022
7589,2023-01-17,1796,Desk Lamp,Electronics,136.5,2,Israel,273.0,1,2023
7590,2024-02-22,1265,Webcam,Office,532.17,4,France,2128.68,2,2024
7591,2023-01-25,1651,Mouse,Office,1004.94,3,Israel,3014.82,1,2023
7592,2022-09-01,1813,USB Cable,Accessories,1374.32,2,Germany,2748.64,9,2022
7593,2023-08-08,1797,Laptop,Office,599.17,3,Germany,1797.51,8,2023
7594,2024-05-18,1349,Monitor,Accessories,849.02,2,Canada,1698.04,5,2024
7595,2023-04-13,1977,USB Cable,Accessories,955.91,1,France,955.91,4,2023
7596,2024-05-15,1727,Keyboard,Accessories,110.78,3,UK,332.34,5,2024
7597,2024-07-22,1543,Desk Lamp,Office,516.63,4,UK,2066.52,7,2024
7598,2023-08-27,1456,Keyboard,Electronics,1027.96,3,Canada,3083.88,8,2023
7599,2024-10-11,1814,Laptop,Accessories,1104.81,1,Canada,1104.81,10,2024
7600,2024-05-09,1087,Desk Lamp,Electronics,537.15,1,UK,537.15,5,2024
7601,2022-01-13,1062,Mouse,Electronics,15.07,4,UK,60.28,1,2022
7602,2022-10-26,1921,Webcam,Electronics,15.26,1,Germany,15.26,10,2022
7603,2024-12-10,1386,Monitor,Electronics,809.49,4,Germany,3237.96,12,2024
7604,2024-02-26,1790,Keyboard,Electronics,829.47,2,France,1658.94,2,2024
7605,2022-05-29,1458,Keyboard,Accessories,835.8,1,France,835.8,5,2022
7606,2022-05-02,1585,Webcam,Office,1084.02,2,France,2168.04,5,2022
7607,2023-06-22,1817,Mouse,Electronics,1382.3,2,UK,2764.6,6,2023
7608,2023-01-11,1931,Headphones,Office,1485.3,1,UK,1485.3,1,2023
7609,2022-03-23,1635,USB Cable,Office,1053.09,4,Germany,4212.36,3,2022
7610,2023-05-07,1268,Laptop,Accessories,773.43,4,Germany,3093.72,5,2023
7611,2022-12-22,1893,Mouse,Electronics,215.79,4,USA,863.16,12,2022
7612,2024-07-13,1796,Mouse,Office,579.34,1,USA,579.34,7,2024
7613,2024-12-03,1933,Mouse,Office,860.82,2,Canada,1721.64,12,2024
7614,2024-10-01,1972,Mouse,Electronics,1499.71,3,UK,4499.13,10,2024
7615,2022-05-03,1632,Headphones,Accessories,194.84,3,Canada,584.52,5,2022
7616,2023-12-09,1345,Webcam,Accessories,1190.65,1,Germany,1190.65,12,2023
7617,2022-11-26,1723,Monitor,Electronics,1498.42,3,UK,4495.26,11,2022
7618,2024-09-17,1900,USB Cable,Office,1208.91,2,Canada,2417.82,9,2024
7619,2022-11-19,1659,Mouse,Accessories,1151.88,3,Canada,3455.64,11,2022
7620,2024-02-09,1077,USB Cable,Accessories,391.73,4,Israel,1566.92,2,2024
7621,2023-03-09,1364,Mouse,Office,10.03,2,USA,20.06,3,2023
7622,2023-12-11,1013,Laptop,Office,342.85,1,France,342.85,12,2023
7623,2024-03-04,1135,Keyboard,Office,1185.75,1,UK,1185.75,3,2024
7624,2023-12-13,1303,Headphones,Office,165.39,4,Israel,661.56,12,2023
7625,2023-06-23,1396,Mouse,Electronics,447.7,3,France,1343.1,6,2023
7626,2023-08-24,1791,Desk Lamp,Office,845.95,1,Canada,845.95,8,2023
7627,2022-09-14,1078,Monitor,Accessories,871.82,1,Israel,871.82,9,2022
7628,2024-05-20,1754,Monitor,Office,816.77,2,Germany,1633.54,5,2024
7629,2024-06-17,1704,Monitor,Office,1471.42,2,Germany,2942.84,6,2024
7630,2024-03-19,1981,Desk Lamp,Electronics,23.37,2,Germany,46.74,3,2024
7631,2023-11-08,1417,Laptop,Electronics,733.96,2,Canada,1467.92,11,2023
7632,2022-09-28,1241,Monitor,Office,759.11,1,France,759.11,9,2022
7633,2023-07-04,1050,Webcam,Electronics,443.52,2,France,887.04,7,2023
7634,2023-07-22,1743,Laptop,Electronics,789.98,4,Germany,3159.92,7,2023
7635,2024-09-12,1770,Headphones,Electronics,1011.55,4,Canada,4046.2,9,2024
7636,2022-12-25,1383,Monitor,Electronics,1010.77,2,France,2021.54,12,2022
7637,2024-03-08,1374,Keyboard,Office,136.35,2,Germany,272.7,3,2024
7638,2024-06-05,1729,Mouse,Electronics,1204.68,3,UK,3614.04,6,2024
7639,2022-07-30,1205,Headphones,Electronics,1396.41,2,Germany,2792.82,7,2022
7640,2022-10-14,1825,Webcam,Accessories,189.8,1,Canada,189.8,10,2022
7641,2024-01-13,1488,Keyboard,Office,627.88,4,USA,2511.52,1,2024
7642,2024-11-12,1380,Headphones,Electronics,770.07,4,UK,3080.28,11,2024
7643,2022-10-23,1967,Webcam,Accessories,206.56,1,Canada,206.56,10,2022
7644,2022-01-06,1880,Monitor,Electronics,757.56,2,Germany,1515.12,1,2022
7645,2023-07-04,1310,Headphones,Office,314.25,3,USA,942.75,7,2023
7646,2023-11-12,1374,Headphones,Accessories,1403.36,4,Germany,5613.44,11,2023
7647,2024-03-05,1631,Headphones,Accessories,675.46,3,UK,2026.38,3,2024
7648,2022-07-22,1591,Laptop,Office,1492.38,4,Germany,5969.52,7,2022
7649,2022-11-21,1041,Desk Lamp,Accessories,74.53,3,France,223.59,11,2022
7650,2024-04-04,1532,Keyboard,Accessories,195.73,4,Germany,782.92,4,2024
7651,2022-09-01,1521,USB Cable,Electronics,667.6,3,UK,2002.8,9,2022
7652,2022-11-23,1824,Webcam,Accessories,1312.17,2,Israel,2624.34,11,2022
7653,2024-09-13,1152,Desk Lamp,Office,835.06,2,Germany,1670.12,9,2024
7654,2024-12-06,1311,Monitor,Electronics,1099.85,1,France,1099.85,12,2024
7655,2024-01-31,1293,Mouse,Accessories,638.23,1,UK,638.23,1,2024
7656,2024-11-02,1597,Monitor,Electronics,65.57,3,USA,196.71,11,2024
7657,2024-06-25,1112,Monitor,Office,973.48,3,Israel,2920.44,6,2024
7658,2022-12-31,1700,Laptop,Accessories,952.83,4,Canada,3811.32,12,2022
7659,2022-03-14,1111,Laptop,Office,111.78,1,Germany,111.78,3,2022
7660,2024-12-05,1174,Headphones,Office,260.47,1,UK,260.47,12,2024
7661,2022-10-01,1821,Desk Lamp,Accessories,716.85,4,France,2867.4,10,2022
7662,2022-07-27,1301,Monitor,Accessories,672.72,3,France,2018.16,7,2022
7663,2022-05-04,1963,Keyboard,Electronics,1129.86,1,UK,1129.86,5,2022
7664,2024-10-30,1515,Laptop,Office,584.18,3,France,1752.54,10,2024
7665,2023-06-27,1733,Webcam,Accessories,996.63,2,Canada,1993.26,6,2023
7666,2022-03-01,1961,Desk Lamp,Office,1058.11,3,Israel,3174.33,3,2022
7667,2024-06-17,1220,Laptop,Accessories,969.28,2,USA,1938.56,6,2024
7668,2024-06-04,1170,Keyboard,Office,896.21,2,France,1792.42,6,2024
7669,2024-02-21,1317,Laptop,Electronics,1209.5,4,France,4838.0,2,2024
7670,2023-03-18,1995,USB Cable,Office,987.37,4,USA,3949.48,3,2023
7671,2024-06-29,1212,Keyboard,Accessories,1252.11,2,Israel,2504.22,6,2024
7672,2024-10-22,1252,Desk Lamp,Electronics,956.84,4,Israel,3827.36,10,2024
7673,2024-04-11,1123,USB Cable,Electronics,242.66,1,Israel,242.66,4,2024
7674,2024-10-04,1639,USB Cable,Accessories,467.62,1,Canada,467.62,10,2024
7675,2023-09-18,1212,Mouse,Electronics,498.88,3,France,1496.64,9,2023
7676,2024-09-24,1623,Keyboard,Office,145.4,2,France,290.8,9,2024
7677,2024-01-04,1084,Mouse,Office,1040.0,3,Israel,3120.0,1,2024
7678,2022-04-01,1515,Webcam,Accessories,894.69,2,France,1789.38,4,2022
7679,2022-06-16,1064,Headphones,Office,886.68,2,Germany,1773.36,6,2022
7680,2024-08-16,1317,Headphones,Accessories,720.38,3,France,2161.14,8,2024
7681,2022-07-26,1345,Desk Lamp,Electronics,816.97,3,Canada,2450.91,7,2022
7682,2024-12-24,1631,Desk Lamp,Office,17.09,3,Israel,51.27,12,2024
7683,2023-05-31,1242,Desk Lamp,Accessories,148.89,3,UK,446.67,5,2023
7684,2024-01-17,1897,USB Cable,Office,1026.61,1,Israel,1026.61,1,2024
7685,2022-11-02,1136,Laptop,Electronics,395.89,2,UK,791.78,11,2022
7686,2023-01-30,1246,Keyboard,Electronics,166.33,4,France,665.32,1,2023
7687,2022-07-06,1440,Laptop,Office,496.34,2,France,992.68,7,2022
7688,2023-09-15,1044,Keyboard,Electronics,385.45,1,Canada,385.45,9,2023
7689,2023-12-31,1657,Desk Lamp,Accessories,48.91,2,UK,97.82,12,2023
7690,2022-08-28,1879,Laptop,Office,618.78,1,Israel,618.78,8,2022
7691,2023-06-17,1687,Headphones,Office,45.41,2,USA,90.82,6,2023
7692,2022-05-21,1553,Webcam,Electronics,5.58,1,USA,5.58,5,2022
7693,2022-05-19,1808,Headphones,Accessories,1189.75,4,Israel,4759.0,5,2022
7694,2023-04-04,1970,Laptop,Office,475.88,4,France,1903.52,4,2023
7695,2022-03-11,1088,Keyboard,Office,853.54,4,UK,3414.16,3,2022
7696,2023-01-20,1729,Monitor,Electronics,450.14,4,UK,1800.56,1,2023
7697,2023-09-22,1953,Webcam,Electronics,1395.39,1,Israel,1395.39,9,2023
7698,2022-07-17,1227,Keyboard,Accessories,1095.13,2,Israel,2190.26,7,2022
7699,2022-07-24,1809,Laptop,Accessories,556.91,4,Germany,2227.64,7,2022
7700,2023-07-22,1290,Keyboard,Electronics,319.89,4,Canada,1279.56,7,2023
7701,2024-09-08,1421,Desk Lamp,Accessories,211.02,2,UK,422.04,9,2024
7702,2024-03-15,1066,Mouse,Electronics,1144.82,2,Canada,2289.64,3,2024
7703,2024-05-08,1250,Keyboard,Office,682.29,3,Germany,2046.87,5,2024
7704,2024-05-31,1040,Headphones,Electronics,351.79,2,France,703.58,5,2024
7705,2024-08-31,1098,USB Cable,Electronics,1379.84,2,UK,2759.68,8,2024
7706,2023-10-02,1305,Headphones,Electronics,588.19,2,Canada,1176.38,10,2023
7707,2022-11-21,1871,Mouse,Office,817.52,3,Israel,2452.56,11,2022
7708,2023-03-18,1853,Webcam,Accessories,1287.41,2,Israel,2574.82,3,2023
7709,2024-03-14,1455,Keyboard,Accessories,1250.9,1,France,1250.9,3,2024
7710,2022-10-15,1590,Webcam,Accessories,958.74,4,Canada,3834.96,10,2022
7711,2022-08-14,1300,Monitor,Electronics,1333.49,1,Canada,1333.49,8,2022
7712,2024-12-23,1198,Keyboard,Electronics,1428.39,3,USA,4285.17,12,2024
7713,2024-08-24,1658,Headphones,Accessories,1403.0,3,Germany,4209.0,8,2024
7714,2024-07-26,1487,USB Cable,Office,526.77,3,Israel,1580.31,7,2024
7715,2023-07-14,1105,Headphones,Office,598.77,3,Canada,1796.31,7,2023
7716,2023-12-15,1400,Webcam,Office,364.55,3,UK,1093.65,12,2023
7717,2023-05-13,1704,Laptop,Office,1256.06,4,Canada,5024.24,5,2023
7718,2024-04-28,1476,Headphones,Electronics,187.13,2,UK,374.26,4,2024
7719,2024-07-14,1121,Laptop,Accessories,535.85,1,UK,535.85,7,2024
7720,2022-03-01,1076,Headphones,Office,19.55,1,France,19.55,3,2022
7721,2022-09-14,1311,Desk Lamp,Electronics,894.0,2,USA,1788.0,9,2022
7722,2023-07-31,1111,Headphones,Electronics,989.28,3,Germany,2967.84,7,2023
7723,2022-08-27,1860,USB Cable,Electronics,377.24,2,UK,754.48,8,2022
7724,2022-02-07,1808,Monitor,Accessories,1106.41,3,UK,3319.23,2,2022
7725,2022-01-25,1681,Laptop,Electronics,575.4,4,Israel,2301.6,1,2022
7726,2023-02-14,1517,Laptop,Accessories,471.01,1,USA,471.01,2,2023
7727,2023-04-06,1196,Headphones,Accessories,1434.47,1,Israel,1434.47,4,2023
7728,2024-09-14,1097,Desk Lamp,Accessories,885.1,4,France,3540.4,9,2024
7729,2022-12-23,1458,Laptop,Accessories,382.22,4,France,1528.88,12,2022
7730,2023-01-18,1840,Headphones,Electronics,1474.95,3,Germany,4424.85,1,2023
7731,2023-07-23,1229,Headphones,Electronics,584.39,2,France,1168.78,7,2023
7732,2024-12-07,1167,Webcam,Electronics,973.51,3,Germany,2920.53,12,2024
7733,2023-03-09,1808,Keyboard,Office,1087.16,3,Israel,3261.48,3,2023
7734,2022-02-25,1776,Laptop,Office,636.33,1,UK,636.33,2,2022
7735,2023-07-31,1007,USB Cable,Accessories,806.2,3,UK,2418.6,7,2023
7736,2022-09-25,1171,Mouse,Accessories,363.47,2,USA,726.94,9,2022
7737,2022-03-10,1953,Webcam,Accessories,701.4,3,France,2104.2,3,2022
7738,2024-06-20,1359,Laptop,Accessories,469.65,1,USA,469.65,6,2024
7739,2024-03-03,1194,USB Cable,Accessories,823.45,2,USA,1646.9,3,2024
7740,2022-09-14,1268,Desk Lamp,Office,1006.49,2,UK,2012.98,9,2022
7741,2023-11-03,1018,Laptop,Accessories,922.94,1,France,922.94,11,2023
7742,2023-05-05,1353,Monitor,Electronics,1166.19,1,UK,1166.19,5,2023
7743,2024-01-16,1863,Mouse,Accessories,67.09,3,Canada,201.27,1,2024
7744,2022-02-18,1048,Mouse,Electronics,122.5,1,USA,122.5,2,2022
7745,2022-11-12,1463,USB Cable,Electronics,311.94,4,France,1247.76,11,2022
7746,2023-02-17,1355,Monitor,Electronics,1478.77,1,Canada,1478.77,2,2023
7747,2023-03-10,1849,Monitor,Electronics,1201.4,4,Canada,4805.6,3,2023
7748,2024-10-22,1973,Laptop,Accessories,1386.56,1,Canada,1386.56,10,2024
7749,2023-02-24,1157,Keyboard,Accessories,411.78,4,UK,1647.12,2,2023
7750,2024-04-23,1065,USB Cable,Accessories,862.92,4,Germany,3451.68,4,2024
7751,2024-07-04,1972,Monitor,Accessories,834.55,1,Canada,834.55,7,2024
7752,2023-03-10,1858,Mouse,Accessories,856.43,2,Germany,1712.86,3,2023
7753,2023-10-05,1570,USB Cable,Office,1077.76,2,Israel,2155.52,10,2023
7754,2022-02-26,1820,Mouse,Electronics,594.0,4,Israel,2376.0,2,2022
7755,2024-08-21,1307,Laptop,Electronics,1017.43,2,France,2034.86,8,2024
7756,2024-09-03,1336,USB Cable,Office,1183.71,1,Israel,1183.71,9,2024
7757,2022-02-15,1670,Keyboard,Office,437.16,4,France,1748.64,2,2022
7758,2023-02-21,1782,Headphones,Accessories,1418.89,3,USA,4256.67,2,2023
7759,2024-04-27,1120,USB Cable,Accessories,779.48,4,Germany,3117.92,4,2024
7760,2022-05-19,1765,Monitor,Electronics,1100.48,3,France,3301.44,5,2022
7761,2022-09-04,1403,Monitor,Accessories,1094.74,3,USA,3284.22,9,2022
7762,2022-08-18,1772,Laptop,Electronics,850.04,4,Germany,3400.16,8,2022
7763,2024-03-02,1646,Webcam,Accessories,487.41,3,UK,1462.23,3,2024
7764,2023-09-29,1785,Webcam,Accessories,1002.07,2,USA,2004.14,9,2023
7765,2023-01-09,1567,Keyboard,Electronics,135.49,3,UK,406.47,1,2023
7766,2024-01-08,1842,Mouse,Office,1472.25,2,Israel,2944.5,1,2024
7767,2024-12-24,1095,Mouse,Office,280.08,4,France,1120.32,12,2024
7768,2022-03-29,1113,Headphones,Accessories,416.76,3,Germany,1250.28,3,2022
7769,2023-12-14,1986,Mouse,Office,1431.89,3,Israel,4295.67,12,2023
7770,2023-08-24,1985,Webcam,Accessories,283.88,2,USA,567.76,8,2023
7771,2023-06-23,1868,Webcam,Office,259.29,2,Israel,518.58,6,2023
7772,2022-08-02,1428,Desk Lamp,Office,1207.78,4,UK,4831.12,8,2022
7773,2022-03-15,1539,Monitor,Electronics,380.68,4,UK,1522.72,3,2022
7774,2022-03-02,1817,Headphones,Office,146.62,3,Canada,439.86,3,2022
7775,2023-11-29,1001,Keyboard,Accessories,343.83,1,France,343.83,11,2023
7776,2022-01-12,1211,Headphones,Electronics,1333.12,3,Israel,3999.36,1,2022
7777,2024-03-24,1579,USB Cable,Office,424.08,3,Canada,1272.24,3,2024
7778,2022-02-01,1639,Keyboard,Electronics,1044.12,4,Germany,4176.48,2,2022
7779,2024-09-27,1332,Webcam,Office,595.73,4,UK,2382.92,9,2024
7780,2022-08-25,1023,Mouse,Accessories,396.87,3,USA,1190.61,8,2022
7781,2023-07-12,1764,Laptop,Accessories,220.35,2,Israel,440.7,7,2023
7782,2023-10-09,1367,Headphones,Electronics,1458.43,4,Germany,5833.72,10,2023
7783,2024-09-13,1741,Headphones,Office,784.07,3,Germany,2352.21,9,2024
7784,2024-03-30,1505,Monitor,Office,176.56,1,Germany,176.56,3,2024
7785,2023-04-18,1999,Desk Lamp,Electronics,302.23,3,Germany,906.69,4,2023
7786,2022-04-22,1175,Desk Lamp,Electronics,613.91,1,Canada,613.91,4,2022
7787,2023-01-18,1428,Desk Lamp,Accessories,818.53,1,UK,818.53,1,2023
7788,2022-01-17,1886,Monitor,Electronics,276.79,1,France,276.79,1,2022
7789,2023-05-08,1732,Webcam,Office,420.2,3,Israel,1260.6,5,2023
7790,2024-07-14,1441,Keyboard,Electronics,1176.64,4,UK,4706.56,7,2024
7791,2022-04-27,1547,Desk Lamp,Accessories,629.13,2,France,1258.26,4,2022
7792,2024-05-29,1513,Laptop,Electronics,7.1,2,Germany,14.2,5,2024
7793,2022-04-25,1894,USB Cable,Office,85.64,3,USA,256.92,4,2022
7794,2024-03-24,1360,Monitor,Electronics,661.8,3,Germany,1985.4,3,2024
7795,2023-10-06,1273,Monitor,Electronics,94.88,1,France,94.88,10,2023
7796,2022-12-02,1176,Mouse,Electronics,264.99,4,France,1059.96,12,2022
7797,2024-07-10,1263,Mouse,Accessories,1093.18,3,USA,3279.54,7,2024
7798,2022-05-27,1185,Webcam,Accessories,723.17,2,Canada,1446.34,5,2022
7799,2022-05-02,1526,Desk Lamp,Accessories,726.28,3,UK,2178.84,5,2022
7800,2022-03-22,1912,Webcam,Accessories,899.34,4,Canada,3597.36,3,2022
7801,2023-11-16,1278,Monitor,Office,1183.84,4,USA,4735.36,11,2023
7802,2023-10-24,1705,Keyboard,Office,242.09,3,Germany,726.27,10,2023
7803,2023-01-10,1197,USB Cable,Accessories,263.71,3,Israel,791.13,1,2023
7804,2022-03-04,1348,Desk Lamp,Accessories,186.5,4,UK,746.0,3,2022
7805,2023-05-19,1922,Laptop,Accessories,1405.56,4,Israel,5622.24,5,2023
7806,2023-10-30,1420,Monitor,Electronics,868.05,1,Israel,868.05,10,2023
7807,2023-03-25,1304,Keyboard,Office,143.5,3,UK,430.5,3,2023
7808,2024-05-17,1063,Keyboard,Electronics,334.87,3,Germany,1004.61,5,2024
7809,2023-11-11,1289,Desk Lamp,Accessories,1089.76,3,Canada,3269.28,11,2023
7810,2023-04-06,1017,Monitor,Office,48.34,2,France,96.68,4,2023
7811,2023-04-04,1063,Desk Lamp,Accessories,1089.86,1,Germany,1089.86,4,2023
7812,2023-04-09,1873,Keyboard,Electronics,1367.64,4,Canada,5470.56,4,2023
7813,2024-06-30,1329,Headphones,Office,89.29,1,France,89.29,6,2024
7814,2023-01-14,1869,Desk Lamp,Electronics,283.7,2,France,567.4,1,2023
7815,2024-10-22,1762,Keyboard,Office,8.56,1,UK,8.56,10,2024
7816,2022-12-30,1939,Monitor,Accessories,168.0,2,UK,336.0,12,2022
7817,2022-03-13,1016,Keyboard,Office,927.4,1,USA,927.4,3,2022
7818,2023-09-30,1442,Desk Lamp,Electronics,72.0,1,Canada,72.0,9,2023
7819,2022-12-03,1140,USB Cable,Electronics,641.62,1,Israel,641.62,12,2022
7820,2022-07-14,1307,Monitor,Electronics,757.59,3,Israel,2272.77,7,2022
7821,2024-10-08,1443,Mouse,Electronics,1360.41,4,Israel,5441.64,10,2024
7822,2023-10-15,1495,Monitor,Accessories,714.06,1,Israel,714.06,10,2023
7823,2022-01-07,1425,Keyboard,Electronics,218.11,3,USA,654.33,1,2022
7824,2024-06-23,1474,Monitor,Accessories,437.49,3,France,1312.47,6,2024
7825,2024-09-05,1831,Laptop,Office,1009.93,3,USA,3029.79,9,2024
7826,2023-07-20,1244,Monitor,Electronics,172.61,2,Canada,345.22,7,2023
7827,2023-09-08,1449,Monitor,Office,351.46,1,UK,351.46,9,2023
7828,2023-07-27,1801,Desk Lamp,Office,1493.69,4,Germany,5974.76,7,2023
7829,2023-08-22,1350,Laptop,Accessories,13.27,1,France,13.27,8,2023
7830,2024-02-09,1598,Laptop,Electronics,232.51,1,France,232.51,2,2024
7831,2022-08-30,1710,Laptop,Accessories,1266.31,4,USA,5065.24,8,2022
7832,2024-02-05,1869,Webcam,Electronics,156.57,3,UK,469.71,2,2024
7833,2023-01-19,1959,Headphones,Office,55.29,1,UK,55.29,1,2023
7834,2023-01-26,1160,Webcam,Accessories,186.36,3,Canada,559.08,1,2023
7835,2024-06-14,1139,Monitor,Electronics,1041.93,3,France,3125.79,6,2024
7836,2023-11-19,1492,Webcam,Office,1489.7,3,USA,4469.1,11,2023
7837,2022-02-16,1587,Desk Lamp,Accessories,888.0,4,Israel,3552.0,2,2022
7838,2023-09-11,1530,Webcam,Accessories,190.85,3,France,572.55,9,2023
7839,2023-04-09,1392,Laptop,Accessories,279.75,1,Israel,279.75,4,2023
7840,2022-05-03,1841,Laptop,Accessories,808.83,3,Germany,2426.49,5,2022
7841,2022-05-14,1400,Mouse,Office,1074.91,2,UK,2149.82,5,2022
7842,2024-04-20,1049,Webcam,Office,996.05,2,France,1992.1,4,2024
7843,2024-04-28,1743,Headphones,Office,864.22,2,Germany,1728.44,4,2024
7844,2023-08-30,1294,Desk Lamp,Office,1479.47,3,Israel,4438.41,8,2023
7845,2022-01-23,1424,Desk Lamp,Electronics,301.06,1,France,301.06,1,2022
7846,2023-07-20,1905,Desk Lamp,Office,263.49,1,Germany,263.49,7,2023
7847,2024-02-05,1011,Monitor,Accessories,1289.3,3,France,3867.9,2,2024
7848,2024-08-22,1334,USB Cable,Accessories,439.78,3,Germany,1319.34,8,2024
7849,2022-08-23,1990,Desk Lamp,Accessories,502.13,4,Germany,2008.52,8,2022
7850,2024-09-22,1014,USB Cable,Accessories,825.26,3,Israel,2475.78,9,2024
7851,2024-12-18,1027,Keyboard,Electronics,575.01,2,UK,1150.02,12,2024
7852,2024-04-05,1387,Headphones,Accessories,435.02,4,USA,1740.08,4,2024
7853,2022-08-04,1291,Headphones,Accessories,1376.18,4,Germany,5504.72,8,2022
7854,2023-10-19,1886,Mouse,Accessories,198.26,3,UK,594.78,10,2023
7855,2024-07-23,1832,Monitor,Office,609.41,3,Canada,1828.23,7,2024
7856,2022-11-07,1249,Monitor,Office,9.44,4,USA,37.76,11,2022
7857,2023-07-11,1504,Laptop,Electronics,1212.14,4,Israel,4848.56,7,2023
7858,2024-08-29,1097,Laptop,Electronics,256.79,4,France,1027.16,8,2024
7859,2022-09-14,1814,Headphones,Electronics,1160.62,4,UK,4642.48,9,2022
7860,2023-06-17,1336,Mouse,Accessories,227.16,4,France,908.64,6,2023
7861,2022-02-21,1038,Monitor,Electronics,628.02,1,France,628.02,2,2022
7862,2024-12-26,1037,Mouse,Office,1093.64,4,USA,4374.56,12,2024
7863,2022-10-27,1299,Keyboard,Office,409.86,4,Canada,1639.44,10,2022
7864,2023-11-03,1178,USB Cable,Office,474.31,1,UK,474.31,11,2023
7865,2024-02-17,1608,Monitor,Accessories,1002.65,2,Germany,2005.3,2,2024
7866,2024-04-11,1891,Laptop,Accessories,285.61,2,Canada,571.22,4,2024
7867,2022-08-20,1468,Headphones,Electronics,1427.92,2,USA,2855.84,8,2022
7868,2024-09-01,1281,Mouse,Electronics,287.24,2,UK,574.48,9,2024
7869,2024-12-27,1749,USB Cable,Electronics,1126.24,3,Germany,3378.72,12,2024
7870,2022-01-28,1163,USB Cable,Electronics,1204.89,3,France,3614.67,1,2022
7871,2024-12-10,1452,Desk Lamp,Accessories,564.68,4,Israel,2258.72,12,2024
7872,2023-08-14,1096,USB Cable,Office,238.58,4,Israel,954.32,8,2023
7873,2024-02-24,1768,Laptop,Accessories,253.03,2,USA,506.06,2,2024
7874,2023-09-12,1308,Headphones,Electronics,1478.25,2,Canada,2956.5,9,2023
7875,2023-08-09,1261,Laptop,Accessories,1089.49,1,Germany,1089.49,8,2023
7876,2024-09-28,1292,Monitor,Office,677.82,1,Germany,677.82,9,2024
7877,2022-07-03,1769,Mouse,Accessories,389.74,1,Israel,389.74,7,2022
7878,2024-11-12,1248,Keyboard,Office,33.27,2,Germany,66.54,11,2024
7879,2022-05-09,1244,Desk Lamp,Electronics,1007.34,1,UK,1007.34,5,2022
7880,2022-10-18,1250,Webcam,Accessories,1435.59,4,UK,5742.36,10,2022
7881,2023-05-16,1122,Desk Lamp,Electronics,164.73,2,Israel,329.46,5,2023
7882,2022-07-05,1324,USB Cable,Electronics,1132.96,3,France,3398.88,7,2022
7883,2023-04-24,1985,Laptop,Office,234.09,2,France,468.18,4,2023
7884,2023-05-07,1680,Webcam,Office,1189.2,3,France,3567.6,5,2023
7885,2023-05-28,1946,Mouse,Electronics,559.01,3,Israel,1677.03,5,2023
7886,2024-12-26,1500,Monitor,Office,1069.53,2,USA,2139.06,12,2024
7887,2023-04-12,1686,Desk Lamp,Office,1389.79,1,Germany,1389.79,4,2023
7888,2022-10-12,1780,Laptop,Electronics,932.11,4,UK,3728.44,10,2022
7889,2023-08-24,1715,Monitor,Electronics,1381.45,2,Canada,2762.9,8,2023
7890,2022-07-08,1836,Keyboard,Office,356.36,1,UK,356.36,7,2022
7891,2024-09-15,1065,USB Cable,Electronics,1467.31,3,Canada,4401.93,9,2024
7892,2024-06-08,1826,Keyboard,Electronics,1309.91,3,USA,3929.73,6,2024
7893,2023-01-23,1835,USB Cable,Office,165.82,3,Germany,497.46,1,2023
7894,2022-08-29,1058,Headphones,Accessories,623.24,3,France,1869.72,8,2022
7895,2023-02-21,1730,Headphones,Accessories,1390.91,2,Canada,2781.82,2,2023
7896,2022-06-25,1497,Headphones,Electronics,121.78,4,UK,487.12,6,2022
7897,2023-01-22,1372,Monitor,Office,683.38,3,France,2050.14,1,2023
7898,2024-05-02,1265,Headphones,Electronics,1086.77,1,France,1086.77,5,2024
7899,2023-10-25,1652,Mouse,Office,55.0,1,Israel,55.0,10,2023
7900,2023-03-28,1235,Webcam,Electronics,1130.48,4,Israel,4521.92,3,2023
7901,2022-10-04,1897,Webcam,Electronics,545.0,4,Germany,2180.0,10,2022
7902,2022-08-01,1217,Monitor,Office,377.81,4,UK,1511.24,8,2022
7903,2022-02-10,1526,Monitor,Electronics,866.08,3,Israel,2598.24,2,2022
7904,2022-10-21,1813,Headphones,Accessories,818.78,2,Germany,1637.56,10,2022
7905,2023-08-23,1440,USB Cable,Accessories,1311.54,3,USA,3934.62,8,2023
7906,2023-06-25,1649,Webcam,Office,1015.62,3,France,3046.86,6,2023
7907,2023-03-27,1405,Desk Lamp,Electronics,635.69,1,UK,635.69,3,2023
7908,2024-12-20,1743,Webcam,Accessories,976.96,2,UK,1953.92,12,2024
7909,2024-02-29,1600,Headphones,Office,1126.47,2,Germany,2252.94,2,2024
7910,2022-11-30,1974,Monitor,Office,1406.31,1,Israel,1406.31,11,2022
7911,2024-06-09,1588,Keyboard,Office,1057.87,1,France,1057.87,6,2024
7912,2022-02-13,1647,USB Cable,Accessories,818.09,1,France,818.09,2,2022
7913,2022-05-24,1916,Desk Lamp,Accessories,562.61,4,UK,2250.44,5,2022
7914,2022-11-29,1468,Keyboard,Accessories,1337.77,2,UK,2675.54,11,2022
7915,2024-09-24,1917,Headphones,Accessories,1189.82,1,France,1189.82,9,2024
7916,2022-02-24,1109,Keyboard,Electronics,120.39,1,USA,120.39,2,2022
7917,2024-05-19,1352,Mouse,Accessories,1050.81,1,Germany,1050.81,5,2024
7918,2024-03-07,1812,Mouse,Office,810.43,3,USA,2431.29,3,2024
7919,2022-11-21,1090,Mouse,Electronics,159.95,2,Israel,319.9,11,2022
7920,2022-03-21,1935,Monitor,Accessories,849.62,2,USA,1699.24,3,2022
7921,2024-11-20,1881,Monitor,Electronics,292.8,4,USA,1171.2,11,2024
7922,2024-09-11,1917,Monitor,Office,1063.68,3,Israel,3191.04,9,2024
7923,2023-07-12,1413,Monitor,Accessories,421.3,2,Canada,842.6,7,2023
7924,2024-05-14,1701,Monitor,Electronics,229.76,4,Canada,919.04,5,2024
7925,2023-12-18,1072,Headphones,Accessories,127.55,4,Germany,510.2,12,2023
7926,2023-04-17,1684,Desk Lamp,Electronics,738.75,1,France,738.75,4,2023
7927,2022-03-15,1546,Keyboard,Electronics,303.45,4,USA,1213.8,3,2022
7928,2023-08-12,1721,Headphones,Office,1283.42,4,Germany,5133.68,8,2023
7929,2023-07-18,1297,Desk Lamp,Office,9.49,3,Israel,28.47,7,2023
7930,2023-04-12,1644,Keyboard,Accessories,1266.24,1,Canada,1266.24,4,2023
7931,2023-08-22,1282,Headphones,Accessories,784.03,1,Germany,784.03,8,2023
7932,2024-09-18,1504,Mouse,Electronics,1383.61,1,Canada,1383.61,9,2024
7933,2024-01-07,1197,Laptop,Office,310.89,4,USA,1243.56,1,2024
7934,2024-09-20,1957,Monitor,Office,157.9,1,France,157.9,9,2024
7935,2022-09-05,1031,Laptop,Electronics,939.31,2,Israel,1878.62,9,2022
7936,2022-03-08,1647,Laptop,Office,1061.56,3,Israel,3184.68,3,2022
7937,2023-07-27,1759,Mouse,Office,562.01,3,USA,1686.03,7,2023
7938,2023-12-04,1870,Laptop,Electronics,25.45,4,Canada,101.8,12,2023
7939,2023-04-15,1340,Laptop,Accessories,613.41,1,Germany,613.41,4,2023
7940,2023-05-08,1657,Mouse,Accessories,354.51,3,France,1063.53,5,2023
7941,2023-10-25,1333,Desk Lamp,Accessories,524.47,4,Israel,2097.88,10,2023
7942,2022-10-13,1142,Keyboard,Electronics,762.6,4,USA,3050.4,10,2022
7943,2022-11-08,1745,Headphones,Accessories,1055.0,3,USA,3165.0,11,2022
7944,2022-11-05,1409,Webcam,Electronics,1445.02,1,UK,1445.02,11,2022
7945,2024-02-14,1948,Laptop,Electronics,220.28,1,Canada,220.28,2,2024
7946,2024-08-22,1043,Desk Lamp,Office,1021.45,2,UK,2042.9,8,2024
7947,2023-04-01,1031,Monitor,Office,353.65,2,Germany,707.3,4,2023
7948,2022-05-12,1742,Mouse,Accessories,334.95,1,USA,334.95,5,2022
7949,2024-07-18,1027,USB Cable,Electronics,952.16,2,Canada,1904.32,7,2024
7950,2024-08-22,1422,USB Cable,Accessories,1165.12,2,Germany,2330.24,8,2024
7951,2024-07-17,1490,Laptop,Accessories,1466.79,3,Germany,4400.37,7,2024
7952,2022-05-01,1159,Webcam,Office,1154.4,1,France,1154.4,5,2022
7953,2023-09-26,1844,Keyboard,Accessories,240.19,3,UK,720.57,9,2023
7954,2024-06-15,1206,Desk Lamp,Accessories,341.98,3,Germany,1025.94,6,2024
7955,2024-02-11,1017,Keyboard,Office,1143.28,4,France,4573.12,2,2024
7956,2024-11-28,1102,Webcam,Accessories,792.85,1,France,792.85,11,2024
7957,2023-07-20,1581,Monitor,Accessories,446.63,3,Canada,1339.89,7,2023
7958,2023-05-27,1630,Laptop,Electronics,710.32,2,UK,1420.64,5,2023
7959,2022-10-16,1650,Monitor,Accessories,1372.76,4,UK,5491.04,10,2022
7960,2022-07-19,1671,Keyboard,Office,1134.62,2,USA,2269.24,7,2022
7961,2023-06-12,1231,USB Cable,Office,678.79,4,Germany,2715.16,6,2023
7962,2024-07-05,1659,Keyboard,Electronics,1470.93,2,France,2941.86,7,2024
7963,2024-12-21,1864,Headphones,Office,1193.34,2,USA,2386.68,12,2024
7964,2024-03-09,1423,Keyboard,Office,13.78,2,Canada,27.56,3,2024
7965,2024-12-01,1903,Mouse,Office,172.99,3,Germany,518.97,12,2024
7966,2022-01-12,1754,Headphones,Accessories,833.18,1,Germany,833.18,1,2022
7967,2024-04-12,1546,Monitor,Electronics,528.18,4,USA,2112.72,4,2024
7968,2024-04-20,1836,Keyboard,Electronics,1219.78,3,France,3659.34,4,2024
7969,2023-10-05,1893,Webcam,Electronics,1344.05,4,USA,5376.2,10,2023
7970,2022-04-16,1866,Mouse,Electronics,364.77,3,Germany,1094.31,4,2022
7971,2023-11-22,1238,Headphones,Office,1146.11,4,USA,4584.44,11,2023
7972,2023-06-12,1333,Mouse,Accessories,805.42,4,USA,3221.68,6,2023
7973,2024-04-25,1148,Headphones,Office,590.99,2,Canada,1181.98,4,2024
7974,2024-06-11,1622,Headphones,Office,1181.24,4,Germany,4724.96,6,2024
7975,2023-01-22,1407,Headphones,Office,849.56,4,UK,3398.24,1,2023
7976,2023-04-26,1016,Desk Lamp,Office,954.75,2,Canada,1909.5,4,2023
7977,2023-02-12,1913,Desk Lamp,Electronics,98.07,3,France,294.21,2,2023
7978,2024-06-16,1225,Webcam,Electronics,880.89,3,Germany,2642.67,6,2024
7979,2023-12-12,1651,Monitor,Accessories,454.56,1,Canada,454.56,12,2023
7980,2023-10-01,1655,Headphones,Office,742.47,1,Canada,742.47,10,2023
7981,2024-11-10,1259,Headphones,Electronics,336.91,1,UK,336.91,11,2024
7982,2024-03-25,1728,Desk Lamp,Accessories,923.64,1,USA,923.64,3,2024
7983,2024-07-06,1673,Mouse,Office,225.47,4,UK,901.88,7,2024
7984,2022-07-22,1603,Headphones,Office,188.74,4,Germany,754.96,7,2022
7985,2023-02-21,1173,Monitor,Electronics,286.68,1,Canada,286.68,2,2023
7986,2023-02-20,1842,USB Cable,Office,1227.11,2,Canada,2454.22,2,2023
7987,2022-03-26,1204,Webcam,Office,55.13,1,Germany,55.13,3,2022
7988,2022-06-16,1414,Webcam,Electronics,1095.72,3,USA,3287.16,6,2022
7989,2023-01-19,1507,Mouse,Accessories,89.48,4,Canada,357.92,1,2023
7990,2023-04-13,1152,USB Cable,Accessories,889.83,2,Germany,1779.66,4,2023
7991,2024-12-31,1102,Headphones,Electronics,1161.47,3,Israel,3484.41,12,2024
7992,2024-03-20,1713,Mouse,Electronics,350.45,2,UK,700.9,3,2024
7993,2024-09-23,1791,Desk Lamp,Accessories,297.94,2,Israel,595.88,9,2024
7994,2023-04-18,1064,Webcam,Accessories,437.32,1,Israel,437.32,4,2023
7995,2024-09-19,1116,Monitor,Electronics,1050.92,3,UK,3152.76,9,2024
7996,2022-10-02,1664,Mouse,Electronics,385.97,1,Germany,385.97,10,2022
7997,2024-11-09,1155,Monitor,Electronics,755.15,3,UK,2265.45,11,2024
7998,2023-05-05,1675,Desk Lamp,Office,206.03,4,USA,824.12,5,2023
7999,2022-11-22,1081,Desk Lamp,Electronics,694.49,3,Israel,2083.47,11,2022
8000,2023-06-13,1517,USB Cable,Office,938.97,4,Canada,3755.88,6,2023
8001,2024-06-10,1833,USB Cable,Accessories,112.37,4,Israel,449.48,6,2024
8002,2022-03-30,1066,Keyboard,Accessories,1224.06,1,Germany,1224.06,3,2022
8003,2023-05-01,1237,Headphones,Electronics,1406.47,4,UK,5625.88,5,2023
8004,2023-12-09,1583,Monitor,Electronics,294.35,1,Canada,294.35,12,2023
8005,2022-12-16,1606,Headphones,Accessories,1140.35,2,France,2280.7,12,2022
8006,2023-01-22,1815,USB Cable,Accessories,473.63,2,Canada,947.26,1,2023
8007,2022-03-28,1978,Monitor,Accessories,1016.7,2,Germany,2033.4,3,2022
8008,2022-11-03,1325,Laptop,Accessories,463.48,3,Germany,1390.44,11,2022
8009,2023-03-16,1589,USB Cable,Electronics,1294.2,4,Germany,5176.8,3,2023
8010,2024-01-10,1066,Laptop,Office,523.93,1,UK,523.93,1,2024
8011,2022-09-21,1175,Laptop,Accessories,1274.0,2,Germany,2548.0,9,2022
8012,2024-09-03,1832,USB Cable,Accessories,1150.38,1,USA,1150.38,9,2024
8013,2024-01-05,1683,Monitor,Office,298.5,2,USA,597.0,1,2024
8014,2023-02-25,1477,Webcam,Electronics,239.64,4,Israel,958.56,2,2023
8015,2023-05-08,1254,Webcam,Office,1170.59,2,Israel,2341.18,5,2023
8016,2023-09-25,1062,Headphones,Electronics,588.5,1,UK,588.5,9,2023
8017,2024-09-19,1813,Laptop,Electronics,1424.34,2,France,2848.68,9,2024
8018,2023-02-15,1402,Headphones,Electronics,1414.71,1,Israel,1414.71,2,2023
8019,2022-06-22,1757,Monitor,Electronics,1041.75,2,Israel,2083.5,6,2022
8020,2022-01-04,1191,Headphones,Electronics,753.37,1,Israel,753.37,1,2022
8021,2024-05-03,1978,Headphones,Accessories,296.48,2,Canada,592.96,5,2024
8022,2024-09-12,1328,Laptop,Electronics,1324.18,4,Israel,5296.72,9,2024
8023,2024-11-26,1070,USB Cable,Accessories,127.59,2,Germany,255.18,11,2024
8024,2023-08-06,1877,Webcam,Electronics,558.68,3,Israel,1676.04,8,2023
8025,2024-11-20,1740,Mouse,Accessories,482.23,1,Canada,482.23,11,2024
8026,2023-01-16,1945,Keyboard,Office,1437.85,2,UK,2875.7,1,2023
8027,2024-10-31,1062,Monitor,Office,181.58,3,Canada,544.74,10,2024
8028,2022-12-10,1296,Monitor,Accessories,1335.77,1,Germany,1335.77,12,2022
8029,2022-06-15,1244,Monitor,Electronics,687.37,2,Canada,1374.74,6,2022
8030,2023-12-01,1518,Keyboard,Accessories,76.01,2,Germany,152.02,12,2023
8031,2022-12-08,1392,Mouse,Accessories,1094.66,4,UK,4378.64,12,2022
8032,2024-11-08,1771,Webcam,Electronics,155.81,2,France,311.62,11,2024
8033,2024-09-06,1600,Headphones,Office,359.32,1,Israel,359.32,9,2024
8034,2023-06-29,1176,Webcam,Accessories,1200.59,3,USA,3601.77,6,2023
8035,2024-10-30,1203,Desk Lamp,Office,236.32,2,France,472.64,10,2024
8036,2022-07-11,1645,Monitor,Office,491.58,3,Israel,1474.74,7,2022
8037,2022-11-16,1593,Headphones,Office,544.69,1,USA,544.69,11,2022
8038,2023-08-03,1999,Laptop,Accessories,885.26,1,Germany,885.26,8,2023
8039,2023-04-20,1532,Webcam,Accessories,1185.95,2,Canada,2371.9,4,2023
8040,2023-09-29,1910,Laptop,Electronics,350.06,4,Germany,1400.24,9,2023
8041,2023-03-03,1127,Laptop,Electronics,312.65,2,Germany,625.3,3,2023
8042,2024-12-18,1194,USB Cable,Accessories,336.74,4,Israel,1346.96,12,2024
8043,2022-04-07,1193,Webcam,Electronics,575.51,2,UK,1151.02,4,2022
8044,2023-05-11,1183,Monitor,Office,804.98,3,Germany,2414.94,5,2023
8045,2023-10-23,1246,Keyboard,Office,25.1,4,Germany,100.4,10,2023
8046,2022-01-09,1872,Monitor,Accessories,1171.54,4,Germany,4686.16,1,2022
8047,2023-04-02,1871,Laptop,Office,1390.44,3,Canada,4171.32,4,2023
8048,2022-09-30,1323,Laptop,Accessories,1266.06,2,Israel,2532.12,9,2022
8049,2024-07-28,1159,Monitor,Accessories,60.59,1,USA,60.59,7,2024
8050,2024-10-28,1705,Keyboard,Accessories,789.13,1,France,789.13,10,2024
8051,2022-07-27,1621,Keyboard,Office,1221.97,2,Germany,2443.94,7,2022
8052,2024-11-22,1924,USB Cable,Accessories,519.45,3,France,1558.35,11,2024
8053,2022-07-23,1065,Headphones,Accessories,1346.07,1,UK,1346.07,7,2022
8054,2023-06-02,1929,Mouse,Electronics,1330.89,3,UK,3992.67,6,2023
8055,2023-06-01,1253,Laptop,Office,216.85,2,UK,433.7,6,2023
8056,2023-03-19,1282,Desk Lamp,Accessories,742.98,3,Germany,2228.94,3,2023
8057,2023-11-20,1059,Keyboard,Electronics,43.37,3,France,130.11,11,2023
8058,2024-04-29,1117,Webcam,Accessories,426.38,3,USA,1279.14,4,2024
8059,2024-04-12,1422,USB Cable,Office,1218.75,1,Israel,1218.75,4,2024
8060,2022-12-05,1555,Laptop,Electronics,1462.84,3,France,4388.52,12,2022
8061,2023-01-22,1997,Mouse,Electronics,1370.42,4,Israel,5481.68,1,2023
8062,2024-11-14,1721,Webcam,Accessories,68.66,3,France,205.98,11,2024
8063,2023-05-21,1035,Laptop,Accessories,1390.46,3,Germany,4171.38,5,2023
8064,2023-11-11,1530,USB Cable,Office,1234.86,2,USA,2469.72,11,2023
8065,2023-11-21,1090,USB Cable,Office,1302.22,3,Germany,3906.66,11,2023
8066,2024-06-03,1300,Keyboard,Accessories,1372.67,3,UK,4118.01,6,2024
8067,2023-09-15,1723,Headphones,Electronics,734.83,1,USA,734.83,9,2023
8068,2024-06-11,1916,Monitor,Office,320.77,4,Canada,1283.08,6,2024
8069,2024-08-10,1918,Desk Lamp,Office,36.43,2,Canada,72.86,8,2024
8070,2024-02-23,1733,USB Cable,Electronics,40.2,4,France,160.8,2,2024
8071,2023-05-10,1216,Webcam,Accessories,965.55,3,Germany,2896.65,5,2023
8072,2024-11-27,1734,Monitor,Office,509.23,1,Israel,509.23,11,2024
8073,2024-01-17,1922,Keyboard,Electronics,746.37,4,Germany,2985.48,1,2024
8074,2023-03-13,1097,Desk Lamp,Office,201.35,4,Germany,805.4,3,2023
8075,2022-12-11,1455,Keyboard,Electronics,1463.39,4,France,5853.56,12,2022
8076,2023-07-04,1530,Desk Lamp,Office,199.26,4,France,797.04,7,2023
8077,2024-03-30,1808,Desk Lamp,Accessories,669.99,4,UK,2679.96,3,2024
8078,2023-06-25,1537,Webcam,Electronics,667.81,1,USA,667.81,6,2023
8079,2022-05-24,1027,Mouse,Office,17.91,3,Germany,53.73,5,2022
8080,2023-08-11,1575,Desk Lamp,Office,1003.36,1,Israel,1003.36,8,2023
8081,2023-10-19,1323,USB Cable,Electronics,809.62,1,Canada,809.62,10,2023
8082,2022-12-11,1222,Webcam,Electronics,748.76,1,Canada,748.76,12,2022
8083,2023-11-27,1079,Laptop,Accessories,1228.04,1,France,1228.04,11,2023
8084,2022-09-25,1562,Mouse,Electronics,365.5,3,France,1096.5,9,2022
8085,2022-06-18,1457,Desk Lamp,Office,1292.34,3,UK,3877.02,6,2022
8086,2022-02-02,1613,Monitor,Accessories,1297.84,1,USA,1297.84,2,2022
8087,2023-01-12,1175,Laptop,Electronics,1241.16,4,Canada,4964.64,1,2023
8088,2023-01-28,1521,Mouse,Office,515.39,3,UK,1546.17,1,2023
8089,2023-05-04,1748,Monitor,Electronics,248.02,3,France,744.06,5,2023
8090,2023-12-23,1456,Laptop,Office,715.39,1,Israel,715.39,12,2023
8091,2024-08-03,1422,Headphones,Office,393.46,4,UK,1573.84,8,2024
8092,2024-11-18,1099,USB Cable,Accessories,83.01,4,Germany,332.04,11,2024
8093,2022-02-08,1889,Webcam,Accessories,422.81,1,France,422.81,2,2022
8094,2024-11-06,1739,Webcam,Electronics,706.35,1,France,706.35,11,2024
8095,2024-12-15,1402,Webcam,Accessories,173.54,3,UK,520.62,12,2024
8096,2022-08-14,1575,Desk Lamp,Electronics,1416.78,3,Israel,4250.34,8,2022
8097,2022-03-08,1379,Headphones,Accessories,985.87,2,UK,1971.74,3,2022
8098,2024-04-14,1530,USB Cable,Accessories,208.83,2,Israel,417.66,4,2024
8099,2024-11-12,1331,Mouse,Electronics,1219.04,1,France,1219.04,11,2024
8100,2024-09-25,1317,USB Cable,Accessories,1392.49,2,UK,2784.98,9,2024
8101,2022-08-25,1652,Keyboard,Accessories,397.86,4,USA,1591.44,8,2022
8102,2024-08-14,1536,Laptop,Accessories,219.16,4,Canada,876.64,8,2024
8103,2024-07-07,1739,Mouse,Accessories,487.1,4,UK,1948.4,7,2024
8104,2023-04-18,1088,Keyboard,Electronics,1249.21,3,UK,3747.63,4,2023
8105,2023-07-07,1603,Webcam,Office,266.77,2,USA,533.54,7,2023
8106,2023-11-26,1510,Webcam,Electronics,1170.12,2,USA,2340.24,11,2023
8107,2022-11-13,1041,Webcam,Electronics,1075.81,1,Germany,1075.81,11,2022
8108,2023-08-21,1884,Keyboard,Electronics,978.79,3,USA,2936.37,8,2023
8109,2024-02-07,1806,Laptop,Accessories,652.81,3,Israel,1958.43,2,2024
8110,2024-06-04,1925,Laptop,Accessories,553.32,3,Canada,1659.96,6,2024
8111,2023-07-15,1388,Keyboard,Office,132.46,4,Canada,529.84,7,2023
8112,2022-09-15,1080,Monitor,Accessories,539.25,3,Germany,1617.75,9,2022
8113,2024-01-27,1401,Webcam,Office,904.75,2,Israel,1809.5,1,2024
8114,2022-05-03,1106,Mouse,Office,1347.82,1,Germany,1347.82,5,2022
8115,2022-12-08,1110,Laptop,Accessories,1250.52,2,Germany,2501.04,12,2022
8116,2024-12-18,1276,USB Cable,Office,53.16,3,Canada,159.48,12,2024
8117,2022-09-17,1213,Keyboard,Electronics,212.6,1,Israel,212.6,9,2022
8118,2022-04-05,1742,Desk Lamp,Electronics,1273.49,4,France,5093.96,4,2022
8119,2022-02-10,1817,Monitor,Electronics,1409.28,1,Canada,1409.28,2,2022
8120,2022-09-11,1505,Headphones,Office,88.43,3,France,265.29,9,2022
8121,2022-01-07,1120,Desk Lamp,Office,1053.37,3,UK,3160.11,1,2022
8122,2023-12-29,1133,Desk Lamp,Electronics,551.77,1,France,551.77,12,2023
8123,2022-03-10,1817,Keyboard,Accessories,549.61,3,Canada,1648.83,3,2022
8124,2023-06-26,1719,USB Cable,Electronics,965.79,3,UK,2897.37,6,2023
8125,2022-03-30,1961,Monitor,Accessories,1216.27,3,France,3648.81,3,2022
8126,2022-08-01,1370,Headphones,Accessories,415.88,3,UK,1247.64,8,2022
8127,2024-04-13,1256,Monitor,Office,1059.5,1,Canada,1059.5,4,2024
8128,2022-09-23,1696,Laptop,Office,955.64,1,UK,955.64,9,2022
8129,2024-06-30,1797,Desk Lamp,Accessories,778.39,2,Canada,1556.78,6,2024
8130,2022-10-20,1953,Keyboard,Accessories,905.63,4,USA,3622.52,10,2022
8131,2022-11-29,1874,USB Cable,Accessories,31.99,4,Canada,127.96,11,2022
8132,2024-10-01,1179,Headphones,Office,11.08,2,UK,22.16,10,2024
8133,2022-02-16,1932,Monitor,Electronics,827.91,1,Canada,827.91,2,2022
8134,2023-09-14,1047,Desk Lamp,Accessories,788.54,2,Canada,1577.08,9,2023
8135,2023-03-03,1598,Headphones,Office,111.65,3,Israel,334.95,3,2023
8136,2022-07-29,1896,Desk Lamp,Electronics,740.58,3,Israel,2221.74,7,2022
8137,2024-06-06,1018,Mouse,Office,1137.51,4,UK,4550.04,6,2024
8138,2022-06-03,1045,USB Cable,Electronics,814.1,1,Israel,814.1,6,2022
8139,2023-02-19,1450,Keyboard,Office,778.83,4,France,3115.32,2,2023
8140,2024-02-08,1897,Laptop,Electronics,1078.27,2,Israel,2156.54,2,2024
8141,2024-09-09,1055,Desk Lamp,Accessories,261.91,4,USA,1047.64,9,2024
8142,2023-08-02,1740,Headphones,Office,688.93,4,Israel,2755.72,8,2023
8143,2024-01-10,1656,Webcam,Electronics,226.33,3,France,678.99,1,2024
8144,2022-06-12,1091,Monitor,Electronics,788.14,4,Canada,3152.56,6,2022
8145,2024-11-04,1081,Webcam,Electronics,889.95,2,France,1779.9,11,2024
8146,2022-07-14,1736,Headphones,Accessories,186.9,1,UK,186.9,7,2022
8147,2023-06-26,1078,USB Cable,Office,117.9,4,Germany,471.6,6,2023
8148,2022-12-25,1661,Webcam,Electronics,254.27,1,France,254.27,12,2022
8149,2024-04-29,1872,Monitor,Accessories,881.57,2,UK,1763.14,4,2024
8150,2023-03-03,1282,Headphones,Accessories,288.48,4,UK,1153.92,3,2023
8151,2023-05-12,1310,Laptop,Accessories,416.49,1,Israel,416.49,5,2023
8152,2024-04-07,1996,Laptop,Accessories,1055.31,3,Israel,3165.93,4,2024
8153,2023-05-01,1159,Keyboard,Accessories,376.28,3,UK,1128.84,5,2023
8154,2022-11-26,1315,Laptop,Accessories,599.3,2,Canada,1198.6,11,2022
8155,2024-06-07,1876,Headphones,Accessories,1393.62,4,USA,5574.48,6,2024
8156,2024-09-17,1978,USB Cable,Office,1238.37,2,Canada,2476.74,9,2024
8157,2022-09-16,1667,Headphones,Office,386.93,1,UK,386.93,9,2022
8158,2022-10-19,1155,Laptop,Accessories,898.38,1,Israel,898.38,10,2022
8159,2022-05-23,1887,Mouse,Electronics,1000.38,2,France,2000.76,5,2022
8160,2024-01-17,1713,Headphones,Electronics,1350.86,1,USA,1350.86,1,2024
8161,2023-09-19,1467,Keyboard,Electronics,823.46,2,Germany,1646.92,9,2023
8162,2022-03-31,1920,Mouse,Accessories,844.12,2,Canada,1688.24,3,2022
8163,2023-12-21,1852,Laptop,Electronics,1333.23,3,France,3999.69,12,2023
8164,2023-04-26,1461,USB Cable,Office,86.3,1,Israel,86.3,4,2023
8165,2022-03-25,1853,Monitor,Office,944.07,2,France,1888.14,3,2022
8166,2023-11-04,1116,Headphones,Office,627.89,3,France,1883.67,11,2023
8167,2023-06-01,1665,Monitor,Office,1365.1,2,Israel,2730.2,6,2023
8168,2023-04-30,1363,Webcam,Accessories,1441.01,1,France,1441.01,4,2023
8169,2024-02-21,1842,Keyboard,Office,259.52,3,UK,778.56,2,2024
8170,2022-04-14,1630,Mouse,Electronics,425.8,1,Canada,425.8,4,2022
8171,2022-12-05,1710,Desk Lamp,Electronics,413.82,4,USA,1655.28,12,2022
8172,2023-11-18,1912,Monitor,Office,155.44,4,Canada,621.76,11,2023
8173,2024-06-18,1465,Desk Lamp,Office,727.0,4,Israel,2908.0,6,2024
8174,2023-08-30,1774,Keyboard,Office,772.06,4,USA,3088.24,8,2023
8175,2022-08-11,1183,Monitor,Electronics,861.6,3,UK,2584.8,8,2022
8176,2024-10-29,1959,Monitor,Electronics,996.12,1,Israel,996.12,10,2024
8177,2024-12-12,1659,Keyboard,Office,99.06,2,UK,198.12,12,2024
8178,2023-05-18,1165,Desk Lamp,Electronics,935.61,2,Germany,1871.22,5,2023
8179,2024-04-01,1074,Headphones,Electronics,1371.14,2,Germany,2742.28,4,2024
8180,2023-09-16,1747,Monitor,Accessories,685.21,1,Germany,685.21,9,2023
8181,2022-06-14,1825,Keyboard,Office,164.54,3,USA,493.62,6,2022
8182,2024-11-16,1271,Monitor,Office,133.49,1,Canada,133.49,11,2024
8183,2024-12-29,1690,USB Cable,Accessories,426.22,4,Canada,1704.88,12,2024
8184,2022-01-19,1502,Desk Lamp,Accessories,1130.02,2,Germany,2260.04,1,2022
8185,2024-11-11,1794,Headphones,Electronics,395.19,1,Germany,395.19,11,2024
8186,2024-09-15,1562,USB Cable,Accessories,1222.42,4,UK,4889.68,9,2024
8187,2023-03-26,1586,USB Cable,Office,1230.39,4,France,4921.56,3,2023
8188,2023-07-06,1655,Keyboard,Office,688.38,3,France,2065.14,7,2023
8189,2024-12-07,1342,USB Cable,Office,454.68,2,Canada,909.36,12,2024
8190,2023-11-26,1699,Monitor,Electronics,898.51,1,Canada,898.51,11,2023
8191,2023-08-10,1634,Desk Lamp,Electronics,1216.74,4,Germany,4866.96,8,2023
8192,2023-12-22,1843,Laptop,Office,101.53,4,Canada,406.12,12,2023
8193,2022-04-17,1250,Headphones,Office,1430.37,2,France,2860.74,4,2022
8194,2024-02-15,1807,Monitor,Electronics,970.62,1,Germany,970.62,2,2024
8195,2024-06-16,1834,Mouse,Electronics,600.23,1,Germany,600.23,6,2024
8196,2022-12-02,1129,Keyboard,Accessories,761.5,2,USA,1523.0,12,2022
8197,2023-08-30,1763,Monitor,Electronics,581.46,4,Israel,2325.84,8,2023
8198,2024-04-17,1357,Headphones,Electronics,621.85,3,France,1865.55,4,2024
8199,2023-08-25,1943,USB Cable,Office,895.45,2,Germany,1790.9,8,2023
8200,2023-02-07,1691,Headphones,Office,95.06,4,France,380.24,2,2023
8201,2023-06-24,1407,Mouse,Office,267.19,3,USA,801.57,6,2023
8202,2024-12-31,1860,USB Cable,Accessories,344.42,2,USA,688.84,12,2024
8203,2022-01-24,1494,Mouse,Electronics,614.23,2,Germany,1228.46,1,2022
8204,2023-09-16,1621,Webcam,Accessories,559.73,4,France,2238.92,9,2023
8205,2024-12-15,1481,Webcam,Electronics,1084.7,2,France,2169.4,12,2024
8206,2024-09-12,1979,Monitor,Electronics,392.47,1,France,392.47,9,2024
8207,2022-08-11,1849,Laptop,Office,90.32,1,USA,90.32,8,2022
8208,2022-06-28,1077,USB Cable,Electronics,87.89,3,UK,263.67,6,2022
8209,2024-03-10,1977,Desk Lamp,Accessories,21.91,2,UK,43.82,3,2024
8210,2023-03-10,1513,Headphones,Office,61.85,1,France,61.85,3,2023
8211,2024-03-03,1320,Desk Lamp,Accessories,1288.7,4,France,5154.8,3,2024
8212,2024-06-02,1787,Laptop,Accessories,1047.38,4,Israel,4189.52,6,2024
8213,2023-05-07,1289,USB Cable,Office,1493.92,4,Germany,5975.68,5,2023
8214,2024-03-20,1296,USB Cable,Electronics,35.37,1,USA,35.37,3,2024
8215,2024-08-18,1680,USB Cable,Accessories,1274.26,2,Israel,2548.52,8,2024
8216,2023-02-24,1751,USB Cable,Electronics,1045.6,2,France,2091.2,2,2023
8217,2023-10-11,1970,Laptop,Office,962.31,2,Canada,1924.62,10,2023
8218,2023-04-21,1474,Monitor,Electronics,538.02,3,UK,1614.06,4,2023
8219,2022-06-19,1022,Keyboard,Electronics,568.21,2,UK,1136.42,6,2022
8220,2022-06-23,1805,Keyboard,Office,1269.11,1,Israel,1269.11,6,2022
8221,2023-04-15,1171,Keyboard,Electronics,1071.66,1,UK,1071.66,4,2023
8222,2022-12-11,1834,Mouse,Accessories,1007.12,2,UK,2014.24,12,2022
8223,2023-03-21,1317,USB Cable,Accessories,50.82,4,Canada,203.28,3,2023
8224,2024-11-07,1907,USB Cable,Accessories,280.56,3,Germany,841.68,11,2024
8225,2024-12-29,1797,Headphones,Electronics,1444.12,3,France,4332.36,12,2024
8226,2023-09-20,1990,Mouse,Accessories,684.29,1,Israel,684.29,9,2023
8227,2023-08-15,1854,Headphones,Electronics,1173.18,3,Canada,3519.54,8,2023
8228,2023-06-11,1192,Desk Lamp,Electronics,587.04,4,USA,2348.16,6,2023
8229,2023-04-01,1680,Webcam,Electronics,1147.66,2,USA,2295.32,4,2023
8230,2024-03-21,1915,Headphones,Electronics,183.22,3,Canada,549.66,3,2024
8231,2022-07-07,1117,Headphones,Office,67.98,3,France,203.94,7,2022
8232,2024-10-17,1005,Desk Lamp,Accessories,701.93,1,USA,701.93,10,2024
8233,2023-12-12,1842,Monitor,Accessories,889.51,4,Canada,3558.04,12,2023
8234,2023-06-13,1482,Keyboard,Electronics,488.93,1,UK,488.93,6,2023
8235,2023-03-10,1131,USB Cable,Office,1075.43,1,Germany,1075.43,3,2023
8236,2022-10-15,1092,Mouse,Electronics,746.25,3,Israel,2238.75,10,2022
8237,2023-05-14,1762,Webcam,Accessories,1392.83,1,Israel,1392.83,5,2023
8238,2022-10-30,1521,Desk Lamp,Accessories,132.06,1,UK,132.06,10,2022
8239,2022-03-28,1562,Mouse,Office,104.52,3,France,313.56,3,2022
8240,2024-04-09,1860,USB Cable,Electronics,1358.16,3,Germany,4074.48,4,2024
8241,2023-03-14,1293,Monitor,Office,1005.32,3,USA,3015.96,3,2023
8242,2023-06-25,1640,Headphones,Electronics,1008.32,2,Israel,2016.64,6,2023
8243,2024-11-11,1999,Desk Lamp,Office,46.2,4,Israel,184.8,11,2024
8244,2024-04-12,1391,Webcam,Accessories,1406.82,2,France,2813.64,4,2024
8245,2024-03-07,1248,Keyboard,Office,1158.88,3,Germany,3476.64,3,2024
8246,2023-07-14,1613,USB Cable,Accessories,1147.65,4,Canada,4590.6,7,2023
8247,2024-02-01,1848,Laptop,Accessories,1368.33,1,USA,1368.33,2,2024
8248,2023-04-12,1594,Laptop,Electronics,869.34,4,Israel,3477.36,4,2023
8249,2023-11-06,1702,Monitor,Office,595.03,3,Israel,1785.09,11,2023
8250,2023-11-16,1416,Keyboard,Office,723.62,2,USA,1447.24,11,2023
8251,2022-05-18,1142,Laptop,Office,1166.97,4,Germany,4667.88,5,2022
8252,2023-08-01,1236,Laptop,Office,1154.25,1,Germany,1154.25,8,2023
8253,2023-12-11,1286,Desk Lamp,Electronics,916.33,2,Germany,1832.66,12,2023
8254,2022-08-16,1276,Desk Lamp,Electronics,331.03,2,Israel,662.06,8,2022
8255,2022-10-08,1386,USB Cable,Electronics,1229.23,2,Canada,2458.46,10,2022
8256,2023-11-15,1381,Webcam,Accessories,972.63,2,UK,1945.26,11,2023
8257,2024-04-07,1449,Webcam,Accessories,335.79,1,Israel,335.79,4,2024
8258,2023-03-07,1290,USB Cable,Accessories,723.56,3,France,2170.68,3,2023
8259,2024-11-29,1168,Mouse,Electronics,1495.82,1,France,1495.82,11,2024
8260,2022-10-29,1442,USB Cable,Accessories,495.93,3,Canada,1487.79,10,2022
8261,2023-06-17,1655,Keyboard,Office,179.26,3,Israel,537.78,6,2023
8262,2024-02-08,1183,Laptop,Accessories,37.39,4,Israel,149.56,2,2024
8263,2023-03-20,1044,Webcam,Electronics,281.03,1,USA,281.03,3,2023
8264,2024-11-22,1754,USB Cable,Electronics,284.51,3,Germany,853.53,11,2024
8265,2022-09-17,1826,Webcam,Electronics,1287.81,1,Canada,1287.81,9,2022
8266,2024-01-09,1945,Webcam,Electronics,238.45,1,USA,238.45,1,2024
8267,2024-03-06,1980,Desk Lamp,Office,1294.66,3,Canada,3883.98,3,2024
8268,2022-03-11,1267,Mouse,Accessories,134.64,3,France,403.92,3,2022
8269,2024-09-09,1475,Keyboard,Accessories,1360.43,2,France,2720.86,9,2024
8270,2023-04-26,1252,Headphones,Electronics,388.25,4,UK,1553.0,4,2023
8271,2022-01-24,1395,Webcam,Accessories,919.19,3,Germany,2757.57,1,2022
8272,2024-08-22,1288,Keyboard,Office,243.79,3,Germany,731.37,8,2024
8273,2024-01-16,1211,Monitor,Electronics,588.13,3,Canada,1764.39,1,2024
8274,2024-04-24,1999,Mouse,Accessories,133.22,4,France,532.88,4,2024
8275,2022-11-21,1688,Headphones,Accessories,871.39,1,USA,871.39,11,2022
8276,2024-03-08,1020,Webcam,Accessories,522.09,2,Israel,1044.18,3,2024
8277,2022-01-18,1315,USB Cable,Accessories,1278.96,2,Germany,2557.92,1,2022
8278,2022-02-13,1563,Webcam,Electronics,276.82,1,Israel,276.82,2,2022
8279,2022-06-04,1437,Mouse,Electronics,423.58,4,France,1694.32,6,2022
8280,2024-05-16,1422,Desk Lamp,Office,270.0,4,UK,1080.0,5,2024
8281,2024-07-10,1232,Mouse,Electronics,847.92,3,France,2543.76,7,2024
8282,2024-01-13,1944,Laptop,Accessories,172.06,4,Israel,688.24,1,2024
8283,2022-08-13,1122,Webcam,Accessories,288.09,4,France,1152.36,8,2022
8284,2022-08-05,1873,Desk Lamp,Accessories,1019.34,3,Germany,3058.02,8,2022
8285,2022-01-31,1959,Keyboard,Office,116.25,1,Canada,116.25,1,2022
8286,2024-12-18,1611,Mouse,Electronics,1116.03,2,Canada,2232.06,12,2024
8287,2024-06-16,1213,Mouse,Electronics,160.98,1,Israel,160.98,6,2024
8288,2024-07-23,1921,Monitor,Electronics,880.31,1,Israel,880.31,7,2024
8289,2023-03-21,1838,Monitor,Accessories,1496.73,3,UK,4490.19,3,2023
8290,2023-06-14,1646,Monitor,Accessories,264.97,1,Germany,264.97,6,2023
8291,2024-01-08,1967,Mouse,Accessories,395.32,4,USA,1581.28,1,2024
8292,2024-05-23,1829,Headphones,Office,1348.15,1,UK,1348.15,5,2024
8293,2023-07-20,1729,Desk Lamp,Office,941.3,1,Germany,941.3,7,2023
8294,2022-03-17,1599,Keyboard,Accessories,741.33,3,Canada,2223.99,3,2022
8295,2023-07-01,1791,Mouse,Office,846.24,3,USA,2538.72,7,2023
8296,2022-09-24,1039,USB Cable,Office,446.77,2,Canada,893.54,9,2022
8297,2022-11-13,1751,USB Cable,Office,1283.71,4,Israel,5134.84,11,2022
8298,2022-01-25,1331,Laptop,Electronics,1119.18,4,Canada,4476.72,1,2022
8299,2022-06-09,1942,USB Cable,Office,965.49,2,UK,1930.98,6,2022
8300,2023-08-19,1647,Desk Lamp,Accessories,1397.96,2,Israel,2795.92,8,2023
8301,2024-06-18,1181,Desk Lamp,Electronics,869.28,3,Israel,2607.84,6,2024
8302,2023-05-17,1264,Webcam,Office,770.26,2,Israel,1540.52,5,2023
8303,2024-10-09,1770,Headphones,Accessories,1463.66,1,Germany,1463.66,10,2024
8304,2023-12-04,1693,Headphones,Office,312.99,2,USA,625.98,12,2023
8305,2022-01-01,1532,Keyboard,Accessories,217.24,1,Germany,217.24,1,2022
8306,2024-01-11,1862,Headphones,Accessories,247.61,2,Israel,495.22,1,2024
8307,2022-11-16,1431,Keyboard,Office,1484.22,3,UK,4452.66,11,2022
8308,2023-01-17,1942,USB Cable,Office,980.12,4,Canada,3920.48,1,2023
8309,2024-06-16,1983,Headphones,Electronics,462.35,1,Israel,462.35,6,2024
8310,2023-12-18,1195,Webcam,Office,377.22,4,USA,1508.88,12,2023
8311,2022-11-03,1723,Keyboard,Accessories,89.67,1,Germany,89.67,11,2022
8312,2023-01-26,1508,Monitor,Electronics,202.26,4,USA,809.04,1,2023
8313,2024-09-16,1446,Monitor,Accessories,1362.72,3,Germany,4088.16,9,2024
8314,2022-10-25,1527,Headphones,Accessories,1122.27,1,Canada,1122.27,10,2022
8315,2022-08-21,1201,Headphones,Office,1412.63,2,USA,2825.26,8,2022
8316,2022-09-28,1874,USB Cable,Accessories,638.48,3,USA,1915.44,9,2022
8317,2024-12-19,1729,Keyboard,Office,903.85,4,Germany,3615.4,12,2024
8318,2023-11-08,1604,Desk Lamp,Accessories,728.09,1,Germany,728.09,11,2023
8319,2023-12-07,1132,USB Cable,Electronics,1322.67,3,Germany,3968.01,12,2023
8320,2022-08-22,1138,Desk Lamp,Office,1487.12,4,France,5948.48,8,2022
8321,2024-04-24,1668,Keyboard,Electronics,1399.5,1,Canada,1399.5,4,2024
8322,2023-05-06,1492,Webcam,Office,899.09,1,USA,899.09,5,2023
8323,2023-05-18,1846,Mouse,Electronics,97.39,3,France,292.17,5,2023
8324,2024-06-08,1069,Monitor,Office,928.2,4,France,3712.8,6,2024
8325,2023-08-15,1815,Mouse,Electronics,150.09,4,Israel,600.36,8,2023
8326,2024-01-16,1014,Mouse,Electronics,212.54,1,France,212.54,1,2024
8327,2023-03-04,1746,Laptop,Office,291.06,4,France,1164.24,3,2023
8328,2023-11-28,1211,Keyboard,Office,548.42,2,Germany,1096.84,11,2023
8329,2023-10-08,1801,Laptop,Accessories,889.72,2,Germany,1779.44,10,2023
8330,2024-01-02,1059,Desk Lamp,Accessories,503.66,1,UK,503.66,1,2024
8331,2024-03-10,1251,Laptop,Office,681.14,4,Canada,2724.56,3,2024
8332,2022-12-30,1445,Desk Lamp,Office,75.7,1,USA,75.7,12,2022
8333,2022-07-21,1001,Mouse,Electronics,931.54,2,Canada,1863.08,7,2022
8334,2024-05-31,1747,Laptop,Electronics,987.26,1,France,987.26,5,2024
8335,2022-05-26,1335,Webcam,Accessories,153.59,1,France,153.59,5,2022
8336,2024-04-15,1018,Keyboard,Accessories,1178.75,3,USA,3536.25,4,2024
8337,2023-10-01,1993,Mouse,Accessories,972.95,3,Canada,2918.85,10,2023
8338,2022-05-15,1560,Keyboard,Electronics,737.15,2,Germany,1474.3,5,2022
8339,2023-09-18,1077,Webcam,Electronics,831.53,4,Germany,3326.12,9,2023
8340,2022-03-05,1471,Headphones,Electronics,757.05,2,USA,1514.1,3,2022
8341,2023-05-06,1027,Laptop,Accessories,85.42,4,USA,341.68,5,2023
8342,2022-02-10,1559,Mouse,Office,1104.05,4,Germany,4416.2,2,2022
8343,2024-10-23,1607,Desk Lamp,Accessories,770.16,3,USA,2310.48,10,2024
8344,2024-07-01,1164,Monitor,Electronics,263.37,3,Canada,790.11,7,2024
8345,2024-09-01,1457,Keyboard,Accessories,1022.69,2,Germany,2045.38,9,2024
8346,2023-01-03,1944,USB Cable,Accessories,1044.12,2,USA,2088.24,1,2023
8347,2024-07-06,1876,Webcam,Accessories,324.18,2,Germany,648.36,7,2024
8348,2024-10-24,1175,Laptop,Accessories,1195.76,3,UK,3587.28,10,2024
8349,2022-09-01,1584,Keyboard,Electronics,687.47,3,Germany,2062.41,9,2022
8350,2024-06-20,1983,Webcam,Accessories,275.01,1,Germany,275.01,6,2024
8351,2022-06-15,1867,Keyboard,Electronics,988.14,2,France,1976.28,6,2022
8352,2024-11-15,1028,Headphones,Accessories,897.11,1,Canada,897.11,11,2024
8353,2024-11-06,1955,USB Cable,Electronics,259.76,4,Germany,1039.04,11,2024
8354,2023-12-29,1668,Webcam,Office,1309.16,2,USA,2618.32,12,2023
8355,2023-04-28,1825,Keyboard,Electronics,1282.53,3,Israel,3847.59,4,2023
8356,2023-06-27,1815,Desk Lamp,Electronics,1255.19,2,USA,2510.38,6,2023
8357,2024-07-19,1278,USB Cable,Office,601.85,2,France,1203.7,7,2024
8358,2023-02-04,1282,Headphones,Office,1237.81,3,USA,3713.43,2,2023
8359,2023-09-11,1478,Headphones,Office,1267.97,3,UK,3803.91,9,2023
8360,2024-05-28,1518,Headphones,Office,1494.83,4,Israel,5979.32,5,2024
8361,2022-04-11,1304,Laptop,Office,1436.62,2,Israel,2873.24,4,2022
8362,2024-05-29,1693,Webcam,Office,577.36,2,Canada,1154.72,5,2024
8363,2024-04-09,1108,Keyboard,Accessories,301.32,2,France,602.64,4,2024
8364,2024-01-29,1323,Keyboard,Accessories,442.23,2,Canada,884.46,1,2024
8365,2022-06-12,1205,USB Cable,Office,744.7,4,Israel,2978.8,6,2022
8366,2023-05-17,1233,USB Cable,Electronics,1209.16,2,Germany,2418.32,5,2023
8367,2023-07-01,1937,Webcam,Electronics,1085.86,4,France,4343.44,7,2023
8368,2023-01-16,1457,Headphones,Office,1182.63,4,Canada,4730.52,1,2023
8369,2024-05-19,1186,Keyboard,Accessories,572.99,3,UK,1718.97,5,2024
8370,2024-06-23,1939,Keyboard,Accessories,374.12,2,Israel,748.24,6,2024
8371,2024-09-28,1481,Headphones,Electronics,41.07,3,Israel,123.21,9,2024
8372,2023-09-01,1921,Monitor,Office,941.14,4,France,3764.56,9,2023
8373,2022-11-03,1406,Monitor,Accessories,1193.58,1,Israel,1193.58,11,2022
8374,2022-02-24,1840,Headphones,Office,1334.27,1,Israel,1334.27,2,2022
8375,2024-09-09,1508,USB Cable,Office,716.98,2,UK,1433.96,9,2024
8376,2022-11-29,1868,Laptop,Electronics,1391.83,1,UK,1391.83,11,2022
8377,2022-05-07,1519,USB Cable,Office,307.61,3,France,922.83,5,2022
8378,2023-12-06,1052,USB Cable,Office,774.0,1,Israel,774.0,12,2023
8379,2022-08-31,1397,Desk Lamp,Electronics,324.58,1,Canada,324.58,8,2022
8380,2023-08-23,1198,Desk Lamp,Accessories,286.17,4,USA,1144.68,8,2023
8381,2023-05-18,1390,Keyboard,Office,1430.32,3,France,4290.96,5,2023
8382,2023-08-27,1648,USB Cable,Electronics,1227.52,2,Canada,2455.04,8,2023
8383,2022-10-30,1770,Keyboard,Accessories,22.64,3,UK,67.92,10,2022
8384,2022-08-23,1845,Monitor,Office,406.43,3,USA,1219.29,8,2022
8385,2024-11-27,1912,USB Cable,Accessories,311.68,2,Canada,623.36,11,2024
8386,2022-05-19,1497,Headphones,Electronics,224.97,3,Canada,674.91,5,2022
8387,2022-07-14,1171,Webcam,Office,1047.63,4,Israel,4190.52,7,2022
8388,2023-10-09,1085,Webcam,Electronics,852.42,2,France,1704.84,10,2023
8389,2022-01-01,1557,USB Cable,Electronics,683.63,4,France,2734.52,1,2022
8390,2023-07-15,1857,Laptop,Office,288.3,3,UK,864.9,7,2023
8391,2023-12-14,1185,USB Cable,Electronics,420.04,1,Germany,420.04,12,2023
8392,2023-02-17,1155,Headphones,Accessories,537.37,2,Germany,1074.74,2,2023
8393,2023-06-22,1492,Monitor,Electronics,1179.3,2,Germany,2358.6,6,2023
8394,2023-03-05,1909,Monitor,Office,1483.84,1,France,1483.84,3,2023
8395,2022-08-23,1520,USB Cable,Office,280.05,1,UK,280.05,8,2022
8396,2022-12-15,1626,Desk Lamp,Accessories,515.58,2,UK,1031.16,12,2022
8397,2023-01-31,1665,Keyboard,Office,423.9,1,Germany,423.9,1,2023
8398,2023-02-20,1129,Mouse,Electronics,70.88,4,USA,283.52,2,2023
8399,2024-07-04,1842,Laptop,Electronics,332.73,3,Germany,998.19,7,2024
8400,2024-12-10,1080,Laptop,Office,1352.91,4,France,5411.64,12,2024
8401,2022-03-22,1383,Mouse,Accessories,1265.07,3,USA,3795.21,3,2022
8402,2022-02-05,1801,Webcam,Accessories,255.56,3,UK,766.68,2,2022
8403,2024-12-26,1658,Webcam,Office,552.41,1,Israel,552.41,12,2024
8404,2023-10-03,1294,Webcam,Electronics,469.65,1,Canada,469.65,10,2023
8405,2024-05-31,1977,Monitor,Office,225.87,4,USA,903.48,5,2024
8406,2024-01-27,1268,Headphones,Office,935.2,1,UK,935.2,1,2024
8407,2023-09-15,1644,Laptop,Accessories,838.16,4,USA,3352.64,9,2023
8408,2023-04-13,1561,Mouse,Electronics,643.35,2,Germany,1286.7,4,2023
8409,2022-12-22,1534,Keyboard,Accessories,1283.97,4,USA,5135.88,12,2022
8410,2023-12-10,1377,USB Cable,Accessories,931.47,3,USA,2794.41,12,2023
8411,2024-10-16,1375,Keyboard,Electronics,392.61,2,USA,785.22,10,2024
8412,2024-06-20,1087,USB Cable,Electronics,563.69,4,France,2254.76,6,2024
8413,2023-11-04,1924,Monitor,Electronics,229.48,4,Canada,917.92,11,2023
8414,2023-03-15,1623,Laptop,Office,889.1,2,France,1778.2,3,2023
8415,2023-06-15,1110,Headphones,Electronics,882.01,2,Canada,1764.02,6,2023
8416,2022-05-07,1583,Laptop,Office,1305.92,3,Germany,3917.76,5,2022
8417,2022-07-24,1153,USB Cable,Accessories,1284.45,3,Israel,3853.35,7,2022
8418,2022-01-29,1462,Webcam,Electronics,1256.23,3,France,3768.69,1,2022
8419,2023-03-21,1568,Keyboard,Office,825.68,1,Israel,825.68,3,2023
8420,2024-08-23,1768,Laptop,Office,979.77,3,France,2939.31,8,2024
8421,2023-04-09,1155,Keyboard,Office,1164.44,1,UK,1164.44,4,2023
8422,2022-05-31,1624,Mouse,Office,142.07,4,UK,568.28,5,2022
8423,2022-08-28,1317,Mouse,Accessories,454.39,4,USA,1817.56,8,2022
8424,2022-09-23,1558,Keyboard,Electronics,257.79,4,Israel,1031.16,9,2022
8425,2024-07-01,1237,Headphones,Electronics,769.64,1,USA,769.64,7,2024
8426,2023-05-12,1333,Desk Lamp,Electronics,1257.31,4,Canada,5029.24,5,2023
8427,2023-11-16,1105,Headphones,Electronics,349.91,4,USA,1399.64,11,2023
8428,2022-06-07,1481,Desk Lamp,Electronics,1097.7,1,France,1097.7,6,2022
8429,2022-06-21,1698,Laptop,Electronics,611.71,3,France,1835.13,6,2022
8430,2023-05-09,1670,Keyboard,Office,1355.1,3,USA,4065.3,5,2023
8431,2024-08-27,1709,Monitor,Electronics,942.05,3,Canada,2826.15,8,2024
8432,2023-11-07,1381,Headphones,Office,1464.95,3,France,4394.85,11,2023
8433,2023-10-21,1688,USB Cable,Accessories,372.28,2,Canada,744.56,10,2023
8434,2024-06-21,1260,Headphones,Office,1386.32,4,UK,5545.28,6,2024
8435,2023-10-28,1798,Webcam,Accessories,538.8,3,UK,1616.4,10,2023
8436,2023-01-02,1292,Mouse,Electronics,934.84,3,Israel,2804.52,1,2023
8437,2023-07-04,1334,Headphones,Accessories,265.89,3,UK,797.67,7,2023
8438,2023-10-05,1654,USB Cable,Accessories,1140.88,3,Canada,3422.64,10,2023
8439,2022-09-12,1819,Headphones,Office,1467.48,3,USA,4402.44,9,2022
8440,2022-07-27,1708,USB Cable,Office,1182.2,2,Germany,2364.4,7,2022
8441,2023-03-26,1475,Desk Lamp,Accessories,925.62,2,France,1851.24,3,2023
8442,2022-04-05,1224,Webcam,Accessories,675.08,1,USA,675.08,4,2022
8443,2024-04-18,1906,Desk Lamp,Electronics,521.13,1,France,521.13,4,2024
8444,2023-04-23,1554,USB Cable,Office,631.42,3,Israel,1894.26,4,2023
8445,2023-11-14,1453,Headphones,Accessories,495.79,1,USA,495.79,11,2023
8446,2024-02-01,1662,Webcam,Office,1249.9,2,USA,2499.8,2,2024
8447,2022-07-09,1295,Keyboard,Electronics,1340.2,3,USA,4020.6,7,2022
8448,2023-12-12,1574,Keyboard,Electronics,1424.74,1,Israel,1424.74,12,2023
8449,2024-01-26,1641,Mouse,Accessories,630.45,1,USA,630.45,1,2024
8450,2024-04-15,1766,Laptop,Electronics,821.6,2,France,1643.2,4,2024
8451,2022-05-13,1462,Webcam,Accessories,867.46,4,Germany,3469.84,5,2022
8452,2022-02-24,1854,Headphones,Office,978.38,3,USA,2935.14,2,2022
8453,2023-05-25,1213,Laptop,Office,8.67,1,Israel,8.67,5,2023
8454,2023-11-01,1584,Keyboard,Accessories,1264.82,2,Israel,2529.64,11,2023
8455,2023-02-14,1942,Headphones,Accessories,405.87,3,USA,1217.61,2,2023
8456,2024-09-13,1615,Laptop,Accessories,710.89,2,Israel,1421.78,9,2024
8457,2024-01-04,1157,Webcam,Office,1263.14,3,UK,3789.42,1,2024
8458,2022-09-16,1271,Webcam,Office,1495.3,4,Canada,5981.2,9,2022
8459,2022-10-26,1826,Laptop,Electronics,1193.35,4,Israel,4773.4,10,2022
8460,2023-07-15,1237,USB Cable,Electronics,42.13,3,Germany,126.39,7,2023
8461,2022-10-24,1302,Webcam,Office,556.29,3,UK,1668.87,10,2022
8462,2022-12-28,1883,Monitor,Office,374.58,2,France,749.16,12,2022
8463,2023-08-12,1669,Keyboard,Accessories,1446.38,3,UK,4339.14,8,2023
8464,2022-05-07,1620,Mouse,Office,400.02,1,Germany,400.02,5,2022
8465,2022-07-16,1520,Mouse,Office,1415.31,3,Canada,4245.93,7,2022
8466,2022-08-09,1320,Monitor,Electronics,1406.59,3,UK,4219.77,8,2022
8467,2024-09-21,1058,Laptop,Electronics,1259.92,4,USA,5039.68,9,2024
8468,2022-04-01,1357,Webcam,Accessories,151.62,4,Israel,606.48,4,2022
8469,2023-02-15,1703,Monitor,Electronics,7.98,2,USA,15.96,2,2023
8470,2022-01-08,1647,Monitor,Accessories,1191.86,3,USA,3575.58,1,2022
8471,2023-06-28,1250,Webcam,Office,1265.73,1,USA,1265.73,6,2023
8472,2023-04-13,1890,Keyboard,Office,1443.46,1,UK,1443.46,4,2023
8473,2022-11-16,1435,Webcam,Accessories,331.48,3,France,994.44,11,2022
8474,2022-09-26,1145,Desk Lamp,Electronics,1101.05,2,Canada,2202.1,9,2022
8475,2022-03-02,1858,Webcam,Electronics,781.0,1,Israel,781.0,3,2022
8476,2024-03-07,1977,USB Cable,Office,496.08,2,UK,992.16,3,2024
8477,2023-07-07,1351,Headphones,Electronics,911.41,3,Canada,2734.23,7,2023
8478,2024-07-14,1569,Laptop,Accessories,824.56,2,USA,1649.12,7,2024
8479,2023-10-23,1688,Mouse,Office,441.98,3,Germany,1325.94,10,2023
8480,2023-12-17,1799,Mouse,Electronics,406.35,4,Germany,1625.4,12,2023
8481,2024-02-18,1244,Monitor,Office,732.44,3,USA,2197.32,2,2024
8482,2022-07-13,1559,USB Cable,Office,713.68,2,France,1427.36,7,2022
8483,2023-04-27,1300,Monitor,Electronics,456.57,1,Canada,456.57,4,2023
8484,2024-05-04,1437,Monitor,Accessories,399.28,3,Israel,1197.84,5,2024
8485,2023-05-13,1867,Laptop,Electronics,1431.69,3,Canada,4295.07,5,2023
8486,2022-07-31,1099,Monitor,Electronics,1294.24,3,UK,3882.72,7,2022
8487,2023-10-27,1724,Monitor,Electronics,1226.08,4,France,4904.32,10,2023
8488,2023-11-01,1813,Headphones,Electronics,325.35,4,Germany,1301.4,11,2023
8489,2022-08-09,1479,Laptop,Electronics,287.99,4,USA,1151.96,8,2022
8490,2022-09-30,1414,Keyboard,Electronics,1214.95,1,UK,1214.95,9,2022
8491,2022-10-06,1164,USB Cable,Accessories,281.09,1,France,281.09,10,2022
8492,2024-03-26,1911,Keyboard,Office,757.79,3,Canada,2273.37,3,2024
8493,2022-10-03,1941,Webcam,Accessories,336.03,1,France,336.03,10,2022
8494,2024-10-01,1637,Headphones,Electronics,570.21,2,France,1140.42,10,2024
8495,2023-05-29,1301,Mouse,Accessories,1280.91,2,Canada,2561.82,5,2023
8496,2024-07-11,1973,Webcam,Office,1337.67,4,UK,5350.68,7,2024
8497,2023-10-04,1120,Keyboard,Accessories,1495.04,2,Israel,2990.08,10,2023
8498,2023-05-20,1087,Laptop,Electronics,1416.14,2,Canada,2832.28,5,2023
8499,2023-08-13,1216,Mouse,Office,1008.52,3,UK,3025.56,8,2023
8500,2024-02-11,1572,Desk Lamp,Electronics,650.43,4,Canada,2601.72,2,2024
8501,2024-01-10,1813,Monitor,Electronics,91.25,4,USA,365.0,1,2024
8502,2023-11-06,1178,Laptop,Office,914.21,4,UK,3656.84,11,2023
8503,2024-10-10,1701,Mouse,Office,319.97,2,France,639.94,10,2024
8504,2022-05-08,1162,Keyboard,Electronics,1275.95,1,Israel,1275.95,5,2022
8505,2023-05-18,1592,Webcam,Accessories,825.6,3,Israel,2476.8,5,2023
8506,2024-06-20,1169,Monitor,Office,1101.59,1,USA,1101.59,6,2024
8507,2023-06-27,1300,Monitor,Accessories,1011.88,4,USA,4047.52,6,2023
8508,2023-05-07,1373,USB Cable,Accessories,524.26,4,Germany,2097.04,5,2023
8509,2024-11-10,1707,Laptop,Office,1139.83,2,Germany,2279.66,11,2024
8510,2023-12-15,1202,Webcam,Accessories,1265.85,3,Germany,3797.55,12,2023
8511,2024-03-01,1046,Monitor,Office,1117.48,3,UK,3352.44,3,2024
8512,2023-02-20,1462,Mouse,Office,1166.33,3,Israel,3498.99,2,2023
8513,2022-05-28,1669,USB Cable,Office,543.22,2,USA,1086.44,5,2022
8514,2024-08-27,1407,USB Cable,Office,1415.81,1,Germany,1415.81,8,2024
8515,2022-01-29,1193,Headphones,Accessories,639.74,3,USA,1919.22,1,2022
8516,2022-11-04,1426,Keyboard,Accessories,1346.09,1,Germany,1346.09,11,2022
8517,2022-06-11,1929,Laptop,Office,1287.43,2,UK,2574.86,6,2022
8518,2024-05-18,1790,Webcam,Office,190.87,2,Canada,381.74,5,2024
8519,2024-05-01,1316,Desk Lamp,Office,1449.57,1,UK,1449.57,5,2024
8520,2022-03-02,1478,Desk Lamp,Office,1494.53,3,France,4483.59,3,2022
8521,2022-05-05,1420,Headphones,Electronics,911.19,1,USA,911.19,5,2022
8522,2024-12-30,1268,Desk Lamp,Accessories,1175.75,3,Canada,3527.25,12,2024
8523,2024-04-17,1480,Headphones,Accessories,1400.86,4,Canada,5603.44,4,2024
8524,2023-04-11,1710,Laptop,Office,34.94,4,France,139.76,4,2023
8525,2022-08-31,1735,Mouse,Electronics,1395.34,3,Canada,4186.02,8,2022
8526,2023-04-18,1262,Webcam,Electronics,942.91,1,UK,942.91,4,2023
8527,2024-08-16,1425,Keyboard,Electronics,1243.54,3,Canada,3730.62,8,2024
8528,2023-06-17,1165,Laptop,Office,813.38,3,UK,2440.14,6,2023
8529,2023-05-09,1691,Webcam,Electronics,798.17,3,Canada,2394.51,5,2023
8530,2024-06-17,1427,Headphones,Office,1346.79,4,Canada,5387.16,6,2024
8531,2022-03-23,1703,Headphones,Electronics,763.67,2,USA,1527.34,3,2022
8532,2024-05-05,1396,Laptop,Office,710.33,4,France,2841.32,5,2024
8533,2024-05-28,1215,Webcam,Office,914.24,3,Canada,2742.72,5,2024
8534,2024-07-11,1795,Headphones,Accessories,780.26,1,Canada,780.26,7,2024
8535,2022-01-12,1863,Laptop,Office,672.2,2,France,1344.4,1,2022
8536,2023-03-25,1106,USB Cable,Electronics,274.88,3,France,824.64,3,2023
8537,2024-02-01,1977,Laptop,Accessories,599.11,2,USA,1198.22,2,2024
8538,2022-01-26,1097,Keyboard,Electronics,426.66,1,USA,426.66,1,2022
8539,2023-05-23,1879,Laptop,Office,603.69,2,USA,1207.38,5,2023
8540,2022-03-03,1481,USB Cable,Accessories,891.77,2,Israel,1783.54,3,2022
8541,2022-08-17,1498,Webcam,Office,915.23,3,Canada,2745.69,8,2022
8542,2023-08-30,1229,Webcam,Office,361.8,1,UK,361.8,8,2023
8543,2024-11-24,1256,Desk Lamp,Electronics,131.3,1,Israel,131.3,11,2024
8544,2024-06-09,1042,Headphones,Electronics,1117.93,4,Israel,4471.72,6,2024
8545,2024-01-31,1241,Desk Lamp,Electronics,795.21,2,UK,1590.42,1,2024
8546,2023-08-18,1553,Monitor,Accessories,665.94,3,Canada,1997.82,8,2023
8547,2024-11-14,1094,Keyboard,Electronics,198.75,2,Germany,397.5,11,2024
8548,2024-11-21,1945,Webcam,Office,624.92,2,Germany,1249.84,11,2024
8549,2024-11-01,1765,Headphones,Accessories,1228.17,2,Germany,2456.34,11,2024
8550,2022-01-01,1187,Headphones,Electronics,874.25,3,USA,2622.75,1,2022
8551,2022-05-13,1384,Keyboard,Electronics,141.01,2,USA,282.02,5,2022
8552,2022-03-27,1818,Desk Lamp,Electronics,501.75,3,France,1505.25,3,2022
8553,2023-05-31,1399,Keyboard,Office,1469.8,1,France,1469.8,5,2023
8554,2022-06-24,1505,Desk Lamp,Electronics,819.04,2,Israel,1638.08,6,2022
8555,2024-02-02,1166,Headphones,Office,433.16,4,France,1732.64,2,2024
8556,2024-11-10,1782,USB Cable,Accessories,1370.6,1,USA,1370.6,11,2024
8557,2024-09-23,1124,Monitor,Electronics,507.32,4,Israel,2029.28,9,2024
8558,2023-08-01,1672,USB Cable,Office,1096.21,2,France,2192.42,8,2023
8559,2022-02-18,1086,Mouse,Electronics,225.09,1,France,225.09,2,2022
8560,2023-06-12,1820,USB Cable,Electronics,238.96,3,Germany,716.88,6,2023
8561,2022-05-25,1488,Headphones,Accessories,844.16,2,USA,1688.32,5,2022
8562,2024-02-01,1225,Keyboard,Accessories,363.54,2,Israel,727.08,2,2024
8563,2024-07-17,1656,Laptop,Office,78.75,3,UK,236.25,7,2024
8564,2024-03-04,1344,Laptop,Office,1390.07,4,Canada,5560.28,3,2024
8565,2022-11-15,1759,Keyboard,Office,88.7,1,France,88.7,11,2022
8566,2023-11-29,1873,USB Cable,Accessories,1077.57,1,USA,1077.57,11,2023
8567,2024-04-26,1517,Keyboard,Office,502.81,3,Israel,1508.43,4,2024
8568,2024-02-22,1030,Mouse,Accessories,1400.59,1,Canada,1400.59,2,2024
8569,2022-02-11,1708,Webcam,Accessories,1479.15,3,USA,4437.45,2,2022
8570,2023-06-13,1743,Desk Lamp,Electronics,506.47,4,USA,2025.88,6,2023
8571,2022-10-19,1295,Keyboard,Electronics,888.7,4,Israel,3554.8,10,2022
8572,2024-08-26,1413,Desk Lamp,Office,1160.61,1,Germany,1160.61,8,2024
8573,2022-04-07,1836,Desk Lamp,Accessories,189.5,3,Canada,568.5,4,2022
8574,2022-03-15,1971,Laptop,Accessories,1065.65,3,Germany,3196.95,3,2022
8575,2024-12-27,1134,Monitor,Accessories,1359.77,3,France,4079.31,12,2024
8576,2024-01-28,1524,Keyboard,Electronics,271.86,3,Germany,815.58,1,2024
8577,2022-07-27,1003,Mouse,Accessories,1258.87,1,France,1258.87,7,2022
8578,2023-02-14,1177,Desk Lamp,Office,177.83,2,France,355.66,2,2023
8579,2022-11-27,1745,Monitor,Office,854.61,1,Israel,854.61,11,2022
8580,2022-12-10,1258,Mouse,Electronics,512.35,3,USA,1537.05,12,2022
8581,2024-09-15,1651,Monitor,Office,710.22,2,UK,1420.44,9,2024
8582,2024-02-10,1064,Keyboard,Accessories,454.45,2,UK,908.9,2,2024
8583,2022-03-15,1794,Desk Lamp,Accessories,394.51,1,Germany,394.51,3,2022
8584,2022-09-11,1362,Laptop,Office,1115.99,3,Israel,3347.97,9,2022
8585,2024-08-16,1817,Monitor,Electronics,338.55,3,UK,1015.65,8,2024
8586,2024-03-30,1716,Headphones,Accessories,615.58,3,USA,1846.74,3,2024
8587,2024-09-12,1016,Webcam,Accessories,415.46,3,France,1246.38,9,2024
8588,2022-11-28,1199,Mouse,Electronics,361.76,3,France,1085.28,11,2022
8589,2024-01-17,1543,Monitor,Accessories,942.51,2,Israel,1885.02,1,2024
8590,2024-04-15,1211,Desk Lamp,Office,72.92,1,Germany,72.92,4,2024
8591,2023-03-31,1434,Mouse,Office,1184.4,1,USA,1184.4,3,2023
8592,2022-11-09,1272,Laptop,Electronics,821.62,4,Germany,3286.48,11,2022
8593,2024-10-14,1289,Mouse,Electronics,1243.51,1,Germany,1243.51,10,2024
8594,2022-08-16,1802,Mouse,Office,323.46,2,Israel,646.92,8,2022
8595,2024-04-13,1482,Headphones,Electronics,1065.56,4,France,4262.24,4,2024
8596,2024-05-07,1997,Mouse,Office,633.77,2,Germany,1267.54,5,2024
8597,2024-03-28,1233,Monitor,Electronics,119.82,1,Germany,119.82,3,2024
8598,2024-10-14,1407,Desk Lamp,Office,1129.95,2,USA,2259.9,10,2024
8599,2023-06-12,1693,Mouse,Accessories,1144.47,2,Canada,2288.94,6,2023
8600,2024-08-07,1145,Desk Lamp,Accessories,410.02,1,France,410.02,8,2024
8601,2023-03-03,1561,Keyboard,Office,1374.49,2,Germany,2748.98,3,2023
8602,2022-02-11,1429,Mouse,Accessories,1147.13,4,Canada,4588.52,2,2022
8603,2023-04-10,1431,Keyboard,Office,463.6,4,UK,1854.4,4,2023
8604,2022-10-05,1614,Webcam,Electronics,362.47,3,Canada,1087.41,10,2022
8605,2024-04-15,1544,Mouse,Accessories,662.93,4,UK,2651.72,4,2024
8606,2022-01-19,1496,USB Cable,Accessories,442.72,4,France,1770.88,1,2022
8607,2022-03-07,1982,Webcam,Accessories,329.45,1,France,329.45,3,2022
8608,2022-06-16,1088,Desk Lamp,Office,601.66,4,Israel,2406.64,6,2022
8609,2024-10-16,1996,USB Cable,Accessories,43.43,1,Canada,43.43,10,2024
8610,2023-02-07,1410,Mouse,Electronics,605.11,4,Germany,2420.44,2,2023
8611,2023-02-13,1896,Monitor,Accessories,336.39,1,UK,336.39,2,2023
8612,2022-04-22,1852,USB Cable,Electronics,400.18,1,Canada,400.18,4,2022
8613,2023-08-20,1826,Keyboard,Accessories,128.42,2,UK,256.84,8,2023
8614,2023-10-13,1240,Desk Lamp,Accessories,885.45,4,France,3541.8,10,2023
8615,2024-11-28,1777,Webcam,Electronics,710.65,1,France,710.65,11,2024
8616,2022-04-15,1222,Webcam,Accessories,1127.19,4,USA,4508.76,4,2022
8617,2022-11-20,1747,Keyboard,Electronics,1480.71,3,USA,4442.13,11,2022
8618,2024-09-18,1664,Headphones,Electronics,183.7,2,France,367.4,9,2024
8619,2023-03-05,1467,Mouse,Electronics,412.28,2,USA,824.56,3,2023
8620,2023-09-27,1568,Mouse,Accessories,1025.27,1,France,1025.27,9,2023
8621,2023-12-31,1321,Monitor,Accessories,359.78,4,Canada,1439.12,12,2023
8622,2024-06-07,1374,Headphones,Electronics,50.07,2,France,100.14,6,2024
8623,2024-12-20,1111,Headphones,Accessories,169.16,2,Israel,338.32,12,2024
8624,2023-01-28,1526,USB Cable,Office,653.27,2,USA,1306.54,1,2023
8625,2022-07-23,1411,Desk Lamp,Electronics,649.02,1,Germany,649.02,7,2022
8626,2022-09-15,1268,Monitor,Electronics,1458.6,3,Germany,4375.8,9,2022
8627,2023-05-01,1625,Webcam,Office,701.6,1,Canada,701.6,5,2023
8628,2023-03-22,1251,Keyboard,Office,1018.71,3,Israel,3056.13,3,2023
8629,2024-10-20,1373,Webcam,Electronics,740.84,2,Germany,1481.68,10,2024
8630,2022-12-08,1653,Laptop,Office,408.53,3,Germany,1225.59,12,2022
8631,2022-05-13,1625,Monitor,Electronics,162.65,1,Canada,162.65,5,2022
8632,2023-03-19,1449,Keyboard,Accessories,1289.32,1,Canada,1289.32,3,2023
8633,2022-09-10,1801,Webcam,Office,233.23,4,Israel,932.92,9,2022
8634,2022-09-22,1994,Webcam,Electronics,149.86,4,UK,599.44,9,2022
8635,2022-04-03,1868,Headphones,Electronics,324.67,1,Israel,324.67,4,2022
8636,2022-05-18,1536,Monitor,Electronics,8.72,4,Israel,34.88,5,2022
8637,2024-09-28,1367,Laptop,Office,112.59,2,USA,225.18,9,2024
8638,2022-11-03,1821,Mouse,Accessories,954.62,3,Germany,2863.86,11,2022
8639,2022-09-23,1254,Monitor,Accessories,369.1,1,Germany,369.1,9,2022
8640,2023-10-08,1462,Desk Lamp,Office,511.08,1,UK,511.08,10,2023
8641,2022-11-14,1267,Laptop,Electronics,1253.77,4,Israel,5015.08,11,2022
8642,2024-06-19,1125,Desk Lamp,Electronics,1160.48,1,France,1160.48,6,2024
8643,2023-03-30,1392,Laptop,Electronics,740.91,4,UK,2963.64,3,2023
8644,2022-07-10,1761,Desk Lamp,Office,921.4,2,UK,1842.8,7,2022
8645,2024-04-10,1798,Monitor,Office,133.29,1,Germany,133.29,4,2024
8646,2022-07-06,1333,Keyboard,Electronics,1143.58,2,Germany,2287.16,7,2022
8647,2024-03-29,1988,Monitor,Electronics,776.71,2,Germany,1553.42,3,2024
8648,2024-10-17,1564,Webcam,Electronics,858.57,1,Germany,858.57,10,2024
8649,2022-05-12,1367,USB Cable,Office,999.96,4,UK,3999.84,5,2022
8650,2024-05-21,1554,Headphones,Office,752.76,4,Canada,3011.04,5,2024
8651,2023-09-27,1677,Webcam,Accessories,784.93,2,Israel,1569.86,9,2023
8652,2023-11-22,1553,Laptop,Electronics,751.96,4,Canada,3007.84,11,2023
8653,2023-11-23,1891,Laptop,Electronics,747.74,4,Canada,2990.96,11,2023
8654,2024-11-23,1455,Mouse,Accessories,1126.56,2,Germany,2253.12,11,2024
8655,2023-08-05,1687,Laptop,Electronics,643.68,1,USA,643.68,8,2023
8656,2022-06-20,1066,USB Cable,Accessories,9.33,1,UK,9.33,6,2022
8657,2024-02-23,1065,Mouse,Office,920.03,3,France,2760.09,2,2024
8658,2024-12-18,1911,Laptop,Accessories,1429.23,1,France,1429.23,12,2024
8659,2022-06-30,1594,Laptop,Accessories,389.15,4,Israel,1556.6,6,2022
8660,2022-01-19,1861,Monitor,Office,1225.21,3,UK,3675.63,1,2022
8661,2024-05-30,1616,Monitor,Electronics,685.96,3,UK,2057.88,5,2024
8662,2022-06-24,1399,Headphones,Accessories,966.26,3,UK,2898.78,6,2022
8663,2022-02-23,1286,Webcam,Accessories,1336.86,1,Canada,1336.86,2,2022
8664,2023-11-26,1885,Keyboard,Electronics,1157.67,3,USA,3473.01,11,2023
8665,2024-05-12,1185,Headphones,Accessories,1327.44,3,USA,3982.32,5,2024
8666,2022-12-15,1283,Laptop,Office,19.23,3,Canada,57.69,12,2022
8667,2023-03-19,1515,Headphones,Accessories,285.04,1,Germany,285.04,3,2023
8668,2024-04-12,1649,Monitor,Electronics,638.12,1,Canada,638.12,4,2024
8669,2023-08-03,1690,Webcam,Electronics,1272.52,1,France,1272.52,8,2023
8670,2022-10-09,1236,Laptop,Accessories,1258.4,1,Canada,1258.4,10,2022
8671,2022-12-26,1017,Desk Lamp,Electronics,281.78,2,USA,563.56,12,2022
8672,2024-07-03,1814,Laptop,Electronics,217.65,1,France,217.65,7,2024
8673,2024-04-02,1927,Headphones,Accessories,1252.88,4,Canada,5011.52,4,2024
8674,2024-06-10,1413,Webcam,Accessories,814.44,3,UK,2443.32,6,2024
8675,2024-08-10,1931,Desk Lamp,Electronics,942.02,1,USA,942.02,8,2024
8676,2023-10-03,1008,USB Cable,Accessories,1214.76,4,France,4859.04,10,2023
8677,2024-10-28,1419,Mouse,Office,321.56,4,USA,1286.24,10,2024
8678,2023-07-17,1028,USB Cable,Accessories,209.04,4,UK,836.16,7,2023
8679,2023-05-06,1655,Desk Lamp,Electronics,1289.27,2,UK,2578.54,5,2023
8680,2022-12-07,1347,Desk Lamp,Office,172.1,2,UK,344.2,12,2022
8681,2023-04-17,1660,Keyboard,Electronics,136.83,2,Germany,273.66,4,2023
8682,2022-09-06,1575,Desk Lamp,Electronics,419.23,4,Canada,1676.92,9,2022
8683,2022-08-23,1878,Webcam,Office,478.69,1,France,478.69,8,2022
8684,2024-04-03,1449,Headphones,Accessories,365.5,4,Germany,1462.0,4,2024
8685,2023-09-24,1379,USB Cable,Electronics,1113.73,2,Israel,2227.46,9,2023
8686,2023-06-13,1698,Headphones,Accessories,1460.16,2,Israel,2920.32,6,2023
8687,2022-05-02,1365,Keyboard,Accessories,303.39,2,USA,606.78,5,2022
8688,2024-06-10,1226,Laptop,Office,1173.87,1,USA,1173.87,6,2024
8689,2022-01-10,1117,Laptop,Electronics,71.14,4,USA,284.56,1,2022
8690,2024-04-17,1411,Mouse,Office,182.76,2,Germany,365.52,4,2024
8691,2024-01-23,1950,Headphones,Office,775.1,4,Canada,3100.4,1,2024
8692,2024-06-04,1355,Keyboard,Electronics,1499.42,4,UK,5997.68,6,2024
8693,2023-04-09,1253,Headphones,Electronics,1424.3,2,USA,2848.6,4,2023
8694,2023-12-13,1542,Monitor,Office,172.35,3,USA,517.05,12,2023
8695,2023-12-29,1672,Headphones,Office,363.33,3,Canada,1089.99,12,2023
8696,2023-12-18,1726,Headphones,Office,1418.96,3,Israel,4256.88,12,2023
8697,2022-03-21,1443,Monitor,Electronics,230.33,2,UK,460.66,3,2022
8698,2023-04-25,1680,Monitor,Electronics,1115.47,4,Germany,4461.88,4,2023
8699,2024-06-20,1080,USB Cable,Office,6.66,3,Canada,19.98,6,2024
8700,2024-06-09,1045,Desk Lamp,Electronics,949.41,1,UK,949.41,6,2024
8701,2022-01-18,1048,Desk Lamp,Electronics,744.43,3,Israel,2233.29,1,2022
8702,2022-07-21,1448,Keyboard,Electronics,709.18,1,Germany,709.18,7,2022
8703,2024-01-11,1809,USB Cable,Accessories,1244.64,3,France,3733.92,1,2024
8704,2022-11-15,1406,Laptop,Accessories,125.7,3,USA,377.1,11,2022
8705,2022-08-05,1879,Mouse,Office,569.11,3,Germany,1707.33,8,2022
8706,2024-11-23,1282,USB Cable,Accessories,671.83,1,Israel,671.83,11,2024
8707,2022-09-23,1472,Monitor,Office,190.27,1,UK,190.27,9,2022
8708,2023-12-25,1415,Laptop,Office,133.07,3,Germany,399.21,12,2023
8709,2024-02-14,1978,Desk Lamp,Electronics,273.52,1,Israel,273.52,2,2024
8710,2023-02-17,1599,Keyboard,Office,365.37,4,Canada,1461.48,2,2023
8711,2024-11-01,1120,Webcam,Office,1449.26,3,Germany,4347.78,11,2024
8712,2023-02-05,1002,Headphones,Office,716.04,4,USA,2864.16,2,2023
8713,2023-12-25,1315,Keyboard,Office,767.88,2,Canada,1535.76,12,2023
8714,2022-10-09,1459,Keyboard,Electronics,1061.96,2,UK,2123.92,10,2022
8715,2023-12-24,1226,Monitor,Electronics,1027.98,2,Canada,2055.96,12,2023
8716,2024-01-21,1078,Mouse,Office,756.65,4,UK,3026.6,1,2024
8717,2022-09-25,1656,USB Cable,Accessories,513.06,1,Germany,513.06,9,2022
8718,2022-10-25,1753,Monitor,Accessories,499.92,2,Canada,999.84,10,2022
8719,2023-07-24,1543,Headphones,Office,91.28,3,Israel,273.84,7,2023
8720,2023-05-24,1774,Monitor,Electronics,1349.95,3,USA,4049.85,5,2023
8721,2023-06-30,1722,Headphones,Office,1155.24,1,USA,1155.24,6,2023
8722,2024-02-14,1070,Monitor,Office,936.9,3,Germany,2810.7,2,2024
8723,2022-12-31,1895,Webcam,Electronics,597.14,4,France,2388.56,12,2022
8724,2023-07-01,1196,Desk Lamp,Accessories,875.79,2,Canada,1751.58,7,2023
8725,2022-09-28,1057,Mouse,Office,730.21,4,Germany,2920.84,9,2022
8726,2024-01-09,1423,Webcam,Electronics,414.53,3,Canada,1243.59,1,2024
8727,2023-06-21,1468,Laptop,Electronics,451.37,4,USA,1805.48,6,2023
8728,2022-02-28,1623,Desk Lamp,Office,1312.35,1,Canada,1312.35,2,2022
8729,2022-03-27,1047,Desk Lamp,Electronics,954.19,4,UK,3816.76,3,2022
8730,2024-02-02,1434,Desk Lamp,Office,7.13,3,Germany,21.39,2,2024
8731,2023-01-25,1184,Mouse,Accessories,493.67,3,Germany,1481.01,1,2023
8732,2023-12-20,1878,USB Cable,Office,513.22,2,UK,1026.44,12,2023
8733,2024-05-05,1838,Monitor,Accessories,1060.97,4,Canada,4243.88,5,2024
8734,2022-05-29,1164,Desk Lamp,Electronics,1052.18,1,Germany,1052.18,5,2022
8735,2023-08-06,1726,Keyboard,Office,698.91,2,Israel,1397.82,8,2023
8736,2022-05-01,1330,Laptop,Electronics,1426.71,3,UK,4280.13,5,2022
8737,2024-02-04,1329,Desk Lamp,Office,1308.98,4,UK,5235.92,2,2024
8738,2023-08-28,1120,Keyboard,Electronics,1299.99,1,Canada,1299.99,8,2023
8739,2022-09-13,1212,Desk Lamp,Accessories,525.66,3,UK,1576.98,9,2022
8740,2024-02-05,1822,Webcam,Office,649.34,3,USA,1948.02,2,2024
8741,2024-05-13,1506,USB Cable,Electronics,631.35,2,Germany,1262.7,5,2024
8742,2024-03-10,1552,Mouse,Office,663.2,3,France,1989.6,3,2024
8743,2022-02-28,1864,USB Cable,Office,1334.37,1,Germany,1334.37,2,2022
8744,2024-10-18,1915,Laptop,Accessories,377.44,1,Germany,377.44,10,2024
8745,2024-12-28,1800,Webcam,Electronics,1204.28,2,USA,2408.56,12,2024
8746,2023-01-23,1167,Monitor,Office,773.49,2,Israel,1546.98,1,2023
8747,2024-02-25,1994,Keyboard,Office,377.38,1,Israel,377.38,2,2024
8748,2023-08-16,1545,Monitor,Office,793.3,2,USA,1586.6,8,2023
8749,2024-06-27,1829,Headphones,Office,297.19,3,USA,891.57,6,2024
8750,2023-07-20,1995,USB Cable,Office,166.73,1,USA,166.73,7,2023
8751,2023-02-03,1986,Laptop,Electronics,1258.08,2,Germany,2516.16,2,2023
8752,2024-06-17,1786,Keyboard,Office,1050.49,1,USA,1050.49,6,2024
8753,2022-10-20,1426,Mouse,Office,311.44,3,France,934.32,10,2022
8754,2023-04-30,1708,Desk Lamp,Office,1413.73,2,UK,2827.46,4,2023
8755,2024-03-13,1702,Mouse,Electronics,41.48,1,Israel,41.48,3,2024
8756,2024-06-08,1220,Mouse,Office,503.25,3,Canada,1509.75,6,2024
8757,2022-09-01,1009,Webcam,Office,37.37,2,France,74.74,9,2022
8758,2024-08-17,1119,Mouse,Accessories,217.73,1,Canada,217.73,8,2024
8759,2024-03-26,1634,Keyboard,Accessories,274.22,3,Israel,822.66,3,2024
8760,2022-09-30,1246,Desk Lamp,Office,1216.45,3,Germany,3649.35,9,2022
8761,2023-06-04,1359,USB Cable,Office,1489.59,3,Germany,4468.77,6,2023
8762,2023-07-22,1908,USB Cable,Accessories,1301.64,4,USA,5206.56,7,2023
8763,2023-09-30,1220,USB Cable,Electronics,954.52,3,Israel,2863.56,9,2023
8764,2022-06-08,1772,Webcam,Electronics,1085.77,3,Germany,3257.31,6,2022
8765,2023-10-14,1505,Headphones,Accessories,786.62,2,Germany,1573.24,10,2023
8766,2022-06-25,1057,Mouse,Office,636.7,4,Canada,2546.8,6,2022
8767,2023-09-12,1826,USB Cable,Accessories,1039.79,3,Canada,3119.37,9,2023
8768,2022-07-30,1459,Mouse,Electronics,1459.81,2,Israel,2919.62,7,2022
8769,2023-03-23,1127,Desk Lamp,Accessories,48.2,2,Germany,96.4,3,2023
8770,2023-08-09,1698,Desk Lamp,Electronics,474.56,1,USA,474.56,8,2023
8771,2022-06-16,1716,Webcam,Office,498.44,1,Germany,498.44,6,2022
8772,2023-04-05,1085,Mouse,Office,624.31,4,France,2497.24,4,2023
8773,2024-07-04,1103,Headphones,Office,942.2,2,France,1884.4,7,2024
8774,2024-11-18,1142,Webcam,Electronics,773.06,3,USA,2319.18,11,2024
8775,2023-12-15,1204,Webcam,Accessories,33.0,3,France,99.0,12,2023
8776,2024-04-20,1640,Laptop,Office,620.36,2,Canada,1240.72,4,2024
8777,2024-05-17,1757,Webcam,Electronics,931.08,4,Germany,3724.32,5,2024
8778,2023-11-19,1037,Mouse,Office,759.71,3,France,2279.13,11,2023
8779,2022-11-26,1362,Webcam,Accessories,1308.73,4,France,5234.92,11,2022
8780,2022-04-05,1620,Mouse,Office,600.9,2,Germany,1201.8,4,2022
8781,2024-02-24,1308,Mouse,Electronics,23.78,4,Israel,95.12,2,2024
8782,2023-10-11,1051,USB Cable,Electronics,430.92,1,USA,430.92,10,2023
8783,2022-12-19,1000,Webcam,Office,207.83,4,Israel,831.32,12,2022
8784,2024-07-18,1010,Laptop,Office,379.09,4,Israel,1516.36,7,2024
8785,2024-07-29,1825,Mouse,Electronics,546.32,3,France,1638.96,7,2024
8786,2024-09-10,1746,USB Cable,Office,1016.6,4,UK,4066.4,9,2024
8787,2024-11-08,1639,Laptop,Office,489.63,3,Israel,1468.89,11,2024
8788,2023-10-08,1935,Laptop,Office,1326.74,3,Germany,3980.22,10,2023
8789,2023-09-18,1213,Webcam,Accessories,452.85,1,Germany,452.85,9,2023
8790,2022-05-19,1994,Monitor,Accessories,209.72,3,Germany,629.16,5,2022
8791,2023-12-17,1955,USB Cable,Accessories,257.45,2,UK,514.9,12,2023
8792,2024-02-01,1754,Monitor,Office,1402.2,3,UK,4206.6,2,2024
8793,2022-09-12,1555,Mouse,Electronics,684.95,2,Canada,1369.9,9,2022
8794,2023-11-07,1517,Keyboard,Office,607.67,3,USA,1823.01,11,2023
8795,2022-04-02,1667,Monitor,Office,108.01,2,UK,216.02,4,2022
8796,2024-12-28,1414,USB Cable,Accessories,1101.31,1,USA,1101.31,12,2024
8797,2022-02-06,1007,Webcam,Electronics,1043.51,4,Canada,4174.04,2,2022
8798,2022-05-20,1004,USB Cable,Accessories,566.73,3,Germany,1700.19,5,2022
8799,2024-05-16,1361,Webcam,Electronics,1039.19,1,UK,1039.19,5,2024
8800,2023-11-11,1693,Monitor,Office,554.34,1,France,554.34,11,2023
8801,2022-05-17,1111,Keyboard,Office,114.37,3,Canada,343.11,5,2022
8802,2022-07-09,1272,Headphones,Office,1108.46,3,France,3325.38,7,2022
8803,2022-12-08,1421,Mouse,Electronics,1447.98,2,France,2895.96,12,2022
8804,2024-10-25,1264,USB Cable,Accessories,974.19,3,UK,2922.57,10,2024
8805,2024-08-29,1457,Headphones,Accessories,418.31,3,UK,1254.93,8,2024
8806,2023-10-24,1211,Headphones,Accessories,408.53,2,UK,817.06,10,2023
8807,2022-08-31,1077,Laptop,Electronics,1393.82,2,France,2787.64,8,2022
8808,2023-02-19,1781,Laptop,Electronics,458.42,3,Germany,1375.26,2,2023
8809,2023-12-08,1665,Mouse,Office,1153.45,3,Israel,3460.35,12,2023
8810,2022-12-09,1220,Keyboard,Accessories,966.16,3,Germany,2898.48,12,2022
8811,2023-11-13,1368,Laptop,Electronics,890.94,4,UK,3563.76,11,2023
8812,2023-10-15,1957,USB Cable,Accessories,275.71,4,Israel,1102.84,10,2023
8813,2022-05-26,1346,USB Cable,Accessories,56.44,1,Canada,56.44,5,2022
8814,2022-11-19,1024,Monitor,Electronics,735.57,1,Israel,735.57,11,2022
8815,2022-05-02,1975,USB Cable,Electronics,1482.3,3,Germany,4446.9,5,2022
8816,2022-11-07,1419,Mouse,Office,297.66,2,France,595.32,11,2022
8817,2023-08-24,1353,Webcam,Office,807.62,3,USA,2422.86,8,2023
8818,2023-04-20,1719,Headphones,Office,1008.11,3,France,3024.33,4,2023
8819,2023-07-24,1416,USB Cable,Accessories,728.1,1,France,728.1,7,2023
8820,2023-07-29,1514,Mouse,Accessories,762.87,3,Israel,2288.61,7,2023
8821,2022-12-13,1214,Webcam,Office,993.54,3,UK,2980.62,12,2022
8822,2024-03-30,1906,Webcam,Accessories,1223.28,1,UK,1223.28,3,2024
8823,2023-01-17,1111,Laptop,Accessories,503.26,1,Israel,503.26,1,2023
8824,2022-03-13,1953,Webcam,Accessories,1349.42,2,France,2698.84,3,2022
8825,2023-06-05,1703,Keyboard,Accessories,729.93,2,Germany,1459.86,6,2023
8826,2024-07-21,1913,Webcam,Electronics,994.51,2,Canada,1989.02,7,2024
8827,2022-12-05,1558,Webcam,Electronics,164.24,4,USA,656.96,12,2022
8828,2023-10-26,1427,Headphones,Office,741.26,4,France,2965.04,10,2023
8829,2022-02-09,1732,Keyboard,Office,29.08,3,France,87.24,2,2022
8830,2023-07-28,1698,Mouse,Accessories,589.58,2,USA,1179.16,7,2023
8831,2024-08-23,1561,Keyboard,Accessories,86.45,1,Germany,86.45,8,2024
8832,2023-08-04,1708,Keyboard,Electronics,1345.99,2,USA,2691.98,8,2023
8833,2022-06-19,1215,Mouse,Accessories,1010.84,3,Israel,3032.52,6,2022
8834,2023-12-02,1412,Headphones,Accessories,1188.86,4,USA,4755.44,12,2023
8835,2023-05-26,1732,USB Cable,Office,704.18,4,USA,2816.72,5,2023
8836,2023-08-07,1379,Desk Lamp,Accessories,1278.59,3,France,3835.77,8,2023
8837,2024-09-10,1601,Webcam,Electronics,1310.2,2,France,2620.4,9,2024
8838,2023-04-04,1231,Keyboard,Accessories,538.44,3,UK,1615.32,4,2023
8839,2023-06-13,1834,Keyboard,Accessories,568.4,3,USA,1705.2,6,2023
8840,2022-12-07,1257,USB Cable,Accessories,764.82,4,Israel,3059.28,12,2022
8841,2022-02-26,1664,Mouse,Accessories,68.15,4,UK,272.6,2,2022
8842,2022-08-06,1255,Monitor,Accessories,1493.67,4,Canada,5974.68,8,2022
8843,2023-09-11,1402,USB Cable,Electronics,541.98,3,USA,1625.94,9,2023
8844,2024-03-26,1423,Keyboard,Office,708.91,2,France,1417.82,3,2024
8845,2024-01-01,1769,Laptop,Accessories,1133.36,3,Israel,3400.08,1,2024
8846,2023-04-09,1978,Webcam,Office,449.78,2,Germany,899.56,4,2023
8847,2022-09-04,1064,Webcam,Office,306.44,2,UK,612.88,9,2022
8848,2023-12-31,1189,USB Cable,Electronics,195.54,3,France,586.62,12,2023
8849,2023-01-08,1602,Headphones,Office,794.39,2,Germany,1588.78,1,2023
8850,2023-02-21,1949,USB Cable,Accessories,13.22,2,USA,26.44,2,2023
8851,2024-11-20,1172,Keyboard,Accessories,1065.73,3,Israel,3197.19,11,2024
8852,2023-01-03,1758,Mouse,Accessories,694.78,4,France,2779.12,1,2023
8853,2023-07-13,1767,Laptop,Accessories,800.08,3,France,2400.24,7,2023
8854,2022-04-18,1627,USB Cable,Electronics,398.49,4,Israel,1593.96,4,2022
8855,2023-08-07,1560,Mouse,Office,271.49,2,France,542.98,8,2023
8856,2024-04-18,1226,USB Cable,Electronics,1051.48,4,France,4205.92,4,2024
8857,2023-02-22,1580,Keyboard,Office,319.36,4,USA,1277.44,2,2023
8858,2024-03-31,1933,Laptop,Electronics,1171.23,1,UK,1171.23,3,2024
8859,2023-11-14,1387,Headphones,Electronics,309.49,1,Germany,309.49,11,2023
8860,2022-09-13,1400,Headphones,Electronics,920.96,4,Canada,3683.84,9,2022
8861,2024-02-19,1637,USB Cable,Accessories,967.59,1,Israel,967.59,2,2024
8862,2024-04-17,1948,Desk Lamp,Accessories,760.94,4,Germany,3043.76,4,2024
8863,2024-07-03,1212,Headphones,Electronics,1495.2,1,Israel,1495.2,7,2024
8864,2022-08-23,1052,Desk Lamp,Office,566.89,2,Canada,1133.78,8,2022
8865,2023-07-07,1623,Desk Lamp,Office,1325.57,3,Israel,3976.71,7,2023
8866,2022-06-30,1670,Monitor,Accessories,258.0,1,France,258.0,6,2022
8867,2022-06-06,1751,Mouse,Electronics,509.13,3,Canada,1527.39,6,2022
8868,2023-07-25,1661,Keyboard,Accessories,222.32,1,Canada,222.32,7,2023
8869,2024-05-06,1138,Laptop,Accessories,907.42,4,USA,3629.68,5,2024
8870,2024-11-13,1417,USB Cable,Accessories,959.19,1,Israel,959.19,11,2024
8871,2024-08-05,1624,USB Cable,Electronics,682.99,1,Canada,682.99,8,2024
8872,2023-08-15,1142,Webcam,Electronics,1081.64,3,Germany,3244.92,8,2023
8873,2022-05-14,1881,Webcam,Accessories,1302.14,3,UK,3906.42,5,2022
8874,2023-02-25,1508,Mouse,Electronics,1165.96,1,Germany,1165.96,2,2023
8875,2022-08-01,1649,Keyboard,Office,366.29,3,Canada,1098.87,8,2022
8876,2024-06-18,1485,Monitor,Office,484.0,1,USA,484.0,6,2024
8877,2023-04-27,1991,Keyboard,Accessories,573.51,4,UK,2294.04,4,2023
8878,2022-12-14,1436,Mouse,Office,309.63,4,France,1238.52,12,2022
8879,2022-06-15,1815,Keyboard,Accessories,545.05,2,Germany,1090.1,6,2022
8880,2024-07-25,1542,Webcam,Accessories,360.88,3,Germany,1082.64,7,2024
8881,2022-12-14,1292,Webcam,Accessories,1493.61,1,Canada,1493.61,12,2022
8882,2024-04-28,1619,Laptop,Electronics,1175.96,4,Israel,4703.84,4,2024
8883,2023-02-02,1283,Monitor,Electronics,1290.73,2,Israel,2581.46,2,2023
8884,2023-08-06,1670,Webcam,Electronics,1383.61,2,UK,2767.22,8,2023
8885,2023-12-27,1837,Laptop,Electronics,999.18,1,France,999.18,12,2023
8886,2022-11-04,1013,Monitor,Accessories,268.08,2,Israel,536.16,11,2022
8887,2024-09-17,1633,Webcam,Electronics,1139.0,2,Canada,2278.0,9,2024
8888,2024-03-08,1726,Monitor,Office,28.34,1,Germany,28.34,3,2024
8889,2023-12-20,1271,Desk Lamp,Office,174.28,2,UK,348.56,12,2023
8890,2023-04-11,1024,Keyboard,Electronics,49.23,2,Israel,98.46,4,2023
8891,2022-04-09,1934,Laptop,Office,207.49,1,Israel,207.49,4,2022
8892,2022-06-07,1321,Monitor,Office,1129.25,1,USA,1129.25,6,2022
8893,2023-09-02,1805,USB Cable,Electronics,1328.79,4,UK,5315.16,9,2023
8894,2023-07-08,1680,Monitor,Accessories,421.87,2,UK,843.74,7,2023
8895,2023-10-13,1102,Keyboard,Accessories,183.1,4,Canada,732.4,10,2023
8896,2024-07-08,1865,Webcam,Accessories,413.07,4,France,1652.28,7,2024
8897,2022-08-15,1882,Webcam,Electronics,972.44,3,Israel,2917.32,8,2022
8898,2023-02-27,1039,USB Cable,Accessories,528.55,1,UK,528.55,2,2023
8899,2024-12-31,1234,Mouse,Accessories,1441.91,3,Canada,4325.73,12,2024
8900,2022-08-31,1831,Mouse,Office,200.81,1,France,200.81,8,2022
8901,2023-06-14,1088,Webcam,Accessories,1485.56,3,Israel,4456.68,6,2023
8902,2024-12-04,1099,Desk Lamp,Electronics,23.62,1,Germany,23.62,12,2024
8903,2023-01-06,1143,USB Cable,Accessories,680.28,2,USA,1360.56,1,2023
8904,2023-10-14,1081,Headphones,Office,381.46,2,France,762.92,10,2023
8905,2023-11-20,1588,Headphones,Office,851.6,4,USA,3406.4,11,2023
8906,2024-01-04,1570,USB Cable,Office,149.34,3,Germany,448.02,1,2024
8907,2022-04-02,1228,Monitor,Office,1314.36,4,UK,5257.44,4,2022
8908,2024-11-11,1602,Webcam,Accessories,209.11,3,Israel,627.33,11,2024
8909,2022-06-21,1865,Mouse,Office,883.15,1,UK,883.15,6,2022
8910,2022-06-28,1394,Monitor,Office,54.85,1,USA,54.85,6,2022
8911,2022-08-26,1512,Laptop,Office,469.93,3,UK,1409.79,8,2022
8912,2024-05-26,1780,USB Cable,Accessories,228.84,3,UK,686.52,5,2024
8913,2024-06-20,1797,USB Cable,Electronics,1466.88,2,France,2933.76,6,2024
8914,2022-10-07,1196,Desk Lamp,Office,22.97,3,Canada,68.91,10,2022
8915,2024-11-08,1273,Mouse,Office,531.83,2,France,1063.66,11,2024
8916,2024-01-10,1589,Mouse,Office,457.65,3,Germany,1372.95,1,2024
8917,2023-01-06,1652,Mouse,Accessories,987.77,2,France,1975.54,1,2023
8918,2024-05-19,1799,USB Cable,Accessories,89.29,4,France,357.16,5,2024
8919,2024-10-15,1582,Headphones,Office,1216.87,2,France,2433.74,10,2024
8920,2022-08-09,1967,Keyboard,Electronics,702.45,4,France,2809.8,8,2022
8921,2024-07-08,1561,Desk Lamp,Office,681.89,2,Canada,1363.78,7,2024
8922,2022-10-31,1966,Keyboard,Electronics,344.05,1,Germany,344.05,10,2022
8923,2023-03-14,1371,Desk Lamp,Electronics,737.62,2,France,1475.24,3,2023
8924,2023-01-10,1880,USB Cable,Accessories,549.02,3,France,1647.06,1,2023
8925,2023-01-16,1079,Headphones,Accessories,371.48,4,USA,1485.92,1,2023
8926,2024-09-12,1234,Desk Lamp,Accessories,257.16,3,France,771.48,9,2024
8927,2022-01-14,1286,Webcam,Electronics,1093.86,3,Germany,3281.58,1,2022
8928,2024-01-13,1818,Webcam,Electronics,217.35,1,Canada,217.35,1,2024
8929,2023-10-31,1666,USB Cable,Electronics,256.13,2,Germany,512.26,10,2023
8930,2023-05-15,1571,USB Cable,Accessories,867.72,1,UK,867.72,5,2023
8931,2023-07-19,1544,Headphones,Accessories,342.99,2,France,685.98,7,2023
8932,2023-06-14,1436,Headphones,Accessories,691.77,3,Israel,2075.31,6,2023
8933,2023-05-07,1126,Webcam,Office,831.61,2,UK,1663.22,5,2023
8934,2024-01-25,1732,Keyboard,Electronics,415.27,1,Germany,415.27,1,2024
8935,2022-10-27,1711,Monitor,Electronics,518.61,4,UK,2074.44,10,2022
8936,2024-03-25,1416,Headphones,Office,319.26,1,Israel,319.26,3,2024
8937,2023-07-01,1637,Monitor,Electronics,693.33,1,USA,693.33,7,2023
8938,2023-12-28,1040,Monitor,Electronics,1488.64,1,Israel,1488.64,12,2023
8939,2024-01-01,1786,Laptop,Office,547.25,4,Canada,2189.0,1,2024
8940,2024-04-07,1468,Keyboard,Electronics,981.73,3,Canada,2945.19,4,2024
8941,2023-08-25,1296,Desk Lamp,Accessories,955.66,1,UK,955.66,8,2023
8942,2024-10-28,1596,USB Cable,Office,1180.79,1,France,1180.79,10,2024
8943,2024-02-07,1600,Monitor,Electronics,1069.32,1,USA,1069.32,2,2024
8944,2024-05-24,1041,USB Cable,Accessories,22.61,4,Canada,90.44,5,2024
8945,2024-07-25,1631,USB Cable,Electronics,467.28,4,Israel,1869.12,7,2024
8946,2022-05-11,1278,Keyboard,Office,1306.0,4,France,5224.0,5,2022
8947,2023-08-31,1458,Keyboard,Accessories,811.63,3,Israel,2434.89,8,2023
8948,2022-01-26,1032,Laptop,Electronics,160.82,2,Germany,321.64,1,2022
8949,2023-09-27,1275,Desk Lamp,Office,417.82,3,France,1253.46,9,2023
8950,2023-04-29,1664,USB Cable,Electronics,428.66,3,Germany,1285.98,4,2023
8951,2023-11-11,1089,Webcam,Electronics,1310.4,3,USA,3931.2,11,2023
8952,2024-12-10,1615,Desk Lamp,Accessories,832.33,2,USA,1664.66,12,2024
8953,2022-01-05,1947,Desk Lamp,Electronics,914.44,1,USA,914.44,1,2022
8954,2023-08-12,1523,Keyboard,Office,553.76,4,USA,2215.04,8,2023
8955,2022-07-27,1159,Monitor,Office,95.16,3,Germany,285.48,7,2022
8956,2022-09-14,1928,Webcam,Accessories,117.5,4,Germany,470.0,9,2022
8957,2022-01-11,1457,Webcam,Accessories,633.47,4,Canada,2533.88,1,2022
8958,2024-08-06,1707,Mouse,Electronics,270.35,4,UK,1081.4,8,2024
8959,2022-01-08,1398,Monitor,Office,160.87,1,UK,160.87,1,2022
8960,2024-07-24,1818,Monitor,Accessories,397.05,4,Germany,1588.2,7,2024
8961,2022-02-01,1773,Keyboard,Electronics,1114.36,4,USA,4457.44,2,2022
8962,2023-06-24,1090,Monitor,Electronics,114.16,1,UK,114.16,6,2023
8963,2024-10-01,1708,Desk Lamp,Office,675.1,4,France,2700.4,10,2024
8964,2023-01-22,1580,USB Cable,Office,1240.0,2,Germany,2480.0,1,2023
8965,2023-10-02,1465,Mouse,Electronics,405.55,2,France,811.1,10,2023
8966,2022-07-26,1219,Keyboard,Office,456.3,3,USA,1368.9,7,2022
8967,2023-07-11,1418,Headphones,Electronics,1326.89,2,Canada,2653.78,7,2023
8968,2022-12-14,1378,Monitor,Electronics,976.76,2,Germany,1953.52,12,2022
8969,2024-03-03,1725,Monitor,Office,1197.58,2,UK,2395.16,3,2024
8970,2022-08-22,1929,Laptop,Accessories,437.36,1,Canada,437.36,8,2022
8971,2024-12-03,1446,Headphones,Electronics,1495.19,2,UK,2990.38,12,2024
8972,2024-10-02,1963,Headphones,Office,215.64,4,France,862.56,10,2024
8973,2024-01-07,1145,USB Cable,Electronics,1443.1,3,Germany,4329.3,1,2024
8974,2024-07-30,1232,Mouse,Electronics,1353.64,4,Canada,5414.56,7,2024
8975,2022-06-25,1370,USB Cable,Electronics,830.08,4,USA,3320.32,6,2022
8976,2023-03-25,1921,Headphones,Office,880.02,2,Israel,1760.04,3,2023
8977,2023-08-15,1233,USB Cable,Office,1163.7,3,Israel,3491.1,8,2023
8978,2022-03-23,1725,Desk Lamp,Office,463.64,4,Canada,1854.56,3,2022
8979,2022-05-15,1366,USB Cable,Accessories,793.57,3,USA,2380.71,5,2022
8980,2024-05-05,1480,Laptop,Electronics,1354.05,2,UK,2708.1,5,2024
8981,2023-03-16,1572,Desk Lamp,Accessories,107.03,4,Israel,428.12,3,2023
8982,2024-12-15,1362,Mouse,Electronics,1358.77,1,USA,1358.77,12,2024
8983,2023-11-28,1589,USB Cable,Office,1094.52,4,Canada,4378.08,11,2023
8984,2023-02-23,1510,USB Cable,Electronics,1155.92,4,Canada,4623.68,2,2023
8985,2022-03-29,1094,Headphones,Electronics,101.75,3,Canada,305.25,3,2022
8986,2023-10-18,1841,Mouse,Electronics,285.7,3,France,857.1,10,2023
8987,2024-10-28,1215,Desk Lamp,Accessories,1388.27,3,UK,4164.81,10,2024
8988,2022-08-03,1724,Headphones,Office,190.46,2,USA,380.92,8,2022
8989,2023-07-06,1815,Headphones,Office,948.62,3,Canada,2845.86,7,2023
8990,2023-05-18,1711,USB Cable,Electronics,1175.13,2,France,2350.26,5,2023
8991,2023-11-30,1863,Webcam,Office,350.77,3,Germany,1052.31,11,2023
8992,2022-09-02,1542,Headphones,Accessories,1049.69,1,Israel,1049.69,9,2022
8993,2022-11-05,1801,USB Cable,Accessories,103.04,3,Israel,309.12,11,2022
8994,2022-08-19,1854,Monitor,Office,750.66,2,Israel,1501.32,8,2022
8995,2022-06-04,1984,Headphones,Accessories,504.98,2,USA,1009.96,6,2022
8996,2024-04-27,1134,Monitor,Accessories,970.38,4,Germany,3881.52,4,2024
8997,2022-04-25,1082,Desk Lamp,Office,1334.06,3,USA,4002.18,4,2022
8998,2022-11-07,1390,Keyboard,Office,192.61,2,Canada,385.22,11,2022
8999,2024-09-19,1046,Webcam,Electronics,678.21,4,USA,2712.84,9,2024
9000,2022-10-27,1391,Desk Lamp,Electronics,637.67,1,Germany,637.67,10,2022
9001,2024-11-07,1717,Laptop,Accessories,489.07,2,Canada,978.14,11,2024
9002,2024-02-23,1384,Mouse,Office,722.85,3,Canada,2168.55,2,2024
9003,2022-01-12,1380,Mouse,Accessories,1321.69,1,France,1321.69,1,2022
9004,2022-08-20,1076,Keyboard,Office,1460.62,2,Canada,2921.24,8,2022
9005,2024-08-12,1258,Headphones,Accessories,9.25,3,UK,27.75,8,2024
9006,2023-12-31,1948,Laptop,Accessories,1109.85,2,Israel,2219.7,12,2023
9007,2024-10-14,1603,Keyboard,Accessories,924.55,3,Germany,2773.65,10,2024
9008,2024-09-25,1933,Keyboard,Electronics,1491.8,4,France,5967.2,9,2024
9009,2022-10-30,1946,Mouse,Office,139.45,2,Canada,278.9,10,2022
9010,2023-06-25,1398,Monitor,Accessories,1217.96,2,Germany,2435.92,6,2023
9011,2023-04-15,1099,Desk Lamp,Electronics,1401.22,1,UK,1401.22,4,2023
9012,2024-03-23,1500,Desk Lamp,Accessories,1368.61,4,Germany,5474.44,3,2024
9013,2022-03-18,1382,Monitor,Accessories,843.06,1,Germany,843.06,3,2022
9014,2024-10-16,1706,Headphones,Office,494.7,2,France,989.4,10,2024
9015,2022-01-24,1191,Headphones,Accessories,961.66,4,Israel,3846.64,1,2022
9016,2024-11-04,1579,USB Cable,Office,462.58,3,Israel,1387.74,11,2024
9017,2023-11-07,1900,USB Cable,Electronics,621.34,4,France,2485.36,11,2023
9018,2023-06-09,1753,Desk Lamp,Electronics,671.36,4,France,2685.44,6,2023
9019,2022-12-13,1601,Keyboard,Accessories,456.42,3,USA,1369.26,12,2022
9020,2022-06-21,1344,Headphones,Electronics,516.03,2,USA,1032.06,6,2022
9021,2023-12-13,1009,Monitor,Office,15.93,2,UK,31.86,12,2023
9022,2023-05-04,1263,Desk Lamp,Office,449.13,1,USA,449.13,5,2023
9023,2023-01-13,1267,Laptop,Electronics,711.1,2,USA,1422.2,1,2023
9024,2023-01-07,1831,Mouse,Office,263.65,2,Germany,527.3,1,2023
9025,2024-09-26,1629,Monitor,Office,1209.35,3,Germany,3628.05,9,2024
9026,2024-09-03,1761,USB Cable,Accessories,808.77,1,France,808.77,9,2024
9027,2024-01-27,1570,Webcam,Accessories,1191.85,4,Canada,4767.4,1,2024
9028,2023-04-22,1194,Headphones,Office,196.51,1,Israel,196.51,4,2023
9029,2023-01-17,1986,Mouse,Electronics,1231.66,2,UK,2463.32,1,2023
9030,2022-06-04,1561,Webcam,Office,1437.6,1,USA,1437.6,6,2022
9031,2022-09-14,1406,Desk Lamp,Accessories,531.92,4,Germany,2127.68,9,2022
9032,2023-11-05,1295,Mouse,Electronics,429.51,3,Israel,1288.53,11,2023
9033,2022-03-09,1889,Keyboard,Office,972.01,2,USA,1944.02,3,2022
9034,2022-12-10,1096,Desk Lamp,Electronics,955.69,2,Canada,1911.38,12,2022
9035,2023-11-04,1461,Headphones,Electronics,173.14,4,Israel,692.56,11,2023
9036,2023-01-26,1638,Keyboard,Electronics,1390.5,3,Germany,4171.5,1,2023
9037,2022-09-16,1757,Desk Lamp,Office,721.19,1,France,721.19,9,2022
9038,2022-11-03,1086,Mouse,Accessories,1147.8,4,Canada,4591.2,11,2022
9039,2024-08-07,1990,Keyboard,Electronics,542.18,1,Canada,542.18,8,2024
9040,2024-08-27,1076,Desk Lamp,Electronics,396.0,3,USA,1188.0,8,2024
9041,2022-09-03,1888,Desk Lamp,Office,171.35,3,USA,514.05,9,2022
9042,2024-01-03,1715,Headphones,Accessories,415.41,3,UK,1246.23,1,2024
9043,2022-07-06,1482,Monitor,Accessories,1490.18,3,USA,4470.54,7,2022
9044,2024-07-13,1145,Laptop,Office,988.65,1,Germany,988.65,7,2024
9045,2024-02-24,1660,Webcam,Electronics,1205.16,4,Israel,4820.64,2,2024
9046,2023-02-12,1110,Monitor,Office,1437.97,4,Canada,5751.88,2,2023
9047,2022-12-07,1640,Desk Lamp,Accessories,123.09,1,Israel,123.09,12,2022
9048,2023-07-17,1764,Mouse,Electronics,251.22,3,France,753.66,7,2023
9049,2023-10-13,1677,Desk Lamp,Electronics,1392.31,3,Canada,4176.93,10,2023
9050,2024-08-09,1296,Monitor,Accessories,849.01,2,Canada,1698.02,8,2024
9051,2024-11-28,1425,Keyboard,Electronics,954.1,2,France,1908.2,11,2024
9052,2022-03-10,1648,Headphones,Office,644.31,1,Germany,644.31,3,2022
9053,2023-01-16,1790,Monitor,Accessories,1222.57,4,Israel,4890.28,1,2023
9054,2022-02-26,1333,Monitor,Accessories,778.28,2,Canada,1556.56,2,2022
9055,2024-04-29,1522,Headphones,Electronics,1240.06,2,France,2480.12,4,2024
9056,2024-07-04,1582,Keyboard,Accessories,1488.32,4,Canada,5953.28,7,2024
9057,2022-11-21,1670,Laptop,Office,971.86,2,France,1943.72,11,2022
9058,2023-04-06,1727,Monitor,Accessories,795.58,4,UK,3182.32,4,2023
9059,2022-06-28,1537,Webcam,Electronics,550.91,1,UK,550.91,6,2022
9060,2024-04-23,1797,Mouse,Accessories,296.07,2,Germany,592.14,4,2024
9061,2023-07-28,1161,USB Cable,Electronics,986.7,3,Germany,2960.1,7,2023
9062,2022-04-29,1429,Keyboard,Electronics,98.64,1,Germany,98.64,4,2022
9063,2023-07-03,1613,Desk Lamp,Office,1434.65,2,Germany,2869.3,7,2023
9064,2023-10-08,1068,Keyboard,Accessories,973.1,4,Israel,3892.4,10,2023
9065,2022-01-26,1132,Monitor,Office,1439.25,1,USA,1439.25,1,2022
9066,2024-10-28,1188,Webcam,Office,412.05,2,Germany,824.1,10,2024
9067,2024-08-26,1722,USB Cable,Accessories,1420.04,1,UK,1420.04,8,2024
9068,2023-06-17,1754,Desk Lamp,Office,920.13,3,Canada,2760.39,6,2023
9069,2022-05-29,1677,Headphones,Office,1216.34,2,USA,2432.68,5,2022
9070,2024-11-14,1923,USB Cable,Electronics,272.49,2,USA,544.98,11,2024
9071,2023-10-17,1921,Monitor,Office,752.67,4,Israel,3010.68,10,2023
9072,2024-08-02,1572,Monitor,Accessories,855.6,1,France,855.6,8,2024
9073,2023-07-09,1873,Headphones,Electronics,592.32,3,Canada,1776.96,7,2023
9074,2023-03-01,1278,Mouse,Office,383.58,4,Canada,1534.32,3,2023
9075,2022-10-20,1429,Headphones,Office,1357.64,2,USA,2715.28,10,2022
9076,2023-07-08,1624,Monitor,Accessories,132.16,4,Israel,528.64,7,2023
9077,2023-03-07,1541,Laptop,Office,235.21,4,Israel,940.84,3,2023
9078,2023-08-27,1834,Headphones,Accessories,484.16,3,Israel,1452.48,8,2023
9079,2022-11-13,1987,Desk Lamp,Office,1380.06,2,Germany,2760.12,11,2022
9080,2023-02-02,1160,Mouse,Office,848.49,3,Canada,2545.47,2,2023
9081,2023-08-19,1745,Headphones,Accessories,562.89,2,France,1125.78,8,2023
9082,2023-06-30,1898,Headphones,Electronics,607.0,1,Germany,607.0,6,2023
9083,2022-03-17,1452,Keyboard,Accessories,1257.48,1,UK,1257.48,3,2022
9084,2024-05-14,1888,Keyboard,Electronics,45.04,3,France,135.12,5,2024
9085,2024-07-04,1850,Monitor,Electronics,21.95,4,Germany,87.8,7,2024
9086,2023-12-10,1169,Desk Lamp,Accessories,73.9,2,France,147.8,12,2023
9087,2023-05-01,1829,Monitor,Accessories,706.46,2,UK,1412.92,5,2023
9088,2024-01-17,1697,USB Cable,Office,873.97,3,Germany,2621.91,1,2024
9089,2024-10-27,1056,Desk Lamp,Office,938.58,4,France,3754.32,10,2024
9090,2023-07-04,1239,Headphones,Electronics,1098.05,4,UK,4392.2,7,2023
9091,2024-09-02,1768,Laptop,Office,288.64,2,Canada,577.28,9,2024
9092,2024-12-11,1357,Webcam,Accessories,397.12,1,Israel,397.12,12,2024
9093,2024-07-30,1200,Monitor,Electronics,369.04,2,France,738.08,7,2024
9094,2024-07-07,1443,Headphones,Office,228.01,1,UK,228.01,7,2024
9095,2022-12-29,1836,Headphones,Office,370.37,3,Canada,1111.11,12,2022
9096,2023-01-17,1826,Webcam,Accessories,922.41,4,Israel,3689.64,1,2023
9097,2022-09-28,1301,Headphones,Accessories,552.79,2,UK,1105.58,9,2022
9098,2024-11-03,1105,Webcam,Office,1153.03,3,Canada,3459.09,11,2024
9099,2022-10-25,1801,Webcam,Electronics,806.95,4,Canada,3227.8,10,2022
9100,2024-09-30,1100,USB Cable,Electronics,322.0,1,Canada,322.0,9,2024
9101,2022-08-22,1096,Headphones,Accessories,703.74,3,USA,2111.22,8,2022
9102,2023-07-29,1664,USB Cable,Accessories,892.09,3,UK,2676.27,7,2023
9103,2022-01-27,1937,Headphones,Accessories,1299.96,2,Germany,2599.92,1,2022
9104,2022-04-03,1028,Keyboard,Office,1251.41,3,Germany,3754.23,4,2022
9105,2023-09-09,1505,Webcam,Office,642.59,3,Germany,1927.77,9,2023
9106,2022-11-05,1664,Mouse,Accessories,973.28,2,Germany,1946.56,11,2022
9107,2022-02-21,1437,Webcam,Electronics,450.22,3,Canada,1350.66,2,2022
9108,2022-11-15,1378,Mouse,Accessories,951.34,1,Canada,951.34,11,2022
9109,2022-06-30,1072,Headphones,Accessories,1369.62,2,USA,2739.24,6,2022
9110,2024-05-24,1253,Monitor,Electronics,938.69,1,USA,938.69,5,2024
9111,2024-12-02,1962,Laptop,Electronics,459.14,2,USA,918.28,12,2024
9112,2023-10-09,1910,USB Cable,Electronics,967.76,4,Israel,3871.04,10,2023
9113,2022-07-16,1515,Headphones,Electronics,1354.62,3,France,4063.86,7,2022
9114,2023-10-07,1748,Laptop,Office,209.89,4,Germany,839.56,10,2023
9115,2024-08-28,1549,Keyboard,Office,726.26,1,France,726.26,8,2024
9116,2022-09-12,1019,Mouse,Accessories,484.97,4,Germany,1939.88,9,2022
9117,2024-01-02,1624,USB Cable,Office,365.99,1,Germany,365.99,1,2024
9118,2022-12-02,1534,Keyboard,Accessories,597.33,4,Germany,2389.32,12,2022
9119,2024-09-16,1420,Monitor,Accessories,593.98,1,USA,593.98,9,2024
9120,2024-06-18,1445,Monitor,Electronics,319.6,3,Canada,958.8,6,2024
9121,2023-05-29,1878,Webcam,Electronics,608.42,4,Israel,2433.68,5,2023
9122,2022-08-30,1135,USB Cable,Office,952.43,1,Germany,952.43,8,2022
9123,2022-05-29,1504,USB Cable,Office,43.47,1,Germany,43.47,5,2022
9124,2024-01-27,1932,USB Cable,Office,1483.89,4,Germany,5935.56,1,2024
9125,2023-09-12,1759,Headphones,Office,447.44,4,UK,1789.76,9,2023
9126,2023-03-29,1300,Desk Lamp,Electronics,937.35,4,Germany,3749.4,3,2023
9127,2022-07-31,1608,Desk Lamp,Electronics,428.91,3,USA,1286.73,7,2022
9128,2023-10-30,1032,Webcam,Office,593.34,3,USA,1780.02,10,2023
9129,2023-08-17,1646,Monitor,Accessories,826.11,3,France,2478.33,8,2023
9130,2022-05-11,1766,Monitor,Electronics,919.72,4,Canada,3678.88,5,2022
9131,2023-09-04,1277,Webcam,Electronics,1156.83,1,Canada,1156.83,9,2023
9132,2022-09-13,1132,Keyboard,Electronics,1188.57,1,USA,1188.57,9,2022
9133,2023-07-15,1749,Laptop,Electronics,780.46,1,France,780.46,7,2023
9134,2022-03-04,1526,Mouse,Office,118.21,2,Israel,236.42,3,2022
9135,2023-02-11,1788,Monitor,Office,838.89,4,UK,3355.56,2,2023
9136,2024-03-12,1125,Webcam,Accessories,718.98,1,USA,718.98,3,2024
9137,2022-01-15,1344,Monitor,Electronics,327.0,4,Germany,1308.0,1,2022
9138,2022-09-16,1016,Keyboard,Office,20.19,4,Israel,80.76,9,2022
9139,2023-12-24,1823,USB Cable,Office,477.37,1,Germany,477.37,12,2023
9140,2023-09-06,1561,USB Cable,Electronics,392.94,4,France,1571.76,9,2023
9141,2024-12-04,1646,Desk Lamp,Office,726.95,2,France,1453.9,12,2024
9142,2024-03-23,1629,Mouse,Office,1143.59,2,UK,2287.18,3,2024
9143,2022-11-27,1377,Desk Lamp,Office,661.36,1,Israel,661.36,11,2022
9144,2022-06-14,1817,USB Cable,Accessories,1427.59,4,France,5710.36,6,2022
9145,2024-12-24,1059,USB Cable,Office,335.86,2,Germany,671.72,12,2024
9146,2023-01-22,1636,Keyboard,Electronics,335.32,1,Canada,335.32,1,2023
9147,2024-11-19,1466,Desk Lamp,Electronics,908.65,3,USA,2725.95,11,2024
9148,2022-11-24,1627,Laptop,Electronics,1344.91,3,USA,4034.73,11,2022
9149,2022-11-16,1390,Keyboard,Office,1009.43,3,Canada,3028.29,11,2022
9150,2023-02-03,1935,Mouse,Accessories,1012.15,3,Israel,3036.45,2,2023
9151,2022-04-15,1684,USB Cable,Office,1210.4,2,Israel,2420.8,4,2022
9152,2023-11-27,1186,Desk Lamp,Electronics,1004.68,1,France,1004.68,11,2023
9153,2024-10-13,1497,Mouse,Accessories,1140.22,2,USA,2280.44,10,2024
9154,2022-11-26,1599,Monitor,Accessories,1299.86,3,Canada,3899.58,11,2022
9155,2023-10-22,1714,Laptop,Office,16.83,4,UK,67.32,10,2023
9156,2024-12-06,1360,Headphones,Electronics,1329.01,3,Canada,3987.03,12,2024
9157,2023-08-22,1822,Monitor,Office,326.82,4,UK,1307.28,8,2023
9158,2024-03-31,1831,USB Cable,Electronics,1368.6,1,Canada,1368.6,3,2024
9159,2023-10-03,1448,Webcam,Accessories,402.94,2,Canada,805.88,10,2023
9160,2022-11-10,1693,Keyboard,Office,685.58,4,Canada,2742.32,11,2022
9161,2023-04-07,1863,Desk Lamp,Accessories,1401.16,3,Canada,4203.48,4,2023
9162,2023-05-01,1679,Desk Lamp,Electronics,169.07,2,Canada,338.14,5,2023
9163,2023-02-14,1180,Keyboard,Accessories,1119.2,4,Canada,4476.8,2,2023
9164,2022-01-27,1811,Mouse,Accessories,591.71,1,UK,591.71,1,2022
9165,2024-11-18,1958,Webcam,Accessories,41.03,4,UK,164.12,11,2024
9166,2022-09-28,1129,Mouse,Office,1409.0,4,France,5636.0,9,2022
9167,2023-11-17,1974,Webcam,Electronics,181.15,1,Canada,181.15,11,2023
9168,2023-05-16,1148,Mouse,Accessories,1162.34,2,Germany,2324.68,5,2023
9169,2023-01-20,1471,Headphones,Accessories,579.48,1,UK,579.48,1,2023
9170,2022-03-01,1817,Headphones,Accessories,1216.82,2,France,2433.64,3,2022
9171,2022-08-08,1720,Monitor,Accessories,1126.68,2,UK,2253.36,8,2022
9172,2024-02-10,1622,Headphones,Electronics,951.66,2,UK,1903.32,2,2024
9173,2023-07-18,1947,Webcam,Electronics,1409.14,4,Canada,5636.56,7,2023
9174,2023-06-30,1499,Mouse,Office,152.89,3,Germany,458.67,6,2023
9175,2022-04-06,1648,Webcam,Electronics,1198.88,3,UK,3596.64,4,2022
9176,2024-09-15,1354,Monitor,Electronics,1007.82,4,France,4031.28,9,2024
9177,2024-04-07,1915,Monitor,Accessories,475.51,2,Canada,951.02,4,2024
9178,2022-08-19,1210,USB Cable,Office,821.23,1,France,821.23,8,2022
9179,2024-08-25,1657,Laptop,Office,968.72,1,USA,968.72,8,2024
9180,2022-10-02,1595,Headphones,Accessories,1105.73,3,Israel,3317.19,10,2022
9181,2022-09-03,1029,Keyboard,Office,284.65,2,UK,569.3,9,2022
9182,2022-04-21,1999,Keyboard,Electronics,157.66,4,Canada,630.64,4,2022
9183,2022-08-22,1576,Laptop,Office,157.57,4,UK,630.28,8,2022
9184,2023-02-21,1023,Mouse,Accessories,444.33,3,France,1332.99,2,2023
9185,2023-11-09,1983,Laptop,Office,235.49,2,UK,470.98,11,2023
9186,2024-03-13,1942,Mouse,Office,805.78,1,Canada,805.78,3,2024
9187,2023-09-11,1722,Desk Lamp,Office,658.37,1,France,658.37,9,2023
9188,2023-12-08,1221,Headphones,Accessories,1340.13,4,USA,5360.52,12,2023
9189,2024-04-30,1601,Headphones,Electronics,1077.52,3,Canada,3232.56,4,2024
9190,2023-04-20,1617,Monitor,Office,312.69,4,UK,1250.76,4,2023
9191,2023-10-17,1683,Monitor,Electronics,73.36,1,Canada,73.36,10,2023
9192,2023-01-30,1741,Monitor,Electronics,1065.19,4,Canada,4260.76,1,2023
9193,2022-04-21,1924,Desk Lamp,Electronics,1269.51,2,USA,2539.02,4,2022
9194,2022-03-31,1588,Monitor,Office,1052.99,1,USA,1052.99,3,2022
9195,2024-02-02,1579,Keyboard,Electronics,967.47,1,Israel,967.47,2,2024
9196,2022-05-12,1876,USB Cable,Office,377.73,4,France,1510.92,5,2022
9197,2024-11-02,1400,Monitor,Office,744.43,4,USA,2977.72,11,2024
9198,2023-04-02,1864,Desk Lamp,Office,1088.82,3,France,3266.46,4,2023
9199,2022-04-08,1900,Monitor,Electronics,294.1,4,Israel,1176.4,4,2022
9200,2022-10-20,1603,Monitor,Office,717.43,2,France,1434.86,10,2022
9201,2024-10-21,1511,Mouse,Accessories,179.96,3,Canada,539.88,10,2024
9202,2023-07-26,1087,Webcam,Accessories,798.42,3,Israel,2395.26,7,2023
9203,2022-09-07,1464,Monitor,Accessories,862.44,1,UK,862.44,9,2022
9204,2023-10-14,1049,Desk Lamp,Office,805.4,2,Israel,1610.8,10,2023
9205,2022-05-29,1102,Laptop,Accessories,706.85,2,Israel,1413.7,5,2022
9206,2022-02-13,1367,Monitor,Office,883.24,3,Israel,2649.72,2,2022
9207,2024-12-03,1935,Monitor,Office,1495.22,3,Germany,4485.66,12,2024
9208,2022-06-11,1491,Keyboard,Office,935.69,1,USA,935.69,6,2022
9209,2022-09-10,1557,Webcam,Electronics,1130.09,4,France,4520.36,9,2022
9210,2022-05-12,1690,Monitor,Accessories,292.22,2,Canada,584.44,5,2022
9211,2023-04-19,1778,Webcam,Office,797.38,2,France,1594.76,4,2023
9212,2023-12-07,1267,Mouse,Accessories,16.22,1,Germany,16.22,12,2023
9213,2024-11-24,1396,Headphones,Accessories,52.03,3,UK,156.09,11,2024
9214,2022-10-02,1319,Webcam,Electronics,487.11,2,Canada,974.22,10,2022
9215,2022-07-06,1519,Webcam,Accessories,702.57,1,USA,702.57,7,2022
9216,2024-08-06,1448,Monitor,Office,865.58,3,USA,2596.74,8,2024
9217,2022-08-31,1776,USB Cable,Office,1332.57,1,USA,1332.57,8,2022
9218,2022-09-21,1475,Monitor,Accessories,1158.78,2,USA,2317.56,9,2022
9219,2023-06-06,1897,Monitor,Accessories,453.47,3,Germany,1360.41,6,2023
9220,2024-08-20,1589,Keyboard,Electronics,1116.51,1,France,1116.51,8,2024
9221,2024-02-22,1908,USB Cable,Office,826.34,1,UK,826.34,2,2024
9222,2023-06-19,1239,Headphones,Accessories,1169.88,1,Canada,1169.88,6,2023
9223,2022-07-29,1257,Keyboard,Accessories,619.52,2,Canada,1239.04,7,2022
9224,2022-02-15,1707,Desk Lamp,Office,142.38,2,UK,284.76,2,2022
9225,2022-01-26,1971,Keyboard,Accessories,929.64,4,UK,3718.56,1,2022
9226,2022-06-24,1943,Keyboard,Electronics,837.77,2,Germany,1675.54,6,2022
9227,2022-11-18,1841,USB Cable,Accessories,1430.64,1,Germany,1430.64,11,2022
9228,2022-02-24,1642,Mouse,Accessories,247.38,2,Israel,494.76,2,2022
9229,2023-10-30,1963,Headphones,Electronics,985.92,1,Germany,985.92,10,2023
9230,2022-05-27,1389,Mouse,Electronics,713.74,1,USA,713.74,5,2022
9231,2023-08-22,1342,Mouse,Electronics,571.49,1,France,571.49,8,2023
9232,2022-01-20,1772,Headphones,Office,1192.88,3,UK,3578.64,1,2022
9233,2022-11-29,1753,Mouse,Accessories,1216.92,4,Germany,4867.68,11,2022
9234,2024-06-25,1386,USB Cable,Accessories,1073.33,4,France,4293.32,6,2024
9235,2024-08-01,1393,Headphones,Electronics,129.98,1,USA,129.98,8,2024
9236,2024-06-29,1682,Webcam,Office,520.94,2,Germany,1041.88,6,2024
9237,2023-02-05,1658,Desk Lamp,Electronics,74.89,4,Germany,299.56,2,2023
9238,2024-08-07,1269,Webcam,Accessories,518.8,1,France,518.8,8,2024
9239,2022-01-28,1148,Monitor,Office,973.64,2,Canada,1947.28,1,2022
9240,2023-04-12,1379,Keyboard,Office,780.47,3,Canada,2341.41,4,2023
9241,2024-09-08,1810,Desk Lamp,Accessories,1055.89,3,USA,3167.67,9,2024
9242,2022-04-11,1027,Webcam,Office,829.44,1,Germany,829.44,4,2022
9243,2023-07-05,1148,Webcam,Office,835.94,2,France,1671.88,7,2023
9244,2024-03-12,1419,Mouse,Electronics,768.89,3,USA,2306.67,3,2024
9245,2022-12-19,1279,Headphones,Office,549.67,3,Germany,1649.01,12,2022
9246,2022-10-23,1181,Laptop,Electronics,672.61,3,Canada,2017.83,10,2022
9247,2022-12-19,1165,Mouse,Office,173.09,2,Germany,346.18,12,2022
9248,2024-06-26,1016,Mouse,Electronics,1252.59,1,UK,1252.59,6,2024
9249,2024-10-15,1149,USB Cable,Electronics,1334.37,1,Israel,1334.37,10,2024
9250,2023-03-31,1338,Headphones,Office,1150.57,3,USA,3451.71,3,2023
9251,2023-12-13,1044,Laptop,Electronics,877.46,1,France,877.46,12,2023
9252,2024-09-06,1501,Laptop,Accessories,855.92,4,UK,3423.68,9,2024
9253,2024-01-09,1841,Monitor,Accessories,708.13,3,Germany,2124.39,1,2024
9254,2024-09-03,1188,Mouse,Office,350.86,2,France,701.72,9,2024
9255,2022-08-21,1650,USB Cable,Office,578.79,1,UK,578.79,8,2022
9256,2024-10-20,1060,Keyboard,Office,1484.91,2,UK,2969.82,10,2024
9257,2022-04-12,1293,Webcam,Accessories,222.98,1,Canada,222.98,4,2022
9258,2024-08-10,1833,Mouse,Office,816.31,2,Canada,1632.62,8,2024
9259,2023-04-26,1032,Keyboard,Office,1300.46,2,Israel,2600.92,4,2023
9260,2022-04-18,1298,Desk Lamp,Electronics,682.24,1,Canada,682.24,4,2022
9261,2024-08-30,1414,Keyboard,Office,910.39,3,UK,2731.17,8,2024
9262,2023-12-05,1623,Desk Lamp,Accessories,1242.55,3,USA,3727.65,12,2023
9263,2022-12-01,1802,Desk Lamp,Accessories,823.6,2,Israel,1647.2,12,2022
9264,2022-03-27,1548,Headphones,Office,1098.55,4,Israel,4394.2,3,2022
9265,2024-01-04,1430,Mouse,Accessories,524.17,2,Germany,1048.34,1,2024
9266,2024-05-24,1494,Headphones,Electronics,1100.87,4,Germany,4403.48,5,2024
9267,2022-12-30,1099,Monitor,Electronics,66.33,3,USA,198.99,12,2022
9268,2022-03-01,1022,Keyboard,Office,233.58,4,France,934.32,3,2022
9269,2023-07-14,1419,Laptop,Office,957.76,1,Canada,957.76,7,2023
9270,2022-04-27,1423,Keyboard,Electronics,676.19,4,Canada,2704.76,4,2022
9271,2024-05-23,1486,Monitor,Electronics,1243.38,1,USA,1243.38,5,2024
9272,2024-07-03,1729,Keyboard,Office,516.25,2,Israel,1032.5,7,2024
9273,2024-08-25,1088,Headphones,Accessories,1151.98,4,Germany,4607.92,8,2024
9274,2024-09-25,1208,Desk Lamp,Office,212.97,1,USA,212.97,9,2024
9275,2022-02-13,1270,Mouse,Office,1395.57,2,Germany,2791.14,2,2022
9276,2023-05-24,1932,Laptop,Office,630.57,4,USA,2522.28,5,2023
9277,2024-04-28,1748,Headphones,Office,350.2,4,Canada,1400.8,4,2024
9278,2024-07-05,1899,Webcam,Office,1184.78,1,USA,1184.78,7,2024
9279,2024-06-16,1405,Desk Lamp,Office,1422.09,2,UK,2844.18,6,2024
9280,2024-03-09,1720,Mouse,Office,1377.53,1,USA,1377.53,3,2024
9281,2024-05-25,1277,Laptop,Accessories,360.72,4,Germany,1442.88,5,2024
9282,2022-10-13,1976,Monitor,Office,1009.65,2,USA,2019.3,10,2022
9283,2023-11-15,1205,Keyboard,Electronics,822.55,3,France,2467.65,11,2023
9284,2024-03-29,1589,Laptop,Office,1089.03,3,Canada,3267.09,3,2024
9285,2022-05-01,1912,USB Cable,Accessories,732.96,3,Canada,2198.88,5,2022
9286,2024-08-02,1327,Webcam,Electronics,707.3,4,UK,2829.2,8,2024
9287,2024-10-14,1609,Monitor,Office,1324.65,3,USA,3973.95,10,2024
9288,2024-06-25,1857,Mouse,Office,1307.53,4,France,5230.12,6,2024
9289,2022-01-13,1876,USB Cable,Electronics,1182.46,2,Germany,2364.92,1,2022
9290,2023-08-26,1861,Laptop,Office,1058.82,1,France,1058.82,8,2023
9291,2022-07-19,1981,Monitor,Accessories,1019.16,4,Canada,4076.64,7,2022
9292,2023-08-09,1335,Mouse,Office,88.99,2,UK,177.98,8,2023
9293,2023-03-24,1605,USB Cable,Accessories,1125.56,2,Germany,2251.12,3,2023
9294,2024-04-20,1591,USB Cable,Office,958.97,2,USA,1917.94,4,2024
9295,2024-12-30,1037,Headphones,Electronics,457.11,1,USA,457.11,12,2024
9296,2023-08-13,1919,Keyboard,Accessories,1231.05,4,France,4924.2,8,2023
9297,2024-06-07,1227,Monitor,Office,1249.51,2,USA,2499.02,6,2024
9298,2022-02-12,1482,USB Cable,Office,1398.63,3,Germany,4195.89,2,2022
9299,2023-06-04,1133,Headphones,Electronics,630.45,3,Canada,1891.35,6,2023
9300,2024-11-02,1707,Webcam,Electronics,829.12,2,Germany,1658.24,11,2024
9301,2023-12-26,1977,Desk Lamp,Accessories,1359.4,3,USA,4078.2,12,2023
9302,2023-09-15,1389,Webcam,Accessories,478.62,3,France,1435.86,9,2023
9303,2024-09-14,1793,Mouse,Accessories,1195.98,4,USA,4783.92,9,2024
9304,2024-03-13,1612,USB Cable,Office,1487.99,1,Canada,1487.99,3,2024
9305,2023-06-19,1986,USB Cable,Office,979.64,4,Israel,3918.56,6,2023
9306,2022-10-29,1424,Laptop,Accessories,1475.64,2,USA,2951.28,10,2022
9307,2023-06-11,1586,USB Cable,Office,776.14,2,UK,1552.28,6,2023
9308,2023-04-05,1805,Keyboard,Electronics,233.81,3,USA,701.43,4,2023
9309,2024-04-11,1509,Mouse,Office,267.52,4,Canada,1070.08,4,2024
9310,2023-05-20,1719,Monitor,Accessories,1098.4,2,Israel,2196.8,5,2023
9311,2024-07-20,1594,USB Cable,Office,6.36,2,UK,12.72,7,2024
9312,2022-11-21,1426,Desk Lamp,Electronics,994.52,3,France,2983.56,11,2022
9313,2023-08-02,1948,Keyboard,Accessories,231.15,3,UK,693.45,8,2023
9314,2024-01-31,1654,USB Cable,Accessories,1476.63,2,Germany,2953.26,1,2024
9315,2024-04-30,1473,Headphones,Accessories,248.88,4,Canada,995.52,4,2024
9316,2024-08-17,1567,Keyboard,Accessories,830.93,1,Israel,830.93,8,2024
9317,2023-05-17,1360,Headphones,Office,1005.82,4,Germany,4023.28,5,2023
9318,2022-11-30,1951,Mouse,Electronics,1230.15,3,Germany,3690.45,11,2022
9319,2022-10-11,1798,Desk Lamp,Office,691.6,2,UK,1383.2,10,2022
9320,2023-04-20,1210,USB Cable,Office,1401.03,3,UK,4203.09,4,2023
9321,2024-12-13,1952,Laptop,Accessories,722.97,2,Germany,1445.94,12,2024
9322,2023-09-24,1178,Webcam,Electronics,381.83,2,Canada,763.66,9,2023
9323,2023-12-04,1919,Keyboard,Office,891.59,1,France,891.59,12,2023
9324,2023-02-13,1057,Laptop,Electronics,988.72,3,USA,2966.16,2,2023
9325,2024-09-08,1072,Laptop,Electronics,763.55,1,USA,763.55,9,2024
9326,2023-07-13,1214,Webcam,Electronics,1101.11,4,Israel,4404.44,7,2023
9327,2022-08-10,1899,Keyboard,Electronics,633.92,3,UK,1901.76,8,2022
9328,2022-06-07,1777,USB Cable,Office,11.48,1,USA,11.48,6,2022
9329,2022-12-14,1958,Desk Lamp,Electronics,400.49,3,France,1201.47,12,2022
9330,2024-06-07,1072,Keyboard,Office,1419.13,1,Israel,1419.13,6,2024
9331,2024-07-10,1466,Laptop,Electronics,1146.02,1,Canada,1146.02,7,2024
9332,2023-10-24,1270,Monitor,Electronics,288.35,3,UK,865.05,10,2023
9333,2023-02-09,1498,Monitor,Office,104.65,4,USA,418.6,2,2023
9334,2023-11-08,1353,Keyboard,Accessories,529.44,1,Germany,529.44,11,2023
9335,2023-08-12,1233,Desk Lamp,Office,1255.27,1,France,1255.27,8,2023
9336,2023-07-12,1318,Laptop,Electronics,163.44,3,France,490.32,7,2023
9337,2024-06-23,1018,Laptop,Office,817.31,4,UK,3269.24,6,2024
9338,2024-12-06,1624,Mouse,Electronics,416.13,3,Canada,1248.39,12,2024
9339,2023-04-24,1574,Laptop,Office,1090.75,2,France,2181.5,4,2023
9340,2023-05-02,1371,Webcam,Office,5.61,3,UK,16.83,5,2023
9341,2023-07-20,1183,Monitor,Office,419.38,2,France,838.76,7,2023
9342,2023-06-08,1276,Mouse,Accessories,1020.48,1,USA,1020.48,6,2023
9343,2023-12-05,1673,USB Cable,Office,822.39,4,Canada,3289.56,12,2023
9344,2024-10-26,1754,Webcam,Office,1169.4,4,UK,4677.6,10,2024
9345,2024-03-31,1144,USB Cable,Accessories,240.73,3,France,722.19,3,2024
9346,2024-05-07,1657,Monitor,Accessories,798.81,2,USA,1597.62,5,2024
9347,2023-08-08,1080,Webcam,Electronics,297.68,3,Canada,893.04,8,2023
9348,2023-11-17,1321,Headphones,Electronics,960.63,4,USA,3842.52,11,2023
9349,2022-08-20,1434,Keyboard,Office,201.36,2,USA,402.72,8,2022
9350,2022-09-27,1832,Desk Lamp,Electronics,227.3,4,Canada,909.2,9,2022
9351,2024-07-28,1042,Headphones,Office,495.67,2,UK,991.34,7,2024
9352,2024-05-23,1312,Keyboard,Accessories,605.85,3,UK,1817.55,5,2024
9353,2022-02-21,1905,Monitor,Accessories,750.35,1,France,750.35,2,2022
9354,2022-04-26,1292,Monitor,Office,873.16,1,Canada,873.16,4,2022
9355,2023-06-22,1687,Headphones,Electronics,705.88,2,Canada,1411.76,6,2023
9356,2023-06-25,1887,Desk Lamp,Electronics,73.23,2,Canada,146.46,6,2023
9357,2024-11-08,1068,Webcam,Electronics,518.47,1,Germany,518.47,11,2024
9358,2024-03-25,1055,Desk Lamp,Office,96.77,3,Germany,290.31,3,2024
9359,2024-03-01,1630,USB Cable,Electronics,181.54,3,Israel,544.62,3,2024
9360,2023-09-10,1203,Keyboard,Accessories,143.77,4,Germany,575.08,9,2023
9361,2023-02-23,1419,Keyboard,Accessories,241.35,4,Canada,965.4,2,2023
9362,2022-11-05,1926,Mouse,Accessories,1220.32,1,Germany,1220.32,11,2022
9363,2024-05-13,1566,Laptop,Accessories,943.22,1,France,943.22,5,2024
9364,2022-07-05,1549,Webcam,Accessories,762.64,1,UK,762.64,7,2022
9365,2022-09-18,1242,Webcam,Accessories,1099.72,2,Germany,2199.44,9,2022
9366,2022-06-09,1200,Mouse,Accessories,1442.03,4,Israel,5768.12,6,2022
9367,2024-05-19,1747,Monitor,Accessories,629.42,1,France,629.42,5,2024
9368,2024-02-01,1473,Headphones,Accessories,554.28,1,USA,554.28,2,2024
9369,2022-08-12,1526,Desk Lamp,Office,1466.77,4,USA,5867.08,8,2022
9370,2022-06-29,1655,Webcam,Office,1158.14,1,Israel,1158.14,6,2022
9371,2022-01-20,1076,Keyboard,Accessories,1166.78,1,UK,1166.78,1,2022
9372,2023-09-24,1984,Mouse,Accessories,901.91,3,Canada,2705.73,9,2023
9373,2022-02-27,1477,Headphones,Accessories,762.98,4,USA,3051.92,2,2022
9374,2023-12-24,1820,USB Cable,Electronics,828.13,3,UK,2484.39,12,2023
9375,2023-09-07,1439,Headphones,Office,979.87,4,Germany,3919.48,9,2023
9376,2023-07-16,1262,Webcam,Accessories,568.37,1,Germany,568.37,7,2023
9377,2023-01-09,1184,Laptop,Office,1174.53,2,Germany,2349.06,1,2023
9378,2023-09-14,1054,Desk Lamp,Accessories,1364.29,2,USA,2728.58,9,2023
9379,2022-03-29,1307,Keyboard,Electronics,859.07,3,USA,2577.21,3,2022
9380,2024-11-09,1515,Headphones,Accessories,575.31,2,UK,1150.62,11,2024
9381,2024-10-10,1298,USB Cable,Office,1044.91,2,UK,2089.82,10,2024
9382,2022-01-14,1551,Keyboard,Office,277.34,3,Canada,832.02,1,2022
9383,2022-05-13,1229,Webcam,Office,1453.02,1,Israel,1453.02,5,2022
9384,2024-11-23,1376,Mouse,Office,988.69,4,Canada,3954.76,11,2024
9385,2024-06-10,1285,USB Cable,Accessories,106.02,1,Germany,106.02,6,2024
9386,2023-08-15,1137,Headphones,Electronics,796.98,3,France,2390.94,8,2023
9387,2023-08-06,1477,USB Cable,Electronics,1126.76,1,France,1126.76,8,2023
9388,2022-10-16,1614,Webcam,Accessories,420.38,1,Germany,420.38,10,2022
9389,2024-10-09,1006,Headphones,Accessories,81.23,3,Israel,243.69,10,2024
9390,2024-05-28,1675,USB Cable,Office,736.3,3,Canada,2208.9,5,2024
9391,2022-01-07,1418,Mouse,Accessories,1251.27,3,UK,3753.81,1,2022
9392,2022-08-28,1471,USB Cable,Electronics,381.04,2,USA,762.08,8,2022
9393,2023-06-20,1934,Keyboard,Accessories,1076.93,3,Israel,3230.79,6,2023
9394,2022-03-11,1419,Keyboard,Accessories,614.65,3,Israel,1843.95,3,2022
9395,2022-08-04,1876,Headphones,Electronics,94.15,3,Germany,282.45,8,2022
9396,2024-12-13,1275,Webcam,Electronics,459.42,3,UK,1378.26,12,2024
9397,2024-03-16,1560,Mouse,Accessories,474.28,1,France,474.28,3,2024
9398,2022-11-26,1607,Monitor,Office,1357.47,3,France,4072.41,11,2022
9399,2024-04-27,1570,Keyboard,Office,1472.71,4,Canada,5890.84,4,2024
9400,2022-02-14,1742,USB Cable,Office,318.6,3,Canada,955.8,2,2022
9401,2024-04-08,1688,Monitor,Electronics,648.62,4,France,2594.48,4,2024
9402,2022-07-17,1089,USB Cable,Electronics,1465.17,4,Israel,5860.68,7,2022
9403,2024-06-14,1281,Headphones,Office,613.87,2,Canada,1227.74,6,2024
9404,2022-11-28,1547,Monitor,Accessories,527.01,2,USA,1054.02,11,2022
9405,2023-11-27,1170,Webcam,Accessories,169.27,1,UK,169.27,11,2023
9406,2022-01-27,1637,USB Cable,Accessories,1131.16,3,USA,3393.48,1,2022
9407,2022-11-14,1994,Webcam,Electronics,673.27,3,France,2019.81,11,2022
9408,2022-12-31,1810,USB Cable,Electronics,959.8,4,USA,3839.2,12,2022
9409,2024-08-17,1354,Monitor,Office,767.24,3,Israel,2301.72,8,2024
9410,2023-01-08,1203,Webcam,Accessories,265.93,4,Germany,1063.72,1,2023
9411,2022-09-02,1288,Keyboard,Electronics,268.67,2,USA,537.34,9,2022
9412,2023-04-23,1867,Headphones,Electronics,1409.94,1,Canada,1409.94,4,2023
9413,2022-05-05,1461,Monitor,Office,1334.83,2,USA,2669.66,5,2022
9414,2023-06-21,1608,USB Cable,Accessories,917.9,3,USA,2753.7,6,2023
9415,2023-12-07,1749,Keyboard,Electronics,6.86,4,Canada,27.44,12,2023
9416,2023-06-15,1172,USB Cable,Electronics,652.78,2,France,1305.56,6,2023
9417,2024-02-25,1300,Monitor,Electronics,797.99,3,USA,2393.97,2,2024
9418,2022-09-11,1599,USB Cable,Electronics,676.91,4,UK,2707.64,9,2022
9419,2022-05-01,1910,Keyboard,Accessories,1388.55,3,Israel,4165.65,5,2022
9420,2024-11-21,1862,Webcam,Office,66.09,3,UK,198.27,11,2024
9421,2023-10-23,1528,Webcam,Accessories,984.12,1,UK,984.12,10,2023
9422,2024-11-26,1139,Desk Lamp,Office,474.19,2,France,948.38,11,2024
9423,2024-11-02,1765,Desk Lamp,Electronics,841.42,3,USA,2524.26,11,2024
9424,2022-03-29,1277,Headphones,Accessories,985.6,3,Israel,2956.8,3,2022
9425,2022-02-15,1662,USB Cable,Office,664.03,1,Israel,664.03,2,2022
9426,2024-07-21,1510,Webcam,Office,226.82,1,Israel,226.82,7,2024
9427,2024-01-15,1345,Mouse,Electronics,780.96,4,USA,3123.84,1,2024
9428,2024-08-24,1845,Keyboard,Office,1399.77,3,Israel,4199.31,8,2024
9429,2024-02-02,1139,Keyboard,Office,806.14,3,Israel,2418.42,2,2024
9430,2024-02-01,1113,Monitor,Office,188.8,3,Germany,566.4,2,2024
9431,2024-03-04,1579,Headphones,Electronics,1237.12,3,Germany,3711.36,3,2024
9432,2024-01-14,1506,Laptop,Accessories,336.51,1,Israel,336.51,1,2024
9433,2024-12-05,1365,Desk Lamp,Electronics,558.47,2,Canada,1116.94,12,2024
9434,2023-07-12,1690,Desk Lamp,Office,645.99,1,UK,645.99,7,2023
9435,2023-06-10,1636,Webcam,Office,512.85,4,Canada,2051.4,6,2023
9436,2023-08-20,1396,Desk Lamp,Accessories,609.66,1,USA,609.66,8,2023
9437,2024-04-19,1824,Laptop,Office,1194.24,2,UK,2388.48,4,2024
9438,2022-01-03,1822,Mouse,Accessories,338.92,3,UK,1016.76,1,2022
9439,2024-11-17,1849,Headphones,Office,708.28,4,USA,2833.12,11,2024
9440,2022-06-06,1874,Keyboard,Office,34.91,4,USA,139.64,6,2022
9441,2024-05-04,1923,Laptop,Electronics,763.96,3,France,2291.88,5,2024
9442,2023-05-26,1869,Mouse,Electronics,171.97,2,France,343.94,5,2023
9443,2023-11-18,1744,Headphones,Accessories,426.94,1,France,426.94,11,2023
9444,2023-07-25,1939,Mouse,Electronics,490.69,3,Israel,1472.07,7,2023
9445,2023-12-16,1658,Webcam,Accessories,128.12,2,Canada,256.24,12,2023
9446,2022-08-27,1941,Desk Lamp,Electronics,544.05,2,Israel,1088.1,8,2022
9447,2022-10-30,1110,Laptop,Accessories,749.6,2,Israel,1499.2,10,2022
9448,2023-08-30,1874,Monitor,Office,649.49,3,Canada,1948.47,8,2023
9449,2024-09-17,1357,Monitor,Accessories,424.24,2,France,848.48,9,2024
9450,2022-11-30,1237,Headphones,Electronics,445.81,4,Canada,1783.24,11,2022
9451,2022-04-23,1002,Mouse,Accessories,952.21,4,USA,3808.84,4,2022
9452,2022-12-28,1722,Keyboard,Electronics,1079.0,1,Israel,1079.0,12,2022
9453,2024-03-11,1403,Laptop,Office,866.91,1,USA,866.91,3,2024
9454,2022-04-07,1024,Monitor,Electronics,1464.4,2,Canada,2928.8,4,2022
9455,2022-01-16,1842,Monitor,Office,1417.59,2,France,2835.18,1,2022
9456,2023-07-10,1508,Mouse,Office,152.21,2,USA,304.42,7,2023
9457,2023-01-11,1695,Monitor,Electronics,395.75,1,Israel,395.75,1,2023
9458,2024-01-12,1464,USB Cable,Office,1303.25,4,USA,5213.0,1,2024
9459,2023-01-25,1060,Desk Lamp,Electronics,49.35,4,France,197.4,1,2023
9460,2023-09-12,1507,Mouse,Accessories,890.33,3,Israel,2670.99,9,2023
9461,2024-04-03,1122,Laptop,Office,1431.98,1,Israel,1431.98,4,2024
9462,2022-11-16,1496,Mouse,Accessories,1019.68,2,France,2039.36,11,2022
9463,2022-07-15,1054,Monitor,Accessories,142.44,4,UK,569.76,7,2022
9464,2023-02-22,1162,Mouse,Electronics,1122.99,3,Germany,3368.97,2,2023
9465,2023-08-30,1973,Monitor,Electronics,567.84,4,France,2271.36,8,2023
9466,2023-07-22,1698,Webcam,Office,1382.69,3,Canada,4148.07,7,2023
9467,2023-06-28,1038,Headphones,Electronics,433.04,2,USA,866.08,6,2023
9468,2022-08-19,1696,Monitor,Accessories,712.48,2,UK,1424.96,8,2022
9469,2024-06-02,1082,USB Cable,Accessories,1121.18,4,France,4484.72,6,2024
9470,2023-06-05,1706,USB Cable,Accessories,390.02,1,Germany,390.02,6,2023
9471,2023-12-04,1545,USB Cable,Office,276.76,4,Israel,1107.04,12,2023
9472,2024-04-25,1112,USB Cable,Electronics,9.05,1,Canada,9.05,4,2024
9473,2023-11-04,1424,Monitor,Accessories,734.5,4,Germany,2938.0,11,2023
9474,2022-01-21,1917,Monitor,Office,1393.28,1,Germany,1393.28,1,2022
9475,2023-08-11,1229,Headphones,Electronics,425.82,2,Canada,851.64,8,2023
9476,2024-06-16,1282,Webcam,Electronics,69.85,3,France,209.55,6,2024
9477,2023-01-06,1916,Desk Lamp,Accessories,932.54,1,Israel,932.54,1,2023
9478,2022-03-19,1936,Keyboard,Office,88.97,2,Israel,177.94,3,2022
9479,2023-10-10,1286,Monitor,Accessories,762.83,3,Germany,2288.49,10,2023
9480,2022-05-20,1154,Keyboard,Accessories,575.39,2,France,1150.78,5,2022
9481,2023-07-07,1164,Laptop,Office,715.76,2,Israel,1431.52,7,2023
9482,2024-09-24,1961,Webcam,Accessories,248.15,2,Israel,496.3,9,2024
9483,2022-10-09,1181,Desk Lamp,Office,139.85,1,USA,139.85,10,2022
9484,2023-03-16,1238,Mouse,Office,1124.74,2,Germany,2249.48,3,2023
9485,2022-09-27,1648,Keyboard,Accessories,372.27,2,UK,744.54,9,2022
9486,2024-01-16,1338,USB Cable,Accessories,1201.63,2,Germany,2403.26,1,2024
9487,2022-04-14,1937,Webcam,Electronics,1138.88,1,France,1138.88,4,2022
9488,2024-02-05,1511,Laptop,Electronics,301.58,4,Canada,1206.32,2,2024
9489,2022-04-05,1931,Webcam,Office,1362.89,2,Canada,2725.78,4,2022
9490,2023-12-30,1265,Mouse,Office,246.11,4,Israel,984.44,12,2023
9491,2023-04-25,1186,Monitor,Office,1196.73,2,Israel,2393.46,4,2023
9492,2024-02-19,1039,Monitor,Electronics,633.7,1,USA,633.7,2,2024
9493,2022-01-13,1821,USB Cable,Accessories,278.61,4,Israel,1114.44,1,2022
9494,2023-08-24,1492,Monitor,Accessories,1407.48,2,Israel,2814.96,8,2023
9495,2022-04-05,1678,Headphones,Electronics,1445.07,4,Canada,5780.28,4,2022
9496,2022-10-20,1390,Headphones,Accessories,769.5,3,UK,2308.5,10,2022
9497,2022-01-25,1259,Headphones,Accessories,706.42,4,Germany,2825.68,1,2022
9498,2024-07-27,1654,USB Cable,Accessories,1351.76,2,Israel,2703.52,7,2024
9499,2024-02-01,1715,Headphones,Electronics,896.22,4,France,3584.88,2,2024
9500,2023-10-16,1175,Laptop,Office,402.73,2,UK,805.46,10,2023
9501,2024-09-11,1773,Desk Lamp,Accessories,640.67,4,UK,2562.68,9,2024
9502,2023-09-30,1763,USB Cable,Accessories,1254.8,4,USA,5019.2,9,2023
9503,2023-05-06,1328,Webcam,Office,1290.05,1,France,1290.05,5,2023
9504,2023-07-29,1930,Laptop,Accessories,1409.18,1,UK,1409.18,7,2023
9505,2022-10-21,1199,Monitor,Accessories,435.95,4,Germany,1743.8,10,2022
9506,2024-06-14,1710,Mouse,Office,1021.53,1,France,1021.53,6,2024
9507,2022-02-09,1195,Headphones,Electronics,107.24,1,Germany,107.24,2,2022
9508,2024-02-15,1825,Webcam,Electronics,1090.22,3,USA,3270.66,2,2024
9509,2023-06-04,1588,Mouse,Accessories,846.98,2,USA,1693.96,6,2023
9510,2023-06-30,1530,USB Cable,Accessories,378.4,2,Israel,756.8,6,2023
9511,2022-08-24,1061,USB Cable,Office,983.67,3,Germany,2951.01,8,2022
9512,2023-04-08,1326,Laptop,Office,207.1,4,Canada,828.4,4,2023
9513,2023-04-28,1905,Headphones,Accessories,504.04,1,Germany,504.04,4,2023
9514,2023-03-06,1280,USB Cable,Accessories,604.37,2,USA,1208.74,3,2023
9515,2024-11-11,1939,Laptop,Electronics,1166.82,3,Canada,3500.46,11,2024
9516,2022-12-09,1761,Laptop,Electronics,466.63,2,Germany,933.26,12,2022
9517,2024-11-29,1226,Keyboard,Electronics,78.31,4,France,313.24,11,2024
9518,2022-05-13,1638,Webcam,Electronics,275.21,3,Israel,825.63,5,2022
9519,2022-12-17,1057,Laptop,Office,914.1,4,Israel,3656.4,12,2022
9520,2023-05-21,1920,Monitor,Electronics,27.8,4,France,111.2,5,2023
9521,2022-03-25,1476,USB Cable,Electronics,1189.39,3,UK,3568.17,3,2022
9522,2024-09-19,1375,Laptop,Accessories,1352.17,2,Canada,2704.34,9,2024
9523,2024-04-09,1715,Headphones,Electronics,745.62,1,Canada,745.62,4,2024
9524,2024-05-10,1242,USB Cable,Accessories,1062.91,1,Germany,1062.91,5,2024
9525,2022-12-09,1366,Desk Lamp,Accessories,696.7,3,UK,2090.1,12,2022
9526,2024-05-15,1935,Desk Lamp,Electronics,466.6,1,UK,466.6,5,2024
9527,2022-10-20,1843,USB Cable,Electronics,251.48,4,Germany,1005.92,10,2022
9528,2023-08-21,1499,Monitor,Accessories,779.65,2,Canada,1559.3,8,2023
9529,2023-10-07,1837,Laptop,Office,1395.18,3,USA,4185.54,10,2023
9530,2023-03-24,1251,Monitor,Accessories,1335.51,4,Germany,5342.04,3,2023
9531,2023-11-21,1905,Laptop,Office,1379.84,4,USA,5519.36,11,2023
9532,2024-09-28,1321,Webcam,Office,1449.79,2,France,2899.58,9,2024
9533,2024-05-04,1375,Monitor,Electronics,252.21,2,USA,504.42,5,2024
9534,2023-05-17,1408,Mouse,Electronics,224.06,1,UK,224.06,5,2023
9535,2024-02-03,1710,Keyboard,Electronics,644.5,2,UK,1289.0,2,2024
9536,2024-01-05,1487,Monitor,Electronics,1035.52,3,UK,3106.56,1,2024
9537,2022-09-07,1342,Headphones,Accessories,662.34,3,Canada,1987.02,9,2022
9538,2023-08-24,1239,Desk Lamp,Office,1339.07,2,Canada,2678.14,8,2023
9539,2022-05-05,1138,Keyboard,Accessories,1077.51,2,USA,2155.02,5,2022
9540,2022-04-23,1121,Keyboard,Office,952.79,4,UK,3811.16,4,2022
9541,2024-09-07,1419,Laptop,Accessories,111.2,3,Israel,333.6,9,2024
9542,2022-05-30,1560,Monitor,Office,267.13,1,Germany,267.13,5,2022
9543,2024-05-24,1303,Webcam,Electronics,645.09,4,UK,2580.36,5,2024
9544,2022-12-09,1114,USB Cable,Office,1464.68,4,Canada,5858.72,12,2022
9545,2023-08-03,1342,Keyboard,Electronics,504.94,1,USA,504.94,8,2023
9546,2024-02-22,1250,Headphones,Office,946.81,1,UK,946.81,2,2024
9547,2022-11-17,1006,Desk Lamp,Accessories,1483.41,2,USA,2966.82,11,2022
9548,2024-04-01,1730,Webcam,Office,399.72,2,Germany,799.44,4,2024
9549,2023-06-16,1588,Desk Lamp,Accessories,254.17,4,USA,1016.68,6,2023
9550,2023-05-07,1178,Desk Lamp,Accessories,821.77,3,Germany,2465.31,5,2023
9551,2023-09-04,1144,Webcam,Electronics,830.08,3,UK,2490.24,9,2023
9552,2022-09-09,1415,Headphones,Office,1383.22,4,Canada,5532.88,9,2022
9553,2022-06-22,1665,USB Cable,Accessories,44.51,3,Israel,133.53,6,2022
9554,2024-05-24,1120,Headphones,Office,614.03,3,UK,1842.09,5,2024
9555,2022-07-20,1123,Laptop,Electronics,471.96,1,Germany,471.96,7,2022
9556,2022-08-05,1149,Desk Lamp,Electronics,858.72,2,Canada,1717.44,8,2022
9557,2023-01-11,1396,Mouse,Office,18.95,2,France,37.9,1,2023
9558,2022-01-11,1380,USB Cable,Accessories,1068.04,4,France,4272.16,1,2022
9559,2024-11-01,1779,Monitor,Accessories,730.06,1,France,730.06,11,2024
9560,2024-06-10,1838,Keyboard,Accessories,1052.53,3,UK,3157.59,6,2024
9561,2023-03-11,1000,Monitor,Office,674.47,4,USA,2697.88,3,2023
9562,2024-03-28,1672,Webcam,Accessories,713.92,4,Israel,2855.68,3,2024
9563,2024-07-19,1243,Keyboard,Accessories,1343.85,3,Canada,4031.55,7,2024
9564,2023-11-22,1886,USB Cable,Accessories,320.29,2,Israel,640.58,11,2023
9565,2024-05-04,1397,Laptop,Electronics,330.15,3,Canada,990.45,5,2024
9566,2024-02-23,1250,Desk Lamp,Accessories,841.42,4,UK,3365.68,2,2024
9567,2022-11-15,1878,Desk Lamp,Office,992.04,2,Germany,1984.08,11,2022
9568,2024-04-23,1575,Monitor,Office,535.26,4,UK,2141.04,4,2024
9569,2023-09-13,1298,Laptop,Accessories,781.67,1,France,781.67,9,2023
9570,2024-02-24,1759,Laptop,Office,345.65,2,Germany,691.3,2,2024
9571,2023-02-01,1953,USB Cable,Office,208.19,4,Israel,832.76,2,2023
9572,2024-12-17,1296,Monitor,Accessories,361.2,4,UK,1444.8,12,2024
9573,2023-04-05,1976,Monitor,Electronics,1374.98,1,USA,1374.98,4,2023
9574,2022-03-02,1963,USB Cable,Accessories,1203.72,3,USA,3611.16,3,2022
9575,2023-01-04,1499,USB Cable,Office,214.67,2,Israel,429.34,1,2023
9576,2023-12-20,1114,Keyboard,Office,74.61,4,Germany,298.44,12,2023
9577,2023-06-30,1806,Webcam,Accessories,144.31,4,France,577.24,6,2023
9578,2024-11-06,1000,Webcam,Office,443.68,4,USA,1774.72,11,2024
9579,2023-05-11,1552,USB Cable,Electronics,1217.98,4,USA,4871.92,5,2023
9580,2023-05-12,1684,Headphones,Accessories,485.45,3,UK,1456.35,5,2023
9581,2023-05-20,1599,Laptop,Office,282.55,3,Canada,847.65,5,2023
9582,2024-08-26,1481,Desk Lamp,Electronics,596.78,3,Israel,1790.34,8,2024
9583,2024-12-28,1609,Webcam,Office,190.46,2,USA,380.92,12,2024
9584,2022-06-10,1599,Mouse,Electronics,707.97,3,UK,2123.91,6,2022
9585,2023-12-19,1762,USB Cable,Office,1014.95,2,Germany,2029.9,12,2023
9586,2024-09-19,1509,USB Cable,Accessories,556.43,3,Canada,1669.29,9,2024
9587,2022-09-26,1334,Keyboard,Office,264.55,4,USA,1058.2,9,2022
9588,2023-11-30,1464,USB Cable,Accessories,682.53,1,Israel,682.53,11,2023
9589,2024-05-14,1140,Keyboard,Electronics,1144.92,2,UK,2289.84,5,2024
9590,2022-12-16,1582,Headphones,Electronics,119.51,1,Germany,119.51,12,2022
9591,2022-04-20,1136,Headphones,Office,111.05,1,UK,111.05,4,2022
9592,2023-02-11,1958,USB Cable,Accessories,480.58,4,France,1922.32,2,2023
9593,2023-10-12,1610,Laptop,Accessories,625.5,4,Israel,2502.0,10,2023
9594,2022-02-20,1662,Keyboard,Electronics,328.63,2,Israel,657.26,2,2022
9595,2024-12-27,1949,Keyboard,Electronics,45.23,2,Canada,90.46,12,2024
9596,2023-08-19,1686,Mouse,Office,333.24,2,USA,666.48,8,2023
9597,2024-09-05,1166,Laptop,Electronics,655.88,3,Canada,1967.64,9,2024
9598,2024-12-01,1342,Laptop,Electronics,123.74,3,UK,371.22,12,2024
9599,2024-01-01,1409,Webcam,Accessories,1075.26,1,Germany,1075.26,1,2024
9600,2022-02-26,1768,Headphones,Accessories,830.39,2,USA,1660.78,2,2022
9601,2024-01-08,1909,Webcam,Accessories,654.49,1,Israel,654.49,1,2024
9602,2022-07-15,1735,Desk Lamp,Electronics,780.47,3,UK,2341.41,7,2022
9603,2024-12-21,1879,Laptop,Office,985.43,1,Germany,985.43,12,2024
9604,2022-04-22,1841,USB Cable,Office,1492.22,1,Canada,1492.22,4,2022
9605,2024-02-04,1064,Mouse,Electronics,1163.8,2,Israel,2327.6,2,2024
9606,2023-12-12,1580,USB Cable,Office,812.84,2,Germany,1625.68,12,2023
9607,2024-08-05,1066,USB Cable,Electronics,1156.95,1,Canada,1156.95,8,2024
9608,2022-01-26,1432,Laptop,Office,715.46,3,UK,2146.38,1,2022
9609,2023-02-14,1049,Webcam,Electronics,469.81,1,Germany,469.81,2,2023
9610,2024-01-28,1313,Monitor,Accessories,396.63,3,USA,1189.89,1,2024
9611,2023-06-15,1308,USB Cable,Office,602.22,1,USA,602.22,6,2023
9612,2024-01-19,1602,USB Cable,Accessories,8.41,1,UK,8.41,1,2024
9613,2022-09-03,1114,Monitor,Accessories,269.55,2,Canada,539.1,9,2022
9614,2023-10-24,1885,Mouse,Office,194.17,1,Israel,194.17,10,2023
9615,2024-06-27,1568,Headphones,Electronics,1440.71,3,France,4322.13,6,2024
9616,2023-01-31,1341,Keyboard,Accessories,101.95,1,France,101.95,1,2023
9617,2023-06-06,1529,Laptop,Accessories,753.95,1,France,753.95,6,2023
9618,2024-07-14,1783,Webcam,Electronics,1379.98,3,Israel,4139.94,7,2024
9619,2022-09-21,1641,Desk Lamp,Electronics,913.24,1,USA,913.24,9,2022
9620,2024-02-29,1494,Headphones,Office,745.43,1,USA,745.43,2,2024
9621,2022-06-21,1268,Webcam,Office,1115.78,1,Canada,1115.78,6,2022
9622,2022-09-22,1940,Headphones,Electronics,533.3,1,Canada,533.3,9,2022
9623,2024-11-15,1079,Laptop,Accessories,294.6,3,USA,883.8,11,2024
9624,2023-04-21,1455,Keyboard,Electronics,1271.69,4,Canada,5086.76,4,2023
9625,2022-12-22,1298,Laptop,Office,89.59,3,UK,268.77,12,2022
9626,2024-11-15,1967,Keyboard,Accessories,1212.65,3,Canada,3637.95,11,2024
9627,2022-02-03,1821,Webcam,Accessories,159.53,4,USA,638.12,2,2022
9628,2022-09-21,1201,Mouse,Office,940.22,3,Canada,2820.66,9,2022
9629,2024-03-26,1502,Keyboard,Accessories,718.19,1,USA,718.19,3,2024
9630,2024-05-24,1736,Desk Lamp,Electronics,1497.82,3,USA,4493.46,5,2024
9631,2024-01-24,1670,Headphones,Office,584.94,1,France,584.94,1,2024
9632,2023-07-20,1715,Mouse,Accessories,1436.14,2,Germany,2872.28,7,2023
9633,2023-04-07,1648,Webcam,Office,608.65,1,USA,608.65,4,2023
9634,2023-10-17,1484,Monitor,Accessories,1024.14,1,Germany,1024.14,10,2023
9635,2022-03-22,1584,Mouse,Electronics,967.27,3,Canada,2901.81,3,2022
9636,2024-01-27,1559,Keyboard,Office,134.25,3,USA,402.75,1,2024
9637,2024-05-19,1017,Desk Lamp,Accessories,1116.33,3,France,3348.99,5,2024
9638,2024-12-05,1477,Mouse,Electronics,316.96,2,France,633.92,12,2024
9639,2023-08-22,1991,Desk Lamp,Electronics,585.72,4,Canada,2342.88,8,2023
9640,2024-03-17,1487,Desk Lamp,Electronics,1174.39,1,Canada,1174.39,3,2024
9641,2024-12-12,1982,Webcam,Accessories,1416.75,4,Canada,5667.0,12,2024
9642,2024-09-10,1778,Mouse,Accessories,841.91,4,Germany,3367.64,9,2024
9643,2023-12-05,1445,Webcam,Electronics,781.48,2,France,1562.96,12,2023
9644,2023-04-21,1339,Monitor,Electronics,759.86,1,UK,759.86,4,2023
9645,2023-08-15,1530,Keyboard,Electronics,1225.76,1,Israel,1225.76,8,2023
9646,2022-01-16,1611,USB Cable,Electronics,1489.71,2,Israel,2979.42,1,2022
9647,2023-05-02,1115,Headphones,Electronics,952.22,2,Canada,1904.44,5,2023
9648,2023-12-07,1857,Mouse,Accessories,571.04,1,USA,571.04,12,2023
9649,2023-09-12,1073,USB Cable,Office,331.9,2,France,663.8,9,2023
9650,2024-10-15,1791,Laptop,Office,302.24,3,Israel,906.72,10,2024
9651,2024-02-16,1268,Headphones,Office,1284.95,1,Germany,1284.95,2,2024
9652,2023-03-23,1636,Mouse,Accessories,1488.57,4,Germany,5954.28,3,2023
9653,2022-10-17,1115,Headphones,Office,1048.5,3,Canada,3145.5,10,2022
9654,2022-07-28,1685,USB Cable,Office,1433.96,4,Germany,5735.84,7,2022
9655,2023-02-17,1692,Laptop,Office,528.24,2,USA,1056.48,2,2023
9656,2023-11-08,1737,Headphones,Office,943.25,4,Israel,3773.0,11,2023
9657,2023-10-26,1668,USB Cable,Electronics,769.97,3,Israel,2309.91,10,2023
9658,2022-10-17,1163,Headphones,Accessories,725.62,2,Israel,1451.24,10,2022
9659,2022-05-31,1582,Laptop,Office,950.4,3,Germany,2851.2,5,2022
9660,2024-05-04,1221,Desk Lamp,Electronics,468.96,2,Canada,937.92,5,2024
9661,2023-08-31,1125,Laptop,Office,962.73,1,Germany,962.73,8,2023
9662,2023-01-05,1656,Laptop,Office,1010.93,4,USA,4043.72,1,2023
9663,2023-12-06,1175,Desk Lamp,Office,1254.99,4,Canada,5019.96,12,2023
9664,2024-04-05,1972,Desk Lamp,Office,1097.07,1,UK,1097.07,4,2024
9665,2024-10-01,1663,Monitor,Office,483.06,1,Israel,483.06,10,2024
9666,2023-01-12,1693,Webcam,Electronics,678.95,4,USA,2715.8,1,2023
9667,2024-08-30,1374,Webcam,Office,184.96,1,Germany,184.96,8,2024
9668,2022-04-28,1990,USB Cable,Electronics,389.65,2,UK,779.3,4,2022
9669,2024-10-25,1858,Laptop,Office,783.81,4,France,3135.24,10,2024
9670,2023-03-20,1497,USB Cable,Accessories,155.64,3,UK,466.92,3,2023
9671,2024-01-25,1084,Webcam,Electronics,858.06,1,USA,858.06,1,2024
9672,2023-10-02,1875,Headphones,Office,588.47,2,UK,1176.94,10,2023
9673,2022-05-04,1382,Laptop,Electronics,56.98,4,Germany,227.92,5,2022
9674,2023-10-20,1632,Desk Lamp,Office,654.5,4,UK,2618.0,10,2023
9675,2024-04-01,1640,Mouse,Office,425.3,2,Germany,850.6,4,2024
9676,2023-10-26,1462,Laptop,Electronics,105.13,1,UK,105.13,10,2023
9677,2022-12-26,1450,Desk Lamp,Office,443.59,4,USA,1774.36,12,2022
9678,2023-09-15,1517,Laptop,Office,444.67,1,France,444.67,9,2023
9679,2024-12-16,1845,Webcam,Office,535.84,2,Israel,1071.68,12,2024
9680,2024-07-07,1694,USB Cable,Office,552.88,3,UK,1658.64,7,2024
9681,2023-03-28,1549,Keyboard,Office,647.51,2,France,1295.02,3,2023
9682,2022-04-30,1928,Headphones,Office,142.48,1,UK,142.48,4,2022
9683,2023-08-05,1115,Desk Lamp,Electronics,12.89,4,Canada,51.56,8,2023
9684,2022-04-09,1613,Desk Lamp,Accessories,1105.33,1,France,1105.33,4,2022
9685,2023-05-29,1007,Desk Lamp,Office,509.33,1,Germany,509.33,5,2023
9686,2023-10-26,1217,Webcam,Electronics,922.35,3,France,2767.05,10,2023
9687,2023-02-05,1718,USB Cable,Accessories,464.02,4,Israel,1856.08,2,2023
9688,2022-12-31,1589,USB Cable,Electronics,1476.36,3,France,4429.08,12,2022
9689,2023-08-04,1879,Headphones,Accessories,476.56,3,Israel,1429.68,8,2023
9690,2023-09-13,1403,USB Cable,Accessories,909.54,2,Israel,1819.08,9,2023
9691,2024-04-07,1566,Desk Lamp,Accessories,333.86,2,France,667.72,4,2024
9692,2022-09-04,1303,Mouse,Electronics,779.11,4,Israel,3116.44,9,2022
9693,2023-03-10,1466,Desk Lamp,Accessories,871.1,3,Israel,2613.3,3,2023
9694,2023-09-07,1951,Monitor,Office,278.32,3,Canada,834.96,9,2023
9695,2024-07-31,1992,Keyboard,Office,189.86,1,Germany,189.86,7,2024
9696,2024-08-20,1739,Mouse,Accessories,1460.53,1,USA,1460.53,8,2024
9697,2023-09-16,1087,Mouse,Accessories,1340.44,2,Germany,2680.88,9,2023
9698,2022-11-17,1009,Desk Lamp,Office,991.8,3,USA,2975.4,11,2022
9699,2024-05-05,1307,Headphones,Electronics,1292.28,4,USA,5169.12,5,2024
9700,2022-03-03,1433,Keyboard,Electronics,147.86,3,Germany,443.58,3,2022
9701,2022-10-27,1801,Headphones,Office,1095.42,2,Israel,2190.84,10,2022
9702,2023-02-07,1163,Monitor,Electronics,431.98,4,Canada,1727.92,2,2023
9703,2024-08-12,1238,USB Cable,Electronics,811.54,3,Germany,2434.62,8,2024
9704,2022-09-10,1316,Headphones,Accessories,1148.4,1,Israel,1148.4,9,2022
9705,2023-04-23,1995,Laptop,Electronics,55.05,3,Germany,165.15,4,2023
9706,2022-06-09,1655,Headphones,Office,1043.78,2,Germany,2087.56,6,2022
9707,2024-08-18,1334,USB Cable,Electronics,655.13,2,Canada,1310.26,8,2024
9708,2022-07-24,1017,Laptop,Accessories,662.31,3,UK,1986.93,7,2022
9709,2024-05-07,1070,Mouse,Office,1361.38,2,France,2722.76,5,2024
9710,2024-01-30,1174,Monitor,Office,1290.31,1,Germany,1290.31,1,2024
9711,2023-12-22,1853,USB Cable,Office,91.01,1,France,91.01,12,2023
9712,2024-11-06,1799,Webcam,Accessories,929.38,1,Israel,929.38,11,2024
9713,2022-03-09,1810,Laptop,Office,656.59,3,UK,1969.77,3,2022
9714,2022-05-13,1338,Monitor,Accessories,181.13,2,Canada,362.26,5,2022
9715,2024-07-07,1935,Headphones,Accessories,1277.32,1,UK,1277.32,7,2024
9716,2023-03-06,1247,Webcam,Electronics,111.91,4,USA,447.64,3,2023
9717,2022-11-04,1192,Headphones,Office,52.99,2,Canada,105.98,11,2022
9718,2023-10-12,1418,USB Cable,Electronics,300.29,2,Canada,600.58,10,2023
9719,2023-02-16,1324,Mouse,Electronics,458.55,4,France,1834.2,2,2023
9720,2022-04-07,1305,USB Cable,Accessories,96.02,2,UK,192.04,4,2022
9721,2024-11-16,1779,Desk Lamp,Electronics,963.76,1,Israel,963.76,11,2024
9722,2024-12-19,1203,USB Cable,Electronics,658.54,2,USA,1317.08,12,2024
9723,2022-07-21,1852,USB Cable,Electronics,621.22,1,UK,621.22,7,2022
9724,2024-02-01,1122,Headphones,Office,222.28,1,Israel,222.28,2,2024
9725,2024-05-23,1569,Laptop,Electronics,659.49,1,France,659.49,5,2024
9726,2023-08-04,1850,Mouse,Accessories,588.3,3,Israel,1764.9,8,2023
9727,2023-01-05,1446,Monitor,Office,578.55,2,Israel,1157.1,1,2023
9728,2023-06-17,1712,Mouse,Accessories,331.76,4,Israel,1327.04,6,2023
9729,2024-06-17,1490,Desk Lamp,Office,146.18,3,Germany,438.54,6,2024
9730,2023-08-30,1432,Monitor,Office,394.76,3,Canada,1184.28,8,2023
9731,2024-05-22,1623,Keyboard,Office,1002.57,3,UK,3007.71,5,2024
9732,2024-02-09,1127,Laptop,Accessories,114.02,3,Israel,342.06,2,2024
9733,2024-04-13,1547,Desk Lamp,Electronics,576.58,1,USA,576.58,4,2024
9734,2024-09-25,1745,Laptop,Office,773.99,1,Germany,773.99,9,2024
9735,2024-07-26,1821,Monitor,Accessories,1444.91,4,Israel,5779.64,7,2024
9736,2022-08-24,1046,Headphones,Office,1266.52,2,Israel,2533.04,8,2022
9737,2022-06-11,1504,Webcam,Electronics,1375.34,4,Canada,5501.36,6,2022
9738,2023-07-08,1114,Headphones,Office,1230.9,2,UK,2461.8,7,2023
9739,2024-02-27,1415,Keyboard,Accessories,885.73,1,Germany,885.73,2,2024
9740,2024-12-27,1766,Monitor,Office,1291.88,2,Israel,2583.76,12,2024
9741,2023-07-13,1994,Keyboard,Accessories,850.04,2,Israel,1700.08,7,2023
9742,2022-09-18,1222,Monitor,Electronics,539.83,3,France,1619.49,9,2022
9743,2022-08-05,1635,Keyboard,Electronics,561.65,4,USA,2246.6,8,2022
9744,2024-03-15,1948,Monitor,Office,850.37,3,USA,2551.11,3,2024
9745,2022-07-20,1502,Laptop,Electronics,1215.11,3,UK,3645.33,7,2022
9746,2023-02-06,1671,Desk Lamp,Accessories,204.81,3,Germany,614.43,2,2023
9747,2022-10-02,1957,Keyboard,Office,63.7,3,Canada,191.1,10,2022
9748,2022-07-25,1932,Keyboard,Accessories,1185.41,1,Canada,1185.41,7,2022
9749,2024-11-29,1095,Desk Lamp,Office,973.15,4,Israel,3892.6,11,2024
9750,2024-05-16,1106,Monitor,Accessories,1232.86,3,Canada,3698.58,5,2024
9751,2022-04-03,1631,Mouse,Office,1465.13,4,Germany,5860.52,4,2022
9752,2024-12-01,1612,Mouse,Accessories,380.83,3,UK,1142.49,12,2024
9753,2023-01-14,1614,Laptop,Accessories,295.47,1,France,295.47,1,2023
9754,2022-03-06,1677,Headphones,Office,514.76,3,UK,1544.28,3,2022
9755,2022-12-31,1925,Headphones,Accessories,1317.55,2,USA,2635.1,12,2022
9756,2024-03-31,1697,Laptop,Electronics,25.88,1,France,25.88,3,2024
9757,2024-11-13,1031,Headphones,Accessories,20.75,4,Israel,83.0,11,2024
9758,2023-06-24,1492,Desk Lamp,Office,329.1,2,UK,658.2,6,2023
9759,2024-12-21,1065,Webcam,Electronics,566.99,2,Germany,1133.98,12,2024
9760,2023-05-06,1178,Desk Lamp,Electronics,457.01,1,Germany,457.01,5,2023
9761,2022-08-17,1778,Webcam,Accessories,1238.25,4,USA,4953.0,8,2022
9762,2024-11-09,1442,Webcam,Accessories,1036.13,1,USA,1036.13,11,2024
9763,2022-01-03,1915,USB Cable,Accessories,1257.56,3,Canada,3772.68,1,2022
9764,2024-06-29,1548,USB Cable,Electronics,578.72,1,USA,578.72,6,2024
9765,2022-11-03,1200,Webcam,Electronics,895.74,1,USA,895.74,11,2022
9766,2023-03-08,1869,Monitor,Electronics,775.61,3,Israel,2326.83,3,2023
9767,2022-05-16,1048,Mouse,Office,714.72,3,France,2144.16,5,2022
9768,2023-05-30,1786,Laptop,Office,435.71,4,Canada,1742.84,5,2023
9769,2022-07-12,1950,Desk Lamp,Accessories,1065.28,1,USA,1065.28,7,2022
9770,2024-05-22,1679,Monitor,Office,788.42,3,UK,2365.26,5,2024
9771,2023-10-28,1262,Webcam,Office,122.51,4,Israel,490.04,10,2023
9772,2022-07-28,1132,Laptop,Accessories,5.78,4,France,23.12,7,2022
9773,2024-08-09,1809,Mouse,Accessories,35.38,3,Israel,106.14,8,2024
9774,2024-11-23,1343,Headphones,Electronics,118.55,3,Germany,355.65,11,2024
9775,2023-10-11,1175,Monitor,Electronics,559.58,4,Israel,2238.32,10,2023
9776,2022-04-30,1390,Mouse,Accessories,461.97,2,Canada,923.94,4,2022
9777,2023-09-19,1010,Laptop,Accessories,239.18,3,Israel,717.54,9,2023
9778,2023-06-09,1200,Keyboard,Office,775.6,2,Germany,1551.2,6,2023
9779,2024-02-08,1944,Monitor,Office,1455.42,4,Germany,5821.68,2,2024
9780,2023-05-27,1925,Desk Lamp,Office,245.24,1,Germany,245.24,5,2023
9781,2022-02-16,1808,USB Cable,Accessories,379.63,2,Canada,759.26,2,2022
9782,2024-02-11,1002,Laptop,Accessories,695.84,2,Canada,1391.68,2,2024
9783,2024-01-10,1213,Desk Lamp,Electronics,963.06,2,Israel,1926.12,1,2024
9784,2023-06-06,1807,Laptop,Office,902.37,2,Germany,1804.74,6,2023
9785,2022-05-14,1306,USB Cable,Electronics,784.19,2,USA,1568.38,5,2022
9786,2022-09-05,1979,Mouse,Accessories,1107.22,2,UK,2214.44,9,2022
9787,2023-03-12,1543,Desk Lamp,Office,1269.69,1,UK,1269.69,3,2023
9788,2023-11-17,1559,Desk Lamp,Electronics,1498.46,1,Germany,1498.46,11,2023
9789,2023-08-09,1326,Laptop,Accessories,700.94,1,France,700.94,8,2023
9790,2022-12-17,1763,Monitor,Electronics,1492.46,2,Israel,2984.92,12,2022
9791,2022-05-23,1198,Webcam,Office,1097.1,4,UK,4388.4,5,2022
9792,2024-08-24,1915,USB Cable,Electronics,987.73,3,Canada,2963.19,8,2024
9793,2024-03-14,1600,Monitor,Electronics,961.33,2,Canada,1922.66,3,2024
9794,2023-12-19,1108,USB Cable,Accessories,1366.56,1,USA,1366.56,12,2023
9795,2023-10-05,1290,Laptop,Office,1422.16,4,France,5688.64,10,2023
9796,2023-05-16,1107,Mouse,Electronics,271.85,4,France,1087.4,5,2023
9797,2023-01-05,1407,Monitor,Accessories,742.67,2,USA,1485.34,1,2023
9798,2024-02-26,1551,Keyboard,Office,1412.47,1,Israel,1412.47,2,2024
9799,2024-01-09,1972,Webcam,Accessories,576.26,3,Israel,1728.78,1,2024
9800,2024-08-07,1051,USB Cable,Office,352.85,3,Germany,1058.55,8,2024
9801,2023-06-06,1111,Headphones,Accessories,158.47,1,USA,158.47,6,2023
9802,2023-05-04,1294,Mouse,Accessories,897.84,1,USA,897.84,5,2023
9803,2023-02-01,1579,Mouse,Accessories,1051.91,4,Canada,4207.64,2,2023
9804,2024-06-14,1188,Headphones,Electronics,297.34,2,USA,594.68,6,2024
9805,2022-12-21,1843,Headphones,Electronics,1012.09,2,Germany,2024.18,12,2022
9806,2024-08-04,1720,Monitor,Accessories,1349.93,2,UK,2699.86,8,2024
9807,2022-10-15,1064,Laptop,Office,369.15,3,Israel,1107.45,10,2022
9808,2024-09-24,1573,Laptop,Accessories,187.39,3,Germany,562.17,9,2024
9809,2023-06-20,1464,Keyboard,Electronics,1253.96,3,Germany,3761.88,6,2023
9810,2024-04-30,1257,Webcam,Office,1375.09,2,Canada,2750.18,4,2024
9811,2024-04-17,1645,USB Cable,Electronics,326.22,1,Germany,326.22,4,2024
9812,2022-06-17,1633,Laptop,Accessories,1083.46,1,Canada,1083.46,6,2022
9813,2024-08-07,1330,Desk Lamp,Electronics,888.42,2,Canada,1776.84,8,2024
9814,2023-09-13,1500,Keyboard,Electronics,362.6,2,USA,725.2,9,2023
9815,2023-03-04,1682,Keyboard,Electronics,1236.37,1,Germany,1236.37,3,2023
9816,2023-05-05,1209,Mouse,Accessories,708.3,1,UK,708.3,5,2023
9817,2022-12-21,1807,Mouse,Electronics,1052.0,3,France,3156.0,12,2022
9818,2022-07-15,1088,Webcam,Accessories,455.63,4,Germany,1822.52,7,2022
9819,2023-06-29,1678,Monitor,Accessories,1224.59,4,Canada,4898.36,6,2023
9820,2023-12-18,1027,Desk Lamp,Electronics,400.11,2,UK,800.22,12,2023
9821,2024-04-03,1237,Headphones,Office,550.36,4,Canada,2201.44,4,2024
9822,2024-07-20,1335,Headphones,Electronics,590.25,4,USA,2361.0,7,2024
9823,2024-09-29,1062,Webcam,Electronics,313.61,4,France,1254.44,9,2024
9824,2023-10-21,1959,Keyboard,Electronics,1312.18,3,Israel,3936.54,10,2023
9825,2024-07-27,1766,Webcam,Office,174.66,3,Israel,523.98,7,2024
9826,2024-02-19,1907,Headphones,Office,846.88,1,USA,846.88,2,2024
9827,2022-01-11,1552,Keyboard,Accessories,1222.16,2,USA,2444.32,1,2022
9828,2023-01-31,1499,Headphones,Office,873.45,4,Israel,3493.8,1,2023
9829,2024-01-01,1540,Monitor,Office,493.71,1,USA,493.71,1,2024
9830,2023-02-13,1790,Mouse,Electronics,1173.13,3,Israel,3519.39,2,2023
9831,2022-12-28,1468,Mouse,Accessories,751.27,4,USA,3005.08,12,2022
9832,2024-10-23,1591,Keyboard,Accessories,248.7,2,Israel,497.4,10,2024
9833,2022-03-25,1050,Webcam,Office,478.71,4,UK,1914.84,3,2022
9834,2022-06-05,1111,Headphones,Office,889.95,3,USA,2669.85,6,2022
9835,2023-12-08,1872,Laptop,Electronics,989.87,4,Israel,3959.48,12,2023
9836,2023-04-17,1300,Monitor,Office,824.46,4,USA,3297.84,4,2023
9837,2023-09-11,1089,Headphones,Office,411.65,4,Israel,1646.6,9,2023
9838,2022-05-14,1228,USB Cable,Accessories,892.66,4,Israel,3570.64,5,2022
9839,2024-02-27,1149,Laptop,Office,502.02,3,Canada,1506.06,2,2024
9840,2024-06-25,1754,Monitor,Electronics,341.26,1,Canada,341.26,6,2024
9841,2024-05-13,1137,Monitor,Accessories,1418.57,4,France,5674.28,5,2024
9842,2023-10-29,1134,Mouse,Accessories,475.74,2,USA,951.48,10,2023
9843,2022-10-04,1456,Keyboard,Office,506.75,4,UK,2027.0,10,2022
9844,2024-05-31,1600,Headphones,Electronics,1345.68,2,Germany,2691.36,5,2024
9845,2022-01-13,1493,Monitor,Accessories,218.33,2,Germany,436.66,1,2022
9846,2022-12-08,1526,Headphones,Electronics,878.97,4,Canada,3515.88,12,2022
9847,2022-02-04,1332,Monitor,Electronics,1176.65,4,USA,4706.6,2,2022
9848,2023-07-13,1361,Webcam,Office,414.13,2,Canada,828.26,7,2023
9849,2023-02-09,1173,Desk Lamp,Electronics,1266.9,3,Israel,3800.7,2,2023
9850,2023-10-20,1601,Mouse,Accessories,1155.63,1,Israel,1155.63,10,2023
9851,2022-06-08,1212,Keyboard,Office,731.71,2,UK,1463.42,6,2022
9852,2024-08-13,1342,Laptop,Accessories,182.48,3,USA,547.44,8,2024
9853,2023-07-03,1060,Laptop,Electronics,1455.31,1,Germany,1455.31,7,2023
9854,2024-09-11,1875,Webcam,Electronics,938.22,1,UK,938.22,9,2024
9855,2022-10-06,1731,USB Cable,Office,778.06,1,USA,778.06,10,2022
9856,2023-04-24,1060,Mouse,Office,1328.75,4,USA,5315.0,4,2023
9857,2022-04-21,1818,Monitor,Accessories,634.93,4,Canada,2539.72,4,2022
9858,2023-03-07,1677,Mouse,Accessories,847.64,2,Canada,1695.28,3,2023
9859,2023-06-26,1523,Keyboard,Electronics,1288.33,4,USA,5153.32,6,2023
9860,2022-12-26,1215,Desk Lamp,Office,592.49,3,France,1777.47,12,2022
9861,2023-01-07,1588,Laptop,Electronics,1159.73,1,UK,1159.73,1,2023
9862,2024-11-04,1743,Headphones,Electronics,387.93,1,USA,387.93,11,2024
9863,2024-08-12,1623,Laptop,Accessories,1055.04,1,Canada,1055.04,8,2024
9864,2022-09-16,1577,USB Cable,Accessories,768.1,4,UK,3072.4,9,2022
9865,2024-02-17,1693,USB Cable,Accessories,251.54,4,Germany,1006.16,2,2024
9866,2022-04-30,1422,USB Cable,Office,208.33,4,USA,833.32,4,2022
9867,2024-09-02,1715,USB Cable,Accessories,689.24,3,Israel,2067.72,9,2024
9868,2024-07-01,1422,Keyboard,Office,1067.72,4,USA,4270.88,7,2024
9869,2023-12-24,1370,Monitor,Electronics,906.93,4,USA,3627.72,12,2023
9870,2023-06-07,1205,Mouse,Office,1282.81,4,UK,5131.24,6,2023
9871,2022-11-21,1285,Laptop,Accessories,587.54,3,UK,1762.62,11,2022
9872,2024-12-09,1104,USB Cable,Office,1266.24,4,Canada,5064.96,12,2024
9873,2022-03-10,1753,Laptop,Office,60.36,2,France,120.72,3,2022
9874,2023-01-26,1746,USB Cable,Accessories,551.88,4,USA,2207.52,1,2023
9875,2023-01-18,1687,Headphones,Accessories,114.11,2,Canada,228.22,1,2023
9876,2022-01-16,1722,Mouse,Electronics,1379.27,3,Germany,4137.81,1,2022
9877,2024-04-25,1542,Headphones,Office,715.59,2,UK,1431.18,4,2024
9878,2024-05-18,1746,Headphones,Electronics,477.65,3,France,1432.95,5,2024
9879,2023-07-22,1241,USB Cable,Electronics,741.27,4,Israel,2965.08,7,2023
9880,2022-05-12,1490,Desk Lamp,Office,801.6,4,Israel,3206.4,5,2022
9881,2022-09-30,1664,Monitor,Electronics,1270.12,2,France,2540.24,9,2022
9882,2023-04-29,1707,Laptop,Office,815.93,4,Canada,3263.72,4,2023
9883,2023-07-04,1497,Desk Lamp,Electronics,649.92,2,Israel,1299.84,7,2023
9884,2022-12-23,1434,Webcam,Electronics,1442.22,3,USA,4326.66,12,2022
9885,2024-12-07,1780,Mouse,Office,1452.99,4,UK,5811.96,12,2024
9886,2024-10-30,1483,Desk Lamp,Accessories,62.43,4,Germany,249.72,10,2024
9887,2022-08-21,1446,Monitor,Office,1061.73,4,Israel,4246.92,8,2022
9888,2022-02-05,1383,Webcam,Accessories,560.78,1,USA,560.78,2,2022
9889,2023-02-17,1509,Monitor,Office,1014.42,1,Canada,1014.42,2,2023
9890,2024-10-24,1169,Desk Lamp,Office,957.2,2,UK,1914.4,10,2024
9891,2022-02-13,1949,USB Cable,Accessories,498.51,1,USA,498.51,2,2022
9892,2023-07-22,1868,USB Cable,Accessories,1480.05,4,USA,5920.2,7,2023
9893,2024-01-10,1322,Monitor,Office,538.88,1,Canada,538.88,1,2024
9894,2022-04-24,1847,Desk Lamp,Office,949.81,2,UK,1899.62,4,2022
9895,2023-02-01,1473,Keyboard,Office,1221.01,1,Israel,1221.01,2,2023
9896,2023-04-11,1231,Keyboard,Accessories,222.47,3,Israel,667.41,4,2023
9897,2024-04-26,1695,Monitor,Office,454.35,3,USA,1363.05,4,2024
9898,2023-05-17,1358,Keyboard,Accessories,302.46,1,France,302.46,5,2023
9899,2023-03-17,1274,Mouse,Electronics,1173.82,3,Israel,3521.46,3,2023
9900,2022-03-10,1941,Laptop,Accessories,1202.81,3,USA,3608.43,3,2022
9901,2022-11-22,1910,Webcam,Electronics,387.64,1,Canada,387.64,11,2022
9902,2022-03-08,1031,USB Cable,Office,11.17,3,Germany,33.51,3,2022
9903,2022-10-31,1176,Mouse,Office,637.91,2,Germany,1275.82,10,2022
9904,2024-08-29,1916,Laptop,Accessories,1032.27,2,France,2064.54,8,2024
9905,2023-04-29,1064,Keyboard,Electronics,935.64,4,Canada,3742.56,4,2023
9906,2024-07-17,1709,Webcam,Office,671.32,2,USA,1342.64,7,2024
9907,2022-05-29,1026,Mouse,Office,456.4,4,Germany,1825.6,5,2022
9908,2024-11-16,1662,Headphones,Electronics,714.21,4,Canada,2856.84,11,2024
9909,2024-09-13,1814,USB Cable,Office,27.58,1,Israel,27.58,9,2024
9910,2023-08-07,1478,Monitor,Office,115.44,3,USA,346.32,8,2023
9911,2022-09-05,1267,USB Cable,Accessories,248.2,1,France,248.2,9,2022
9912,2023-12-03,1596,Laptop,Office,939.98,4,France,3759.92,12,2023
9913,2022-04-06,1065,Laptop,Electronics,332.1,1,Israel,332.1,4,2022
9914,2022-10-09,1132,Headphones,Office,637.95,3,Germany,1913.85,10,2022
9915,2022-11-18,1904,Headphones,Accessories,934.01,3,Canada,2802.03,11,2022
9916,2023-06-13,1915,Monitor,Office,1246.71,3,Germany,3740.13,6,2023
9917,2022-09-20,1365,Keyboard,Electronics,826.74,4,France,3306.96,9,2022
9918,2023-08-03,1081,USB Cable,Office,269.8,1,UK,269.8,8,2023
9919,2022-10-21,1892,Mouse,Electronics,1427.85,1,Canada,1427.85,10,2022
9920,2023-01-30,1830,Desk Lamp,Accessories,139.57,4,Canada,558.28,1,2023
9921,2023-05-28,1981,Desk Lamp,Office,553.84,4,Canada,2215.36,5,2023
9922,2024-07-09,1327,Mouse,Office,1382.38,2,France,2764.76,7,2024
9923,2024-03-20,1097,Mouse,Accessories,905.49,1,Canada,905.49,3,2024
9924,2024-07-08,1584,Keyboard,Electronics,995.67,3,France,2987.01,7,2024
9925,2023-11-24,1326,USB Cable,Electronics,456.03,1,USA,456.03,11,2023
9926,2022-08-23,1541,USB Cable,Office,122.42,2,Israel,244.84,8,2022
9927,2024-08-09,1124,Desk Lamp,Electronics,551.81,3,USA,1655.43,8,2024
9928,2024-10-28,1209,Monitor,Electronics,606.23,2,France,1212.46,10,2024
9929,2023-06-23,1986,Mouse,Office,409.06,4,USA,1636.24,6,2023
9930,2024-03-30,1783,Laptop,Electronics,327.15,4,Germany,1308.6,3,2024
9931,2022-09-29,1724,Laptop,Electronics,536.49,1,France,536.49,9,2022
9932,2024-10-25,1132,Laptop,Office,960.93,4,Germany,3843.72,10,2024
9933,2023-08-16,1502,Headphones,Office,1423.81,4,Germany,5695.24,8,2023
9934,2024-09-02,1156,Headphones,Electronics,1057.15,1,Israel,1057.15,9,2024
9935,2022-04-25,1558,Keyboard,Office,1170.51,2,Germany,2341.02,4,2022
9936,2022-09-20,1868,Mouse,Electronics,462.57,2,USA,925.14,9,2022
9937,2022-07-26,1874,Headphones,Electronics,161.52,3,USA,484.56,7,2022
9938,2022-10-30,1381,Laptop,Electronics,440.81,3,Canada,1322.43,10,2022
9939,2022-04-22,1021,Headphones,Electronics,606.97,2,UK,1213.94,4,2022
9940,2022-07-04,1973,USB Cable,Office,1036.37,4,Israel,4145.48,7,2022
9941,2024-06-19,1952,Laptop,Office,1409.34,3,Canada,4228.02,6,2024
9942,2022-08-09,1594,Mouse,Accessories,1214.89,2,Canada,2429.78,8,2022
9943,2024-12-29,1418,USB Cable,Office,403.27,4,Canada,1613.08,12,2024
9944,2024-06-16,1471,Keyboard,Accessories,1231.35,4,UK,4925.4,6,2024
9945,2024-12-29,1233,Monitor,Electronics,620.56,2,Germany,1241.12,12,2024
9946,2023-09-14,1571,Monitor,Office,267.28,1,Canada,267.28,9,2023
9947,2023-03-03,1453,USB Cable,Electronics,694.57,2,France,1389.14,3,2023
9948,2023-10-06,1699,Laptop,Accessories,847.01,4,USA,3388.04,10,2023
9949,2023-07-22,1569,Headphones,Office,1146.29,3,France,3438.87,7,2023
9950,2023-03-19,1770,Headphones,Office,528.1,4,UK,2112.4,3,2023
9951,2023-08-24,1161,Laptop,Office,224.44,4,Canada,897.76,8,2023
9952,2023-05-19,1300,Desk Lamp,Office,146.06,2,UK,292.12,5,2023
9953,2022-05-11,1305,Mouse,Electronics,173.11,4,USA,692.44,5,2022
9954,2022-08-06,1001,USB Cable,Office,1425.29,1,Canada,1425.29,8,2022
9955,2023-11-19,1270,Laptop,Accessories,1427.87,3,UK,4283.61,11,2023
9956,2022-06-20,1420,Desk Lamp,Office,1453.29,2,France,2906.58,6,2022
9957,2023-09-04,1142,Mouse,Accessories,457.22,1,UK,457.22,9,2023
9958,2024-09-18,1699,Keyboard,Accessories,291.46,3,France,874.38,9,2024
9959,2022-02-26,1863,Keyboard,Electronics,1471.47,1,Canada,1471.47,2,2022
9960,2022-09-03,1852,USB Cable,Office,1482.45,4,Germany,5929.8,9,2022
9961,2022-05-24,1959,Laptop,Accessories,122.13,4,Canada,488.52,5,2022
9962,2024-12-10,1976,Keyboard,Office,1130.03,1,Israel,1130.03,12,2024
9963,2023-01-03,1993,Headphones,Electronics,436.55,3,USA,1309.65,1,2023
9964,2022-08-06,1735,Mouse,Electronics,1364.4,1,UK,1364.4,8,2022
9965,2023-09-08,1878,Monitor,Office,138.39,1,Canada,138.39,9,2023
9966,2023-03-18,1691,Desk Lamp,Accessories,1333.42,1,USA,1333.42,3,2023
9967,2024-04-20,1534,Monitor,Electronics,8.92,3,UK,26.76,4,2024
9968,2024-08-13,1866,Keyboard,Accessories,785.36,1,Germany,785.36,8,2024
9969,2023-11-30,1036,Desk Lamp,Accessories,506.67,4,France,2026.68,11,2023
9970,2024-05-25,1106,Mouse,Office,643.86,2,USA,1287.72,5,2024
9971,2024-02-15,1296,Headphones,Electronics,653.51,4,Germany,2614.04,2,2024
9972,2024-02-01,1740,Monitor,Office,982.14,4,Germany,3928.56,2,2024
9973,2024-08-02,1824,Headphones,Office,39.53,1,Israel,39.53,8,2024
9974,2024-07-11,1096,Headphones,Office,1038.59,2,Germany,2077.18,7,2024
9975,2024-07-23,1280,Monitor,Accessories,38.19,1,Israel,38.19,7,2024
9976,2022-01-25,1109,Monitor,Office,281.98,2,Germany,563.96,1,2022
9977,2024-03-16,1548,Desk Lamp,Electronics,912.08,4,France,3648.32,3,2024
9978,2024-02-03,1551,Keyboard,Accessories,134.22,3,Germany,402.66,2,2024
9979,2024-12-19,1596,Desk Lamp,Office,1486.4,1,Canada,1486.4,12,2024
9980,2023-03-10,1813,USB Cable,Electronics,1177.65,4,France,4710.6,3,2023
9981,2024-05-28,1187,Mouse,Office,1059.97,2,UK,2119.94,5,2024
9982,2024-12-25,1751,Laptop,Office,405.18,4,Germany,1620.72,12,2024
9983,2024-06-28,1869,Mouse,Office,77.6,4,Germany,310.4,6,2024
9984,2023-07-19,1487,Desk Lamp,Accessories,1468.28,4,UK,5873.12,7,2023
9985,2022-04-16,1353,Laptop,Office,226.03,3,Israel,678.09,4,2022
9986,2022-04-06,1018,Desk Lamp,Electronics,1246.7,1,France,1246.7,4,2022
9987,2022-06-17,1858,Monitor,Office,300.29,1,UK,300.29,6,2022
9988,2022-02-11,1392,Headphones,Office,564.27,1,UK,564.27,2,2022
9989,2022-04-14,1836,Mouse,Accessories,1041.92,3,Canada,3125.76,4,2022
9990,2023-06-04,1260,Desk Lamp,Office,1418.32,3,USA,4254.96,6,2023
9991,2022-10-09,1984,Headphones,Electronics,34.57,2,UK,69.14,10,2022
9992,2024-12-02,1409,Mouse,Electronics,394.85,1,Israel,394.85,12,2024
9993,2024-08-04,1402,USB Cable,Office,1148.62,2,Israel,2297.24,8,2024
9994,2024-01-19,1669,Webcam,Electronics,264.22,4,Israel,1056.88,1,2024
9995,2024-04-10,1483,Mouse,Electronics,171.63,2,France,343.26,4,2024
9996,2022-02-18,1303,Headphones,Office,74.05,2,France,148.1,2,2022
9997,2022-04-25,1623,Webcam,Electronics,756.22,4,Germany,3024.88,4,2022
9998,2023-05-18,1655,Keyboard,Electronics,1152.76,4,UK,4611.04,5,2023
9999,2024-09-12,1767,USB Cable,Office,1442.79,2,Canada,2885.58,9,2024
10000,2022-03-12,1966,Monitor,Accessories,404.89,2,Israel,809.78,3,2022
