order_id,date,customer_id,product_name,category,price,quantity,country,total
1,10/05/2024,1518,Mouse,Office,1476.78,4,Israel,5907.12
2,31/12/2024,1711,Desk Lamp,Office,871.83,4,Germany,3487.32
3,10/11/2024,1335,Headphones,Accessories,1275.28,3,UK,3825.84
4,02/05/2022,1066,USB Cable,Office,1445.52,1,UK,1445.52
5,12/04/2023,1492,Laptop,Accessories,1029.14,2,USA,2058.28
6,27/11/2022,1649,Keyboard,Accessories,494.81,3,Canada,1484.43
7,29/03/2022,1753,USB Cable,Electronics,466.37,1,France,466.37
8,21/05/2024,1966,Laptop,Accessories,111.56,2,Canada,223.12
9,11/05/2022,1212,Headphones,Accessories,644.52,1,Canada,644.52
10,09/02/2024,1180,Desk Lamp,Electronics,1373.51,2,France,2747.02
11,10/12/2022,1765,Laptop,Office,719.7,2,Israel,1439.4
12,16/03/2024,1612,Webcam,Office,1366.94,2,France,2733.88
13,21/01/2023,1862,USB Cable,Accessories,1226.63,4,UK,4906.52
14,13/08/2024,1598,USB Cable,Electronics,1476.36,3,USA,4429.08
15,04/10/2022,1696,Desk Lamp,Accessories,1421.8,4,France,5687.2
16,05/04/2023,1602,Keyboard,Accessories,1061.19,4,Germany,4244.76
17,22/01/2022,1247,Laptop,Office,1307.47,2,Germany,2614.94
18,10/09/2022,1213,Keyboard,Electronics,1123.38,3,Germany,3370.14
19,18/01/2024,1358,USB Cable,Accessories,1056.57,3,France,3169.71
20,06/05/2024,1248,Laptop,Office,1074.76,3,USA,3224.28
21,20/04/2023,1637,Laptop,Accessories,1082.96,3,France,3248.88
22,18/12/2024,1922,Keyboard,Office,572.23,2,UK,1144.46
23,26/05/2023,1949,Webcam,Electronics,638.23,3,France,1914.69
24,01/12/2023,1880,Laptop,Accessories,444.64,1,Canada,444.64
25,02/09/2024,1515,Webcam,Electronics,226.65,1,Germany,226.65
26,09/07/2022,1087,Mouse,Office,690.37,4,Germany,2761.48
27,15/08/2024,1662,Monitor,Electronics,1350.42,2,Canada,2700.84
28,18/11/2023,1175,Mouse,Electronics,978.64,4,USA,3914.56
29,15/08/2024,1722,Monitor,Electronics,88.99,4,Israel,355.96
30,17/07/2023,1425,Mouse,Accessories,1217.74,3,Germany,3653.22
31,11/04/2024,1770,Monitor,Office,1403.43,1,Germany,1403.43
32,09/10/2023,1602,Laptop,Electronics,1244.99,1,Israel,1244.99
33,21/01/2022,1770,Keyboard,Accessories,1092.67,3,France,3278.01
34,20/04/2024,1923,Keyboard,Office,229.43,3,Germany,688.29
35,16/06/2022,1702,Desk Lamp,Office,526.75,2,USA,1053.5
36,23/01/2023,1080,Headphones,Office,850.1,1,France,850.1
37,24/08/2023,1926,Desk Lamp,Electronics,119.91,4,France,479.64
38,12/11/2022,1137,Monitor,Electronics,163.87,4,Germany,655.48
39,14/01/2022,1432,Headphones,Electronics,1401.71,2,France,2803.42
40,30/08/2022,1469,Webcam,Office,1055.52,1,France,1055.52
41,16/02/2024,1349,Webcam,Office,416.26,3,USA,1248.78
42,19/07/2023,1125,Headphones,Electronics,494.4,4,France,1977.6
43,16/06/2024,1880,Monitor,Electronics,579.72,1,Canada,579.72
44,02/04/2022,1916,Keyboard,Office,117.23,1,Germany,117.23
45,13/08/2024,1867,Monitor,Office,1110.07,1,Germany,1110.07
46,24/05/2023,1308,Webcam,Accessories,269.37,3,Canada,808.11
47,15/02/2024,1854,Laptop,Accessories,1208.65,4,Canada,4834.6
48,04/02/2022,1229,Headphones,Electronics,1269.58,3,Canada,3808.74
49,25/07/2022,1459,Headphones,Office,959.46,1,Israel,959.46
50,22/10/2024,1344,Webcam,Office,1155.93,1,UK,1155.93
51,18/10/2024,1309,Monitor,Accessories,261.89,4,Israel,1047.56
52,20/07/2023,1952,Headphones,Office,866.03,4,USA,3464.12
53,04/12/2023,1019,Keyboard,Electronics,1016.81,3,USA,3050.43
54,06/02/2023,1880,Headphones,Accessories,994.03,3,Germany,2982.09
55,31/12/2023,1560,Monitor,Office,180.35,3,UK,541.05
56,11/06/2022,1646,Webcam,Office,519.85,1,Israel,519.85
57,21/07/2022,1540,Keyboard,Electronics,490.93,4,UK,1963.72
58,22/09/2024,1559,Keyboard,Office,860.93,2,Germany,1721.86
59,27/09/2022,1476,Headphones,Accessories,1149.03,4,France,4596.12
60,26/03/2024,1268,Monitor,Accessories,858.03,4,Germany,3432.12
61,01/04/2023,1002,Headphones,Office,1133.47,4,Germany,4533.88
62,13/10/2024,1769,USB Cable,Office,152.96,2,UK,305.92
63,23/10/2022,1015,Laptop,Office,1317.82,3,USA,3953.46
64,21/12/2023,1605,Desk Lamp,Office,807.24,2,France,1614.48
65,04/12/2022,1357,Webcam,Accessories,61.06,4,France,244.24
66,28/05/2024,1645,USB Cable,Electronics,966.6,4,USA,3866.4
67,12/12/2024,1812,Desk Lamp,Accessories,778.43,1,UK,778.43
68,02/03/2024,1838,Laptop,Office,334.45,4,UK,1337.8
69,05/08/2022,1132,Keyboard,Office,1147.82,2,USA,2295.64
70,03/02/2024,1311,Headphones,Accessories,1400.68,2,Israel,2801.36
71,07/07/2022,1966,Laptop,Accessories,487.41,2,UK,974.82
72,15/01/2023,1481,Mouse,Office,743.4,3,USA,2230.2
73,08/05/2023,1894,Laptop,Accessories,196.62,1,Israel,196.62
74,30/11/2024,1543,Headphones,Office,1395.05,3,Germany,4185.15
75,15/01/2022,1304,Desk Lamp,Accessories,481.6,2,France,963.2
76,06/03/2022,1268,Headphones,Office,296.2,3,USA,888.6
77,05/06/2023,1413,Webcam,Accessories,720.25,1,UK,720.25
78,10/10/2023,1024,Laptop,Office,69.71,1,France,69.71
79,22/12/2024,1980,Headphones,Electronics,382.99,1,Israel,382.99
80,16/08/2023,1315,Headphones,Electronics,106.15,1,France,106.15
81,27/01/2023,1570,USB Cable,Accessories,195.42,2,Canada,390.84
82,23/02/2023,1724,Webcam,Electronics,172.68,4,USA,690.72
83,16/10/2022,1667,USB Cable,Office,1309.27,2,Germany,2618.54
84,14/01/2023,1825,Webcam,Accessories,1396,2,Israel,2792
85,19/08/2022,1275,Webcam,Accessories,714.41,2,Israel,1428.82
86,14/10/2024,1929,Desk Lamp,Office,947.47,2,Israel,1894.94
87,10/02/2022,1388,USB Cable,Office,1045.37,3,France,3136.11
88,17/11/2024,1721,Webcam,Office,590.01,1,Germany,590.01
89,15/05/2022,1443,Mouse,Accessories,558.46,4,USA,2233.84
90,20/07/2022,1998,Desk Lamp,Office,1014.98,4,USA,4059.92
91,19/02/2024,1426,Keyboard,Electronics,568.19,4,France,2272.76
92,18/07/2024,1056,Headphones,Accessories,873.61,2,Canada,1747.22
93,22/11/2024,1696,Monitor,Office,775.21,1,USA,775.21
94,07/12/2024,1970,Webcam,Accessories,789.07,1,USA,789.07
95,18/05/2023,1565,Keyboard,Electronics,1244.89,4,Germany,4979.56
96,11/02/2023,1720,Webcam,Electronics,1057.57,4,France,4230.28
97,15/03/2024,1367,Desk Lamp,Office,1441.22,2,France,2882.44
98,09/04/2022,1940,Desk Lamp,Accessories,1187.51,4,Israel,4750.04
99,15/11/2023,1341,Keyboard,Office,222.96,2,USA,445.92
100,27/12/2023,1804,Monitor,Accessories,1109.03,4,UK,4436.12
101,18/08/2024,1851,Desk Lamp,Office,1000.14,1,Canada,1000.14
102,05/09/2023,1303,Laptop,Office,970.84,1,Germany,970.84
103,05/10/2023,1763,Mouse,Accessories,723.71,1,Germany,723.71
104,25/10/2024,1373,Headphones,Accessories,98.38,3,Canada,295.14
105,18/05/2023,1949,Laptop,Electronics,1427.47,4,Canada,5709.88
106,06/02/2024,1815,USB Cable,Electronics,1278.63,3,UK,3835.89
107,02/02/2023,1111,Monitor,Accessories,732.78,1,Israel,732.78
108,20/05/2024,1877,Mouse,Electronics,242.08,4,UK,968.32
109,05/03/2024,1005,Mouse,Electronics,1237.59,3,Canada,3712.77
110,28/01/2023,1929,Mouse,Accessories,648.85,1,Canada,648.85
111,26/07/2022,1702,Monitor,Accessories,588.22,1,UK,588.22
112,04/11/2024,1845,Webcam,Accessories,999.75,4,Israel,3999
113,10/06/2024,1943,Webcam,Office,1139.22,4,UK,4556.88
114,13/05/2024,1278,Desk Lamp,Accessories,98.95,2,Israel,197.9
115,13/01/2024,1381,USB Cable,Accessories,1152.5,4,Canada,4610
116,18/07/2023,1851,Webcam,Accessories,1102.24,1,Canada,1102.24
117,17/10/2024,1012,Desk Lamp,Electronics,885.87,2,Canada,1771.74
118,06/04/2022,1302,Laptop,Accessories,510.94,2,USA,1021.88
119,30/04/2023,1555,Desk Lamp,Electronics,251.38,4,Israel,1005.52
120,19/08/2022,1616,Headphones,Office,158.47,1,Canada,158.47
121,19/01/2024,1159,Desk Lamp,Accessories,6.77,3,France,20.31
122,25/06/2023,1153,Mouse,Accessories,313.66,1,France,313.66
123,25/11/2024,1753,USB Cable,Electronics,619.95,1,UK,619.95
124,09/06/2023,1180,USB Cable,Office,369.25,4,France,1477
125,01/08/2023,1525,Mouse,Accessories,466.92,3,Israel,1400.76
126,13/11/2023,1179,Laptop,Office,588.73,2,USA,1177.46
127,11/07/2023,1376,Desk Lamp,Office,465.85,3,Israel,1397.55
128,09/10/2024,1803,Webcam,Accessories,1088.31,4,Germany,4353.24
129,08/10/2023,1775,Desk Lamp,Office,740.13,1,UK,740.13
130,06/03/2024,1167,Mouse,Office,33.89,1,Canada,33.89
131,17/11/2024,1213,Mouse,Accessories,343.87,3,USA,1031.61
132,09/07/2022,1149,Monitor,Electronics,1065.94,3,UK,3197.82
133,25/09/2023,1015,Keyboard,Accessories,454.89,4,Germany,1819.56
134,20/09/2023,1090,USB Cable,Office,1380.61,3,France,4141.83
135,30/08/2024,1119,Laptop,Accessories,1070.43,4,Germany,4281.72
136,11/12/2023,1955,Desk Lamp,Electronics,438.44,2,France,876.88
137,11/10/2023,1252,Laptop,Office,777.03,3,UK,2331.09
138,14/11/2022,1059,Webcam,Office,1002.52,1,UK,1002.52
139,15/11/2023,1265,Laptop,Electronics,294.08,3,Canada,882.24
140,26/10/2023,1408,Webcam,Electronics,373.05,1,Canada,373.05
141,18/03/2023,1030,Desk Lamp,Office,763.15,2,UK,1526.3
142,18/07/2023,1020,Monitor,Electronics,1387.72,2,Canada,2775.44
143,09/08/2024,1730,Desk Lamp,Accessories,519.3,3,Israel,1557.9
144,30/11/2023,1592,Monitor,Electronics,606.18,4,USA,2424.72
145,23/04/2022,1288,Headphones,Accessories,289.98,1,Israel,289.98
146,02/01/2022,1542,Webcam,Office,891.85,2,Germany,1783.7
147,04/10/2023,1497,USB Cable,Office,1111.53,3,USA,3334.59
148,08/08/2022,1745,Monitor,Office,663.76,2,UK,1327.52
149,04/05/2024,1473,Desk Lamp,Office,1126.62,3,UK,3379.86
150,20/01/2023,1404,Webcam,Office,457.39,1,UK,457.39
151,12/12/2024,1547,USB Cable,Electronics,1061.94,3,France,3185.82
152,31/12/2023,1960,Desk Lamp,Electronics,391.23,1,Germany,391.23
153,04/09/2022,1131,USB Cable,Office,1172.07,2,Israel,2344.14
154,15/04/2024,1323,Desk Lamp,Electronics,1246.81,1,Canada,1246.81
155,22/07/2022,1857,Laptop,Electronics,1197.6,1,Germany,1197.6
156,03/05/2022,1131,Headphones,Office,327.13,4,France,1308.52
157,05/02/2023,1520,Keyboard,Electronics,1042.9,2,France,2085.8
158,06/02/2024,1029,Mouse,Office,810.12,1,Germany,810.12
159,21/10/2022,1626,Mouse,Office,1479.13,4,France,5916.52
160,07/10/2022,1300,Headphones,Office,545.56,4,Canada,2182.24
161,02/06/2024,1003,Webcam,Office,1158.02,1,USA,1158.02
162,17/07/2022,1324,Webcam,Electronics,558.27,3,UK,1674.81
163,08/09/2024,1508,Webcam,Electronics,598.3,1,Israel,598.3
164,22/01/2024,1236,Keyboard,Accessories,170.93,3,France,512.79
165,24/05/2022,1534,USB Cable,Accessories,363.29,1,Israel,363.29
166,01/09/2023,1015,Mouse,Office,250.9,2,UK,501.8
167,06/07/2022,1533,Headphones,Accessories,243,4,Canada,972
168,09/04/2023,1996,Webcam,Electronics,18.48,1,Germany,18.48
169,22/10/2023,1583,Monitor,Electronics,1191.7,1,Canada,1191.7
170,03/02/2024,1815,Laptop,Accessories,704.56,1,UK,704.56
171,12/08/2024,1445,Keyboard,Accessories,1207.23,3,Israel,3621.69
172,07/02/2023,1992,Desk Lamp,Electronics,920.76,2,USA,1841.52
173,27/05/2022,1502,Webcam,Accessories,1247.85,2,Germany,2495.7
174,13/05/2024,1955,Mouse,Electronics,758.13,1,France,758.13
175,04/05/2023,1229,Laptop,Electronics,145.59,4,USA,582.36
176,17/07/2024,1106,Headphones,Accessories,927.06,4,UK,3708.24
177,05/07/2023,1719,Webcam,Accessories,1018.26,1,Israel,1018.26
178,04/12/2022,1388,Mouse,Office,941.62,3,Israel,2824.86
179,21/05/2024,1719,Laptop,Office,1203,4,Israel,4812
180,03/10/2023,1262,Monitor,Office,1098.59,2,UK,2197.18
181,18/04/2023,1562,Keyboard,Office,651.79,4,Germany,2607.16
182,31/05/2022,1064,Headphones,Office,1229.56,4,France,4918.24
183,20/09/2022,1264,Desk Lamp,Electronics,1039.22,1,USA,1039.22
184,24/05/2022,1337,Mouse,Accessories,184.95,4,UK,739.8
185,12/12/2022,1300,USB Cable,Electronics,812.11,1,Israel,812.11
186,16/09/2023,1377,Monitor,Office,1094.19,2,France,2188.38
187,13/10/2024,1174,Keyboard,Office,832.17,4,Israel,3328.68
188,30/05/2024,1962,Keyboard,Accessories,1423.8,1,UK,1423.8
189,02/01/2022,1151,USB Cable,Electronics,156.73,1,Israel,156.73
190,15/06/2024,1475,Desk Lamp,Office,1084.87,2,UK,2169.74
191,11/09/2022,1265,Monitor,Office,1237.55,4,Israel,4950.2
192,29/03/2023,1328,Mouse,Office,1055.47,3,UK,3166.41
193,26/11/2024,1972,Keyboard,Office,581.45,4,Israel,2325.8
194,11/10/2024,1815,Headphones,Electronics,581.29,1,France,581.29
195,09/01/2022,1162,Laptop,Electronics,881.92,1,France,881.92
196,26/03/2024,1437,Headphones,Office,598.66,2,Israel,1197.32
197,27/07/2022,1342,Desk Lamp,Electronics,1325.36,2,Israel,2650.72
198,08/02/2023,1366,Webcam,Office,169.35,3,UK,508.05
199,01/06/2022,1464,Desk Lamp,Accessories,960.54,3,UK,2881.62
200,23/02/2022,1749,Keyboard,Accessories,205.5,1,UK,205.5
201,20/09/2023,1198,Laptop,Accessories,812.54,3,Germany,2437.62
202,10/08/2023,1499,Monitor,Electronics,1074.79,3,Israel,3224.37
203,14/04/2022,1015,Laptop,Office,252.44,3,Canada,757.32
204,11/09/2022,1820,Desk Lamp,Accessories,1057.53,4,Israel,4230.12
205,25/05/2023,1295,Laptop,Accessories,214.27,4,Israel,857.08
206,09/04/2022,1867,USB Cable,Electronics,932.73,1,Israel,932.73
207,02/06/2022,1510,Laptop,Electronics,760.8,4,UK,3043.2
208,02/07/2024,1787,Keyboard,Accessories,450.62,3,UK,1351.86
209,27/05/2024,1983,USB Cable,Office,171.77,3,Germany,515.31
210,04/12/2022,1238,Desk Lamp,Office,1105.1,3,UK,3315.3
211,01/04/2024,1580,Desk Lamp,Office,575.8,4,Canada,2303.2
212,14/08/2024,1300,Desk Lamp,Accessories,134.36,2,Israel,268.72
213,10/06/2022,1005,USB Cable,Electronics,1160.32,3,Israel,3480.96
214,11/03/2024,1219,Webcam,Office,353.18,3,USA,1059.54
215,02/02/2023,1765,Webcam,Accessories,1106,2,UK,2212
216,26/03/2024,1452,USB Cable,Accessories,849.52,2,USA,1699.04
217,05/02/2023,1432,USB Cable,Electronics,295.82,1,Israel,295.82
218,02/10/2023,1806,Desk Lamp,Office,119.23,1,UK,119.23
219,22/11/2024,1869,Desk Lamp,Accessories,891.91,4,Israel,3567.64
220,19/11/2023,1385,Desk Lamp,Office,42.69,2,USA,85.38
221,05/04/2023,1618,Mouse,Office,102.87,1,USA,102.87
222,12/08/2024,1294,Webcam,Office,1054.82,3,France,3164.46
223,15/04/2023,1117,Keyboard,Accessories,810.62,1,France,810.62
224,11/11/2024,1404,Mouse,Office,492.81,3,UK,1478.43
225,20/01/2024,1679,Monitor,Electronics,811.15,3,UK,2433.45
226,07/02/2022,1996,Monitor,Accessories,889.52,3,UK,2668.56
227,18/08/2022,1762,Monitor,Accessories,850.1,4,UK,3400.4
228,17/07/2023,1593,Monitor,Office,965.62,2,UK,1931.24
229,14/03/2023,1565,Monitor,Office,1410.73,4,UK,5642.92
230,27/01/2022,1751,Headphones,Office,586.22,1,Canada,586.22
231,14/08/2022,1877,USB Cable,Accessories,455.22,1,UK,455.22
232,08/03/2024,1011,Keyboard,Electronics,62.46,2,USA,124.92
233,11/10/2022,1208,Mouse,Electronics,224.87,2,USA,449.74
234,28/05/2024,1164,Monitor,Accessories,163.84,1,USA,163.84
235,17/08/2024,1877,Headphones,Electronics,506.49,2,Canada,1012.98
236,29/03/2023,1293,Desk Lamp,Office,916.94,2,Israel,1833.88
237,16/10/2024,1910,Desk Lamp,Accessories,74.27,3,Germany,222.81
238,26/03/2024,1518,Webcam,Electronics,1092.86,4,Israel,4371.44
239,21/10/2023,1077,Headphones,Accessories,599.16,4,UK,2396.64
240,01/07/2023,1433,Headphones,Electronics,1445.44,4,Germany,5781.76
241,08/12/2024,1576,Keyboard,Accessories,854.74,3,USA,2564.22
242,17/01/2022,1613,Monitor,Electronics,1158.19,3,USA,3474.57
243,07/06/2022,1962,Headphones,Accessories,1292.47,2,France,2584.94
244,22/04/2023,1868,USB Cable,Accessories,1333.83,2,UK,2667.66
245,05/12/2024,1811,Headphones,Accessories,780.1,3,UK,2340.3
246,02/06/2023,1798,Monitor,Accessories,598.13,3,France,1794.39
247,09/04/2022,1682,Keyboard,Accessories,842.97,1,Israel,842.97
248,26/11/2024,1076,Headphones,Office,606.1,3,France,1818.3
249,07/10/2022,1047,Mouse,Accessories,364.87,3,Canada,1094.61
250,12/05/2023,1766,Laptop,Accessories,489.26,4,UK,1957.04
251,29/10/2022,1081,Desk Lamp,Accessories,352.99,1,Canada,352.99
252,30/06/2022,1894,Webcam,Electronics,407.81,4,Canada,1631.24
253,30/08/2023,1720,Laptop,Accessories,144.94,4,Canada,579.76
254,01/12/2023,1208,Laptop,Office,642.56,1,USA,642.56
255,19/09/2024,1444,Keyboard,Accessories,356.75,1,France,356.75
256,10/07/2022,1970,Desk Lamp,Electronics,675.31,1,Germany,675.31
257,10/09/2022,1595,Headphones,Electronics,1189.34,2,USA,2378.68
258,07/09/2024,1521,Laptop,Accessories,675.23,1,Israel,675.23
259,16/07/2024,1028,Laptop,Accessories,1432.14,4,USA,5728.56
260,08/05/2022,1303,Desk Lamp,Accessories,226.02,1,Israel,226.02
261,18/01/2022,1993,Webcam,Accessories,1276.15,2,USA,2552.3
262,20/07/2023,1464,Monitor,Electronics,376.15,4,UK,1504.6
263,24/07/2023,1501,USB Cable,Accessories,1401.23,1,Canada,1401.23
264,17/11/2023,1445,USB Cable,Electronics,344.59,1,Israel,344.59
265,18/09/2023,1627,Desk Lamp,Electronics,1121.71,4,Israel,4486.84
266,03/05/2024,1489,Headphones,Office,97.87,4,France,391.48
267,19/08/2024,1780,Headphones,Electronics,946.57,1,USA,946.57
268,04/06/2022,1427,Webcam,Accessories,331.92,2,Israel,663.84
269,05/05/2023,1558,Monitor,Accessories,1006.91,4,Israel,4027.64
270,24/02/2024,1358,Desk Lamp,Accessories,955.56,3,USA,2866.68
271,03/09/2022,1959,Headphones,Accessories,1385.93,1,USA,1385.93
272,28/11/2024,1090,USB Cable,Office,941.88,4,Germany,3767.52
273,29/01/2024,1052,USB Cable,Office,615.33,4,France,2461.32
274,22/06/2023,1729,Mouse,Office,294.38,1,Israel,294.38
275,09/07/2024,1859,Webcam,Office,987.89,1,USA,987.89
276,12/02/2023,1588,Keyboard,Electronics,178.97,1,Israel,178.97
277,09/06/2023,1203,Monitor,Office,1243.63,2,Germany,2487.26
278,07/04/2024,1555,Webcam,Electronics,374.77,3,Germany,1124.31
279,21/06/2024,1155,Laptop,Accessories,788.62,4,Israel,3154.48
280,05/02/2022,1001,Desk Lamp,Electronics,895.94,1,France,895.94
281,16/11/2023,1356,Headphones,Electronics,546.92,1,UK,546.92
282,20/01/2022,1824,Mouse,Office,997.49,2,Israel,1994.98
283,17/11/2022,1568,USB Cable,Accessories,379.07,3,Germany,1137.21
284,27/05/2023,1801,Mouse,Accessories,56.76,4,France,227.04
285,04/02/2023,1982,Keyboard,Office,1439.11,3,Canada,4317.33
286,16/10/2023,1057,Desk Lamp,Electronics,483.47,3,USA,1450.41
287,29/08/2024,1253,Webcam,Office,1071.63,1,Canada,1071.63
288,16/04/2023,1179,Mouse,Electronics,763.76,1,France,763.76
289,13/04/2024,1492,Webcam,Office,1005.15,1,France,1005.15
290,28/12/2023,1668,Desk Lamp,Office,170.85,2,Israel,341.7
291,03/05/2024,1034,Headphones,Accessories,780.68,2,France,1561.36
292,20/02/2022,1074,Headphones,Accessories,591.37,2,USA,1182.74
293,29/07/2023,1943,USB Cable,Accessories,680.52,1,Canada,680.52
294,30/05/2022,1288,Mouse,Office,1449.48,1,Israel,1449.48
295,10/11/2022,1370,Headphones,Accessories,208.75,1,Germany,208.75
296,24/07/2023,1586,Desk Lamp,Accessories,1133.28,3,USA,3399.84
297,01/11/2022,1328,Webcam,Office,498.86,2,Israel,997.72
298,13/11/2023,1589,USB Cable,Accessories,439.09,2,Israel,878.18
299,17/04/2024,1766,Headphones,Electronics,409.81,3,UK,1229.43
300,13/12/2024,1776,Desk Lamp,Accessories,526.43,4,USA,2105.72
301,29/09/2024,1998,Desk Lamp,Electronics,538.89,3,France,1616.67
302,20/03/2023,1303,USB Cable,Accessories,409.77,3,USA,1229.31
303,05/09/2023,1578,Laptop,Office,1002.9,1,USA,1002.9
304,19/09/2024,1220,Webcam,Office,76.34,4,UK,305.36
305,21/09/2022,1978,Desk Lamp,Accessories,501.78,3,France,1505.34
306,12/12/2024,1163,USB Cable,Electronics,423.91,4,Canada,1695.64
307,30/09/2024,1479,Monitor,Accessories,1128.37,4,UK,4513.48
308,05/01/2022,1454,Desk Lamp,Office,224.02,1,UK,224.02
309,13/02/2024,1374,Headphones,Accessories,1411.33,4,UK,5645.32
310,26/05/2024,1219,Headphones,Office,259.93,1,USA,259.93
311,18/09/2024,1683,Webcam,Electronics,558.19,2,Canada,1116.38
312,02/06/2024,1253,Desk Lamp,Electronics,303.55,3,UK,910.65
313,16/02/2022,1721,Keyboard,Office,433.61,1,Germany,433.61
314,16/05/2024,1187,Monitor,Electronics,1142.73,1,France,1142.73
315,02/04/2024,1190,USB Cable,Office,717.23,3,Canada,2151.69
316,24/07/2024,1388,Monitor,Office,248.05,1,France,248.05
317,18/10/2023,1214,USB Cable,Office,74.72,4,Canada,298.88
318,26/09/2022,1374,Desk Lamp,Accessories,348.72,1,UK,348.72
319,05/01/2023,1085,Monitor,Electronics,1418.68,1,Canada,1418.68
320,28/09/2023,1473,Mouse,Accessories,1268.75,4,USA,5075
321,19/10/2023,1617,Laptop,Accessories,663.06,3,Canada,1989.18
322,30/04/2022,1843,Laptop,Electronics,725.58,1,Israel,725.58
323,10/04/2024,1807,Keyboard,Accessories,1349.55,2,Israel,2699.1
324,17/12/2024,1530,Monitor,Office,889.06,3,USA,2667.18
325,11/01/2024,1046,Monitor,Accessories,1321.75,2,UK,2643.5
326,27/04/2022,1064,Headphones,Office,740.3,2,UK,1480.6
327,01/03/2024,1962,USB Cable,Electronics,304.15,2,Germany,608.3
328,09/10/2024,1474,Webcam,Accessories,1090.26,1,Israel,1090.26
329,17/12/2024,1145,Mouse,Electronics,791.96,4,Israel,3167.84
330,26/09/2023,1945,Mouse,Office,1004.32,1,France,1004.32
331,28/05/2023,1797,Desk Lamp,Accessories,240.06,2,UK,480.12
332,12/03/2024,1381,Keyboard,Office,973.16,2,USA,1946.32
333,14/07/2023,1065,Laptop,Office,576.47,4,UK,2305.88
334,03/05/2023,1516,Desk Lamp,Office,501.34,3,UK,1504.02
335,15/06/2024,1092,Monitor,Electronics,1008.86,2,Germany,2017.72
336,05/12/2023,1864,Webcam,Electronics,890.4,1,Canada,890.4
337,04/08/2023,1425,Keyboard,Electronics,975.42,2,Canada,1950.84
338,29/02/2024,1467,USB Cable,Accessories,1448.17,2,USA,2896.34
339,10/05/2024,1093,Mouse,Office,1053.29,3,Germany,3159.87
340,04/09/2022,1617,Mouse,Electronics,963.14,4,Germany,3852.56
341,03/06/2022,1132,Mouse,Office,922.26,2,Germany,1844.52
342,23/09/2024,1433,Monitor,Electronics,601.08,3,Canada,1803.24
343,28/11/2023,1340,Monitor,Office,1259.59,3,Germany,3778.77
344,28/12/2024,1313,Monitor,Electronics,574.5,2,UK,1149
345,06/12/2024,1590,Headphones,Electronics,1051.86,2,Canada,2103.72
346,05/10/2024,1211,Laptop,Electronics,443.25,4,Canada,1773
347,04/04/2022,1519,USB Cable,Electronics,225.9,1,France,225.9
348,15/08/2024,1158,Mouse,Office,199,1,UK,199
349,08/10/2024,1267,Mouse,Electronics,953.67,4,Germany,3814.68
350,29/03/2023,1660,Desk Lamp,Electronics,495.29,3,Germany,1485.87
351,30/06/2024,1861,Headphones,Electronics,416.2,3,France,1248.6
352,06/08/2022,1957,Mouse,Office,890.13,4,Israel,3560.52
353,19/04/2023,1602,USB Cable,Electronics,43.38,1,USA,43.38
354,08/03/2023,1747,Mouse,Office,373.11,3,Germany,1119.33
355,07/12/2022,1473,Monitor,Accessories,514.12,1,Germany,514.12
356,05/07/2023,1800,Monitor,Office,1064.02,3,UK,3192.06
357,23/12/2022,1409,Laptop,Accessories,819.78,1,Germany,819.78
358,23/01/2022,1473,USB Cable,Electronics,1284.7,4,Germany,5138.8
359,06/06/2023,1355,USB Cable,Electronics,505.09,1,USA,505.09
360,12/03/2024,1679,Mouse,Office,448.18,3,UK,1344.54
361,01/02/2024,1192,Keyboard,Electronics,54.63,3,Israel,163.89
362,18/03/2023,1698,Mouse,Electronics,1427.82,3,Germany,4283.46
363,08/02/2024,1270,Mouse,Office,754.73,2,Germany,1509.46
364,12/10/2024,1113,Laptop,Electronics,756.27,2,Israel,1512.54
365,31/05/2023,1896,Keyboard,Accessories,1385.54,3,France,4156.62
366,05/11/2024,1522,Desk Lamp,Accessories,438.43,4,Israel,1753.72
367,02/03/2024,1054,Mouse,Electronics,501.5,3,Israel,1504.5
368,02/12/2022,1769,Webcam,Electronics,986.24,4,UK,3944.96
369,15/09/2022,1064,Webcam,Accessories,1178.84,3,Canada,3536.52
370,12/05/2023,1990,USB Cable,Electronics,1050.47,3,Israel,3151.41
371,14/06/2024,1683,USB Cable,Accessories,1184.13,4,UK,4736.52
372,09/06/2022,1271,Keyboard,Office,864.79,1,Canada,864.79
373,01/05/2024,1501,Webcam,Accessories,1294.92,2,Israel,2589.84
374,21/11/2023,1661,Monitor,Electronics,827.41,3,Germany,2482.23
375,15/01/2023,1361,Monitor,Electronics,347.86,4,Germany,1391.44
376,14/08/2024,1145,Keyboard,Accessories,814.84,4,Canada,3259.36
377,22/11/2023,1942,Desk Lamp,Accessories,1070.85,2,France,2141.7
378,02/12/2024,1208,Mouse,Electronics,982.1,2,Canada,1964.2
379,12/10/2022,1285,USB Cable,Electronics,368.31,1,Israel,368.31
380,01/02/2023,1009,Keyboard,Electronics,66.41,3,USA,199.23
381,12/01/2022,1738,Webcam,Office,382.46,2,Israel,764.92
382,14/05/2023,1185,Keyboard,Office,1476.14,1,Canada,1476.14
383,24/01/2024,1573,Webcam,Accessories,280.78,3,USA,842.34
384,04/02/2022,1596,USB Cable,Accessories,699.24,3,Canada,2097.72
385,28/12/2023,1463,Monitor,Office,959.33,4,Israel,3837.32
386,28/04/2024,1133,Keyboard,Office,1319.81,2,UK,2639.62
387,31/03/2022,1834,USB Cable,Accessories,1141.59,1,Germany,1141.59
388,15/02/2024,1808,USB Cable,Office,1363.88,1,USA,1363.88
389,28/08/2023,1170,Headphones,Accessories,908.55,4,USA,3634.2
390,27/08/2024,1212,Desk Lamp,Electronics,1298.65,1,Israel,1298.65
391,18/10/2024,1972,Webcam,Accessories,399.45,1,Germany,399.45
392,22/02/2023,1529,Headphones,Office,648.69,3,France,1946.07
393,25/04/2022,1825,Monitor,Office,1266.44,2,USA,2532.88
394,09/09/2023,1501,USB Cable,Office,491.72,4,Germany,1966.88
395,05/04/2024,1571,USB Cable,Accessories,1307.48,2,Germany,2614.96
396,17/02/2023,1599,Mouse,Office,547.86,1,USA,547.86
397,30/12/2023,1026,Webcam,Accessories,548.28,1,UK,548.28
398,17/10/2024,1067,Desk Lamp,Electronics,467,1,Canada,467
399,31/01/2024,1789,Desk Lamp,Electronics,822.68,2,UK,1645.36
400,07/11/2023,1407,Mouse,Office,197.96,4,Israel,791.84
401,02/04/2023,1551,Monitor,Accessories,59.72,4,Canada,238.88
402,08/07/2024,1108,Mouse,Accessories,1346.63,3,Canada,4039.89
403,11/07/2022,1073,USB Cable,Office,1393.76,4,Israel,5575.04
404,09/01/2024,1577,Webcam,Accessories,118.88,3,Germany,356.64
405,04/09/2024,1679,Laptop,Office,826.8,1,USA,826.8
406,05/10/2024,1261,Webcam,Office,811.82,4,UK,3247.28
407,06/04/2022,1367,Webcam,Electronics,561.78,3,Germany,1685.34
408,25/10/2023,1785,Headphones,Office,855.51,3,UK,2566.53
409,06/02/2022,1848,Laptop,Accessories,689.89,2,USA,1379.78
410,06/10/2022,1869,Laptop,Office,737,1,UK,737
411,05/08/2022,1236,Laptop,Electronics,1134.23,4,France,4536.92
412,16/05/2024,1726,Webcam,Electronics,791.31,4,Israel,3165.24
413,22/05/2024,1365,Monitor,Accessories,488.87,4,Canada,1955.48
414,03/03/2022,1285,Laptop,Office,874.28,3,UK,2622.84
415,19/08/2023,1377,Keyboard,Accessories,962.93,4,USA,3851.72
416,30/12/2023,1660,Mouse,Accessories,995.16,4,USA,3980.64
417,01/02/2023,1829,Monitor,Office,929.37,4,France,3717.48
418,30/11/2023,1905,Keyboard,Electronics,998.58,1,USA,998.58
419,08/11/2024,1375,Webcam,Accessories,468.59,1,France,468.59
420,26/06/2022,1618,Webcam,Accessories,671.97,3,Germany,2015.91
421,31/01/2023,1652,Keyboard,Electronics,1004.72,2,UK,2009.44
422,21/03/2023,1075,Headphones,Office,1132.78,4,USA,4531.12
423,17/03/2022,1008,Headphones,Office,654.05,4,Israel,2616.2
424,22/09/2022,1195,Keyboard,Office,551.17,3,UK,1653.51
425,31/03/2023,1806,Desk Lamp,Electronics,1075.24,4,France,4300.96
426,19/12/2023,1791,Headphones,Accessories,337.15,2,UK,674.3
427,05/01/2024,1892,Mouse,Electronics,19.19,3,UK,57.57
428,30/04/2024,1629,Mouse,Accessories,709.39,1,USA,709.39
429,24/05/2022,1289,Desk Lamp,Accessories,264.19,2,Israel,528.38
430,03/06/2024,1998,Webcam,Office,570.53,4,Germany,2282.12
431,28/12/2024,1060,Headphones,Office,440.4,2,Israel,880.8
432,31/01/2023,1936,Desk Lamp,Office,1167.01,1,Canada,1167.01
433,14/11/2024,1388,Laptop,Electronics,500.46,3,France,1501.38
434,05/08/2024,1846,Desk Lamp,Office,962.81,2,Canada,1925.62
435,09/06/2024,1817,Keyboard,Electronics,1012.5,3,Israel,3037.5
436,23/07/2023,1899,Mouse,Office,687.4,3,Israel,2062.2
437,28/11/2024,1562,Desk Lamp,Office,126.21,4,France,504.84
438,19/04/2022,1563,USB Cable,Office,1052.05,4,Israel,4208.2
439,01/12/2024,1633,Headphones,Electronics,117.38,3,Germany,352.14
440,23/07/2024,1678,USB Cable,Accessories,153.32,1,UK,153.32
441,02/02/2023,1007,Headphones,Electronics,298.02,3,Germany,894.06
442,26/09/2023,1368,Desk Lamp,Electronics,424.16,1,Canada,424.16
443,03/01/2024,1044,Desk Lamp,Electronics,1270.45,2,UK,2540.9
444,23/08/2022,1343,Mouse,Accessories,1014.01,3,UK,3042.03
445,20/10/2023,1756,Mouse,Electronics,583.88,2,Israel,1167.76
446,21/01/2024,1795,Desk Lamp,Office,1468.05,3,UK,4404.15
447,11/08/2023,1374,Laptop,Accessories,369.19,2,France,738.38
448,29/10/2024,1618,Headphones,Electronics,916.67,1,Germany,916.67
449,11/08/2024,1026,Desk Lamp,Electronics,1271.59,2,UK,2543.18
450,07/05/2023,1192,Headphones,Accessories,1204.02,2,Israel,2408.04
451,01/07/2024,1929,Monitor,Electronics,140.01,4,Israel,560.04
452,19/06/2022,1848,Webcam,Accessories,1047.42,3,Israel,3142.26
453,03/08/2024,1356,Laptop,Office,390.51,3,USA,1171.53
454,05/03/2024,1061,Mouse,Electronics,536.82,3,Germany,1610.46
455,26/09/2023,1061,USB Cable,Electronics,736.04,3,Israel,2208.12
456,29/01/2022,1421,Mouse,Office,1187.17,4,France,4748.68
457,05/12/2022,1793,Keyboard,Electronics,253.47,1,Israel,253.47
458,15/05/2023,1632,Webcam,Electronics,167.29,2,USA,334.58
459,26/05/2023,1791,Mouse,Accessories,234.39,2,Germany,468.78
460,05/08/2022,1550,Headphones,Electronics,331.24,1,UK,331.24
461,29/12/2024,1379,Mouse,Office,93.96,2,Germany,187.92
462,21/03/2023,1276,Desk Lamp,Electronics,1389.9,4,UK,5559.6
463,25/05/2024,1605,Headphones,Accessories,482.03,3,UK,1446.09
464,16/06/2022,1430,Headphones,Office,269.58,3,Israel,808.74
465,01/04/2022,1114,Laptop,Office,958.56,4,Canada,3834.24
466,15/12/2023,1687,Mouse,Office,1181.56,3,France,3544.68
467,08/02/2022,1120,Laptop,Office,1131.09,2,France,2262.18
468,22/06/2022,1524,USB Cable,Accessories,1079.47,1,Canada,1079.47
469,15/10/2023,1996,USB Cable,Accessories,80.54,1,Israel,80.54
470,24/01/2024,1898,Webcam,Accessories,1174.33,2,USA,2348.66
471,17/12/2024,1415,Headphones,Accessories,755.31,1,UK,755.31
472,21/04/2023,1162,Desk Lamp,Electronics,975.38,1,Canada,975.38
473,01/04/2023,1786,Desk Lamp,Accessories,1434.85,3,France,4304.55
474,08/04/2024,1909,USB Cable,Electronics,1216.96,2,Germany,2433.92
475,13/06/2024,1687,Webcam,Office,1238.93,4,USA,4955.72
476,21/10/2024,1981,Mouse,Electronics,276.29,1,Israel,276.29
477,22/01/2023,1336,Webcam,Electronics,717.24,2,USA,1434.48
478,14/12/2022,1378,Webcam,Electronics,1424.24,4,France,5696.96
479,09/07/2022,1323,Mouse,Accessories,876.11,4,Canada,3504.44
480,20/05/2023,1172,Laptop,Accessories,158.37,3,Israel,475.11
481,03/04/2024,1999,Laptop,Office,1099.07,3,France,3297.21
482,17/07/2024,1786,Headphones,Accessories,69.18,1,UK,69.18
483,22/07/2024,1063,Desk Lamp,Electronics,1114.73,2,USA,2229.46
484,14/05/2022,1100,Headphones,Accessories,1320.26,2,Canada,2640.52
485,27/02/2022,1321,Mouse,Accessories,640.75,3,UK,1922.25
486,16/11/2023,1974,Mouse,Electronics,623.35,3,Germany,1870.05
487,03/11/2023,1065,Monitor,Office,459.8,3,UK,1379.4
488,22/06/2022,1842,Monitor,Accessories,1316.02,1,USA,1316.02
489,25/03/2024,1556,Keyboard,Office,823.94,2,Germany,1647.88
490,21/03/2022,1598,Desk Lamp,Electronics,870.99,1,France,870.99
491,04/06/2024,1457,USB Cable,Accessories,994.25,2,Canada,1988.5
492,22/07/2022,1578,Headphones,Office,453.85,3,Germany,1361.55
493,03/02/2024,1452,Webcam,Office,652.02,1,USA,652.02
494,16/02/2022,1258,USB Cable,Electronics,1113.7,4,Israel,4454.8
495,18/10/2023,1933,Keyboard,Accessories,1478.3,1,Germany,1478.3
496,16/04/2023,1716,USB Cable,Office,56.29,1,France,56.29
497,28/08/2024,1425,Desk Lamp,Office,68.76,4,Germany,275.04
498,01/11/2024,1978,Desk Lamp,Office,644.98,4,Canada,2579.92
499,06/01/2024,1935,Desk Lamp,Office,991.13,3,UK,2973.39
500,23/02/2024,1177,Keyboard,Office,582.62,4,Israel,2330.48
501,25/08/2024,1930,Laptop,Office,1499.46,4,USA,5997.84
502,24/12/2022,1279,Webcam,Office,297.06,1,Israel,297.06
503,29/08/2024,1343,Desk Lamp,Office,16.85,1,UK,16.85
504,30/10/2023,1016,Laptop,Office,289.24,3,Israel,867.72
505,08/01/2023,1295,Desk Lamp,Office,1330.83,4,UK,5323.32
506,28/10/2024,1201,Monitor,Accessories,222,2,Canada,444
507,07/11/2023,1961,Keyboard,Electronics,721.07,1,Germany,721.07
508,31/03/2022,1683,USB Cable,Electronics,631.82,3,USA,1895.46
509,29/11/2023,1918,Monitor,Electronics,1000.26,1,UK,1000.26
510,24/06/2023,1773,Webcam,Office,86.62,1,UK,86.62
511,02/01/2024,1193,Desk Lamp,Electronics,989.83,2,Germany,1979.66
512,18/05/2024,1148,Webcam,Office,535.35,3,UK,1606.05
513,10/02/2022,1374,Headphones,Accessories,1389.43,2,USA,2778.86
514,10/01/2024,1887,Desk Lamp,Electronics,1274.09,2,France,2548.18
515,17/05/2023,1034,Mouse,Accessories,602.26,3,Israel,1806.78
516,16/08/2024,1368,Laptop,Accessories,1489.37,4,Canada,5957.48
517,17/07/2024,1028,Headphones,Office,82.66,2,Canada,165.32
518,06/04/2023,1774,USB Cable,Electronics,1184.01,4,UK,4736.04
519,02/01/2024,1220,Headphones,Accessories,653.59,1,Israel,653.59
520,22/01/2024,1052,USB Cable,Electronics,652.79,3,Canada,1958.37
521,13/07/2024,1932,Laptop,Accessories,259.35,3,Israel,778.05
522,27/06/2024,1790,Laptop,Accessories,774.75,1,Canada,774.75
523,25/01/2023,1352,Webcam,Office,131.65,1,France,131.65
524,01/06/2024,1391,Webcam,Electronics,926.78,1,UK,926.78
525,13/09/2022,1075,Keyboard,Office,366.18,2,USA,732.36
526,10/12/2023,1493,Monitor,Office,1088.66,2,UK,2177.32
527,26/03/2023,1687,Webcam,Office,913.01,2,Israel,1826.02
528,10/01/2022,1521,Headphones,Office,1120.88,2,Germany,2241.76
529,03/04/2024,1974,Keyboard,Office,1125.86,2,France,2251.72
530,08/03/2024,1116,USB Cable,Accessories,299.08,4,USA,1196.32
531,26/05/2024,1279,Keyboard,Electronics,6.01,4,USA,24.04
532,25/10/2024,1729,Headphones,Electronics,551.81,2,Israel,1103.62
533,12/10/2024,1174,Webcam,Office,1379.01,3,USA,4137.03
534,09/01/2023,1745,Desk Lamp,Electronics,868.96,3,Israel,2606.88
535,24/12/2024,1948,USB Cable,Accessories,1092.62,4,USA,4370.48
536,26/05/2022,1763,Headphones,Office,1319.96,4,USA,5279.84
537,12/08/2022,1294,Mouse,Accessories,1359.56,3,Canada,4078.68
538,26/06/2022,1450,Webcam,Accessories,795.89,3,Canada,2387.67
539,02/05/2024,1833,Monitor,Office,813.71,3,Israel,2441.13
540,04/03/2022,1517,USB Cable,Accessories,1277.15,4,France,5108.6
541,06/04/2024,1020,Headphones,Office,1212.19,4,USA,4848.76
542,05/03/2024,1072,Webcam,Accessories,1049.79,3,UK,3149.37
543,20/11/2023,1841,Laptop,Electronics,908.67,4,Germany,3634.68
544,15/04/2022,1035,Mouse,Electronics,927.74,2,Canada,1855.48
545,26/05/2023,1506,USB Cable,Electronics,547.55,3,Israel,1642.65
546,20/01/2023,1898,USB Cable,Office,1262.17,1,USA,1262.17
547,09/02/2023,1232,Monitor,Accessories,928.58,3,Canada,2785.74
548,02/04/2024,1727,Webcam,Accessories,339.17,4,France,1356.68
549,02/06/2023,1981,Laptop,Electronics,363.57,1,Canada,363.57
550,21/04/2023,1496,Webcam,Electronics,1293.1,1,UK,1293.1
551,10/12/2023,1205,Laptop,Office,940.43,3,Israel,2821.29
552,10/02/2024,1425,Monitor,Office,601.06,2,UK,1202.12
553,12/11/2024,1940,Mouse,Accessories,284.72,2,Canada,569.44
554,23/09/2024,1043,USB Cable,Office,917.27,4,Germany,3669.08
555,08/11/2023,1090,Laptop,Office,280.54,1,France,280.54
556,15/12/2023,1928,Keyboard,Office,707.9,2,Israel,1415.8
557,24/03/2022,1827,Monitor,Electronics,1017.88,4,Israel,4071.52
558,02/04/2023,1469,Monitor,Electronics,850.3,1,USA,850.3
559,01/01/2022,1604,Headphones,Accessories,1383.54,4,UK,5534.16
560,20/02/2022,1466,Mouse,Office,64.38,2,Israel,128.76
561,16/11/2023,1850,Keyboard,Electronics,423.29,4,UK,1693.16
562,18/12/2023,1453,Keyboard,Office,90.34,4,Germany,361.36
563,25/03/2023,1594,Headphones,Accessories,295.93,2,USA,591.86
564,30/05/2024,1332,Laptop,Office,190.36,2,Germany,380.72
565,03/05/2023,1506,Laptop,Accessories,1100.33,4,USA,4401.32
566,03/02/2022,1793,Desk Lamp,Accessories,557.22,2,USA,1114.44
567,05/04/2022,1469,Desk Lamp,Electronics,1387.94,3,UK,4163.82
568,31/12/2024,1020,Keyboard,Office,39.95,3,Canada,119.85
569,03/06/2022,1227,Mouse,Electronics,981.12,3,USA,2943.36
570,07/09/2022,1375,Laptop,Office,1455.96,1,Germany,1455.96
571,05/11/2023,1129,Monitor,Office,267.88,3,Canada,803.64
572,14/03/2023,1686,Webcam,Accessories,666.44,3,Germany,1999.32
573,28/04/2022,1619,Headphones,Accessories,1054.33,3,Canada,3162.99
574,10/02/2024,1413,Mouse,Office,951.54,2,Germany,1903.08
575,25/09/2022,1794,Laptop,Electronics,851.21,2,UK,1702.42
576,13/12/2024,1070,Webcam,Accessories,493.5,2,UK,987
577,24/08/2022,1403,Keyboard,Accessories,1093.66,2,France,2187.32
578,24/01/2023,1561,Headphones,Office,981.62,2,Israel,1963.24
579,16/09/2024,1606,Laptop,Office,248.39,3,France,745.17
580,02/02/2024,1790,Keyboard,Accessories,1446.32,3,France,4338.96
581,05/02/2023,1396,Laptop,Electronics,835.73,2,USA,1671.46
582,16/09/2023,1336,Headphones,Accessories,790.57,4,USA,3162.28
583,06/02/2024,1643,Monitor,Office,1273.11,2,France,2546.22
584,07/07/2024,1504,USB Cable,Accessories,962.42,3,Israel,2887.26
585,02/05/2024,1909,Monitor,Office,116.35,3,France,349.05
586,01/08/2023,1275,USB Cable,Accessories,762.35,2,UK,1524.7
587,16/03/2022,1891,Webcam,Office,1171.99,1,Germany,1171.99
588,11/03/2023,1012,Keyboard,Office,1051.47,4,France,4205.88
589,13/04/2022,1002,USB Cable,Electronics,1456.3,2,USA,2912.6
590,03/02/2024,1985,Monitor,Office,42.25,3,Israel,126.75
591,08/01/2024,1985,Headphones,Accessories,395.52,4,USA,1582.08
592,16/03/2024,1977,Keyboard,Office,825.99,1,UK,825.99
593,08/04/2022,1223,Laptop,Accessories,931.14,4,Canada,3724.56
594,08/03/2024,1973,USB Cable,Electronics,415.16,2,USA,830.32
595,08/05/2024,1174,Desk Lamp,Accessories,1241.07,3,Canada,3723.21
596,11/03/2023,1898,USB Cable,Electronics,250.7,3,USA,752.1
597,23/03/2023,1384,Mouse,Electronics,6.27,3,Israel,18.81
598,06/09/2022,1601,USB Cable,Office,1428.83,4,Canada,5715.32
599,15/06/2022,1919,USB Cable,Electronics,590.38,2,Israel,1180.76
600,10/09/2024,1240,Laptop,Accessories,1436.45,2,USA,2872.9
601,16/10/2024,1546,Headphones,Electronics,420.51,4,USA,1682.04
602,26/06/2023,1013,Webcam,Electronics,99.86,4,France,399.44
603,29/01/2024,1194,Keyboard,Office,1159.92,1,UK,1159.92
604,22/03/2022,1396,Laptop,Accessories,1254.55,3,Canada,3763.65
605,13/05/2022,1430,Keyboard,Electronics,740.67,4,France,2962.68
606,07/03/2024,1305,Desk Lamp,Office,115.41,3,Israel,346.23
607,18/06/2024,1333,Monitor,Office,982.93,1,France,982.93
608,18/05/2022,1724,Mouse,Accessories,277.31,2,France,554.62
609,03/07/2022,1409,Desk Lamp,Office,1274.83,3,Canada,3824.49
610,24/02/2024,1002,Headphones,Electronics,414.66,4,USA,1658.64
611,10/09/2024,1690,Laptop,Office,1272.32,4,USA,5089.28
612,10/03/2022,1551,Mouse,Accessories,643.25,1,Canada,643.25
613,30/06/2023,1451,USB Cable,Accessories,896.75,3,UK,2690.25
614,22/02/2022,1675,Headphones,Office,1185.4,2,Germany,2370.8
615,24/07/2022,1818,Desk Lamp,Electronics,65.46,2,Germany,130.92
616,06/05/2022,1746,Headphones,Office,1232.64,4,Canada,4930.56
617,12/02/2022,1768,Webcam,Accessories,212.28,1,Canada,212.28
618,21/04/2022,1871,Desk Lamp,Office,540.84,4,France,2163.36
619,31/01/2024,1494,Desk Lamp,Office,711.81,4,UK,2847.24
620,27/04/2024,1416,Monitor,Electronics,1343.66,4,UK,5374.64
621,05/04/2022,1390,Webcam,Office,38.55,4,Israel,154.2
622,18/06/2024,1372,Webcam,Electronics,841.01,1,USA,841.01
623,26/12/2022,1627,Keyboard,Office,965.57,4,Canada,3862.28
624,18/06/2024,1051,Keyboard,Office,478.29,3,Canada,1434.87
625,08/10/2022,1375,USB Cable,Electronics,439.28,4,Canada,1757.12
626,29/10/2023,1394,Mouse,Electronics,738.25,4,Canada,2953
627,03/04/2022,1922,Monitor,Accessories,284.72,2,Israel,569.44
628,03/11/2023,1141,Desk Lamp,Electronics,704.84,2,Germany,1409.68
629,02/03/2022,1085,Headphones,Office,1148.71,1,UK,1148.71
630,26/09/2023,1463,USB Cable,Accessories,1268.87,1,Germany,1268.87
631,10/12/2024,1045,Monitor,Electronics,580.82,3,USA,1742.46
632,25/10/2024,1843,Monitor,Electronics,927.87,4,USA,3711.48
633,27/08/2023,1237,Desk Lamp,Accessories,5.03,2,Canada,10.06
634,13/11/2023,1009,Desk Lamp,Office,827.78,3,USA,2483.34
635,18/06/2023,1663,Mouse,Office,1462.98,3,Germany,4388.94
636,17/04/2024,1572,Keyboard,Accessories,471.84,1,UK,471.84
637,07/10/2023,1529,Desk Lamp,Office,894.19,2,Israel,1788.38
638,21/08/2022,1597,Monitor,Electronics,1144.61,4,UK,4578.44
639,08/06/2023,1648,Monitor,Office,915.35,1,UK,915.35
640,12/12/2022,1912,Monitor,Electronics,630.66,3,France,1891.98
641,05/12/2024,1741,Laptop,Office,233.1,3,UK,699.3
642,30/06/2023,1639,Monitor,Electronics,698.23,2,Israel,1396.46
643,04/03/2024,1615,Monitor,Accessories,445.7,2,France,891.4
644,06/09/2022,1697,Desk Lamp,Electronics,1045.4,4,UK,4181.6
645,16/02/2022,1908,Headphones,Office,665.66,2,France,1331.32
646,02/08/2022,1177,Webcam,Electronics,1275.57,2,UK,2551.14
647,27/08/2022,1868,Laptop,Office,294.02,1,USA,294.02
648,15/12/2024,1005,Monitor,Office,629.49,1,USA,629.49
649,16/12/2022,1852,Webcam,Electronics,838.47,4,UK,3353.88
650,17/04/2022,1306,Monitor,Office,193.39,1,France,193.39
651,10/04/2024,1547,Mouse,Accessories,883.93,4,Israel,3535.72
652,17/02/2022,1326,Desk Lamp,Office,439.93,1,USA,439.93
653,03/12/2022,1355,Desk Lamp,Accessories,348.16,3,France,1044.48
654,15/11/2024,1792,Mouse,Accessories,217.16,1,Israel,217.16
655,14/03/2024,1394,Webcam,Office,528.07,4,France,2112.28
656,08/01/2022,1299,Desk Lamp,Accessories,1393.83,1,UK,1393.83
657,17/09/2023,1525,Laptop,Accessories,51.35,2,USA,102.7
658,20/12/2023,1748,Headphones,Electronics,1278.97,3,USA,3836.91
659,30/10/2022,1284,Laptop,Accessories,599.05,1,USA,599.05
660,01/10/2023,1329,Laptop,Accessories,844.59,3,UK,2533.77
661,25/02/2022,1049,Mouse,Accessories,771.65,3,Israel,2314.95
662,27/12/2023,1772,Mouse,Accessories,1388.98,3,Israel,4166.94
663,10/06/2023,1967,Headphones,Accessories,1156.34,3,Canada,3469.02
664,19/04/2023,1621,USB Cable,Office,1477.31,2,Canada,2954.62
665,28/01/2022,1708,USB Cable,Accessories,1192.67,2,USA,2385.34
666,19/03/2022,1377,USB Cable,Office,447.35,4,Canada,1789.4
667,31/12/2022,1763,Monitor,Office,1444.51,4,Israel,5778.04
668,28/10/2023,1599,Headphones,Office,1475.43,4,Canada,5901.72
669,10/06/2023,1999,Monitor,Electronics,189.03,4,Canada,756.12
670,30/11/2023,1824,Webcam,Electronics,1352.06,3,USA,4056.18
671,01/06/2024,1537,Webcam,Office,997.98,3,Israel,2993.94
672,27/10/2024,1773,Keyboard,Electronics,1383.38,3,USA,4150.14
673,23/10/2024,1143,USB Cable,Accessories,1374.03,2,Israel,2748.06
674,07/07/2024,1059,Mouse,Office,1337.6,2,France,2675.2
675,20/01/2024,1867,Keyboard,Office,1328.49,3,USA,3985.47
676,29/12/2022,1779,Keyboard,Office,180.88,3,Canada,542.64
677,16/03/2024,1074,Mouse,Electronics,219.56,3,Canada,658.68
678,09/01/2024,1002,Desk Lamp,Electronics,181.08,3,USA,543.24
679,04/11/2024,1574,Keyboard,Electronics,141.09,2,Canada,282.18
680,30/04/2023,1747,Desk Lamp,Accessories,533.16,1,Germany,533.16
681,28/01/2022,1447,USB Cable,Electronics,1027.52,4,USA,4110.08
682,15/12/2023,1957,Laptop,Office,535.27,4,Israel,2141.08
683,28/11/2024,1740,Desk Lamp,Electronics,1081.85,1,France,1081.85
684,27/03/2022,1901,Monitor,Electronics,1231.32,2,France,2462.64
685,06/05/2022,1274,USB Cable,Electronics,1000.99,2,Israel,2001.98
686,22/03/2024,1529,Desk Lamp,Electronics,700.33,1,UK,700.33
687,21/06/2023,1591,Headphones,Office,446.8,4,Canada,1787.2
688,25/05/2022,1214,Mouse,Electronics,190.98,4,USA,763.92
689,25/01/2022,1682,Laptop,Office,743.01,1,France,743.01
690,08/03/2022,1484,Webcam,Electronics,1080.8,1,Israel,1080.8
691,21/08/2022,1328,Headphones,Accessories,824.62,3,France,2473.86
692,19/04/2022,1254,Headphones,Accessories,1083.62,1,France,1083.62
693,21/04/2022,1386,Desk Lamp,Office,506.15,1,Israel,506.15
694,16/08/2022,1125,Headphones,Office,104.86,4,Germany,419.44
695,21/04/2022,1766,Keyboard,Accessories,1157.79,3,France,3473.37
696,03/02/2022,1583,Keyboard,Accessories,333.49,3,France,1000.47
697,15/09/2023,1549,Keyboard,Electronics,926.35,4,UK,3705.4
698,18/01/2024,1323,USB Cable,Accessories,1207.42,4,Germany,4829.68
699,18/08/2023,1203,Desk Lamp,Office,212.97,2,UK,425.94
700,01/03/2023,1171,Keyboard,Office,899.75,3,Israel,2699.25
701,05/09/2023,1734,Laptop,Accessories,1035.61,1,Canada,1035.61
702,23/11/2023,1216,Keyboard,Office,1121.06,3,USA,3363.18
703,11/11/2022,1244,Desk Lamp,Electronics,225.76,2,Israel,451.52
704,26/05/2024,1335,Mouse,Electronics,1238.55,1,Germany,1238.55
705,24/10/2023,1702,Headphones,Accessories,145.75,2,Canada,291.5
706,04/10/2022,1297,Laptop,Office,781.78,4,Israel,3127.12
707,16/09/2023,1831,Desk Lamp,Accessories,667.9,2,Germany,1335.8
708,31/05/2023,1181,Webcam,Office,336.54,4,Canada,1346.16
709,22/04/2024,1333,Keyboard,Office,456.39,2,UK,912.78
710,16/12/2022,1510,Webcam,Office,250.83,4,France,1003.32
711,02/04/2024,1382,Headphones,Electronics,641.46,3,Israel,1924.38
712,29/01/2024,1716,Laptop,Office,58.09,4,Israel,232.36
713,17/06/2024,1872,Headphones,Electronics,1333.93,3,Canada,4001.79
714,31/08/2022,1198,Webcam,Office,249.41,4,France,997.64
715,27/06/2023,1331,USB Cable,Accessories,1329.6,2,Israel,2659.2
716,29/11/2024,1164,Laptop,Electronics,1296.05,2,Israel,2592.1
717,17/08/2022,1241,Monitor,Electronics,680.26,2,Canada,1360.52
718,02/07/2023,1899,USB Cable,Electronics,749.1,4,USA,2996.4
719,08/07/2024,1641,Laptop,Accessories,456.36,4,Canada,1825.44
720,06/01/2022,1226,Keyboard,Electronics,1495.33,2,Canada,2990.66
721,13/04/2023,1633,Desk Lamp,Accessories,1007.8,3,Canada,3023.4
722,16/03/2022,1555,Webcam,Office,1427.95,4,USA,5711.8
723,04/01/2022,1450,Headphones,Office,625.12,3,France,1875.36
724,08/10/2023,1195,Desk Lamp,Accessories,1325.11,4,UK,5300.44
725,28/04/2022,1869,Headphones,Electronics,675.11,2,Israel,1350.22
726,30/05/2024,1203,Headphones,Electronics,1300.91,3,Canada,3902.73
727,19/05/2023,1978,Mouse,Accessories,200.74,1,Israel,200.74
728,04/08/2024,1457,Mouse,Office,957.1,4,UK,3828.4
729,28/07/2023,1829,Keyboard,Accessories,1019.66,3,Israel,3058.98
730,13/07/2022,1256,Monitor,Electronics,985.98,2,UK,1971.96
731,26/04/2024,1528,Desk Lamp,Electronics,673.31,3,France,2019.93
732,16/12/2023,1271,Mouse,Electronics,1027.45,1,France,1027.45
733,15/11/2024,1008,Laptop,Electronics,363,1,UK,363
734,22/06/2022,1760,USB Cable,Office,895.79,3,UK,2687.37
735,22/11/2022,1948,Webcam,Office,833.58,1,Germany,833.58
736,15/04/2024,1200,Keyboard,Office,480.92,4,USA,1923.68
737,25/12/2023,1058,USB Cable,Electronics,1169.4,1,USA,1169.4
738,13/08/2022,1886,Monitor,Electronics,125.9,3,Canada,377.7
739,16/06/2023,1392,USB Cable,Electronics,261.3,3,Israel,783.9
740,23/04/2022,1651,Desk Lamp,Accessories,709.37,4,Israel,2837.48
741,20/05/2022,1118,Laptop,Electronics,1338.15,4,UK,5352.6
742,13/07/2023,1552,Headphones,Office,864.86,3,Canada,2594.58
743,01/01/2022,1398,Mouse,Office,1263.89,2,UK,2527.78
744,31/03/2022,1833,Laptop,Office,778.77,4,USA,3115.08
745,16/10/2023,1330,Monitor,Accessories,1179.26,2,Canada,2358.52
746,16/11/2022,1266,Keyboard,Office,492.07,1,Canada,492.07
747,19/05/2022,1519,USB Cable,Accessories,1223.64,1,Israel,1223.64
748,24/04/2024,1694,Laptop,Accessories,605.52,4,USA,2422.08
749,16/09/2022,1479,Desk Lamp,Accessories,840.45,4,France,3361.8
750,20/06/2024,1133,Keyboard,Electronics,267.94,3,USA,803.82
751,21/11/2023,1692,Headphones,Electronics,1381.05,1,USA,1381.05
752,10/01/2022,1915,Monitor,Office,1053.68,4,UK,4214.72
753,18/09/2022,1934,Monitor,Office,1288.99,3,Israel,3866.97
754,21/06/2022,1354,USB Cable,Accessories,315.76,2,France,631.52
755,16/06/2024,1583,Mouse,Electronics,106.19,3,USA,318.57
756,13/01/2022,1497,Webcam,Office,509.13,1,USA,509.13
757,17/11/2022,1624,Monitor,Office,777.44,3,UK,2332.32
758,25/11/2022,1106,Desk Lamp,Electronics,1204.54,3,Canada,3613.62
759,24/02/2024,1289,Laptop,Accessories,599.6,4,Germany,2398.4
760,16/02/2024,1824,Desk Lamp,Office,408.59,3,Israel,1225.77
761,29/06/2024,1628,Laptop,Office,561.95,1,Israel,561.95
762,14/11/2022,1631,Laptop,Electronics,1056.89,3,Israel,3170.67
763,24/08/2022,1146,Headphones,Electronics,507.65,3,USA,1522.95
764,30/11/2022,1326,Monitor,Accessories,1468.85,1,USA,1468.85
765,11/01/2023,1414,Monitor,Accessories,266.59,2,USA,533.18
766,11/08/2023,1209,Laptop,Office,1130.88,2,Canada,2261.76
767,28/05/2023,1295,USB Cable,Accessories,885.8,1,Germany,885.8
768,06/07/2024,1397,Desk Lamp,Office,353.48,2,USA,706.96
769,22/05/2024,1102,Mouse,Office,1131.65,3,Israel,3394.95
770,27/09/2022,1635,USB Cable,Electronics,674.07,4,Canada,2696.28
771,08/03/2024,1756,Mouse,Office,1025.19,1,Israel,1025.19
772,26/12/2023,1507,Monitor,Electronics,995.07,3,UK,2985.21
773,05/01/2022,1890,USB Cable,Office,170.41,4,Germany,681.64
774,30/04/2024,1867,Desk Lamp,Office,1260.77,3,France,3782.31
775,19/03/2022,1208,Monitor,Office,1023.8,1,USA,1023.8
776,28/07/2023,1932,Keyboard,Accessories,1171.98,3,France,3515.94
777,12/05/2022,1427,Monitor,Accessories,674.41,1,USA,674.41
778,24/08/2023,1392,USB Cable,Electronics,296.62,3,Germany,889.86
779,01/12/2024,1825,Desk Lamp,Office,492.69,4,Germany,1970.76
780,30/03/2022,1915,Laptop,Electronics,1352.7,4,Israel,5410.8
781,06/02/2023,1108,Webcam,Electronics,1407.34,4,Germany,5629.36
782,23/10/2022,1888,Headphones,Office,725.39,2,Canada,1450.78
783,08/09/2023,1347,Desk Lamp,Accessories,451.7,3,Canada,1355.1
784,10/03/2024,1049,Monitor,Accessories,1096.82,3,France,3290.46
785,26/02/2023,1915,Monitor,Electronics,1150.16,4,France,4600.64
786,12/11/2024,1104,Laptop,Accessories,1224.12,1,Germany,1224.12
787,29/07/2023,1419,Desk Lamp,Office,51.47,2,France,102.94
788,23/05/2022,1372,Keyboard,Office,19.55,3,Canada,58.65
789,19/09/2024,1026,Webcam,Accessories,538.95,3,USA,1616.85
790,27/10/2023,1967,Desk Lamp,Accessories,232.98,2,UK,465.96
791,25/05/2022,1799,Monitor,Electronics,1208.45,2,Canada,2416.9
792,03/10/2024,1768,Mouse,Accessories,801.6,4,Israel,3206.4
793,18/05/2023,1272,Mouse,Electronics,1238.9,2,UK,2477.8
794,31/03/2024,1648,Mouse,Office,269.49,4,France,1077.96
795,14/04/2022,1339,Headphones,Office,942.7,2,Israel,1885.4
796,28/11/2024,1300,Headphones,Office,872.36,2,UK,1744.72
797,17/07/2022,1479,Desk Lamp,Accessories,513.87,3,UK,1541.61
798,02/08/2023,1833,Webcam,Accessories,778.04,4,France,3112.16
799,26/01/2023,1543,Monitor,Accessories,885.6,2,Israel,1771.2
800,08/07/2023,1556,Monitor,Electronics,1334.78,2,Canada,2669.56
801,04/11/2024,1264,Monitor,Electronics,88.18,3,Canada,264.54
802,23/04/2023,1541,Headphones,Electronics,1235.94,1,Israel,1235.94
803,11/07/2024,1595,Webcam,Office,1470.33,3,UK,4410.99
804,24/02/2023,1165,Monitor,Electronics,1099,4,Israel,4396
805,06/06/2022,1315,Laptop,Accessories,1107.33,1,Canada,1107.33
806,04/07/2023,1000,Keyboard,Accessories,330.87,2,Israel,661.74
807,17/10/2024,1760,USB Cable,Office,786.99,4,USA,3147.96
808,23/09/2024,1260,Desk Lamp,Accessories,1060.38,1,France,1060.38
809,08/08/2024,1062,Desk Lamp,Accessories,905.41,4,Canada,3621.64
810,16/10/2022,1482,Mouse,Accessories,580.77,3,France,1742.31
811,15/07/2022,1675,Mouse,Electronics,1410.48,1,USA,1410.48
812,21/08/2023,1320,Desk Lamp,Electronics,773.41,1,UK,773.41
813,01/06/2023,1845,Laptop,Accessories,1454.96,1,Germany,1454.96
814,14/05/2024,1200,Monitor,Accessories,847.99,2,Canada,1695.98
815,16/03/2024,1221,Webcam,Accessories,1191.11,3,UK,3573.33
816,25/03/2024,1151,Webcam,Accessories,1114.32,1,USA,1114.32
817,16/08/2022,1643,Headphones,Electronics,992.93,4,Israel,3971.72
818,04/08/2022,1625,Monitor,Office,26.62,2,USA,53.24
819,05/08/2024,1461,Webcam,Accessories,120.76,3,France,362.28
820,15/01/2022,1216,Monitor,Electronics,874.32,3,Israel,2622.96
821,16/02/2022,1195,Mouse,Accessories,1368.11,3,UK,4104.33
822,20/11/2022,1792,USB Cable,Office,903.71,3,Israel,2711.13
823,23/04/2024,1201,USB Cable,Electronics,357.81,2,France,715.62
824,10/05/2022,1994,USB Cable,Electronics,483.73,3,USA,1451.19
825,05/04/2022,1646,Mouse,Office,936.62,4,UK,3746.48
826,19/09/2023,1233,Headphones,Office,897.6,4,Germany,3590.4
827,25/01/2024,1140,USB Cable,Electronics,1433.78,4,Germany,5735.12
828,04/03/2024,1707,Mouse,Office,795.98,1,USA,795.98
829,10/03/2022,1497,Monitor,Accessories,535.75,3,UK,1607.25
830,11/01/2022,1554,USB Cable,Office,789.86,4,UK,3159.44
831,21/05/2024,1056,Laptop,Office,1180.42,3,Israel,3541.26
832,04/07/2023,1931,Headphones,Electronics,812.84,2,Canada,1625.68
833,13/12/2023,1503,Laptop,Office,492.45,4,USA,1969.8
834,23/01/2022,1141,Desk Lamp,Electronics,511.24,1,Israel,511.24
835,25/03/2024,1721,Monitor,Accessories,1136.43,1,USA,1136.43
836,12/12/2022,1583,Headphones,Office,104.34,2,France,208.68
837,29/10/2022,1735,Laptop,Office,415.76,4,USA,1663.04
838,29/12/2022,1538,Headphones,Electronics,233.79,2,Israel,467.58
839,31/01/2023,1639,Monitor,Electronics,1417.29,1,UK,1417.29
840,06/08/2022,1105,Desk Lamp,Office,139.69,1,USA,139.69
841,21/05/2022,1164,Webcam,Electronics,1138.48,3,UK,3415.44
842,15/08/2024,1214,USB Cable,Office,947.49,2,France,1894.98
843,11/09/2024,1070,Desk Lamp,Accessories,951.04,1,Germany,951.04
844,19/09/2024,1715,Headphones,Office,1146.33,4,Germany,4585.32
845,07/04/2024,1664,USB Cable,Accessories,603.73,4,Israel,2414.92
846,14/11/2023,1578,Desk Lamp,Accessories,604.11,1,USA,604.11
847,30/09/2024,1089,USB Cable,Electronics,436.62,2,France,873.24
848,22/12/2022,1771,Webcam,Electronics,898.64,2,France,1797.28
849,04/10/2024,1873,Monitor,Electronics,1395.06,4,UK,5580.24
850,06/06/2024,1227,Headphones,Electronics,1386.35,1,Canada,1386.35
851,07/05/2022,1078,Headphones,Office,1055.93,4,Israel,4223.72
852,05/10/2024,1607,Webcam,Accessories,1359.75,2,France,2719.5
853,27/08/2023,1348,Mouse,Office,1445.46,1,USA,1445.46
854,10/10/2024,1841,Webcam,Accessories,1193.68,4,France,4774.72
855,20/02/2022,1980,Webcam,Accessories,614.71,1,Germany,614.71
856,18/11/2024,1893,Webcam,Accessories,727.42,3,Israel,2182.26
857,18/02/2024,1245,Monitor,Office,1397.23,4,UK,5588.92
858,24/03/2024,1271,Desk Lamp,Electronics,1006.66,4,USA,4026.64
859,24/02/2023,1402,Keyboard,Office,1231.94,3,Germany,3695.82
860,09/09/2024,1668,Webcam,Accessories,178.59,2,France,357.18
861,04/04/2024,1115,Headphones,Office,294.88,4,Israel,1179.52
862,21/10/2024,1434,Laptop,Accessories,519.44,4,Israel,2077.76
863,21/07/2023,1529,Mouse,Electronics,286.42,2,USA,572.84
864,06/01/2023,1441,Webcam,Electronics,1360.17,1,UK,1360.17
865,24/07/2024,1171,Webcam,Office,329.25,3,Germany,987.75
866,23/10/2023,1015,Mouse,Electronics,837.99,2,Canada,1675.98
867,26/08/2024,1960,Webcam,Accessories,132.75,1,UK,132.75
868,21/07/2022,1751,Headphones,Accessories,236.67,3,USA,710.01
869,09/11/2022,1897,Keyboard,Electronics,374.89,1,USA,374.89
870,27/04/2022,1055,Webcam,Electronics,1474.43,4,Germany,5897.72
871,25/07/2024,1590,Mouse,Electronics,1196.61,3,Israel,3589.83
872,29/07/2023,1102,Webcam,Office,1011.96,1,Israel,1011.96
873,01/09/2022,1283,Monitor,Office,1374.81,3,Germany,4124.43
874,21/06/2023,1704,Headphones,Accessories,1434.53,1,UK,1434.53
875,16/03/2022,1516,Headphones,Office,683.09,1,Germany,683.09
876,21/01/2023,1617,Keyboard,Office,494.9,4,Canada,1979.6
877,20/04/2023,1277,Desk Lamp,Accessories,476.4,2,Israel,952.8
878,22/02/2023,1884,Monitor,Accessories,58.42,3,UK,175.26
879,13/12/2022,1611,Monitor,Electronics,423.06,4,France,1692.24
880,02/10/2023,1749,Keyboard,Electronics,535.79,3,UK,1607.37
881,27/07/2024,1268,USB Cable,Office,60.16,2,Israel,120.32
882,12/08/2024,1832,USB Cable,Accessories,1324.49,4,USA,5297.96
883,25/05/2024,1399,Desk Lamp,Office,1272.55,2,UK,2545.1
884,02/02/2024,1502,Laptop,Office,380.99,4,UK,1523.96
885,26/10/2023,1085,Desk Lamp,Accessories,1204.83,4,USA,4819.32
886,25/01/2022,1319,USB Cable,Accessories,1195.34,4,Israel,4781.36
887,11/12/2023,1031,Desk Lamp,Accessories,505.84,4,France,2023.36
888,26/06/2022,1335,Webcam,Accessories,1047.12,1,France,1047.12
889,12/10/2022,1050,Monitor,Office,438.34,3,Germany,1315.02
890,04/03/2022,1078,Desk Lamp,Office,110.06,1,France,110.06
891,29/09/2024,1697,Laptop,Office,759.67,1,France,759.67
892,24/10/2023,1173,Laptop,Accessories,660.3,1,UK,660.3
893,28/10/2023,1947,Headphones,Electronics,211.54,4,Germany,846.16
894,05/06/2022,1617,Webcam,Office,738.38,4,France,2953.52
895,08/12/2024,1500,Headphones,Electronics,1424.32,2,UK,2848.64
896,24/08/2024,1574,Mouse,Electronics,1098.43,3,Germany,3295.29
897,28/04/2024,1075,USB Cable,Electronics,1109.61,2,UK,2219.22
898,20/11/2023,1315,Headphones,Accessories,1137.54,2,USA,2275.08
899,28/05/2022,1832,Monitor,Accessories,1118.23,3,Israel,3354.69
900,08/12/2022,1372,Monitor,Office,34.75,3,Israel,104.25
901,21/04/2023,1080,Webcam,Office,1387.41,2,Israel,2774.82
902,22/12/2024,1872,Laptop,Accessories,1246.06,2,France,2492.12
903,15/07/2023,1639,Monitor,Accessories,415.5,2,Israel,831
904,23/11/2022,1694,USB Cable,Electronics,831.35,4,Israel,3325.4
905,16/09/2024,1754,Headphones,Accessories,924.43,3,Germany,2773.29
906,03/08/2022,1696,USB Cable,Accessories,202.26,3,Germany,606.78
907,11/03/2023,1731,Desk Lamp,Accessories,384.68,1,Canada,384.68
908,09/08/2024,1070,Headphones,Accessories,39.76,4,Germany,159.04
909,24/12/2023,1968,Webcam,Electronics,1296.61,4,France,5186.44
910,01/02/2022,1853,Desk Lamp,Office,42.23,3,Canada,126.69
911,01/11/2023,1665,USB Cable,Electronics,481.45,4,Canada,1925.8
912,12/10/2022,1756,Headphones,Accessories,121.98,2,Israel,243.96
913,05/03/2023,1651,USB Cable,Accessories,1173.2,3,France,3519.6
914,13/10/2022,1070,Keyboard,Office,1387.85,3,France,4163.55
915,08/11/2024,1045,Webcam,Office,846.41,4,France,3385.64
916,18/01/2022,1046,Webcam,Office,213.65,3,France,640.95
917,08/02/2024,1590,Monitor,Electronics,839.45,4,France,3357.8
918,13/08/2023,1421,Webcam,Office,1156.66,4,France,4626.64
919,06/10/2024,1148,Mouse,Accessories,1079.03,4,Canada,4316.12
920,13/07/2022,1909,Monitor,Accessories,1113.87,2,Israel,2227.74
921,17/05/2023,1129,Monitor,Accessories,422.36,4,Germany,1689.44
922,14/09/2024,1455,Desk Lamp,Electronics,115.24,4,Canada,460.96
923,24/04/2022,1638,Desk Lamp,Office,227.7,1,UK,227.7
924,04/08/2024,1876,USB Cable,Office,1433.48,1,UK,1433.48
925,10/04/2024,1630,Keyboard,Office,922.2,2,UK,1844.4
926,13/07/2024,1965,Monitor,Office,1093.21,2,USA,2186.42
927,24/02/2022,1996,Desk Lamp,Accessories,1349.1,4,Germany,5396.4
928,10/03/2024,1868,Laptop,Electronics,1279.87,1,Israel,1279.87
929,17/02/2024,1504,Headphones,Office,331.51,2,France,663.02
930,11/06/2022,1928,Headphones,Accessories,91.8,3,UK,275.4
931,28/03/2022,1773,Webcam,Accessories,1388.07,3,Germany,4164.21
932,24/02/2022,1243,USB Cable,Electronics,1472.59,4,Israel,5890.36
933,28/10/2024,1473,Keyboard,Office,853.18,1,UK,853.18
934,12/04/2024,1381,Headphones,Electronics,1333.16,3,Germany,3999.48
935,09/11/2022,1102,Laptop,Office,351.56,1,Canada,351.56
936,29/01/2024,1488,Keyboard,Electronics,171,2,Israel,342
937,19/03/2023,1036,Mouse,Office,752.23,1,Canada,752.23
938,24/11/2022,1653,Headphones,Office,1217.72,4,Germany,4870.88
939,13/12/2024,1548,Monitor,Electronics,983.71,1,France,983.71
940,31/01/2024,1519,Laptop,Office,957.79,3,Germany,2873.37
941,02/08/2023,1742,USB Cable,Electronics,31.1,1,Germany,31.1
942,10/12/2024,1332,USB Cable,Electronics,479.65,1,USA,479.65
943,03/10/2024,1396,Laptop,Office,1409.55,1,France,1409.55
944,06/04/2022,1295,Headphones,Office,205.74,2,Canada,411.48
945,24/03/2024,1106,Desk Lamp,Electronics,1090.92,4,Germany,4363.68
946,06/05/2023,1859,Desk Lamp,Accessories,1140.17,3,France,3420.51
947,28/03/2023,1953,Webcam,Electronics,1100.59,3,Germany,3301.77
948,14/06/2022,1529,Mouse,Accessories,1483.98,1,France,1483.98
949,01/07/2022,1824,Monitor,Accessories,616.77,1,Israel,616.77
950,14/04/2023,1082,Mouse,Electronics,1024.88,2,UK,2049.76
951,28/06/2024,1933,Mouse,Electronics,294.51,4,USA,1178.04
952,05/01/2024,1287,Headphones,Electronics,602.57,3,UK,1807.71
953,02/04/2024,1981,Monitor,Accessories,739.88,4,Germany,2959.52
954,01/08/2024,1705,Headphones,Electronics,326.17,3,Germany,978.51
955,07/01/2022,1460,Headphones,Electronics,1360.68,1,Israel,1360.68
956,26/11/2022,1214,Webcam,Office,1075.72,2,Germany,2151.44
957,14/02/2024,1280,Laptop,Office,429.22,2,Canada,858.44
958,31/05/2022,1731,USB Cable,Office,206.76,1,France,206.76
959,27/05/2022,1953,Webcam,Electronics,435.36,1,Canada,435.36
960,03/07/2024,1458,USB Cable,Electronics,936.36,1,UK,936.36
961,01/12/2023,1800,Webcam,Electronics,1240.48,4,Germany,4961.92
962,23/03/2022,1343,Headphones,Accessories,757.24,1,Israel,757.24
963,29/05/2023,1193,Webcam,Accessories,158.23,4,USA,632.92
964,25/03/2024,1157,USB Cable,Office,377.73,1,Canada,377.73
965,10/12/2023,1464,Webcam,Accessories,520.99,2,UK,1041.98
966,16/01/2024,1103,Keyboard,Accessories,956.02,4,Israel,3824.08
967,19/10/2024,1033,Monitor,Accessories,373.73,2,Israel,747.46
968,08/12/2023,1101,Laptop,Office,354.72,1,UK,354.72
969,16/04/2023,1638,USB Cable,Office,432.87,1,Israel,432.87
970,31/01/2023,1725,Monitor,Accessories,890.83,3,USA,2672.49
971,18/09/2022,1324,Laptop,Electronics,741.48,4,USA,2965.92
972,15/03/2024,1943,Desk Lamp,Office,1263.25,4,Germany,5053
973,22/07/2024,1807,Keyboard,Accessories,1048.41,4,France,4193.64
974,23/06/2024,1690,Headphones,Electronics,1001.9,4,Germany,4007.6
975,12/12/2024,1591,Desk Lamp,Electronics,236.2,2,France,472.4
976,28/07/2024,1140,USB Cable,Office,87.57,4,UK,350.28
977,03/05/2024,1473,Desk Lamp,Electronics,767.45,2,Israel,1534.9
978,16/08/2023,1030,Laptop,Office,112.1,1,Germany,112.1
979,15/12/2023,1883,Laptop,Accessories,549.21,2,Israel,1098.42
980,24/09/2023,1934,Laptop,Office,44.04,4,Germany,176.16
981,28/02/2022,1062,Keyboard,Electronics,269.33,2,Germany,538.66
982,08/05/2022,1559,Desk Lamp,Office,170,4,USA,680
983,06/01/2024,1086,Monitor,Office,1202.47,2,France,2404.94
984,22/12/2023,1303,Keyboard,Accessories,522.46,3,UK,1567.38
985,10/06/2023,1060,Laptop,Electronics,122.88,4,Israel,491.52
986,05/06/2023,1395,Webcam,Office,401.89,2,Germany,803.78
987,06/07/2023,1333,Laptop,Accessories,1025.8,4,Israel,4103.2
988,25/08/2022,1951,Webcam,Accessories,1119.72,1,USA,1119.72
989,09/05/2023,1785,Headphones,Accessories,184.2,2,UK,368.4
990,04/01/2022,1410,Keyboard,Accessories,1168.96,2,France,2337.92
991,28/10/2023,1283,Webcam,Accessories,558.99,3,France,1676.97
992,18/03/2023,1465,Keyboard,Office,1020.68,4,Germany,4082.72
993,29/01/2022,1079,Mouse,Office,1008.9,2,UK,2017.8
994,02/09/2023,1691,Monitor,Electronics,1191.42,3,France,3574.26
995,15/03/2024,1783,Mouse,Office,1047.29,3,UK,3141.87
996,16/03/2022,1076,Webcam,Electronics,63.11,3,Israel,189.33
997,17/04/2024,1953,Mouse,Electronics,781.62,4,USA,3126.48
998,08/05/2022,1732,Desk Lamp,Electronics,253.44,4,UK,1013.76
999,11/02/2022,1904,USB Cable,Office,1455.1,2,UK,2910.2
1000,10/02/2022,1793,Monitor,Accessories,387.47,4,France,1549.88
1001,22/07/2024,1539,Webcam,Electronics,633.06,4,Canada,2532.24
1002,03/02/2022,1360,Headphones,Accessories,299.07,1,Germany,299.07
1003,06/11/2024,1076,Desk Lamp,Electronics,206.21,4,Germany,824.84
1004,24/09/2024,1508,Headphones,Office,903.39,1,Canada,903.39
1005,11/08/2023,1163,Monitor,Electronics,742.3,2,Canada,1484.6
1006,08/12/2022,1008,Monitor,Office,565.12,3,Canada,1695.36
1007,27/01/2022,1174,Webcam,Accessories,132.7,1,Israel,132.7
1008,08/10/2023,1461,Keyboard,Office,1105.26,2,France,2210.52
1009,01/01/2024,1306,USB Cable,Accessories,13.76,1,France,13.76
1010,17/06/2022,1587,Webcam,Office,689.2,4,USA,2756.8
1011,02/09/2023,1244,Desk Lamp,Electronics,950.7,2,Germany,1901.4
1012,25/09/2022,1121,Keyboard,Electronics,648.91,3,France,1946.73
1013,31/03/2024,1184,Keyboard,Office,193.68,1,Canada,193.68
1014,31/03/2023,1031,Keyboard,Accessories,1168.48,4,Israel,4673.92
1015,24/06/2024,1997,Webcam,Accessories,489.3,2,USA,978.6
1016,10/07/2024,1962,Laptop,Accessories,206.46,4,Germany,825.84
1017,07/09/2024,1761,Laptop,Office,827.65,2,Germany,1655.3
1018,03/12/2023,1568,Headphones,Office,33.66,1,Germany,33.66
1019,26/09/2023,1309,Laptop,Office,489.48,2,USA,978.96
1020,10/05/2022,1371,Laptop,Office,1127.21,1,Israel,1127.21
1021,16/10/2024,1655,Keyboard,Accessories,1369.5,2,Israel,2739
1022,29/03/2024,1829,Keyboard,Accessories,889.63,4,France,3558.52
1023,24/11/2023,1595,Monitor,Office,330.33,4,France,1321.32
1024,04/03/2024,1991,Keyboard,Office,333.9,1,Germany,333.9
1025,29/01/2022,1055,Webcam,Accessories,907.79,3,Canada,2723.37
1026,29/05/2022,1790,Monitor,Accessories,613.11,1,UK,613.11
1027,11/01/2022,1272,USB Cable,Electronics,270.01,4,France,1080.04
1028,07/11/2023,1463,Monitor,Office,1182.16,2,Israel,2364.32
1029,06/07/2022,1677,Desk Lamp,Electronics,304.36,3,Germany,913.08
1030,17/03/2024,1455,Laptop,Accessories,485.85,4,Israel,1943.4
1031,14/01/2024,1978,Desk Lamp,Accessories,96.84,3,Germany,290.52
1032,08/04/2022,1669,Keyboard,Office,1053.55,1,USA,1053.55
1033,24/02/2022,1248,Laptop,Electronics,416.54,4,France,1666.16
1034,15/09/2023,1697,Keyboard,Accessories,353.14,1,Canada,353.14
1035,26/10/2023,1993,Laptop,Electronics,458.52,4,USA,1834.08
1036,28/01/2024,1077,USB Cable,Electronics,1311.83,4,France,5247.32
1037,10/02/2023,1533,Laptop,Electronics,779.44,1,Canada,779.44
1038,10/03/2022,1107,Laptop,Electronics,241.04,4,Canada,964.16
1039,21/01/2024,1272,Webcam,Electronics,1162.85,3,Canada,3488.55
1040,15/08/2024,1763,USB Cable,Office,316.64,3,Israel,949.92
1041,31/12/2022,1014,Desk Lamp,Office,621.65,1,Israel,621.65
1042,27/04/2023,1369,Headphones,Electronics,854.27,2,UK,1708.54
1043,20/07/2022,1303,USB Cable,Office,878.74,3,Israel,2636.22
1044,03/06/2022,1671,Laptop,Accessories,108.2,4,Germany,432.8
1045,14/03/2022,1204,Mouse,Electronics,1256.02,1,UK,1256.02
1046,14/12/2023,1980,Mouse,Office,721.75,2,Germany,1443.5
1047,23/10/2022,1112,Mouse,Office,1483.94,1,UK,1483.94
1048,06/11/2024,1679,Webcam,Accessories,1077.58,3,Germany,3232.74
1049,02/03/2022,1864,Monitor,Accessories,1488.89,4,UK,5955.56
1050,27/07/2024,1252,Desk Lamp,Accessories,682.95,3,France,2048.85
1051,11/02/2022,1440,Laptop,Accessories,215.47,1,Canada,215.47
1052,25/01/2022,1185,USB Cable,Electronics,1092.33,4,France,4369.32
1053,28/11/2024,1858,Mouse,Office,1167.75,2,UK,2335.5
1054,11/05/2022,1226,Webcam,Office,1279.99,3,USA,3839.97
1055,18/04/2022,1527,Monitor,Accessories,455.67,1,UK,455.67
1056,21/06/2022,1667,Desk Lamp,Office,768.47,4,USA,3073.88
1057,12/04/2022,1353,Mouse,Office,1286.97,1,Canada,1286.97
1058,15/05/2024,1622,Keyboard,Office,1297.78,2,Germany,2595.56
1059,08/06/2023,1000,Headphones,Accessories,43.4,2,UK,86.8
1060,02/10/2022,1552,Laptop,Office,1008.02,3,USA,3024.06
1061,03/12/2024,1559,Headphones,Office,904.52,2,Canada,1809.04
1062,27/03/2024,1926,Headphones,Office,129.59,2,UK,259.18
1063,14/08/2024,1419,Keyboard,Electronics,1395.55,3,France,4186.65
1064,06/11/2024,1619,Keyboard,Electronics,670.83,1,France,670.83
1065,26/11/2022,1160,Keyboard,Office,1013.02,3,UK,3039.06
1066,12/01/2022,1160,Monitor,Office,1324.78,3,UK,3974.34
1067,04/08/2022,1870,Mouse,Office,199.53,4,Israel,798.12
1068,05/12/2022,1127,USB Cable,Office,1284.49,2,Canada,2568.98
1069,23/10/2023,1721,Laptop,Office,1087.84,2,France,2175.68
1070,09/01/2023,1150,Keyboard,Office,1260.19,1,Germany,1260.19
1071,02/09/2024,1443,Webcam,Electronics,744.78,2,UK,1489.56
1072,11/12/2023,1766,Desk Lamp,Accessories,55.06,1,Israel,55.06
1073,11/04/2023,1470,Laptop,Office,1007.42,4,Canada,4029.68
1074,04/05/2023,1462,Desk Lamp,Office,564.93,1,UK,564.93
1075,16/02/2022,1729,USB Cable,Office,606.61,1,France,606.61
1076,17/02/2024,1029,Laptop,Accessories,664.69,4,USA,2658.76
1077,05/11/2024,1472,Laptop,Office,741.9,3,Canada,2225.7
1078,12/12/2023,1556,Keyboard,Office,994.59,4,USA,3978.36
1079,05/02/2023,1079,Keyboard,Accessories,1091.53,2,France,2183.06
1080,07/09/2024,1038,Mouse,Office,1166.38,2,Germany,2332.76
1081,07/09/2022,1239,USB Cable,Accessories,1009.05,4,Canada,4036.2
1082,26/01/2023,1556,Keyboard,Accessories,1206.2,1,Israel,1206.2
1083,01/12/2022,1589,Keyboard,Office,187.61,4,UK,750.44
1084,21/09/2023,1336,Laptop,Electronics,1256.04,2,UK,2512.08
1085,17/05/2022,1907,Mouse,Electronics,583.98,4,UK,2335.92
1086,01/06/2024,1860,Headphones,Office,795.52,1,Israel,795.52
1087,19/11/2023,1799,Keyboard,Accessories,653.5,2,Israel,1307
1088,06/04/2024,1951,Webcam,Accessories,716.2,3,France,2148.6
1089,28/12/2023,1279,Keyboard,Accessories,431.71,4,Israel,1726.84
1090,17/08/2023,1115,Headphones,Office,259.08,4,UK,1036.32
1091,16/09/2024,1268,Laptop,Electronics,161.82,4,Canada,647.28
1092,07/01/2023,1915,USB Cable,Accessories,679.84,4,UK,2719.36
1093,23/07/2024,1334,Mouse,Accessories,192.27,2,Israel,384.54
1094,21/09/2024,1311,Laptop,Office,371.26,1,Israel,371.26
1095,06/02/2023,1052,USB Cable,Electronics,204.76,3,France,614.28
1096,07/09/2023,1067,Monitor,Electronics,168.14,4,USA,672.56
1097,21/09/2024,1693,Keyboard,Office,1324.28,2,Israel,2648.56
1098,12/09/2023,1033,USB Cable,Electronics,1012.67,4,USA,4050.68
1099,07/07/2022,1795,Webcam,Office,1386.02,3,Germany,4158.06
1100,11/05/2022,1817,USB Cable,Accessories,967.8,4,USA,3871.2
1101,15/03/2024,1385,Monitor,Office,1266.71,1,Israel,1266.71
1102,24/07/2024,1248,Keyboard,Accessories,835.17,4,UK,3340.68
1103,12/09/2024,1110,Monitor,Office,696.63,4,UK,2786.52
1104,02/07/2022,1093,Headphones,Accessories,795.07,4,Israel,3180.28
1105,09/09/2024,1409,Keyboard,Accessories,483.74,1,France,483.74
1106,30/12/2022,1178,Webcam,Office,988.67,2,Canada,1977.34
1107,08/02/2022,1046,Keyboard,Accessories,1346.28,1,Israel,1346.28
1108,12/05/2023,1793,Monitor,Electronics,1174.62,2,Israel,2349.24
1109,08/09/2024,1851,Desk Lamp,Office,695.69,1,Canada,695.69
1110,09/07/2024,1873,Mouse,Electronics,1431.11,1,France,1431.11
1111,23/12/2023,1603,Monitor,Accessories,1478.21,4,France,5912.84
1112,16/01/2022,1375,Keyboard,Accessories,742.19,1,Germany,742.19
1113,08/05/2023,1723,Desk Lamp,Accessories,1297.64,2,Germany,2595.28
1114,12/06/2024,1586,Keyboard,Office,12.13,2,Germany,24.26
1115,07/11/2022,1889,USB Cable,Accessories,104.65,2,France,209.3
1116,09/01/2024,1201,Desk Lamp,Electronics,38.47,2,USA,76.94
1117,30/06/2023,1444,Mouse,Electronics,1160.88,1,Israel,1160.88
1118,18/02/2023,1918,Laptop,Office,124.27,4,Germany,497.08
1119,08/09/2022,1932,Mouse,Electronics,30.49,3,USA,91.47
1120,29/01/2024,1296,Laptop,Office,225.39,2,Israel,450.78
1121,28/11/2024,1307,Webcam,Office,462.91,1,Canada,462.91
1122,24/03/2024,1722,Keyboard,Accessories,699.73,4,Canada,2798.92
1123,29/01/2022,1492,USB Cable,Electronics,102.78,1,Canada,102.78
1124,15/08/2024,1337,Desk Lamp,Electronics,750.98,2,USA,1501.96
1125,22/04/2023,1944,Headphones,Electronics,375.85,2,Canada,751.7
1126,14/11/2022,1922,Headphones,Accessories,415.19,4,UK,1660.76
1127,02/09/2022,1645,Monitor,Office,1233.74,1,UK,1233.74
1128,18/01/2024,1841,Mouse,Electronics,1480.45,2,Canada,2960.9
1129,28/11/2023,1065,Desk Lamp,Electronics,698.48,2,Israel,1396.96
1130,29/09/2022,1791,Mouse,Electronics,486.05,3,USA,1458.15
1131,12/01/2023,1421,Desk Lamp,Electronics,1397.52,3,USA,4192.56
1132,23/09/2022,1539,Headphones,Accessories,753.17,2,Canada,1506.34
1133,14/07/2024,1923,Laptop,Office,1096.88,3,France,3290.64
1134,09/07/2024,1628,Mouse,Electronics,623.54,3,Germany,1870.62
1135,06/12/2022,1492,Laptop,Electronics,307.81,2,Israel,615.62
1136,24/01/2023,1881,Laptop,Office,984.05,1,USA,984.05
1137,31/07/2023,1998,Laptop,Accessories,998.94,1,Germany,998.94
1138,03/01/2022,1961,Laptop,Accessories,692.97,1,Canada,692.97
1139,11/01/2023,1316,USB Cable,Accessories,408.57,4,Israel,1634.28
1140,20/11/2022,1941,Monitor,Accessories,1248.56,1,USA,1248.56
1141,26/05/2022,1836,Monitor,Electronics,416.6,4,Canada,1666.4
1142,20/10/2022,1625,USB Cable,Office,990.24,4,UK,3960.96
1143,08/03/2023,1074,Headphones,Office,579.06,3,USA,1737.18
1144,06/12/2023,1713,Desk Lamp,Office,711.36,4,UK,2845.44
1145,06/08/2024,1938,Monitor,Accessories,321.05,4,Canada,1284.2
1146,08/08/2023,1058,Desk Lamp,Accessories,975.97,4,UK,3903.88
1147,03/02/2023,1385,Webcam,Office,342.61,4,France,1370.44
1148,27/03/2024,1014,USB Cable,Electronics,731.14,3,Canada,2193.42
1149,21/08/2024,1230,Mouse,Accessories,496.05,2,Canada,992.1
1150,06/07/2022,1616,Webcam,Electronics,1445.59,4,France,5782.36
1151,02/03/2022,1676,USB Cable,Office,1473.42,2,Germany,2946.84
1152,27/07/2024,1198,Monitor,Accessories,1131.47,1,Israel,1131.47
1153,11/12/2023,1915,Mouse,Electronics,1475.96,1,Germany,1475.96
1154,17/03/2024,1353,Desk Lamp,Accessories,174.76,2,France,349.52
1155,11/01/2022,1034,Mouse,Office,1488.53,2,Germany,2977.06
1156,21/12/2024,1161,Desk Lamp,Office,159.82,1,Israel,159.82
1157,14/08/2022,1756,Laptop,Office,626.1,3,Israel,1878.3
1158,18/07/2023,1981,Headphones,Electronics,362.23,3,USA,1086.69
1159,11/02/2024,1798,Laptop,Accessories,1431,4,Germany,5724
1160,03/06/2024,1894,USB Cable,Accessories,955.51,3,France,2866.53
1161,14/08/2022,1470,Laptop,Accessories,897.71,3,USA,2693.13
1162,04/04/2024,1530,Webcam,Office,1496.17,4,Germany,5984.68
1163,06/08/2022,1963,Desk Lamp,Electronics,920.58,4,Canada,3682.32
1164,25/07/2024,1791,Desk Lamp,Office,971.01,3,Israel,2913.03
1165,23/01/2024,1851,Monitor,Office,71.94,2,France,143.88
1166,21/05/2023,1422,Desk Lamp,Electronics,1289.28,4,Canada,5157.12
1167,16/09/2022,1347,Webcam,Office,1455.28,2,Germany,2910.56
1168,23/02/2022,1693,Monitor,Office,1440.67,1,Israel,1440.67
1169,06/12/2024,1934,Webcam,Accessories,335.55,4,Israel,1342.2
1170,28/12/2023,1912,Mouse,Electronics,342.74,2,Canada,685.48
1171,20/11/2023,1146,Monitor,Electronics,552.24,4,Germany,2208.96
1172,09/11/2024,1373,Desk Lamp,Accessories,468.76,4,Germany,1875.04
1173,23/02/2023,1687,Monitor,Electronics,461.89,4,France,1847.56
1174,21/11/2023,1674,Webcam,Accessories,909.8,4,USA,3639.2
1175,29/04/2024,1415,Keyboard,Office,1209.38,2,Israel,2418.76
1176,03/03/2022,1686,Mouse,Electronics,1405.47,2,USA,2810.94
1177,04/08/2022,1493,USB Cable,Electronics,106.45,2,USA,212.9
1178,03/01/2022,1558,Desk Lamp,Office,420.58,1,Israel,420.58
1179,09/06/2022,1255,Mouse,Office,386.25,4,Germany,1545
1180,20/02/2024,1959,Desk Lamp,Electronics,539.37,4,Israel,2157.48
1181,11/06/2024,1685,USB Cable,Electronics,639.38,2,Canada,1278.76
1182,25/11/2022,1102,Keyboard,Electronics,586.81,2,USA,1173.62
1183,03/08/2023,1120,Webcam,Accessories,1428.46,4,France,5713.84
1184,09/08/2024,1418,Webcam,Electronics,658.51,4,Israel,2634.04
1185,27/09/2023,1349,Mouse,Electronics,829.63,1,France,829.63
1186,14/09/2024,1656,Webcam,Office,1124.21,4,Germany,4496.84
1187,09/07/2024,1041,Headphones,Office,1089,2,Germany,2178
1188,08/01/2024,1366,Headphones,Accessories,876.53,1,Canada,876.53
1189,19/06/2022,1028,Desk Lamp,Office,1291.94,3,France,3875.82
1190,05/06/2023,1965,USB Cable,Electronics,938.15,3,France,2814.45
1191,09/02/2022,1891,Keyboard,Electronics,1312.76,4,Israel,5251.04
1192,12/08/2024,1784,Desk Lamp,Accessories,457.63,2,Germany,915.26
1193,10/09/2024,1976,Monitor,Office,202.38,4,France,809.52
1194,01/09/2024,1013,Desk Lamp,Office,1230.18,2,UK,2460.36
1195,07/02/2022,1919,Headphones,Office,576.86,2,Israel,1153.72
1196,24/11/2022,1952,Desk Lamp,Accessories,978.37,2,Israel,1956.74
1197,02/07/2024,1817,USB Cable,Office,1107.28,3,UK,3321.84
1198,30/03/2023,1824,Desk Lamp,Office,493.43,4,Germany,1973.72
1199,06/02/2022,1484,Webcam,Office,760.22,4,France,3040.88
1200,30/08/2024,1188,Keyboard,Electronics,1342.92,3,France,4028.76
1201,06/03/2024,1871,USB Cable,Accessories,1320.29,2,Germany,2640.58
1202,30/08/2024,1294,USB Cable,Electronics,1125.29,1,UK,1125.29
1203,16/08/2023,1182,Headphones,Accessories,1145.3,1,UK,1145.3
1204,29/11/2024,1863,Laptop,Office,1347.04,3,UK,4041.12
1205,12/08/2022,1547,Keyboard,Electronics,1105.82,1,Israel,1105.82
1206,14/11/2022,1881,Mouse,Office,512.68,2,France,1025.36
1207,15/12/2022,1036,USB Cable,Office,185.57,2,USA,371.14
1208,25/04/2022,1013,Headphones,Accessories,635.72,4,Israel,2542.88
1209,29/11/2023,1922,Mouse,Office,135.58,2,Israel,271.16
1210,29/11/2024,1634,Keyboard,Electronics,178.08,2,France,356.16
1211,09/02/2022,1594,Headphones,Accessories,1425.51,2,Germany,2851.02
1212,04/08/2022,1158,Mouse,Accessories,1015.45,1,Canada,1015.45
1213,02/12/2022,1493,Desk Lamp,Electronics,1278.16,1,France,1278.16
1214,02/04/2022,1328,Monitor,Office,966.13,3,Germany,2898.39
1215,19/12/2022,1613,USB Cable,Office,630.72,3,France,1892.16
1216,25/07/2023,1848,Monitor,Office,42.61,1,Israel,42.61
1217,26/03/2024,1082,Laptop,Office,1433.98,4,Canada,5735.92
1218,20/02/2024,1555,Webcam,Office,111.04,4,UK,444.16
1219,29/12/2022,1579,Keyboard,Accessories,917.19,1,Israel,917.19
1220,11/07/2023,1559,Webcam,Accessories,157.79,3,Israel,473.37
1221,22/12/2022,1568,Webcam,Electronics,429.8,4,USA,1719.2
1222,10/07/2022,1586,Mouse,Office,282.8,2,Israel,565.6
1223,26/02/2023,1021,Laptop,Office,832.81,4,Israel,3331.24
1224,01/12/2023,1131,Keyboard,Office,1331.18,4,Israel,5324.72
1225,07/01/2022,1464,Monitor,Electronics,955.26,4,Canada,3821.04
1226,13/05/2022,1455,Webcam,Office,997.96,3,USA,2993.88
1227,11/07/2023,1301,Mouse,Accessories,1363.85,3,Germany,4091.55
1228,05/04/2024,1954,Webcam,Office,1125.39,1,Canada,1125.39
1229,31/01/2024,1929,Headphones,Electronics,1299.6,4,Canada,5198.4
1230,20/11/2024,1266,Monitor,Accessories,627.51,3,USA,1882.53
1231,19/06/2023,1798,Webcam,Accessories,1298.71,3,UK,3896.13
1232,02/03/2023,1394,Headphones,Accessories,970.56,1,Germany,970.56
1233,03/11/2023,1119,Headphones,Office,207.73,2,Canada,415.46
1234,29/12/2022,1245,Mouse,Electronics,62.88,2,Canada,125.76
1235,23/03/2022,1567,Mouse,Electronics,369.83,4,USA,1479.32
1236,22/12/2022,1037,Headphones,Office,570.63,2,UK,1141.26
1237,12/08/2023,1244,Laptop,Electronics,1257.16,1,UK,1257.16
1238,22/10/2022,1020,Webcam,Accessories,1113.16,3,France,3339.48
1239,05/12/2024,1109,Headphones,Accessories,1433.29,2,France,2866.58
1240,17/01/2022,1605,Headphones,Electronics,840.97,4,Canada,3363.88
1241,26/12/2022,1393,Mouse,Electronics,1122.87,4,Canada,4491.48
1242,15/05/2024,1409,Webcam,Office,416.55,3,Israel,1249.65
1243,01/12/2023,1986,Keyboard,Office,1020.97,4,Germany,4083.88
1244,24/03/2023,1647,Monitor,Office,1060.7,1,USA,1060.7
1245,05/05/2024,1742,Mouse,Office,1273.38,2,Israel,2546.76
1246,31/12/2022,1007,Webcam,Office,806.92,4,Germany,3227.68
1247,06/11/2023,1443,Webcam,Office,975.26,2,Canada,1950.52
1248,04/10/2024,1327,Desk Lamp,Accessories,308.56,3,France,925.68
1249,12/04/2023,1886,USB Cable,Electronics,1106.45,2,USA,2212.9
1250,18/02/2023,1289,Laptop,Office,1258.43,1,UK,1258.43
1251,09/08/2023,1762,Monitor,Accessories,892.64,3,UK,2677.92
1252,20/09/2024,1510,Mouse,Electronics,177.93,4,Israel,711.72
1253,26/07/2023,1911,Mouse,Electronics,472.72,3,Israel,1418.16
1254,01/12/2022,1360,Keyboard,Electronics,715.89,2,USA,1431.78
1255,06/02/2022,1908,USB Cable,Office,1017.36,2,UK,2034.72
1256,15/09/2024,1598,USB Cable,Office,483.89,2,Israel,967.78
1257,05/10/2022,1715,Laptop,Office,1261.24,2,UK,2522.48
1258,04/07/2024,1218,Desk Lamp,Electronics,560.83,3,France,1682.49
1259,29/04/2023,1405,Desk Lamp,Electronics,69.04,3,Israel,207.12
1260,01/01/2024,1991,USB Cable,Accessories,1192.02,2,Canada,2384.04
1261,11/07/2022,1752,Laptop,Accessories,968.11,4,Germany,3872.44
1262,06/11/2024,1922,Desk Lamp,Accessories,1203.92,3,Israel,3611.76
1263,08/06/2023,1831,Webcam,Accessories,526.59,1,France,526.59
1264,06/07/2024,1769,Webcam,Electronics,31.36,3,USA,94.08
1265,05/02/2023,1620,Mouse,Office,115.26,1,UK,115.26
1266,04/06/2024,1767,Desk Lamp,Office,172.14,4,Canada,688.56
1267,06/12/2023,1992,Keyboard,Office,1208.7,1,USA,1208.7
1268,22/01/2022,1793,Mouse,Office,455.64,1,Israel,455.64
1269,19/04/2023,1219,USB Cable,Accessories,1496.86,4,Germany,5987.44
1270,29/07/2022,1594,Headphones,Electronics,1138.79,2,USA,2277.58
1271,02/11/2022,1106,Webcam,Office,903.73,3,Germany,2711.19
1272,05/12/2023,1580,Headphones,Electronics,1475.51,4,Israel,5902.04
1273,18/11/2023,1608,USB Cable,Accessories,477.88,1,Germany,477.88
1274,12/10/2022,1723,Desk Lamp,Accessories,252.6,2,Germany,505.2
1275,17/12/2023,1285,Keyboard,Office,1107.22,3,France,3321.66
1276,02/02/2024,1748,Mouse,Office,420.73,4,USA,1682.92
1277,05/08/2024,1007,Webcam,Accessories,1441.75,3,Israel,4325.25
1278,16/01/2023,1805,Keyboard,Accessories,1482.16,2,France,2964.32
1279,05/04/2023,1188,Mouse,Electronics,1389.97,3,Germany,4169.91
1280,27/10/2024,1080,Mouse,Accessories,1417.42,2,France,2834.84
1281,29/01/2022,1107,Headphones,Electronics,925.4,4,France,3701.6
1282,25/06/2024,1320,Monitor,Accessories,1039.72,2,Germany,2079.44
1283,22/11/2024,1578,USB Cable,Electronics,145.9,4,Israel,583.6
1284,28/05/2024,1685,Laptop,Accessories,1145.76,2,UK,2291.52
1285,20/03/2022,1345,Webcam,Accessories,307.08,3,France,921.24
1286,04/08/2024,1862,Laptop,Electronics,1261.29,2,USA,2522.58
1287,04/04/2023,1327,Desk Lamp,Electronics,1442.49,2,Germany,2884.98
1288,24/07/2023,1554,Keyboard,Office,322.5,3,UK,967.5
1289,08/01/2024,1698,Desk Lamp,Office,121.66,1,France,121.66
1290,31/05/2023,1301,Desk Lamp,Accessories,728.42,2,Germany,1456.84
1291,01/02/2023,1199,Laptop,Accessories,1188.37,4,Germany,4753.48
1292,08/02/2022,1892,Headphones,Electronics,1157.11,2,France,2314.22
1293,05/06/2024,1418,Monitor,Accessories,1046.74,1,Canada,1046.74
1294,07/03/2024,1038,Webcam,Office,1231.94,4,Canada,4927.76
1295,06/06/2022,1731,USB Cable,Electronics,266.61,3,USA,799.83
1296,02/06/2024,1306,Mouse,Accessories,979.65,3,Germany,2938.95
1297,31/08/2024,1003,Mouse,Electronics,910.49,3,Germany,2731.47
1298,11/11/2024,1632,USB Cable,Office,234.38,4,France,937.52
1299,28/04/2024,1847,Headphones,Office,624.57,2,UK,1249.14
1300,18/01/2024,1076,Webcam,Office,1279.53,4,Germany,5118.12
1301,15/09/2024,1467,Laptop,Accessories,1457.84,4,Germany,5831.36
1302,21/01/2022,1178,USB Cable,Accessories,999.82,1,France,999.82
1303,30/10/2022,1644,Mouse,Accessories,1383.3,4,Canada,5533.2
1304,18/05/2024,1822,Laptop,Accessories,202.41,3,Germany,607.23
1305,25/03/2022,1740,Headphones,Accessories,1462.72,4,France,5850.88
1306,24/07/2023,1275,Mouse,Accessories,55.09,1,USA,55.09
1307,22/07/2024,1151,Keyboard,Office,793.25,4,France,3173
1308,05/10/2024,1163,Monitor,Office,440.06,4,Canada,1760.24
1309,03/03/2024,1289,Laptop,Accessories,1221.79,3,UK,3665.37
1310,02/03/2024,1377,USB Cable,Office,330.23,4,Germany,1320.92
1311,07/05/2023,1620,Webcam,Electronics,22.24,2,USA,44.48
1312,27/07/2022,1637,Laptop,Accessories,624.84,3,Germany,1874.52
1313,19/12/2024,1751,Laptop,Electronics,100.84,1,Germany,100.84
1314,06/03/2023,1309,Laptop,Accessories,438.69,1,Canada,438.69
1315,11/09/2024,1929,USB Cable,Accessories,967.4,1,France,967.4
1316,04/06/2023,1978,Headphones,Office,445.58,4,Germany,1782.32
1317,14/08/2023,1912,Headphones,Electronics,372.46,2,Canada,744.92
1318,16/11/2024,1388,Webcam,Office,237.47,3,USA,712.41
1319,18/07/2022,1856,Headphones,Accessories,207.08,2,Canada,414.16
1320,22/01/2023,1657,USB Cable,Electronics,791.16,2,Canada,1582.32
1321,15/12/2022,1763,Webcam,Accessories,1023.85,1,Canada,1023.85
1322,17/08/2024,1182,Desk Lamp,Office,681.84,1,Israel,681.84
1323,24/11/2023,1820,Webcam,Accessories,189.79,2,Canada,379.58
1324,13/01/2023,1305,Headphones,Accessories,973.4,2,Germany,1946.8
1325,17/06/2024,1071,Desk Lamp,Office,837.9,3,Canada,2513.7
1326,04/07/2024,1218,Mouse,Accessories,575.01,1,France,575.01
1327,11/06/2023,1718,Headphones,Electronics,498.42,1,UK,498.42
1328,04/01/2024,1172,Mouse,Office,278.81,4,Germany,1115.24
1329,25/07/2022,1652,Keyboard,Accessories,223.72,1,Canada,223.72
1330,31/03/2023,1271,Headphones,Office,511.46,3,Canada,1534.38
1331,05/06/2023,1725,Keyboard,Accessories,67.24,4,France,268.96
1332,13/10/2024,1467,Headphones,Office,657.76,3,Germany,1973.28
1333,13/08/2024,1268,Keyboard,Office,904.35,1,Israel,904.35
1334,27/12/2023,1019,Monitor,Electronics,1412.77,1,Israel,1412.77
1335,10/10/2024,1577,Keyboard,Office,940.61,2,USA,1881.22
1336,16/05/2023,1994,Mouse,Electronics,937.99,2,Israel,1875.98
1337,27/04/2022,1814,Laptop,Office,564.75,3,France,1694.25
1338,21/01/2023,1502,Webcam,Office,204.31,4,Israel,817.24
1339,07/08/2023,1146,Keyboard,Accessories,673.17,1,France,673.17
1340,30/01/2023,1428,Laptop,Accessories,900.02,2,Germany,1800.04
1341,23/12/2024,1164,USB Cable,Accessories,1087.43,2,USA,2174.86
1342,22/12/2023,1889,Monitor,Office,1240,1,Canada,1240
1343,13/03/2022,1309,Monitor,Office,387.61,1,Canada,387.61
1344,01/10/2022,1517,Desk Lamp,Electronics,365.62,4,Canada,1462.48
1345,04/12/2022,1013,USB Cable,Electronics,850.12,2,USA,1700.24
1346,30/08/2023,1131,USB Cable,Electronics,851.19,4,Canada,3404.76
1347,15/06/2022,1853,Desk Lamp,Accessories,330.83,4,Israel,1323.32
1348,11/01/2022,1754,USB Cable,Accessories,883.28,1,Canada,883.28
1349,30/12/2023,1438,Mouse,Electronics,522.09,4,Canada,2088.36
1350,11/03/2024,1742,USB Cable,Office,960.78,1,UK,960.78
1351,12/04/2022,1739,Mouse,Accessories,440.11,3,Israel,1320.33
1352,18/02/2024,1673,Desk Lamp,Accessories,890.48,4,Canada,3561.92
1353,02/08/2022,1794,Keyboard,Electronics,1153.62,2,UK,2307.24
1354,05/02/2023,1262,Desk Lamp,Accessories,1470.34,2,Israel,2940.68
1355,11/08/2023,1642,Headphones,Electronics,1367.05,3,France,4101.15
1356,07/06/2024,1942,USB Cable,Accessories,757.79,3,France,2273.37
1357,05/12/2024,1224,USB Cable,Office,735.08,4,Canada,2940.32
1358,15/08/2023,1257,Monitor,Office,659.36,2,Canada,1318.72
1359,02/04/2022,1233,Desk Lamp,Accessories,46.49,2,UK,92.98
1360,04/11/2023,1335,Desk Lamp,Electronics,253.1,1,USA,253.1
1361,15/12/2023,1408,Laptop,Accessories,93.49,1,UK,93.49
1362,24/07/2024,1827,Headphones,Electronics,1046.05,2,Germany,2092.1
1363,30/08/2022,1974,Monitor,Accessories,622.79,1,USA,622.79
1364,02/01/2022,1023,Keyboard,Office,100.34,1,UK,100.34
1365,13/08/2022,1270,USB Cable,Office,1037.41,1,Germany,1037.41
1366,11/03/2024,1094,Monitor,Accessories,968.43,3,Germany,2905.29
1367,12/08/2023,1141,Mouse,Accessories,1081.34,2,Canada,2162.68
1368,26/04/2022,1693,Laptop,Accessories,901.75,2,Israel,1803.5
1369,06/07/2024,1717,Laptop,Office,246.5,2,Canada,493
1370,13/07/2022,1901,Mouse,Office,96.78,1,UK,96.78
1371,20/05/2024,1973,Desk Lamp,Electronics,1226.63,4,France,4906.52
1372,31/03/2022,1080,USB Cable,Accessories,327.63,4,Canada,1310.52
1373,02/05/2022,1273,USB Cable,Accessories,816.08,1,Israel,816.08
1374,23/05/2022,1275,Headphones,Office,730.4,3,Canada,2191.2
1375,20/09/2024,1882,Mouse,Accessories,1381.97,3,Canada,4145.91
1376,16/04/2022,1957,USB Cable,Electronics,830.9,2,USA,1661.8
1377,05/06/2024,1464,Laptop,Accessories,872.13,4,France,3488.52
1378,04/03/2023,1207,USB Cable,Office,482.66,3,Germany,1447.98
1379,13/11/2022,1295,Keyboard,Accessories,1438.25,4,USA,5753
1380,27/09/2023,1038,USB Cable,Office,920.5,4,Israel,3682
1381,09/01/2022,1947,Headphones,Electronics,12.45,3,Canada,37.35
1382,13/02/2024,1287,Webcam,Electronics,836.34,1,Germany,836.34
1383,11/08/2022,1123,Monitor,Accessories,548.98,2,Canada,1097.96
1384,07/07/2023,1875,Webcam,Accessories,53.01,2,Germany,106.02
1385,17/12/2023,1968,Keyboard,Office,650.17,3,Germany,1950.51
1386,21/04/2022,1282,Webcam,Electronics,1161.48,1,France,1161.48
1387,08/09/2022,1877,USB Cable,Electronics,758.17,3,Israel,2274.51
1388,18/01/2023,1179,Headphones,Electronics,960.99,3,Israel,2882.97
1389,07/01/2022,1096,Laptop,Electronics,961.41,4,Canada,3845.64
1390,04/04/2023,1190,Laptop,Accessories,1008.17,4,France,4032.68
1391,27/07/2022,1073,Keyboard,Accessories,584.46,2,Israel,1168.92
1392,18/06/2024,1446,Webcam,Office,558.16,4,Germany,2232.64
1393,22/01/2022,1784,Desk Lamp,Electronics,11.85,4,Germany,47.4
1394,14/02/2023,1496,Desk Lamp,Accessories,235.56,1,Canada,235.56
1395,13/06/2024,1560,Headphones,Accessories,1426.46,3,Germany,4279.38
1396,30/05/2023,1483,Monitor,Electronics,1264.41,3,Israel,3793.23
1397,19/03/2024,1848,USB Cable,Accessories,416.29,1,UK,416.29
1398,23/05/2024,1721,Webcam,Office,604.78,4,USA,2419.12
1399,14/01/2022,1115,Desk Lamp,Office,1410.18,4,UK,5640.72
1400,28/08/2024,1534,Desk Lamp,Electronics,379.41,3,France,1138.23
1401,04/09/2024,1097,Webcam,Office,801.14,2,UK,1602.28
1402,10/10/2024,1327,Monitor,Accessories,38.01,3,Canada,114.03
1403,01/11/2024,1908,Mouse,Office,931.5,2,UK,1863
1404,28/03/2022,1406,USB Cable,Accessories,1395.46,4,Canada,5581.84
1405,27/06/2024,1312,Keyboard,Electronics,1327.69,2,France,2655.38
1406,02/05/2022,1701,USB Cable,Electronics,755.44,2,UK,1510.88
1407,20/01/2024,1693,Headphones,Accessories,976.21,2,USA,1952.42
1408,16/11/2023,1147,Keyboard,Accessories,856.85,2,Israel,1713.7
1409,05/11/2022,1341,Monitor,Office,105.13,2,France,210.26
1410,26/11/2023,1494,Headphones,Accessories,242.29,3,UK,726.87
1411,15/10/2022,1947,Laptop,Electronics,1445.91,1,Germany,1445.91
1412,03/11/2022,1022,Laptop,Accessories,387.67,4,Germany,1550.68
1413,02/07/2024,1104,USB Cable,Office,579.75,3,France,1739.25
1414,24/10/2023,1674,Headphones,Office,765.87,1,Germany,765.87
1415,03/07/2023,1578,Keyboard,Accessories,1468.8,3,USA,4406.4
1416,08/11/2022,1801,Keyboard,Office,1036.54,1,UK,1036.54
1417,22/05/2024,1800,Laptop,Office,946.25,3,USA,2838.75
1418,18/12/2024,1557,Laptop,Electronics,788.98,4,USA,3155.92
1419,12/07/2024,1592,Monitor,Accessories,1052.51,4,Israel,4210.04
1420,25/01/2024,1940,Headphones,Electronics,997.7,2,UK,1995.4
1421,04/02/2022,1658,Keyboard,Electronics,1354.75,1,France,1354.75
1422,21/03/2023,1221,Desk Lamp,Office,815.04,3,Germany,2445.12
1423,03/04/2022,1854,Monitor,Electronics,635.15,2,Israel,1270.3
1424,19/12/2022,1014,Keyboard,Accessories,1211.71,3,USA,3635.13
1425,21/06/2024,1890,Laptop,Accessories,1200.68,4,Germany,4802.72
1426,11/05/2024,1632,Headphones,Accessories,258.91,4,UK,1035.64
1427,08/06/2022,1077,Mouse,Electronics,359,1,USA,359
1428,14/08/2024,1321,Headphones,Accessories,1438.16,3,USA,4314.48
1429,24/01/2022,1806,Webcam,Accessories,668.94,3,UK,2006.82
1430,08/02/2023,1240,Desk Lamp,Electronics,781.89,2,France,1563.78
1431,15/03/2024,1017,Desk Lamp,Electronics,468.69,4,Israel,1874.76
1432,31/05/2023,1767,Desk Lamp,Electronics,724.2,2,UK,1448.4
1433,02/01/2024,1453,Mouse,Electronics,1116.32,2,Germany,2232.64
1434,16/06/2023,1442,USB Cable,Office,726.11,1,Germany,726.11
1435,13/08/2024,1927,USB Cable,Electronics,475.6,2,USA,951.2
1436,01/06/2022,1276,Monitor,Electronics,148.52,1,Canada,148.52
1437,04/08/2024,1423,Mouse,Accessories,1392.75,4,Israel,5571
1438,31/08/2023,1475,Mouse,Accessories,1308.13,2,France,2616.26
1439,24/02/2023,1026,Monitor,Electronics,1188.09,2,France,2376.18
1440,15/05/2024,1513,Headphones,Electronics,1042.64,2,Canada,2085.28
1441,01/08/2023,1864,Monitor,Electronics,775.69,2,Germany,1551.38
1442,01/12/2022,1463,Webcam,Accessories,1346.61,4,France,5386.44
1443,20/07/2024,1806,Laptop,Accessories,1188.59,1,Germany,1188.59
1444,22/10/2022,1981,USB Cable,Electronics,1224.94,4,Israel,4899.76
1445,25/01/2024,1823,Laptop,Accessories,467.78,1,Canada,467.78
1446,05/07/2022,1362,USB Cable,Accessories,638.07,1,USA,638.07
1447,29/09/2023,1382,Mouse,Electronics,1061.67,2,Germany,2123.34
1448,14/06/2023,1750,Desk Lamp,Accessories,559.74,2,Israel,1119.48
1449,21/01/2022,1524,Monitor,Electronics,743.49,2,Canada,1486.98
1450,29/06/2024,1381,Monitor,Office,971.54,1,Germany,971.54
1451,16/05/2024,1183,Monitor,Office,659.45,3,UK,1978.35
1452,04/03/2024,1193,Desk Lamp,Office,1190.59,3,Germany,3571.77
1453,10/04/2022,1461,Webcam,Accessories,178.84,3,Israel,536.52
1454,22/01/2024,1055,Webcam,Office,1078.49,4,France,4313.96
1455,23/04/2023,1229,Desk Lamp,Accessories,222.09,1,Germany,222.09
1456,28/07/2024,1488,Headphones,Electronics,1407.07,3,USA,4221.21
1457,10/06/2023,1027,Desk Lamp,Office,474.49,1,Israel,474.49
1458,30/11/2022,1831,Keyboard,Accessories,1194.17,1,France,1194.17
1459,02/01/2022,1582,USB Cable,Office,784.52,4,Israel,3138.08
1460,10/01/2023,1721,Keyboard,Accessories,141.18,2,Germany,282.36
1461,20/10/2022,1959,Keyboard,Accessories,875.97,2,UK,1751.94
1462,16/04/2024,1183,Desk Lamp,Electronics,1368.71,4,UK,5474.84
1463,01/10/2024,1424,USB Cable,Accessories,240.07,4,USA,960.28
1464,07/07/2023,1374,Headphones,Accessories,485.35,1,Canada,485.35
1465,14/11/2022,1867,Monitor,Office,661.54,3,Canada,1984.62
1466,16/01/2023,1040,Keyboard,Electronics,416.2,1,USA,416.2
1467,14/01/2022,1483,Desk Lamp,Accessories,1415.95,1,France,1415.95
1468,19/05/2023,1259,Monitor,Office,569.36,3,UK,1708.08
1469,19/08/2022,1440,Desk Lamp,Electronics,988.8,2,Germany,1977.6
1470,10/05/2022,1925,Mouse,Accessories,339.76,1,Israel,339.76
1471,17/04/2024,1855,Keyboard,Office,333.46,2,Israel,666.92
1472,09/06/2024,1083,Mouse,Electronics,267.89,2,UK,535.78
1473,28/01/2022,1045,Headphones,Electronics,655.04,2,UK,1310.08
1474,07/03/2022,1439,Laptop,Electronics,801.62,1,Israel,801.62
1475,18/09/2022,1670,Webcam,Electronics,21.07,3,France,63.21
1476,05/04/2023,1855,USB Cable,Accessories,1250.22,3,Israel,3750.66
1477,28/10/2022,1518,Desk Lamp,Accessories,771.57,2,USA,1543.14
1478,07/07/2024,1985,Headphones,Electronics,240.03,2,Germany,480.06
1479,14/10/2022,1844,Headphones,Electronics,105.6,3,UK,316.8
1480,30/10/2024,1437,Headphones,Accessories,99.48,4,Canada,397.92
1481,22/09/2023,1135,Keyboard,Office,390.18,4,UK,1560.72
1482,27/09/2022,1182,Mouse,Electronics,751.44,2,France,1502.88
1483,15/08/2023,1708,Webcam,Accessories,1291.06,3,USA,3873.18
1484,23/04/2024,1171,Keyboard,Accessories,1354.93,4,Israel,5419.72
1485,11/05/2024,1908,Laptop,Office,1249.33,3,USA,3747.99
1486,13/05/2022,1860,USB Cable,Accessories,496.2,1,USA,496.2
1487,29/08/2024,1787,USB Cable,Electronics,463.3,2,France,926.6
1488,28/05/2023,1589,Webcam,Accessories,1481.25,4,France,5925
1489,09/11/2022,1927,USB Cable,Electronics,1023.51,2,Canada,2047.02
1490,30/07/2023,1955,USB Cable,Accessories,460.9,1,Israel,460.9
1491,04/06/2024,1689,Headphones,Electronics,496.97,3,Canada,1490.91
1492,18/11/2023,1538,Monitor,Electronics,654.79,2,Israel,1309.58
1493,14/06/2022,1119,Laptop,Accessories,934.6,4,Germany,3738.4
1494,01/11/2022,1280,Mouse,Electronics,1347.48,1,USA,1347.48
1495,05/06/2022,1307,Desk Lamp,Accessories,301.47,4,Israel,1205.88
1496,12/09/2023,1707,Laptop,Accessories,131.18,3,France,393.54
1497,14/08/2024,1276,Keyboard,Accessories,611.6,4,Germany,2446.4
1498,30/11/2022,1529,USB Cable,Electronics,371.96,4,Canada,1487.84
1499,26/08/2024,1294,Monitor,Accessories,866.17,4,Germany,3464.68
1500,26/05/2023,1782,Desk Lamp,Office,1050.33,1,France,1050.33
1501,09/11/2024,1052,Keyboard,Electronics,469.55,4,Israel,1878.2
1502,09/10/2022,1805,Webcam,Office,1029.75,4,France,4119
1503,07/03/2024,1431,Headphones,Office,518.01,1,Israel,518.01
1504,21/10/2024,1051,USB Cable,Office,954.28,1,France,954.28
1505,29/04/2022,1727,Headphones,Office,951.43,1,France,951.43
1506,24/11/2024,1071,Laptop,Accessories,420.85,3,UK,1262.55
1507,17/07/2022,1027,Headphones,Office,955.41,1,Israel,955.41
1508,30/04/2023,1468,Headphones,Electronics,574.53,3,USA,1723.59
1509,18/12/2024,1911,Webcam,Office,508,1,UK,508
1510,16/04/2024,1763,Mouse,Office,437.49,1,UK,437.49
1511,05/10/2024,1885,Mouse,Office,521.74,2,UK,1043.48
1512,22/11/2023,1911,Keyboard,Accessories,1181.18,2,UK,2362.36
1513,01/11/2024,1546,USB Cable,Office,371.54,2,USA,743.08
1514,05/05/2023,1400,Keyboard,Office,1024.57,2,UK,2049.14
1515,03/10/2022,1200,Mouse,Office,1351.43,1,Canada,1351.43
1516,24/11/2023,1760,Laptop,Electronics,528.89,1,USA,528.89
1517,30/08/2022,1610,Mouse,Accessories,49.12,3,Canada,147.36
1518,06/05/2022,1819,Keyboard,Accessories,41.79,1,USA,41.79
1519,05/08/2022,1988,Monitor,Accessories,213.56,3,Canada,640.68
1520,28/11/2024,1998,USB Cable,Electronics,169.52,4,UK,678.08
1521,10/05/2023,1465,Headphones,Office,1123.39,4,Germany,4493.56
1522,03/03/2023,1651,Webcam,Electronics,445.8,1,USA,445.8
1523,07/07/2024,1594,Monitor,Accessories,980.5,4,UK,3922
1524,31/05/2022,1559,Monitor,Accessories,68.47,1,France,68.47
1525,19/01/2023,1789,Headphones,Accessories,447.13,3,France,1341.39
1526,04/11/2022,1378,Mouse,Electronics,355.05,2,Israel,710.1
1527,16/01/2024,1759,Desk Lamp,Accessories,418.94,4,USA,1675.76
1528,10/06/2024,1894,USB Cable,Office,290.12,1,USA,290.12
1529,10/01/2023,1176,Laptop,Electronics,928.78,2,Canada,1857.56
1530,28/10/2024,1051,Monitor,Office,995.7,3,France,2987.1
1531,09/05/2022,1078,Laptop,Accessories,226.96,1,USA,226.96
1532,11/10/2024,1384,Webcam,Accessories,1113.01,4,USA,4452.04
1533,31/10/2023,1833,Webcam,Electronics,378.82,3,France,1136.46
1534,01/06/2023,1575,Webcam,Office,427.97,1,UK,427.97
1535,27/03/2022,1007,Keyboard,Electronics,1244.07,4,Canada,4976.28
1536,07/11/2022,1213,Monitor,Office,1352.24,3,France,4056.72
1537,03/03/2023,1024,Webcam,Accessories,1238.01,3,Germany,3714.03
1538,24/04/2022,1449,Keyboard,Electronics,225.91,2,France,451.82
1539,30/10/2022,1767,Webcam,Electronics,1498.91,2,Canada,2997.82
1540,14/01/2024,1754,Mouse,Office,1009.87,2,France,2019.74
1541,11/08/2023,1968,Monitor,Accessories,768.45,1,Canada,768.45
1542,13/09/2024,1456,Keyboard,Accessories,1432.49,3,UK,4297.47
1543,11/12/2022,1460,Webcam,Office,1226.98,2,France,2453.96
1544,24/03/2024,1197,USB Cable,Office,1039.16,4,France,4156.64
1545,11/03/2024,1093,Keyboard,Office,1258.4,1,UK,1258.4
1546,21/10/2024,1718,Webcam,Office,581.27,2,France,1162.54
1547,12/12/2024,1946,Mouse,Office,1028.24,1,UK,1028.24
1548,28/12/2024,1436,Laptop,Accessories,289.92,3,Germany,869.76
1549,27/12/2022,1526,Desk Lamp,Accessories,1482.06,4,UK,5928.24
1550,06/10/2024,1689,Webcam,Electronics,885.53,3,USA,2656.59
1551,05/12/2023,1966,Laptop,Accessories,1222.28,4,USA,4889.12
1552,29/07/2023,1377,Monitor,Office,613.97,3,Canada,1841.91
1553,19/11/2023,1586,Mouse,Accessories,1139.09,1,UK,1139.09
1554,20/02/2024,1103,USB Cable,Accessories,584.14,3,France,1752.42
1555,08/08/2023,1805,Monitor,Accessories,887.06,4,Israel,3548.24
1556,12/08/2023,1679,USB Cable,Electronics,1168.31,1,Israel,1168.31
1557,04/05/2023,1961,Laptop,Electronics,179.13,1,Germany,179.13
1558,28/08/2024,1626,Mouse,Office,538.39,4,Germany,2153.56
1559,09/05/2023,1038,Headphones,Office,819.68,4,Israel,3278.72
1560,19/01/2022,1457,Mouse,Electronics,504.33,1,Israel,504.33
1561,01/02/2023,1363,Mouse,Accessories,467.21,4,UK,1868.84
1562,27/09/2024,1784,USB Cable,Accessories,426.09,3,Israel,1278.27
1563,30/04/2024,1134,Headphones,Electronics,345.55,3,USA,1036.65
1564,01/04/2024,1373,Keyboard,Office,1274.11,3,Germany,3822.33
1565,31/03/2023,1231,Keyboard,Accessories,1385.92,1,Canada,1385.92
1566,26/12/2023,1038,Keyboard,Office,1051.75,3,Germany,3155.25
1567,24/12/2024,1963,Laptop,Accessories,49.85,1,USA,49.85
1568,12/12/2023,1802,Mouse,Office,1180.42,4,Germany,4721.68
1569,23/05/2022,1818,Webcam,Accessories,800.25,3,Israel,2400.75
1570,05/07/2024,1046,Headphones,Office,1138.37,1,Germany,1138.37
1571,07/04/2024,1035,Webcam,Office,658.82,2,USA,1317.64
1572,28/08/2023,1831,Laptop,Office,66.72,3,Germany,200.16
1573,01/11/2022,1094,Headphones,Electronics,1024.21,3,Canada,3072.63
1574,06/01/2024,1984,Webcam,Office,668.97,1,Canada,668.97
1575,18/10/2022,1360,Desk Lamp,Electronics,1311.7,1,Canada,1311.7
1576,12/04/2022,1524,USB Cable,Electronics,1108.52,4,Canada,4434.08
1577,16/05/2024,1145,Laptop,Office,542.54,1,Israel,542.54
1578,25/08/2024,1916,Laptop,Electronics,1087.5,4,Canada,4350
1579,31/08/2024,1367,Desk Lamp,Electronics,745.34,2,Canada,1490.68
1580,21/04/2024,1064,Laptop,Electronics,303.17,4,UK,1212.68
1581,19/08/2024,1227,Headphones,Accessories,632.73,3,Canada,1898.19
1582,30/07/2024,1753,Webcam,Office,337.73,1,Israel,337.73
1583,23/10/2024,1519,Webcam,Electronics,12.44,2,Canada,24.88
1584,26/03/2022,1815,Monitor,Office,373.96,2,Germany,747.92
1585,24/11/2022,1852,Laptop,Electronics,318.23,1,Canada,318.23
1586,26/03/2024,1554,Keyboard,Office,11.48,3,France,34.44
1587,30/03/2023,1755,Mouse,Electronics,1176.97,1,Germany,1176.97
1588,21/09/2023,1180,USB Cable,Accessories,120.09,1,Canada,120.09
1589,27/10/2023,1500,USB Cable,Accessories,676.34,1,Canada,676.34
1590,12/01/2022,1596,Monitor,Accessories,629.74,4,Germany,2518.96
1591,31/10/2022,1154,Monitor,Electronics,276.21,2,USA,552.42
1592,01/09/2024,1786,Headphones,Office,1450.47,2,France,2900.94
1593,22/02/2024,1534,Monitor,Electronics,907.58,3,USA,2722.74
1594,12/02/2022,1626,Webcam,Accessories,1221.2,2,Canada,2442.4
1595,01/08/2024,1817,Headphones,Electronics,746.73,1,USA,746.73
1596,09/12/2022,1434,Headphones,Office,1085.6,2,Israel,2171.2
1597,13/05/2023,1810,USB Cable,Accessories,1454.82,3,UK,4364.46
1598,30/12/2022,1098,USB Cable,Electronics,525.87,4,Germany,2103.48
1599,09/06/2024,1615,Keyboard,Office,758.87,4,France,3035.48
1600,03/03/2023,1371,Laptop,Accessories,774.23,1,Germany,774.23
1601,01/10/2024,1562,Desk Lamp,Office,1488.03,1,USA,1488.03
1602,21/01/2022,1361,Desk Lamp,Office,353.48,2,UK,706.96
1603,11/02/2023,1111,Monitor,Accessories,1014.58,2,USA,2029.16
1604,11/09/2023,1452,Laptop,Electronics,211.65,3,Germany,634.95
1605,11/10/2024,1755,Laptop,Electronics,1390.97,1,Israel,1390.97
1606,02/12/2022,1168,Laptop,Electronics,887.62,3,Germany,2662.86
1607,03/02/2023,1583,Headphones,Electronics,1289.82,4,USA,5159.28
1608,03/03/2024,1138,Laptop,Office,1343.39,2,France,2686.78
1609,16/12/2023,1847,Monitor,Electronics,837.88,1,France,837.88
1610,20/02/2022,1230,Headphones,Electronics,1024.6,2,France,2049.2
1611,20/11/2022,1238,Monitor,Office,1049.59,1,France,1049.59
1612,28/02/2024,1983,Headphones,Office,693.42,4,France,2773.68
1613,21/05/2022,1252,Desk Lamp,Accessories,655.08,3,Canada,1965.24
1614,15/04/2023,1980,Mouse,Office,283.35,1,UK,283.35
1615,26/02/2024,1435,Mouse,Accessories,578.95,2,UK,1157.9
1616,21/08/2024,1918,Desk Lamp,Accessories,1486.18,1,Israel,1486.18
1617,04/10/2024,1560,Mouse,Electronics,408.44,3,France,1225.32
1618,08/01/2023,1421,Mouse,Electronics,1144.85,4,USA,4579.4
1619,09/05/2023,1302,Desk Lamp,Electronics,93.72,2,USA,187.44
1620,21/01/2024,1071,Headphones,Office,703.87,4,Germany,2815.48
1621,18/10/2022,1262,Laptop,Office,92.32,4,France,369.28
1622,16/04/2022,1833,Desk Lamp,Electronics,716.32,3,USA,2148.96
1623,01/11/2023,1221,Keyboard,Electronics,46.19,1,Canada,46.19
1624,02/01/2022,1076,USB Cable,Office,921.88,1,Israel,921.88
1625,12/08/2023,1061,Webcam,Accessories,881.83,1,USA,881.83
1626,06/10/2023,1470,Keyboard,Accessories,1197.78,1,Canada,1197.78
1627,31/03/2022,1156,Mouse,Electronics,877.01,2,Canada,1754.02
1628,16/12/2022,1805,Laptop,Electronics,1389.37,4,Israel,5557.48
1629,28/11/2024,1124,Monitor,Electronics,1175.74,1,France,1175.74
1630,27/06/2024,1740,Laptop,Accessories,203.32,4,Germany,813.28
1631,08/06/2022,1851,Monitor,Electronics,401.88,2,Germany,803.76
1632,16/08/2024,1160,Keyboard,Accessories,44.21,2,UK,88.42
1633,08/11/2022,1540,Laptop,Office,582.27,2,France,1164.54
1634,21/03/2023,1625,Laptop,Office,766.76,4,USA,3067.04
1635,25/10/2022,1590,Webcam,Office,1419.19,1,Germany,1419.19
1636,09/08/2024,1534,Desk Lamp,Electronics,785.79,4,Canada,3143.16
1637,05/02/2022,1105,Keyboard,Office,1172.64,1,Israel,1172.64
1638,13/07/2023,1130,Laptop,Accessories,405.7,3,Canada,1217.1
1639,09/06/2024,1356,Monitor,Accessories,233.97,1,Israel,233.97
1640,21/05/2022,1988,USB Cable,Accessories,1217.2,1,USA,1217.2
1641,05/06/2024,1684,Laptop,Electronics,374.9,1,USA,374.9
1642,27/12/2023,1775,Monitor,Electronics,1307.65,2,France,2615.3
1643,15/11/2024,1853,Mouse,Accessories,258.93,3,USA,776.79
1644,05/06/2023,1884,Laptop,Accessories,1278.12,1,USA,1278.12
1645,10/01/2022,1796,Monitor,Accessories,1160.41,3,USA,3481.23
1646,10/09/2024,1001,USB Cable,Accessories,918.77,4,Germany,3675.08
1647,13/01/2023,1232,Keyboard,Office,1276.08,4,France,5104.32
1648,13/11/2023,1368,Mouse,Accessories,499.41,2,USA,998.82
1649,07/08/2023,1250,Laptop,Electronics,253.22,4,USA,1012.88
1650,01/06/2022,1945,Webcam,Electronics,239.78,3,Canada,719.34
1651,21/12/2023,1832,Monitor,Electronics,409.19,3,Canada,1227.57
1652,08/12/2024,1107,USB Cable,Electronics,672.11,3,Israel,2016.33
1653,08/05/2024,1275,Webcam,Electronics,1314.65,3,Germany,3943.95
1654,19/02/2022,1179,Laptop,Accessories,138.86,3,USA,416.58
1655,26/10/2023,1724,Monitor,Accessories,1373.29,2,Germany,2746.58
1656,15/06/2023,1292,Laptop,Office,1388.61,1,France,1388.61
1657,19/12/2024,1583,Mouse,Office,1092.22,4,France,4368.88
1658,06/05/2024,1794,USB Cable,Office,1350.92,3,Canada,4052.76
1659,26/05/2022,1174,USB Cable,Accessories,1156.13,4,UK,4624.52
1660,03/07/2024,1122,Mouse,Office,794.81,2,Israel,1589.62
1661,19/09/2024,1226,Laptop,Accessories,903.12,2,UK,1806.24
1662,30/08/2022,1901,Laptop,Electronics,944.2,1,Germany,944.2
1663,04/08/2023,1443,Headphones,Accessories,194.71,2,Israel,389.42
1664,18/11/2023,1812,Laptop,Accessories,293.62,1,Canada,293.62
1665,28/04/2023,1427,USB Cable,Electronics,787.44,3,USA,2362.32
1666,04/11/2023,1082,Laptop,Electronics,177.27,2,Canada,354.54
1667,23/09/2023,1764,Webcam,Electronics,1447.64,4,Canada,5790.56
1668,23/10/2023,1657,Webcam,Office,763.16,2,Israel,1526.32
1669,24/10/2023,1631,Mouse,Office,573.23,2,Israel,1146.46
1670,15/03/2024,1064,Webcam,Office,240.52,3,France,721.56
1671,23/02/2023,1280,Laptop,Electronics,627.72,1,UK,627.72
1672,14/09/2024,1794,Keyboard,Office,457.13,1,France,457.13
1673,12/10/2023,1390,Desk Lamp,Electronics,136.45,2,France,272.9
1674,26/08/2024,1427,Laptop,Electronics,1450.67,4,UK,5802.68
1675,13/08/2023,1617,Desk Lamp,Electronics,401.14,2,France,802.28
1676,24/05/2023,1924,USB Cable,Office,1037.25,4,Israel,4149
1677,17/03/2023,1990,Headphones,Office,141.53,3,Germany,424.59
1678,09/07/2024,1811,Monitor,Electronics,1370.19,3,USA,4110.57
1679,09/02/2024,1106,USB Cable,Office,888.17,1,USA,888.17
1680,20/09/2022,1547,Desk Lamp,Accessories,987.02,4,France,3948.08
1681,29/09/2023,1658,Mouse,Office,1173.77,2,UK,2347.54
1682,04/04/2023,1261,Webcam,Electronics,910.84,2,Israel,1821.68
1683,25/09/2024,1920,Keyboard,Electronics,111.01,2,France,222.02
1684,01/12/2023,1158,USB Cable,Electronics,647.23,2,Israel,1294.46
1685,29/10/2022,1264,Monitor,Accessories,396.73,3,Israel,1190.19
1686,08/07/2023,1467,Keyboard,Electronics,732.64,4,Canada,2930.56
1687,15/10/2022,1201,Mouse,Electronics,609.47,3,USA,1828.41
1688,13/09/2023,1932,Webcam,Office,1240.67,4,Germany,4962.68
1689,02/10/2024,1154,Headphones,Accessories,374.34,1,Germany,374.34
1690,05/02/2022,1012,Desk Lamp,Office,305.95,4,UK,1223.8
1691,14/01/2024,1296,USB Cable,Electronics,1437.34,2,Germany,2874.68
1692,19/12/2022,1895,USB Cable,Electronics,1424.53,3,France,4273.59
1693,14/03/2022,1833,USB Cable,Accessories,1490.23,2,USA,2980.46
1694,10/10/2023,1497,Desk Lamp,Electronics,854.73,4,USA,3418.92
1695,29/12/2024,1596,Mouse,Accessories,174.15,4,Israel,696.6
1696,01/03/2023,1992,Keyboard,Office,1320.85,1,France,1320.85
1697,25/09/2024,1791,Keyboard,Accessories,221.95,4,France,887.8
1698,09/12/2023,1244,Mouse,Office,237.61,4,Israel,950.44
1699,15/07/2023,1299,USB Cable,Electronics,294.13,2,Canada,588.26
1700,07/04/2024,1361,Laptop,Office,981.86,4,Canada,3927.44
1701,13/08/2024,1353,Mouse,Office,165.26,4,Israel,661.04
1702,01/06/2023,1827,Webcam,Office,1168.53,3,USA,3505.59
1703,04/03/2023,1520,Webcam,Accessories,92.09,3,France,276.27
1704,09/06/2022,1385,Headphones,Office,170.12,1,Germany,170.12
1705,29/05/2022,1758,Mouse,Accessories,654.56,1,Germany,654.56
1706,15/02/2024,1311,Monitor,Accessories,571.86,2,USA,1143.72
1707,08/03/2022,1413,Desk Lamp,Accessories,1484.61,2,Germany,2969.22
1708,10/10/2024,1277,Desk Lamp,Electronics,1450.46,3,Germany,4351.38
1709,16/01/2023,1749,Webcam,Electronics,288.57,3,France,865.71
1710,27/02/2022,1714,Webcam,Electronics,1420.26,3,France,4260.78
1711,08/12/2022,1758,Webcam,Accessories,1039.93,1,UK,1039.93
1712,28/12/2023,1746,Laptop,Electronics,616.22,1,France,616.22
1713,09/02/2024,1592,Monitor,Office,1110.75,4,UK,4443
1714,06/09/2023,1355,USB Cable,Accessories,1350.71,1,Canada,1350.71
1715,20/12/2022,1524,USB Cable,Electronics,274.31,4,France,1097.24
1716,26/04/2022,1838,Mouse,Accessories,298,2,Israel,596
1717,24/10/2023,1015,Laptop,Electronics,616.04,1,France,616.04
1718,29/03/2023,1992,Webcam,Office,257.97,2,UK,515.94
1719,14/10/2022,1044,USB Cable,Accessories,543.79,4,Germany,2175.16
1720,13/10/2024,1320,Monitor,Electronics,970.31,2,France,1940.62
1721,07/11/2022,1650,USB Cable,Electronics,1220.16,2,Germany,2440.32
1722,27/07/2022,1325,Desk Lamp,Office,456.39,1,Germany,456.39
1723,10/09/2023,1147,Monitor,Office,426.19,4,France,1704.76
1724,22/03/2023,1354,Laptop,Electronics,1170.72,4,France,4682.88
1725,01/11/2023,1235,USB Cable,Electronics,574.63,3,Israel,1723.89
1726,25/09/2023,1702,Webcam,Accessories,1228.62,1,Canada,1228.62
1727,24/02/2022,1612,Laptop,Accessories,1490.1,1,UK,1490.1
1728,30/06/2024,1104,Desk Lamp,Electronics,1469.6,4,France,5878.4
1729,01/11/2024,1473,Keyboard,Office,995.72,1,Germany,995.72
1730,19/10/2023,1761,Webcam,Accessories,565.94,2,Germany,1131.88
1731,06/09/2024,1395,Laptop,Electronics,102.91,3,France,308.73
1732,30/05/2023,1445,Mouse,Office,1108.37,4,UK,4433.48
1733,25/08/2022,1605,USB Cable,Office,1467.06,1,Canada,1467.06
1734,14/12/2022,1219,Webcam,Electronics,106.64,1,Germany,106.64
1735,19/09/2023,1986,Headphones,Electronics,14.22,2,Canada,28.44
1736,22/09/2023,1809,Webcam,Accessories,1248.51,1,Canada,1248.51
1737,30/12/2022,1850,Keyboard,Electronics,157.88,1,Israel,157.88
1738,17/11/2022,1964,Laptop,Accessories,127.03,2,Germany,254.06
1739,13/10/2022,1441,Desk Lamp,Office,1365.95,1,UK,1365.95
1740,29/05/2022,1644,Headphones,Accessories,123.94,3,USA,371.82
1741,10/02/2023,1872,Keyboard,Electronics,175.46,2,Israel,350.92
1742,04/09/2024,1666,Mouse,Accessories,856.51,4,Israel,3426.04
1743,01/04/2023,1027,Desk Lamp,Office,1136.44,3,USA,3409.32
1744,10/03/2024,1793,Desk Lamp,Office,602.36,1,Israel,602.36
1745,09/10/2024,1474,Webcam,Electronics,633.78,2,Israel,1267.56
1746,23/02/2024,1627,USB Cable,Accessories,950.78,2,Israel,1901.56
1747,05/04/2023,1304,Headphones,Electronics,760.61,1,Germany,760.61
1748,08/01/2024,1745,USB Cable,Electronics,32.85,4,Germany,131.4
1749,24/05/2023,1404,Desk Lamp,Office,174.81,3,France,524.43
1750,26/04/2023,1512,Laptop,Accessories,874.49,1,France,874.49
1751,24/04/2022,1501,Laptop,Electronics,1191.53,4,Germany,4766.12
1752,19/01/2024,1347,Mouse,Office,1145.84,2,Israel,2291.68
1753,27/12/2022,1239,Keyboard,Electronics,1111.38,2,UK,2222.76
1754,07/12/2022,1569,Headphones,Accessories,1158.05,2,USA,2316.1
1755,09/02/2024,1846,Mouse,Electronics,71.44,1,France,71.44
1756,31/01/2024,1694,Keyboard,Accessories,1343.18,4,Israel,5372.72
1757,26/08/2024,1336,Monitor,Office,1334.48,1,France,1334.48
1758,25/03/2023,1025,Monitor,Office,800.23,1,Canada,800.23
1759,14/04/2024,1979,Keyboard,Electronics,376.65,3,UK,1129.95
1760,07/11/2022,1408,Laptop,Office,890.31,3,Canada,2670.93
1761,19/09/2022,1076,Laptop,Electronics,839.04,3,Israel,2517.12
1762,10/02/2023,1928,Monitor,Electronics,338.32,4,Germany,1353.28
1763,23/05/2022,1216,Desk Lamp,Accessories,906.68,2,UK,1813.36
1764,08/12/2022,1327,Laptop,Electronics,1196.95,3,France,3590.85
1765,01/09/2022,1836,USB Cable,Accessories,1210.13,2,Israel,2420.26
1766,05/05/2023,1773,Desk Lamp,Electronics,94.25,4,Canada,377
1767,12/01/2022,1022,Laptop,Accessories,299.76,3,Israel,899.28
1768,15/07/2023,1755,Keyboard,Office,1003.99,3,USA,3011.97
1769,11/02/2022,1669,Webcam,Electronics,1290.45,2,USA,2580.9
1770,09/11/2023,1717,Keyboard,Accessories,784.22,1,Canada,784.22
1771,17/08/2023,1309,Laptop,Electronics,1062.75,4,USA,4251
1772,14/05/2022,1598,Keyboard,Accessories,36.5,4,Germany,146
1773,26/12/2024,1266,Headphones,Accessories,914.59,3,Israel,2743.77
1774,27/10/2024,1414,Monitor,Electronics,1443.05,4,Israel,5772.2
1775,05/08/2024,1645,Webcam,Electronics,993.22,2,France,1986.44
1776,14/03/2022,1266,Desk Lamp,Office,1383.8,1,Germany,1383.8
1777,03/02/2023,1332,Desk Lamp,Office,851.18,1,USA,851.18
1778,01/08/2023,1779,Headphones,Office,1265.85,4,Israel,5063.4
1779,08/05/2024,1449,Headphones,Electronics,190.62,1,USA,190.62
1780,10/05/2022,1564,Laptop,Office,189.65,2,UK,379.3
1781,19/07/2024,1610,Laptop,Accessories,184.67,3,Germany,554.01
1782,23/09/2022,1246,Desk Lamp,Electronics,735.83,3,USA,2207.49
1783,03/03/2024,1035,Headphones,Accessories,498.74,4,Germany,1994.96
1784,10/09/2022,1400,Headphones,Accessories,1080.18,4,Canada,4320.72
1785,01/04/2024,1027,Desk Lamp,Accessories,1354.42,4,Israel,5417.68
1786,13/06/2022,1219,Mouse,Electronics,930.97,3,UK,2792.91
1787,05/04/2022,1405,Mouse,Electronics,323.75,4,France,1295
1788,12/04/2024,1613,USB Cable,Office,1396.66,1,UK,1396.66
1789,02/12/2022,1774,Monitor,Office,794.15,3,Germany,2382.45
1790,01/04/2024,1270,Headphones,Office,1081.32,2,UK,2162.64
1791,26/08/2022,1735,Keyboard,Office,1336.31,4,Israel,5345.24
1792,16/01/2023,1650,Webcam,Accessories,1484.8,3,Germany,4454.4
1793,17/06/2024,1791,Mouse,Electronics,761.57,4,Germany,3046.28
1794,28/04/2023,1510,Desk Lamp,Office,1213.05,3,Israel,3639.15
1795,20/06/2024,1962,Laptop,Accessories,852.47,3,Canada,2557.41
1796,14/11/2024,1285,Headphones,Electronics,732.25,3,USA,2196.75
1797,27/04/2023,1453,Keyboard,Electronics,808.88,2,France,1617.76
1798,05/07/2024,1761,Webcam,Electronics,728.99,3,Canada,2186.97
1799,20/09/2024,1833,Keyboard,Accessories,634.44,1,Canada,634.44
1800,21/08/2024,1316,USB Cable,Office,1086.96,4,UK,4347.84
1801,21/06/2023,1589,Keyboard,Electronics,378.27,4,Canada,1513.08
1802,01/11/2024,1296,Laptop,Accessories,926.49,4,France,3705.96
1803,08/05/2022,1337,Mouse,Electronics,1070.88,3,France,3212.64
1804,02/04/2022,1306,Keyboard,Accessories,1338.68,4,Canada,5354.72
1805,27/06/2023,1427,Webcam,Office,501.16,1,Israel,501.16
1806,25/04/2024,1350,Mouse,Office,1291.6,1,USA,1291.6
1807,15/09/2024,1510,USB Cable,Electronics,1418.21,1,France,1418.21
1808,23/03/2023,1524,USB Cable,Office,974.78,2,Germany,1949.56
1809,25/01/2023,1857,Monitor,Office,1158.29,1,Canada,1158.29
1810,03/11/2023,1491,Laptop,Accessories,611.53,1,USA,611.53
1811,12/02/2022,1907,Mouse,Accessories,1428.44,4,Israel,5713.76
1812,11/09/2022,1593,USB Cable,Electronics,1007.94,3,Canada,3023.82
1813,19/12/2024,1008,USB Cable,Accessories,468.68,4,France,1874.72
1814,25/10/2023,1496,Mouse,Office,609.37,2,Canada,1218.74
1815,12/04/2023,1724,Keyboard,Accessories,928.54,2,Israel,1857.08
1816,14/10/2022,1559,Desk Lamp,Office,355.03,2,UK,710.06
1817,07/10/2024,1560,Webcam,Electronics,1132.1,1,Israel,1132.1
1818,17/02/2024,1820,Keyboard,Office,340.91,1,Germany,340.91
1819,11/12/2022,1439,Webcam,Accessories,889.72,1,Israel,889.72
1820,04/10/2023,1551,USB Cable,Accessories,1047.02,3,USA,3141.06
1821,17/01/2023,1874,USB Cable,Accessories,1290.32,4,UK,5161.28
1822,21/11/2023,1791,Laptop,Accessories,1102.18,1,Canada,1102.18
1823,15/12/2024,1737,Mouse,Electronics,1199.24,2,Canada,2398.48
1824,02/04/2023,1967,Headphones,Office,1369.83,3,Germany,4109.49
1825,09/09/2024,1107,USB Cable,Accessories,898.67,3,UK,2696.01
1826,24/03/2022,1244,Webcam,Office,1270.19,2,Germany,2540.38
1827,29/05/2022,1254,Webcam,Electronics,351.65,1,Canada,351.65
1828,09/07/2022,1032,Desk Lamp,Office,1223.03,3,UK,3669.09
1829,01/06/2024,1022,Desk Lamp,Accessories,336.42,2,France,672.84
1830,20/09/2022,1844,Keyboard,Office,1402.27,1,Israel,1402.27
1831,04/02/2023,1565,Keyboard,Accessories,498.31,3,USA,1494.93
1832,03/02/2024,1820,USB Cable,Accessories,261.9,3,USA,785.7
1833,01/09/2023,1048,USB Cable,Electronics,226.51,4,France,906.04
1834,24/02/2024,1461,Monitor,Electronics,284.97,4,UK,1139.88
1835,11/04/2022,1589,Webcam,Office,674.07,3,Israel,2022.21
1836,30/03/2024,1335,Laptop,Office,785.61,3,France,2356.83
1837,30/03/2024,1944,Mouse,Accessories,1371.11,3,UK,4113.33
1838,24/02/2023,1357,Mouse,Accessories,574.62,4,Israel,2298.48
1839,04/05/2022,1121,Desk Lamp,Accessories,330.14,1,UK,330.14
1840,26/02/2023,1443,Mouse,Accessories,1117.01,4,USA,4468.04
1841,22/12/2024,1358,Webcam,Electronics,206.31,2,Israel,412.62
1842,07/02/2024,1601,Keyboard,Accessories,1338.96,3,USA,4016.88
1843,28/04/2023,1345,Laptop,Electronics,617.05,2,USA,1234.1
1844,03/06/2023,1192,Mouse,Office,922.69,2,Israel,1845.38
1845,04/06/2022,1415,Webcam,Office,283.35,2,France,566.7
1846,02/04/2022,1376,Headphones,Electronics,222.57,4,UK,890.28
1847,08/09/2024,1462,USB Cable,Accessories,1199.26,4,Israel,4797.04
1848,31/03/2023,1755,Monitor,Office,647.4,1,Canada,647.4
1849,21/08/2023,1660,Monitor,Electronics,1480.18,2,USA,2960.36
1850,25/05/2023,1145,Mouse,Office,788.83,2,UK,1577.66
1851,21/01/2023,1477,Keyboard,Accessories,1269.25,4,Israel,5077
1852,09/02/2023,1827,Monitor,Electronics,1470.05,2,France,2940.1
1853,03/09/2022,1889,Monitor,Office,425.32,4,Israel,1701.28
1854,12/01/2024,1652,Desk Lamp,Accessories,1202.32,3,Israel,3606.96
1855,23/10/2023,1407,Monitor,Electronics,37.9,3,Germany,113.7
1856,12/10/2023,1285,Monitor,Electronics,1021.23,2,Canada,2042.46
1857,19/06/2024,1897,Mouse,Electronics,1119.08,1,UK,1119.08
1858,06/03/2022,1850,Desk Lamp,Electronics,718.66,4,Israel,2874.64
1859,02/11/2024,1110,Webcam,Office,247.35,3,USA,742.05
1860,01/08/2022,1619,Laptop,Electronics,927,3,USA,2781
1861,30/08/2022,1878,Laptop,Electronics,1346.81,2,Germany,2693.62
1862,08/05/2023,1792,Keyboard,Electronics,1397.32,4,USA,5589.28
1863,04/12/2022,1049,Webcam,Electronics,1120.42,2,Israel,2240.84
1864,22/06/2022,1013,USB Cable,Electronics,399.25,4,UK,1597
1865,03/11/2023,1133,Headphones,Accessories,1306.14,1,Germany,1306.14
1866,13/06/2022,1587,Laptop,Office,1333.79,4,Canada,5335.16
1867,10/04/2023,1595,Headphones,Accessories,554.03,3,Germany,1662.09
1868,21/09/2024,1342,Laptop,Office,278.56,2,France,557.12
1869,12/05/2023,1669,Desk Lamp,Electronics,1312.62,4,France,5250.48
1870,01/12/2023,1285,Laptop,Office,1328.22,3,UK,3984.66
1871,30/01/2023,1933,Desk Lamp,Electronics,155.85,2,UK,311.7
1872,04/12/2023,1313,Desk Lamp,Electronics,1450.64,2,Germany,2901.28
1873,04/11/2022,1605,Keyboard,Accessories,801.96,1,Israel,801.96
1874,02/07/2022,1296,Monitor,Accessories,1490.63,3,Israel,4471.89
1875,21/09/2023,1605,Keyboard,Accessories,670.29,4,France,2681.16
1876,25/05/2023,1568,Desk Lamp,Office,802.26,3,UK,2406.78
1877,30/06/2023,1163,Desk Lamp,Office,402.79,2,UK,805.58
1878,16/09/2023,1831,Laptop,Accessories,1348.93,1,Israel,1348.93
1879,17/08/2023,1496,Webcam,Accessories,668.35,4,France,2673.4
1880,14/01/2024,1609,Monitor,Electronics,1222.85,1,Israel,1222.85
1881,08/07/2023,1015,Webcam,Office,124.2,1,Israel,124.2
1882,21/01/2022,1343,Webcam,Electronics,1183.43,3,Germany,3550.29
1883,08/07/2023,1077,Webcam,Office,737.91,2,UK,1475.82
1884,01/02/2023,1345,Monitor,Accessories,13.08,2,Germany,26.16
1885,17/09/2023,1071,Webcam,Office,343.26,4,Germany,1373.04
1886,15/04/2022,1269,Monitor,Office,294.63,1,Israel,294.63
1887,11/07/2022,1286,Headphones,Electronics,1128.89,1,France,1128.89
1888,17/01/2022,1065,Desk Lamp,Accessories,718.42,1,Israel,718.42
1889,28/01/2023,1879,USB Cable,Accessories,243.78,3,Canada,731.34
1890,01/03/2023,1067,Laptop,Accessories,388.92,2,France,777.84
1891,09/05/2022,1192,Mouse,Electronics,758.59,1,UK,758.59
1892,26/07/2023,1054,Webcam,Electronics,34.36,1,Canada,34.36
1893,29/01/2022,1979,Keyboard,Electronics,639.07,2,Canada,1278.14
1894,30/10/2024,1378,Headphones,Office,1018.7,4,Canada,4074.8
1895,30/08/2022,1973,Keyboard,Office,779.04,3,USA,2337.12
1896,20/08/2022,1167,Mouse,Electronics,899.16,3,UK,2697.48
1897,28/02/2024,1408,Monitor,Electronics,493.29,3,Israel,1479.87
1898,16/12/2023,1507,Mouse,Accessories,278.7,2,France,557.4
1899,29/01/2024,1536,Keyboard,Office,1215.56,3,Canada,3646.68
1900,12/03/2024,1642,Desk Lamp,Office,1358.92,1,USA,1358.92
1901,15/02/2024,1836,Desk Lamp,Accessories,768.56,3,Canada,2305.68
1902,27/12/2023,1101,Mouse,Accessories,461.04,2,France,922.08
1903,19/07/2022,1885,Desk Lamp,Accessories,769.25,3,France,2307.75
1904,02/08/2024,1793,Laptop,Electronics,1319.08,4,USA,5276.32
1905,20/03/2022,1807,Mouse,Electronics,1038.65,4,USA,4154.6
1906,13/08/2024,1805,Webcam,Electronics,1288.63,2,UK,2577.26
1907,05/05/2024,1421,Laptop,Electronics,495.93,2,Germany,991.86
1908,12/04/2023,1963,Webcam,Electronics,1069.41,4,Canada,4277.64
1909,04/08/2023,1774,USB Cable,Office,981.31,3,USA,2943.93
1910,28/07/2024,1477,USB Cable,Office,859.57,1,Canada,859.57
1911,25/03/2023,1925,Mouse,Office,794.7,2,Germany,1589.4
1912,28/03/2022,1119,Laptop,Accessories,828.71,4,Germany,3314.84
1913,11/04/2022,1914,Desk Lamp,Office,1275.26,3,Germany,3825.78
1914,28/10/2024,1742,Laptop,Accessories,1374.41,2,Germany,2748.82
1915,24/04/2024,1290,USB Cable,Office,173.73,3,USA,521.19
1916,28/03/2022,1487,Mouse,Electronics,855.31,1,Canada,855.31
1917,12/02/2022,1160,Headphones,Office,1378.02,2,France,2756.04
1918,12/02/2023,1672,Monitor,Electronics,206.44,1,Canada,206.44
1919,26/10/2023,1077,Monitor,Electronics,622.22,1,Canada,622.22
1920,06/11/2024,1037,Monitor,Office,138.17,1,USA,138.17
1921,28/05/2022,1393,Desk Lamp,Office,174.65,4,USA,698.6
1922,04/10/2022,1440,Laptop,Electronics,1356.65,1,Israel,1356.65
1923,20/08/2022,1539,Desk Lamp,Accessories,672.04,1,Israel,672.04
1924,01/01/2023,1461,USB Cable,Accessories,1034.67,3,UK,3104.01
1925,12/03/2023,1611,Monitor,Office,212.68,4,Germany,850.72
1926,03/02/2023,1293,USB Cable,Electronics,37.81,4,Germany,151.24
1927,14/05/2023,1399,Laptop,Accessories,1336.27,4,Israel,5345.08
1928,24/06/2023,1635,USB Cable,Office,863.95,4,France,3455.8
1929,17/07/2023,1916,Headphones,Office,34.88,1,UK,34.88
1930,18/03/2023,1091,Desk Lamp,Electronics,1488.55,3,Canada,4465.65
1931,12/02/2024,1766,Mouse,Accessories,740.83,1,France,740.83
1932,16/12/2022,1608,USB Cable,Office,716.44,1,Israel,716.44
1933,04/06/2023,1005,USB Cable,Accessories,933.27,4,Canada,3733.08
1934,18/05/2022,1680,Mouse,Office,16.82,4,France,67.28
1935,18/09/2024,1894,Laptop,Office,855.86,2,Germany,1711.72
1936,03/01/2023,1270,Laptop,Accessories,946.08,3,Israel,2838.24
1937,26/12/2022,1619,Desk Lamp,Accessories,448.95,4,Canada,1795.8
1938,09/07/2024,1898,USB Cable,Electronics,1091.64,4,France,4366.56
1939,25/11/2022,1810,Headphones,Electronics,569.26,1,UK,569.26
1940,19/08/2024,1558,Monitor,Electronics,1078.07,1,UK,1078.07
1941,08/04/2023,1098,Headphones,Electronics,220.02,1,USA,220.02
1942,03/08/2024,1525,Mouse,Accessories,1370.98,4,Canada,5483.92
1943,20/08/2024,1193,Mouse,Electronics,1319.79,3,Israel,3959.37
1944,15/04/2024,1156,Webcam,Accessories,230.19,4,Israel,920.76
1945,18/06/2022,1899,Monitor,Office,1407.99,4,Canada,5631.96
1946,05/08/2022,1665,USB Cable,Accessories,838.88,3,Israel,2516.64
1947,13/01/2023,1114,Mouse,Electronics,1053.97,4,Germany,4215.88
1948,29/04/2022,1395,Webcam,Accessories,1261.24,4,Germany,5044.96
1949,09/07/2022,1769,Laptop,Accessories,129.94,3,Israel,389.82
1950,06/02/2024,1656,Mouse,Accessories,258.08,4,Canada,1032.32
1951,05/01/2023,1802,Keyboard,Accessories,439.13,2,France,878.26
1952,29/05/2022,1521,Monitor,Accessories,718.42,2,Germany,1436.84
1953,14/10/2023,1879,Webcam,Electronics,522.35,1,Canada,522.35
1954,09/02/2024,1213,Monitor,Accessories,761.24,4,Israel,3044.96
1955,09/01/2023,1744,Monitor,Electronics,282.95,3,Germany,848.85
1956,20/02/2024,1682,Keyboard,Office,1024.82,3,Canada,3074.46
1957,09/06/2022,1532,Headphones,Accessories,88.32,2,USA,176.64
1958,17/12/2022,1014,Laptop,Office,545.37,1,UK,545.37
1959,10/06/2024,1418,Monitor,Electronics,272.65,4,USA,1090.6
1960,07/06/2023,1367,Mouse,Accessories,1096.25,3,Israel,3288.75
1961,06/06/2023,1637,Desk Lamp,Office,1326.06,3,Canada,3978.18
1962,22/02/2024,1852,Laptop,Electronics,122.79,4,UK,491.16
1963,30/09/2022,1852,Mouse,Office,1178.63,1,France,1178.63
1964,24/07/2024,1212,Laptop,Accessories,1344.1,2,Israel,2688.2
1965,02/07/2022,1699,USB Cable,Accessories,1461.09,4,France,5844.36
1966,03/05/2023,1683,Laptop,Accessories,871.18,4,France,3484.72
1967,25/04/2024,1991,Webcam,Electronics,494.45,4,Germany,1977.8
1968,04/05/2022,1758,Mouse,Office,486.35,2,Germany,972.7
1969,11/09/2024,1004,Desk Lamp,Electronics,571.56,3,UK,1714.68
1970,29/02/2024,1230,Mouse,Office,920.94,4,UK,3683.76
1971,18/02/2023,1200,USB Cable,Electronics,737.89,4,Canada,2951.56
1972,17/11/2023,1884,Laptop,Accessories,982.18,4,Germany,3928.72
1973,23/04/2022,1401,Monitor,Office,63.77,4,UK,255.08
1974,06/06/2024,1148,Desk Lamp,Office,163.29,1,Canada,163.29
1975,02/05/2022,1583,Mouse,Office,1464.93,1,USA,1464.93
1976,08/02/2022,1491,USB Cable,Electronics,1493.1,1,Israel,1493.1
1977,12/05/2023,1225,Desk Lamp,Accessories,1121.25,3,USA,3363.75
1978,19/02/2024,1585,Keyboard,Office,388.31,4,Israel,1553.24
1979,31/07/2024,1818,Keyboard,Electronics,1430.31,4,Canada,5721.24
1980,29/05/2022,1168,Laptop,Office,324.49,4,Germany,1297.96
1981,18/10/2024,1760,Headphones,Accessories,1098.49,4,USA,4393.96
1982,23/10/2023,1791,Laptop,Office,177.31,2,France,354.62
1983,29/10/2022,1999,USB Cable,Accessories,975.11,2,USA,1950.22
1984,26/08/2022,1151,Laptop,Electronics,1140.47,2,UK,2280.94
1985,09/10/2023,1223,Monitor,Electronics,1290.16,4,USA,5160.64
1986,25/10/2023,1503,Monitor,Accessories,1102.79,2,Germany,2205.58
1987,24/08/2022,1736,Webcam,Accessories,1385.61,2,Germany,2771.22
1988,22/07/2022,1549,USB Cable,Electronics,783.78,3,UK,2351.34
1989,13/09/2022,1043,Headphones,Accessories,1017.76,3,Israel,3053.28
1990,21/08/2023,1696,Desk Lamp,Accessories,557.48,2,UK,1114.96
1991,24/10/2023,1503,USB Cable,Office,20.53,2,Canada,41.06
1992,23/08/2022,1954,USB Cable,Electronics,1136.26,3,Israel,3408.78
1993,18/06/2023,1240,Headphones,Electronics,1305.44,2,Germany,2610.88
1994,09/05/2024,1929,USB Cable,Accessories,265.02,4,Germany,1060.08
1995,09/02/2024,1842,Headphones,Accessories,47.82,2,Canada,95.64
1996,25/06/2023,1350,Headphones,Accessories,250.93,4,Israel,1003.72
1997,01/08/2022,1721,Headphones,Electronics,1343.46,2,USA,2686.92
1998,08/04/2023,1022,USB Cable,Office,446.79,1,USA,446.79
1999,12/03/2023,1635,USB Cable,Electronics,354.39,2,UK,708.78
2000,10/10/2022,1597,Laptop,Office,26.81,1,Germany,26.81
2001,29/03/2022,1042,USB Cable,Accessories,449.1,2,USA,898.2
2002,03/12/2024,1465,Laptop,Electronics,1074.88,2,Germany,2149.76
2003,06/04/2023,1039,Webcam,Office,1438.84,4,UK,5755.36
2004,05/10/2022,1302,Keyboard,Electronics,472.55,3,France,1417.65
2005,25/02/2023,1680,Keyboard,Office,364.82,3,Germany,1094.46
2006,27/11/2023,1174,Webcam,Office,1332.66,4,France,5330.64
2007,30/05/2023,1998,Webcam,Electronics,1279.49,3,Germany,3838.47
2008,04/12/2023,1531,Mouse,Accessories,495.6,1,Israel,495.6
2009,19/01/2022,1460,Laptop,Electronics,107.86,1,Canada,107.86
2010,23/01/2022,1620,Headphones,Accessories,1488.02,2,France,2976.04
2011,17/02/2023,1192,Desk Lamp,Office,1022.65,1,Israel,1022.65
2012,19/11/2024,1243,Mouse,Office,1390.24,3,Canada,4170.72
2013,18/04/2022,1835,Monitor,Electronics,516.1,1,Israel,516.1
2014,16/05/2022,1279,Laptop,Electronics,973.29,2,UK,1946.58
2015,28/12/2022,1739,USB Cable,Accessories,1013.37,1,UK,1013.37
2016,09/05/2022,1035,Webcam,Accessories,1309.99,3,USA,3929.97
2017,30/05/2023,1556,Keyboard,Electronics,1489.62,4,France,5958.48
2018,25/03/2023,1897,Laptop,Accessories,167.46,2,USA,334.92
2019,23/05/2024,1539,Webcam,Accessories,948.52,4,France,3794.08
2020,18/04/2023,1153,Desk Lamp,Electronics,507.98,1,UK,507.98
2021,30/10/2024,1022,Desk Lamp,Electronics,1218.43,2,UK,2436.86
2022,29/10/2022,1718,Laptop,Office,1132.45,2,Canada,2264.9
2023,19/08/2022,1931,USB Cable,Office,1339.32,1,Canada,1339.32
2024,11/07/2024,1090,Laptop,Electronics,518.84,2,UK,1037.68
2025,25/12/2024,1389,USB Cable,Office,280.87,1,France,280.87
2026,25/07/2024,1930,Laptop,Accessories,37.59,4,UK,150.36
2027,22/04/2022,1358,Monitor,Electronics,386.98,4,USA,1547.92
2028,02/11/2024,1549,Keyboard,Office,553.92,3,Israel,1661.76
2029,15/05/2023,1930,Laptop,Electronics,1419.37,3,Canada,4258.11
2030,20/07/2024,1227,Webcam,Office,739.6,1,France,739.6
2031,21/08/2023,1201,Monitor,Electronics,836.88,1,Israel,836.88
2032,22/08/2022,1349,Desk Lamp,Accessories,1320.79,4,USA,5283.16
2033,25/08/2023,1820,Mouse,Office,1328.18,2,Germany,2656.36
2034,10/11/2022,1765,Laptop,Electronics,794.23,1,Canada,794.23
2035,20/07/2023,1037,USB Cable,Accessories,174.99,2,UK,349.98
2036,01/11/2024,1732,Monitor,Office,409.42,3,Canada,1228.26
2037,28/07/2022,1499,Headphones,Office,688.05,4,Canada,2752.2
2038,03/11/2024,1698,Mouse,Electronics,1128,1,Canada,1128
2039,09/11/2024,1042,Keyboard,Accessories,1068.96,3,USA,3206.88
2040,10/08/2023,1870,Laptop,Electronics,965.85,1,Germany,965.85
2041,11/10/2024,1625,Laptop,Office,1320.97,3,France,3962.91
2042,29/12/2024,1771,Monitor,Electronics,1204.96,4,USA,4819.84
2043,29/11/2023,1516,Desk Lamp,Electronics,1473.26,1,France,1473.26
2044,12/05/2022,1067,Keyboard,Accessories,1334.29,1,Israel,1334.29
2045,09/11/2024,1739,Headphones,Accessories,297.51,2,Israel,595.02
2046,20/06/2023,1122,Mouse,Office,91.14,2,France,182.28
2047,10/10/2024,1684,Webcam,Accessories,624.69,1,Israel,624.69
2048,15/08/2022,1335,Keyboard,Electronics,928.17,4,Israel,3712.68
2049,01/04/2024,1152,Laptop,Office,966.44,2,UK,1932.88
2050,20/05/2024,1973,Monitor,Accessories,404.93,1,France,404.93
2051,09/02/2023,1778,Headphones,Electronics,1290.52,1,France,1290.52
2052,21/07/2022,1668,Monitor,Electronics,497.22,3,Germany,1491.66
2053,07/02/2022,1161,Mouse,Office,1379.08,4,Canada,5516.32
2054,30/07/2024,1213,USB Cable,Office,710.04,2,UK,1420.08
2055,07/07/2022,1909,USB Cable,Accessories,20.53,2,USA,41.06
2056,16/12/2024,1375,Keyboard,Accessories,247.25,3,UK,741.75
2057,29/07/2024,1919,Monitor,Accessories,157.97,1,USA,157.97
2058,09/11/2024,1442,Webcam,Accessories,70.82,2,France,141.64
2059,30/09/2022,1422,Webcam,Office,1072.46,1,UK,1072.46
2060,06/08/2023,1537,USB Cable,Electronics,292.51,2,Germany,585.02
2061,31/05/2023,1938,USB Cable,Electronics,1258.74,2,Canada,2517.48
2062,10/06/2023,1803,Monitor,Accessories,400.38,1,Israel,400.38
2063,02/12/2022,1934,Desk Lamp,Office,53.33,1,USA,53.33
2064,29/11/2023,1700,Laptop,Accessories,1231.91,2,Israel,2463.82
2065,14/12/2024,1911,Monitor,Accessories,701.89,3,Canada,2105.67
2066,15/05/2023,1633,Headphones,Office,901.26,3,France,2703.78
2067,18/06/2024,1229,Keyboard,Electronics,507.66,3,France,1522.98
2068,05/02/2024,1058,Mouse,Electronics,73.83,3,France,221.49
2069,20/06/2023,1095,Desk Lamp,Accessories,558.41,3,Israel,1675.23
2070,11/06/2022,1261,Webcam,Office,779.84,1,Canada,779.84
2071,17/08/2023,1353,Desk Lamp,Electronics,22.47,2,France,44.94
2072,08/06/2022,1311,Monitor,Electronics,863.56,3,France,2590.68
2073,01/03/2022,1135,Headphones,Office,1340.1,4,Israel,5360.4
2074,03/07/2024,1861,Desk Lamp,Office,330.67,2,France,661.34
2075,30/07/2022,1794,USB Cable,Electronics,1390.52,4,Canada,5562.08
2076,10/02/2023,1966,Webcam,Accessories,150.92,1,USA,150.92
2077,26/10/2023,1922,Desk Lamp,Accessories,1239.03,2,UK,2478.06
2078,26/06/2023,1472,Webcam,Electronics,1261.28,1,USA,1261.28
2079,24/09/2024,1631,Mouse,Accessories,390.35,4,France,1561.4
2080,15/07/2024,1429,Webcam,Accessories,1436.98,2,Canada,2873.96
2081,17/05/2024,1936,Desk Lamp,Office,627.82,2,Canada,1255.64
2082,19/01/2022,1974,Headphones,Office,216.18,1,France,216.18
2083,08/03/2023,1536,Webcam,Office,889.61,2,France,1779.22
2084,10/01/2024,1853,Webcam,Accessories,1494.94,4,France,5979.76
2085,02/07/2022,1145,Monitor,Office,1349.44,1,Israel,1349.44
2086,23/04/2022,1523,Monitor,Office,421.51,4,Canada,1686.04
2087,26/04/2023,1086,USB Cable,Electronics,867.59,2,UK,1735.18
2088,10/04/2024,1946,Keyboard,Office,177.47,4,Israel,709.88
2089,02/02/2024,1108,Laptop,Electronics,695.46,2,Israel,1390.92
2090,21/04/2023,1422,Headphones,Accessories,786.99,4,Canada,3147.96
2091,02/02/2024,1344,Laptop,Office,476.34,4,France,1905.36
2092,28/08/2024,1265,Laptop,Electronics,728.86,3,USA,2186.58
2093,16/10/2024,1733,Webcam,Electronics,1380.31,2,Canada,2760.62
2094,10/06/2022,1585,Desk Lamp,Electronics,752.71,3,USA,2258.13
2095,05/02/2023,1993,USB Cable,Accessories,1247.33,3,Germany,3741.99
2096,17/07/2022,1493,Mouse,Office,479.5,1,Canada,479.5
2097,22/10/2023,1332,Desk Lamp,Accessories,1457.25,1,UK,1457.25
2098,06/12/2024,1821,Desk Lamp,Electronics,144.73,4,Canada,578.92
2099,03/02/2023,1412,Mouse,Accessories,880.45,2,Germany,1760.9
2100,19/03/2022,1613,Webcam,Accessories,1185.88,1,Israel,1185.88
2101,04/05/2022,1936,USB Cable,Electronics,1221.99,3,Germany,3665.97
2102,16/03/2022,1648,Headphones,Office,301.43,2,Germany,602.86
2103,17/05/2022,1190,Laptop,Office,605.46,4,Canada,2421.84
2104,25/08/2023,1972,Keyboard,Accessories,938.17,4,Germany,3752.68
2105,16/04/2024,1932,USB Cable,Office,477.24,1,UK,477.24
2106,15/05/2023,1141,Laptop,Electronics,989.15,1,Canada,989.15
2107,18/05/2022,1868,Mouse,Office,571.28,1,USA,571.28
2108,19/02/2022,1072,Laptop,Accessories,529.55,4,USA,2118.2
2109,30/08/2024,1839,Monitor,Electronics,166.56,3,Germany,499.68
2110,11/09/2022,1166,Monitor,Electronics,63.68,1,Canada,63.68
2111,11/12/2023,1167,Keyboard,Electronics,1253.73,4,UK,5014.92
2112,17/07/2023,1565,Headphones,Accessories,736.87,2,USA,1473.74
2113,27/01/2024,1258,Laptop,Accessories,846.5,4,France,3386
2114,01/07/2023,1438,Monitor,Office,561.47,2,Canada,1122.94
2115,10/07/2024,1110,Headphones,Accessories,209.43,2,Canada,418.86
2116,04/08/2023,1743,USB Cable,Electronics,677.11,3,USA,2031.33
2117,18/02/2022,1672,USB Cable,Accessories,347.29,1,USA,347.29
2118,05/07/2024,1863,Monitor,Accessories,1257.34,2,UK,2514.68
2119,05/12/2023,1838,Headphones,Office,1480.25,1,UK,1480.25
2120,18/09/2022,1530,Headphones,Electronics,1334.2,4,USA,5336.8
2121,22/12/2022,1289,Monitor,Office,794.77,1,France,794.77
2122,30/09/2023,1973,Webcam,Office,944.06,4,France,3776.24
2123,13/01/2024,1561,Mouse,Office,1422.44,2,Germany,2844.88
2124,06/10/2024,1509,Headphones,Electronics,810.33,3,Germany,2430.99
2125,19/07/2024,1174,USB Cable,Office,959.69,2,USA,1919.38
2126,03/10/2023,1301,Webcam,Electronics,945.7,4,USA,3782.8
2127,02/03/2024,1695,Laptop,Office,1063.64,2,USA,2127.28
2128,04/09/2023,1184,Webcam,Office,962.23,3,Canada,2886.69
2129,19/03/2024,1338,Monitor,Electronics,1007.7,1,France,1007.7
2130,17/11/2023,1509,Webcam,Accessories,1090.21,4,Israel,4360.84
2131,07/07/2022,1818,Mouse,Office,1214.6,1,Germany,1214.6
2132,11/09/2024,1309,Monitor,Accessories,607.57,3,Germany,1822.71
2133,02/07/2023,1506,Keyboard,Office,1120.02,2,Israel,2240.04
2134,26/12/2023,1345,Laptop,Accessories,154.8,3,USA,464.4
2135,14/07/2024,1080,USB Cable,Accessories,1314.9,4,Germany,5259.6
2136,25/05/2024,1373,Keyboard,Accessories,438.62,4,France,1754.48
2137,10/09/2023,1155,Webcam,Accessories,608.17,2,Israel,1216.34
2138,18/02/2023,1786,Headphones,Accessories,1206.4,4,France,4825.6
2139,21/06/2024,1794,Webcam,Electronics,957.3,3,Canada,2871.9
2140,12/06/2022,1431,Desk Lamp,Accessories,466.4,4,USA,1865.6
2141,27/09/2022,1499,USB Cable,Electronics,341.97,1,Germany,341.97
2142,24/09/2023,1760,USB Cable,Office,1436.78,3,France,4310.34
2143,24/06/2024,1146,Desk Lamp,Electronics,136.23,3,Israel,408.69
2144,24/07/2022,1480,Headphones,Accessories,11.48,4,USA,45.92
2145,05/08/2023,1434,Keyboard,Electronics,1011.04,2,Germany,2022.08
2146,20/04/2024,1518,Keyboard,Accessories,923.64,2,Germany,1847.28
2147,19/08/2023,1668,Headphones,Electronics,1107.73,2,USA,2215.46
2148,07/09/2022,1682,Mouse,Office,1098.79,4,USA,4395.16
2149,24/05/2024,1068,Desk Lamp,Accessories,1295.57,4,USA,5182.28
2150,15/07/2022,1605,Laptop,Accessories,1383.55,4,Canada,5534.2
2151,21/11/2023,1880,Monitor,Electronics,1163.66,3,France,3490.98
2152,29/12/2024,1874,Desk Lamp,Electronics,352.28,3,UK,1056.84
2153,01/10/2023,1887,Keyboard,Electronics,697.93,4,Canada,2791.72
2154,03/11/2023,1185,Laptop,Electronics,964.36,2,Germany,1928.72
2155,01/08/2024,1903,Monitor,Electronics,811.35,1,France,811.35
2156,18/07/2022,1681,Webcam,Accessories,242.55,2,Israel,485.1
2157,07/05/2023,1203,Monitor,Office,885.96,3,Germany,2657.88
2158,14/06/2024,1553,Keyboard,Electronics,1330.36,3,Canada,3991.08
2159,22/05/2022,1012,Mouse,Accessories,630.68,2,UK,1261.36
2160,14/06/2022,1665,Mouse,Office,1005.05,2,Israel,2010.1
2161,10/11/2022,1273,Laptop,Office,925.82,3,Germany,2777.46
2162,21/01/2022,1297,Webcam,Electronics,568.68,3,UK,1706.04
2163,10/09/2024,1050,Laptop,Accessories,850.08,4,USA,3400.32
2164,01/11/2022,1499,Headphones,Accessories,319.27,1,UK,319.27
2165,06/01/2023,1368,Mouse,Accessories,821.43,4,Germany,3285.72
2166,02/05/2024,1723,Laptop,Accessories,1199.25,4,UK,4797
2167,19/01/2023,1655,Headphones,Accessories,1139.63,2,Canada,2279.26
2168,21/03/2023,1356,Webcam,Office,540.14,2,Germany,1080.28
2169,01/03/2023,1002,USB Cable,Office,172.57,1,Germany,172.57
2170,10/06/2022,1253,Monitor,Office,1200.91,4,UK,4803.64
2171,21/09/2023,1474,Laptop,Accessories,401.23,4,UK,1604.92
2172,13/06/2024,1846,Headphones,Office,84.3,3,Canada,252.9
2173,05/05/2023,1505,Mouse,Office,670.56,3,Israel,2011.68
2174,13/10/2024,1255,Desk Lamp,Electronics,1110.51,1,Israel,1110.51
2175,23/11/2022,1609,Monitor,Office,1213.7,2,France,2427.4
2176,21/08/2023,1684,Laptop,Electronics,1473.39,3,Germany,4420.17
2177,11/10/2024,1149,Mouse,Accessories,288.16,1,Israel,288.16
2178,16/10/2022,1487,USB Cable,Accessories,444.22,4,France,1776.88
2179,16/08/2023,1278,Monitor,Accessories,916.19,1,Canada,916.19
2180,27/07/2023,1058,Keyboard,Accessories,1217.96,1,Germany,1217.96
2181,28/01/2022,1445,Mouse,Office,354.94,3,Canada,1064.82
2182,11/08/2024,1112,Keyboard,Electronics,617.82,3,France,1853.46
2183,12/02/2022,1835,Webcam,Accessories,615.56,4,Israel,2462.24
2184,27/02/2023,1754,Laptop,Accessories,1160.54,4,France,4642.16
2185,26/06/2022,1821,USB Cable,Electronics,365.19,4,UK,1460.76
2186,13/06/2023,1568,Headphones,Electronics,1453.29,1,Canada,1453.29
2187,23/08/2024,1488,Laptop,Electronics,768.14,1,France,768.14
2188,17/07/2022,1406,Mouse,Electronics,426.69,3,Canada,1280.07
2189,02/09/2023,1366,Keyboard,Electronics,430,4,USA,1720
2190,21/04/2024,1059,Desk Lamp,Office,32.36,3,USA,97.08
2191,02/05/2024,1328,Keyboard,Electronics,1040.18,4,France,4160.72
2192,22/01/2022,1727,Monitor,Office,1165.04,4,USA,4660.16
2193,16/12/2024,1468,Laptop,Electronics,53.48,3,France,160.44
2194,25/12/2024,1744,Laptop,Electronics,880.97,3,Canada,2642.91
2195,21/04/2024,1566,Mouse,Accessories,1173.6,3,France,3520.8
2196,08/04/2022,1884,Desk Lamp,Accessories,567.48,4,France,2269.92
2197,11/03/2023,1719,Keyboard,Accessories,651.95,1,USA,651.95
2198,29/09/2023,1062,Mouse,Accessories,545.63,3,Germany,1636.89
2199,11/08/2023,1183,Mouse,Accessories,476.9,3,France,1430.7
2200,10/12/2022,1310,Webcam,Accessories,739.26,1,France,739.26
2201,25/07/2023,1792,Keyboard,Electronics,253.32,1,UK,253.32
2202,03/09/2023,1537,Mouse,Electronics,663.83,2,UK,1327.66
2203,31/08/2022,1176,Keyboard,Accessories,1413.03,3,Israel,4239.09
2204,15/07/2023,1574,Mouse,Accessories,45.97,2,USA,91.94
2205,17/08/2024,1428,Desk Lamp,Accessories,251.29,2,Germany,502.58
2206,01/02/2022,1072,Headphones,Electronics,1167.67,1,France,1167.67
2207,26/01/2023,1846,Desk Lamp,Accessories,202.43,4,France,809.72
2208,04/10/2022,1166,Desk Lamp,Accessories,410.56,4,USA,1642.24
2209,16/06/2023,1224,Mouse,Electronics,684.98,1,Israel,684.98
2210,18/01/2023,1576,Desk Lamp,Electronics,1415.03,2,Israel,2830.06
2211,27/12/2024,1580,Desk Lamp,Office,279.33,2,UK,558.66
2212,02/06/2024,1951,Desk Lamp,Accessories,1385.01,2,USA,2770.02
2213,02/08/2022,1008,Mouse,Electronics,1079.19,2,Israel,2158.38
2214,11/01/2023,1235,USB Cable,Office,1008.36,3,Israel,3025.08
2215,14/01/2024,1709,Headphones,Electronics,1086.7,2,Germany,2173.4
2216,01/08/2022,1923,Laptop,Office,51.71,1,UK,51.71
2217,20/03/2022,1684,Keyboard,Office,152.86,2,UK,305.72
2218,20/09/2023,1793,USB Cable,Accessories,505.59,2,UK,1011.18
2219,27/08/2023,1027,Monitor,Accessories,115.58,1,Canada,115.58
2220,21/02/2024,1807,Headphones,Office,1481.45,2,Israel,2962.9
2221,27/09/2024,1910,USB Cable,Accessories,872.72,4,France,3490.88
2222,11/11/2023,1645,Desk Lamp,Electronics,733.58,1,Canada,733.58
2223,27/02/2022,1026,Laptop,Electronics,1179.34,3,Israel,3538.02
2224,15/11/2024,1549,Mouse,Office,1465.55,3,Israel,4396.65
2225,30/05/2024,1195,Webcam,Office,1432.92,1,USA,1432.92
2226,23/03/2023,1202,Laptop,Electronics,1190.63,3,UK,3571.89
2227,07/03/2022,1084,Headphones,Electronics,568.88,3,UK,1706.64
2228,03/12/2024,1831,Webcam,Office,103.61,3,Germany,310.83
2229,08/10/2024,1029,Mouse,Electronics,152.07,1,UK,152.07
2230,15/08/2022,1465,Laptop,Electronics,6.72,2,Israel,13.44
2231,13/02/2024,1098,Monitor,Office,7.84,3,USA,23.52
2232,10/11/2023,1898,Keyboard,Accessories,1404.95,4,Germany,5619.8
2233,24/08/2023,1189,Keyboard,Electronics,1390.89,2,Israel,2781.78
2234,14/01/2023,1011,Headphones,Accessories,1002.99,2,Israel,2005.98
2235,10/12/2023,1602,USB Cable,Accessories,1091.38,3,Canada,3274.14
2236,03/11/2022,1029,Mouse,Electronics,772.25,3,Germany,2316.75
2237,18/02/2024,1724,Mouse,Accessories,360.57,2,Canada,721.14
2238,19/05/2023,1037,Keyboard,Office,1372.01,3,Israel,4116.03
2239,25/09/2022,1852,Laptop,Electronics,420.15,1,Israel,420.15
2240,08/01/2022,1571,Mouse,Electronics,1110.81,1,Canada,1110.81
2241,23/05/2023,1293,Monitor,Accessories,371.93,3,USA,1115.79
2242,21/04/2023,1359,Monitor,Electronics,1305.87,2,USA,2611.74
2243,13/06/2022,1654,Mouse,Electronics,978.6,3,Canada,2935.8
2244,30/04/2023,1913,Mouse,Accessories,965.83,4,USA,3863.32
2245,31/12/2024,1179,Keyboard,Accessories,150.56,1,UK,150.56
2246,21/07/2023,1796,Headphones,Electronics,632.11,2,Germany,1264.22
2247,23/06/2024,1111,Keyboard,Electronics,789.74,4,USA,3158.96
2248,13/07/2023,1741,Headphones,Office,444.58,3,Israel,1333.74
2249,26/08/2022,1443,Desk Lamp,Office,1322.06,1,UK,1322.06
2250,08/07/2023,1020,Monitor,Electronics,1257.32,4,Germany,5029.28
2251,07/04/2024,1144,Headphones,Electronics,742.96,2,USA,1485.92
2252,13/04/2023,1498,Keyboard,Office,513.35,1,USA,513.35
2253,21/01/2023,1145,Mouse,Accessories,1203.31,3,Germany,3609.93
2254,14/02/2024,1440,Headphones,Electronics,299.35,3,USA,898.05
2255,27/04/2024,1886,Keyboard,Office,111.92,1,Canada,111.92
2256,22/01/2023,1420,Monitor,Office,73.34,4,Germany,293.36
2257,26/05/2024,1315,Webcam,Electronics,62.83,1,Germany,62.83
2258,16/09/2022,1165,Desk Lamp,Electronics,735.89,1,Israel,735.89
2259,10/10/2022,1651,Headphones,Office,386.69,1,Germany,386.69
2260,09/02/2022,1202,Monitor,Electronics,1037.11,4,France,4148.44
2261,01/05/2023,1495,Monitor,Accessories,982.57,1,USA,982.57
2262,17/07/2024,1755,Laptop,Electronics,815.32,2,Israel,1630.64
2263,08/08/2022,1624,Webcam,Office,532.5,3,UK,1597.5
2264,11/10/2024,1467,Headphones,Office,1276.43,4,France,5105.72
2265,20/10/2024,1712,Keyboard,Electronics,1066.01,2,Germany,2132.02
2266,05/09/2023,1384,Headphones,Office,410.93,1,UK,410.93
2267,16/07/2024,1313,Headphones,Accessories,755.02,2,UK,1510.04
2268,19/11/2023,1770,Webcam,Electronics,238.63,4,UK,954.52
2269,05/09/2023,1254,USB Cable,Electronics,496.52,3,UK,1489.56
2270,17/09/2022,1958,Monitor,Office,1495.72,4,Israel,5982.88
2271,16/09/2024,1916,Monitor,Accessories,339.65,1,Israel,339.65
2272,23/08/2024,1022,Monitor,Electronics,1048.96,1,UK,1048.96
2273,01/01/2023,1904,Monitor,Office,361.44,3,France,1084.32
2274,28/06/2023,1757,Webcam,Electronics,1407.51,4,USA,5630.04
2275,11/10/2023,1338,Keyboard,Accessories,468.65,4,Canada,1874.6
2276,24/03/2024,1492,Mouse,Office,523.3,4,USA,2093.2
2277,05/11/2024,1822,Laptop,Electronics,892.82,2,Israel,1785.64
2278,29/07/2023,1510,USB Cable,Office,884.23,3,France,2652.69
2279,09/10/2024,1365,USB Cable,Office,870.72,4,France,3482.88
2280,01/11/2023,1371,Desk Lamp,Accessories,862.02,3,Germany,2586.06
2281,26/09/2022,1914,Monitor,Accessories,471.72,2,Israel,943.44
2282,12/07/2024,1829,Desk Lamp,Electronics,654.44,4,France,2617.76
2283,04/09/2022,1598,Monitor,Office,892.18,2,France,1784.36
2284,11/05/2022,1218,Laptop,Office,1008.55,1,USA,1008.55
2285,19/12/2022,1474,Monitor,Office,383.43,1,France,383.43
2286,15/07/2022,1422,Mouse,Electronics,1053.71,1,France,1053.71
2287,18/07/2024,1355,USB Cable,Accessories,1385.3,3,UK,4155.9
2288,18/10/2024,1459,Headphones,Accessories,1138.1,4,USA,4552.4
2289,07/10/2023,1502,Laptop,Office,130.93,4,USA,523.72
2290,15/08/2022,1026,USB Cable,Electronics,706.34,2,UK,1412.68
2291,02/12/2023,1941,Keyboard,Office,655.72,2,USA,1311.44
2292,22/09/2022,1801,USB Cable,Accessories,508.07,1,Germany,508.07
2293,08/10/2023,1800,Laptop,Office,739.52,3,Canada,2218.56
2294,30/07/2022,1859,Mouse,Office,662.25,3,Germany,1986.75
2295,31/07/2024,1222,Webcam,Office,14.22,2,Israel,28.44
2296,02/04/2023,1863,Keyboard,Accessories,358.65,2,Canada,717.3
2297,26/12/2023,1689,Headphones,Electronics,324.6,4,USA,1298.4
2298,08/09/2024,1147,Monitor,Office,527.14,4,USA,2108.56
2299,11/08/2023,1423,Laptop,Accessories,265.81,2,Germany,531.62
2300,21/04/2023,1738,Keyboard,Office,106.36,4,Israel,425.44
2301,12/09/2024,1350,Laptop,Electronics,298.94,2,Israel,597.88
2302,05/06/2022,1185,Headphones,Office,1282.01,3,Germany,3846.03
2303,09/07/2022,1414,Laptop,Electronics,1196.57,1,Germany,1196.57
2304,07/09/2024,1805,Desk Lamp,Accessories,665.93,2,Canada,1331.86
2305,30/06/2023,1981,USB Cable,Electronics,1317.33,2,UK,2634.66
2306,10/02/2022,1428,USB Cable,Electronics,352.84,4,Israel,1411.36
2307,03/11/2022,1040,Keyboard,Accessories,878.39,2,Israel,1756.78
2308,31/07/2024,1904,Mouse,Electronics,218.67,3,UK,656.01
2309,04/12/2022,1392,Webcam,Electronics,1250.93,1,Germany,1250.93
2310,10/08/2024,1702,Keyboard,Accessories,200.22,4,UK,800.88
2311,06/10/2022,1078,Laptop,Electronics,52.63,3,UK,157.89
2312,14/06/2024,1716,Headphones,Electronics,413.8,1,France,413.8
2313,30/09/2022,1895,USB Cable,Office,1351.9,4,Israel,5407.6
2314,16/04/2024,1789,Monitor,Electronics,198.54,3,Germany,595.62
2315,12/09/2023,1783,Monitor,Electronics,499.35,2,France,998.7
2316,11/05/2024,1543,Headphones,Electronics,478.04,4,Canada,1912.16
2317,19/07/2024,1449,Laptop,Accessories,1203.46,2,France,2406.92
2318,16/10/2022,1473,Webcam,Electronics,635.18,4,France,2540.72
2319,25/12/2023,1141,Desk Lamp,Accessories,919.29,1,Germany,919.29
2320,11/06/2024,1250,Headphones,Accessories,609.55,4,UK,2438.2
2321,29/09/2022,1293,Laptop,Electronics,829.43,4,Germany,3317.72
2322,25/12/2024,1609,Keyboard,Electronics,98.35,3,Israel,295.05
2323,28/04/2023,1135,Webcam,Electronics,564.17,4,Canada,2256.68
2324,24/07/2024,1483,Desk Lamp,Electronics,1283.38,1,Canada,1283.38
2325,05/09/2022,1788,Desk Lamp,Electronics,1038.15,3,Canada,3114.45
2326,05/06/2022,1311,Mouse,Electronics,1472.83,2,Israel,2945.66
2327,06/12/2024,1813,Laptop,Electronics,1182.94,4,UK,4731.76
2328,30/03/2023,1554,Desk Lamp,Accessories,680.01,1,Germany,680.01
2329,20/07/2022,1631,Monitor,Office,1016.04,1,UK,1016.04
2330,04/05/2022,1731,Monitor,Accessories,1164.99,4,UK,4659.96
2331,01/01/2022,1045,USB Cable,Electronics,408.18,4,Germany,1632.72
2332,25/08/2024,1235,Webcam,Office,94.73,2,Israel,189.46
2333,04/05/2024,1047,Desk Lamp,Office,611.74,2,Germany,1223.48
2334,02/10/2023,1197,Mouse,Electronics,221.29,2,Canada,442.58
2335,10/07/2022,1083,Laptop,Electronics,419.48,2,Israel,838.96
2336,31/05/2023,1542,Mouse,Accessories,1420.53,2,USA,2841.06
2337,18/03/2023,1160,USB Cable,Office,1271.39,2,USA,2542.78
2338,23/05/2022,1427,Keyboard,Office,890.73,3,USA,2672.19
2339,17/06/2023,1070,Mouse,Electronics,604.88,3,Canada,1814.64
2340,15/08/2022,1519,Keyboard,Electronics,400.17,1,France,400.17
2341,06/08/2024,1968,Monitor,Office,859.33,3,Israel,2577.99
2342,05/04/2023,1897,Keyboard,Office,802.07,4,Israel,3208.28
2343,05/07/2023,1912,Laptop,Electronics,1172.27,4,Germany,4689.08
2344,28/01/2023,1051,Webcam,Electronics,1392.39,4,Israel,5569.56
2345,24/04/2024,1044,Webcam,Electronics,496.76,1,Germany,496.76
2346,29/07/2022,1292,Laptop,Accessories,313.41,3,France,940.23
2347,08/10/2023,1937,Laptop,Accessories,607.19,4,Germany,2428.76
2348,07/08/2022,1811,Laptop,Electronics,659.12,3,USA,1977.36
2349,11/02/2023,1464,Headphones,Accessories,64.61,4,Germany,258.44
2350,06/06/2024,1884,Desk Lamp,Office,1293.24,2,Germany,2586.48
2351,12/07/2023,1549,USB Cable,Office,1493.41,3,Germany,4480.23
2352,04/07/2023,1866,Keyboard,Electronics,1385.2,3,Israel,4155.6
2353,22/05/2022,1379,Desk Lamp,Office,1291.69,4,UK,5166.76
2354,04/09/2023,1742,Laptop,Office,1488.94,3,UK,4466.82
2355,16/05/2023,1477,Webcam,Office,1362.17,2,Canada,2724.34
2356,19/04/2024,1261,Mouse,Office,1034.11,4,UK,4136.44
2357,03/12/2023,1579,Mouse,Office,254.3,2,Canada,508.6
2358,19/08/2023,1178,Headphones,Accessories,238.74,4,Israel,954.96
2359,08/10/2022,1356,Desk Lamp,Accessories,77.93,3,USA,233.79
2360,28/02/2023,1418,Desk Lamp,Electronics,620.69,4,UK,2482.76
2361,05/05/2024,1697,Desk Lamp,Office,1214.19,1,UK,1214.19
2362,27/09/2022,1952,Keyboard,Accessories,737.99,4,France,2951.96
2363,03/06/2022,1200,Keyboard,Accessories,552.65,3,Canada,1657.95
2364,06/09/2023,1901,USB Cable,Accessories,168.31,2,Canada,336.62
2365,24/10/2023,1012,Keyboard,Office,82.37,2,France,164.74
2366,24/03/2022,1442,Webcam,Accessories,601.77,1,USA,601.77
2367,04/08/2024,1725,Webcam,Electronics,154.39,4,Germany,617.56
2368,17/06/2024,1731,Desk Lamp,Electronics,159.8,4,Germany,639.2
2369,11/10/2022,1285,USB Cable,Office,596.05,2,France,1192.1
2370,06/09/2024,1755,Desk Lamp,Electronics,756.75,2,France,1513.5
2371,22/06/2022,1867,Headphones,Accessories,284.09,3,USA,852.27
2372,22/12/2024,1257,Keyboard,Office,1028.53,1,USA,1028.53
2373,02/02/2024,1569,Keyboard,Electronics,630.94,2,Israel,1261.88
2374,25/09/2023,1547,Desk Lamp,Office,142.42,4,Germany,569.68
2375,26/02/2024,1839,Desk Lamp,Accessories,957.37,2,Israel,1914.74
2376,31/07/2024,1940,Laptop,Electronics,538.63,3,UK,1615.89
2377,08/10/2024,1489,Desk Lamp,Accessories,83.22,4,Canada,332.88
2378,02/02/2023,1497,Keyboard,Electronics,1422.23,3,Canada,4266.69
2379,22/07/2024,1904,Webcam,Office,858.94,3,USA,2576.82
2380,07/11/2023,1893,Laptop,Electronics,719.19,3,Germany,2157.57
2381,24/07/2024,1704,Laptop,Electronics,1289.41,1,Germany,1289.41
2382,10/04/2023,1332,Keyboard,Electronics,1405.43,4,Israel,5621.72
2383,13/10/2022,1561,Mouse,Office,334.38,4,France,1337.52
2384,22/09/2022,1974,Monitor,Electronics,1216.17,3,France,3648.51
2385,16/11/2022,1031,Desk Lamp,Accessories,1247.46,1,USA,1247.46
2386,04/11/2023,1609,Webcam,Office,86.33,2,Canada,172.66
2387,30/03/2024,1042,Mouse,Office,1069.36,4,France,4277.44
2388,30/03/2022,1892,Keyboard,Accessories,99.14,2,UK,198.28
2389,31/03/2024,1350,Desk Lamp,Office,894.04,4,Germany,3576.16
2390,27/09/2024,1333,Keyboard,Electronics,1005.51,3,France,3016.53
2391,30/11/2022,1821,Desk Lamp,Office,553.75,4,USA,2215
2392,10/08/2022,1558,Desk Lamp,Accessories,1321.78,3,UK,3965.34
2393,10/02/2022,1269,Mouse,Office,1201.77,4,Canada,4807.08
2394,09/03/2022,1943,Keyboard,Accessories,1389.31,3,Canada,4167.93
2395,14/09/2024,1822,Webcam,Office,475.76,2,Israel,951.52
2396,29/05/2023,1412,USB Cable,Accessories,37.18,2,Israel,74.36
2397,26/11/2023,1942,Desk Lamp,Office,1218.13,2,UK,2436.26
2398,05/11/2024,1574,Laptop,Electronics,338.35,4,USA,1353.4
2399,22/04/2023,1018,Headphones,Accessories,703.4,1,Israel,703.4
2400,21/12/2024,1346,Keyboard,Accessories,1226.9,2,Germany,2453.8
2401,30/05/2024,1904,Keyboard,Office,328.12,4,Canada,1312.48
2402,08/03/2023,1612,Mouse,Office,471.3,3,Canada,1413.9
2403,25/09/2022,1036,Desk Lamp,Office,661.42,1,Germany,661.42
2404,24/11/2024,1618,Laptop,Electronics,411.38,1,Canada,411.38
2405,18/02/2024,1091,Mouse,Office,694.68,1,Canada,694.68
2406,09/05/2023,1819,USB Cable,Accessories,19.35,2,Canada,38.7
2407,23/10/2023,1184,Desk Lamp,Office,322.22,2,USA,644.44
2408,09/10/2024,1727,Webcam,Electronics,1249.67,2,USA,2499.34
2409,24/11/2024,1027,Mouse,Office,623.16,2,Germany,1246.32
2410,03/09/2024,1547,Keyboard,Office,956.43,3,USA,2869.29
2411,27/04/2023,1371,Desk Lamp,Accessories,352.27,4,UK,1409.08
2412,29/12/2023,1831,Laptop,Office,976.57,1,USA,976.57
2413,25/04/2023,1529,Webcam,Electronics,1499.96,4,Canada,5999.84
2414,24/12/2024,1344,Keyboard,Office,894.96,1,Germany,894.96
2415,28/10/2024,1418,Webcam,Office,944.4,1,France,944.4
2416,09/12/2022,1195,Keyboard,Accessories,171.72,1,USA,171.72
2417,28/11/2022,1077,Keyboard,Office,608.06,1,Israel,608.06
2418,14/03/2023,1166,Keyboard,Accessories,1291.78,3,UK,3875.34
2419,23/06/2022,1089,Desk Lamp,Accessories,1252.24,3,UK,3756.72
2420,13/07/2023,1263,Headphones,Office,785.99,1,UK,785.99
2421,11/06/2023,1471,Monitor,Accessories,1355.66,1,Israel,1355.66
2422,21/10/2023,1207,Laptop,Accessories,218.69,2,Israel,437.38
2423,26/01/2022,1723,USB Cable,Office,988.99,1,UK,988.99
2424,30/03/2024,1270,Headphones,Office,377.08,4,UK,1508.32
2425,28/08/2023,1262,Monitor,Electronics,970.11,3,UK,2910.33
2426,10/02/2023,1505,Webcam,Electronics,135.66,4,USA,542.64
2427,20/08/2022,1784,Monitor,Accessories,1415.7,2,Canada,2831.4
2428,17/06/2023,1511,Desk Lamp,Accessories,1180.57,3,Israel,3541.71
2429,20/05/2023,1853,Desk Lamp,Office,305.44,2,Germany,610.88
2430,28/06/2022,1725,Desk Lamp,Electronics,957.73,2,Canada,1915.46
2431,12/05/2022,1885,Monitor,Electronics,1139.92,4,USA,4559.68
2432,14/12/2022,1575,Headphones,Office,318.12,1,Germany,318.12
2433,24/06/2023,1523,Laptop,Office,144.53,3,USA,433.59
2434,11/02/2024,1721,Mouse,Office,530.91,3,USA,1592.73
2435,17/03/2022,1311,Monitor,Office,207.95,1,Germany,207.95
2436,02/08/2023,1173,Desk Lamp,Electronics,850.74,4,UK,3402.96
2437,03/05/2024,1430,Mouse,Office,639.05,2,Canada,1278.1
2438,13/07/2022,1767,Mouse,Office,696.32,4,Germany,2785.28
2439,13/12/2022,1462,Keyboard,Electronics,816.58,2,France,1633.16
2440,08/08/2024,1100,Mouse,Office,1473.17,3,Israel,4419.51
2441,02/08/2022,1015,Webcam,Electronics,1189.99,1,France,1189.99
2442,27/07/2023,1708,Webcam,Electronics,946.06,1,Canada,946.06
2443,19/02/2024,1257,Keyboard,Office,548.74,3,USA,1646.22
2444,19/09/2022,1895,Laptop,Office,45.47,2,Germany,90.94
2445,31/12/2023,1243,USB Cable,Accessories,179.21,4,UK,716.84
2446,10/10/2022,1347,Laptop,Accessories,1097.65,2,Canada,2195.3
2447,28/12/2022,1248,Webcam,Electronics,556.96,1,UK,556.96
2448,17/03/2023,1104,USB Cable,Electronics,504.98,4,France,2019.92
2449,03/04/2022,1693,Keyboard,Accessories,1334.02,4,France,5336.08
2450,23/01/2024,1666,Laptop,Electronics,729.34,2,USA,1458.68
2451,16/05/2024,1286,USB Cable,Accessories,1349.87,2,Israel,2699.74
2452,22/05/2022,1168,USB Cable,Office,1330.52,2,USA,2661.04
2453,19/01/2024,1419,Monitor,Office,124.87,4,Canada,499.48
2454,15/10/2023,1046,Laptop,Office,1418.32,3,UK,4254.96
2455,02/12/2023,1042,Keyboard,Electronics,120.05,4,Canada,480.2
2456,24/09/2024,1320,USB Cable,Office,1445.44,1,Germany,1445.44
2457,18/02/2022,1817,Webcam,Electronics,681.66,3,France,2044.98
2458,30/05/2024,1220,Desk Lamp,Office,1142.49,3,UK,3427.47
2459,09/07/2023,1512,Monitor,Electronics,1060.69,2,USA,2121.38
2460,08/02/2023,1711,Mouse,Electronics,780.15,4,Israel,3120.6
2461,10/06/2024,1440,Mouse,Accessories,931.08,1,Germany,931.08
2462,14/05/2024,1143,Mouse,Accessories,1425.13,4,Israel,5700.52
2463,25/08/2023,1889,Webcam,Accessories,1391.39,2,USA,2782.78
2464,07/12/2022,1027,Desk Lamp,Electronics,983.22,4,USA,3932.88
2465,05/12/2023,1853,USB Cable,Accessories,988.29,1,UK,988.29
2466,14/11/2022,1849,Keyboard,Accessories,374.17,2,Germany,748.34
2467,10/09/2023,1789,Mouse,Accessories,1243.79,4,Canada,4975.16
2468,17/01/2023,1552,Laptop,Electronics,950.74,1,USA,950.74
2469,21/08/2022,1843,Mouse,Electronics,1240.24,1,UK,1240.24
2470,27/03/2024,1658,USB Cable,Accessories,988.49,2,USA,1976.98
2471,07/07/2023,1856,Headphones,Accessories,452.48,2,UK,904.96
2472,05/05/2024,1689,Webcam,Electronics,288.27,3,Israel,864.81
2473,29/03/2024,1826,Headphones,Electronics,120.06,3,UK,360.18
2474,02/07/2022,1836,Mouse,Accessories,881.06,1,Canada,881.06
2475,30/11/2024,1929,Desk Lamp,Accessories,429.66,2,Israel,859.32
2476,01/02/2023,1166,USB Cable,Accessories,947.61,2,France,1895.22
2477,18/02/2024,1634,Mouse,Electronics,92.69,4,USA,370.76
2478,25/06/2024,1585,Headphones,Accessories,566.62,4,France,2266.48
2479,07/05/2022,1750,USB Cable,Electronics,394.53,4,Germany,1578.12
2480,01/01/2022,1248,Webcam,Office,558.65,4,France,2234.6
2481,19/01/2022,1774,Webcam,Accessories,86.15,3,UK,258.45
2482,07/08/2023,1763,Mouse,Office,1087.65,4,UK,4350.6
2483,01/04/2023,1356,Webcam,Electronics,179.46,2,Germany,358.92
2484,14/08/2024,1110,Monitor,Office,26.53,1,Germany,26.53
2485,21/03/2023,1691,USB Cable,Accessories,1419.7,1,USA,1419.7
2486,25/08/2023,1699,Desk Lamp,Office,293.35,1,UK,293.35
2487,13/04/2022,1819,USB Cable,Office,1242.95,3,Germany,3728.85
2488,14/09/2024,1718,Webcam,Office,1446.88,1,Canada,1446.88
2489,04/06/2023,1233,USB Cable,Electronics,803.51,3,France,2410.53
2490,08/05/2024,1023,Headphones,Accessories,791.55,3,UK,2374.65
2491,23/06/2022,1025,Keyboard,Electronics,554.29,1,Canada,554.29
2492,01/10/2024,1380,Headphones,Office,641.26,3,Germany,1923.78
2493,07/03/2023,1729,Laptop,Office,725.7,4,USA,2902.8
2494,28/12/2023,1345,Monitor,Electronics,232.38,4,Canada,929.52
2495,29/04/2024,1377,Keyboard,Electronics,550.28,4,Israel,2201.12
2496,16/09/2024,1521,Mouse,Office,1225.08,3,UK,3675.24
2497,01/10/2023,1016,USB Cable,Accessories,277.69,4,UK,1110.76
2498,24/02/2023,1244,Desk Lamp,Electronics,1096.13,1,UK,1096.13
2499,17/08/2023,1717,Laptop,Office,979.12,1,UK,979.12
2500,30/04/2023,1769,Laptop,Office,90.66,3,Israel,271.98
2501,16/02/2023,1623,Desk Lamp,Accessories,38.53,3,Israel,115.59
2502,24/07/2024,1716,Monitor,Office,532.03,4,Canada,2128.12
2503,28/11/2022,1538,Keyboard,Electronics,1039.79,2,Canada,2079.58
2504,17/10/2023,1968,Laptop,Office,498.97,1,USA,498.97
2505,10/02/2022,1582,Desk Lamp,Office,1003.26,2,UK,2006.52
2506,16/08/2024,1687,Keyboard,Office,999.86,4,Germany,3999.44
2507,15/04/2022,1201,Keyboard,Office,1210.8,3,France,3632.4
2508,21/07/2022,1247,Webcam,Accessories,153.73,4,UK,614.92
2509,26/03/2023,1117,Laptop,Electronics,867.81,2,Canada,1735.62
2510,28/06/2024,1008,Keyboard,Office,98.43,4,Israel,393.72
2511,29/07/2022,1597,Monitor,Electronics,268.04,3,USA,804.12
2512,17/07/2023,1022,Laptop,Accessories,491.62,2,UK,983.24
2513,14/12/2023,1966,Monitor,Electronics,1062.55,4,USA,4250.2
2514,10/02/2024,1239,Monitor,Accessories,1460.95,3,Germany,4382.85
2515,30/03/2023,1584,Keyboard,Electronics,517.07,4,Germany,2068.28
2516,29/10/2023,1026,Keyboard,Electronics,784.11,4,Germany,3136.44
2517,21/09/2023,1983,Webcam,Office,392.29,3,Germany,1176.87
2518,22/01/2023,1860,Desk Lamp,Electronics,1014.86,3,France,3044.58
2519,23/10/2022,1080,USB Cable,Office,553.05,4,USA,2212.2
2520,15/09/2022,1595,Webcam,Office,724.99,1,UK,724.99
2521,25/09/2022,1198,Laptop,Electronics,853.88,4,France,3415.52
2522,23/02/2023,1554,Webcam,Office,1030.93,3,UK,3092.79
2523,23/08/2022,1999,Mouse,Electronics,94.78,1,Israel,94.78
2524,12/09/2024,1774,Desk Lamp,Office,834.58,3,Canada,2503.74
2525,28/07/2023,1091,Laptop,Office,649.59,4,France,2598.36
2526,18/02/2022,1850,Desk Lamp,Accessories,204.98,2,Canada,409.96
2527,11/08/2022,1958,Monitor,Accessories,316.01,3,France,948.03
2528,09/07/2024,1083,Webcam,Electronics,1326.42,3,Canada,3979.26
2529,04/10/2022,1299,Webcam,Office,1308.31,2,Canada,2616.62
2530,24/02/2023,1934,USB Cable,Accessories,54.83,3,Israel,164.49
2531,03/09/2023,1295,Webcam,Accessories,1035.66,3,Canada,3106.98
2532,10/01/2023,1646,Keyboard,Accessories,833.51,3,France,2500.53
2533,14/03/2022,1453,Monitor,Office,1410.02,2,Canada,2820.04
2534,19/11/2024,1280,Webcam,Electronics,1362.47,4,USA,5449.88
2535,14/07/2022,1058,Headphones,Office,871.45,3,Canada,2614.35
2536,26/04/2024,1908,Headphones,Office,212.74,1,Germany,212.74
2537,30/11/2024,1870,Desk Lamp,Accessories,692.42,4,Canada,2769.68
2538,22/12/2024,1999,Monitor,Office,1089.12,4,UK,4356.48
2539,23/01/2022,1341,Webcam,Office,1427.85,1,Israel,1427.85
2540,26/12/2022,1752,USB Cable,Accessories,548.92,1,Germany,548.92
2541,14/07/2023,1464,Mouse,Accessories,1178.08,1,France,1178.08
2542,03/11/2023,1879,USB Cable,Office,1026.59,2,USA,2053.18
2543,10/11/2023,1341,Mouse,Accessories,122.05,3,Canada,366.15
2544,16/03/2023,1609,Laptop,Electronics,839.18,4,Canada,3356.72
2545,21/07/2024,1061,Laptop,Electronics,279.35,1,France,279.35
2546,07/01/2022,1775,USB Cable,Electronics,1026.91,3,Israel,3080.73
2547,25/02/2023,1624,Webcam,Electronics,917.08,3,France,2751.24
2548,12/04/2024,1428,Desk Lamp,Electronics,1459.71,2,USA,2919.42
2549,13/07/2023,1657,USB Cable,Accessories,1403.4,4,Canada,5613.6
2550,02/07/2024,1727,Laptop,Accessories,19.01,3,France,57.03
2551,03/10/2024,1255,Keyboard,Electronics,124.64,1,France,124.64
2552,06/05/2022,1827,Mouse,Electronics,1154.86,1,Canada,1154.86
2553,30/01/2023,1827,Monitor,Electronics,1030.04,2,France,2060.08
2554,27/03/2024,1873,Desk Lamp,Accessories,1202.41,1,Canada,1202.41
2555,30/05/2024,1769,USB Cable,Accessories,403.89,1,France,403.89
2556,30/07/2023,1705,Webcam,Office,1274.74,2,USA,2549.48
2557,21/11/2022,1346,Webcam,Office,666.42,2,UK,1332.84
2558,18/07/2024,1525,Desk Lamp,Office,396.55,1,Germany,396.55
2559,12/04/2024,1303,Headphones,Office,20.86,4,Israel,83.44
2560,20/11/2024,1614,Mouse,Accessories,1307.69,4,UK,5230.76
2561,16/04/2024,1244,Desk Lamp,Accessories,805.34,2,USA,1610.68
2562,14/07/2024,1756,Desk Lamp,Accessories,1463.2,4,Israel,5852.8
2563,19/03/2023,1823,Mouse,Accessories,1073.45,4,Israel,4293.8
2564,16/03/2022,1779,Mouse,Electronics,125.22,4,Canada,500.88
2565,11/07/2023,1735,USB Cable,Office,884.35,2,Canada,1768.7
2566,29/12/2022,1731,Laptop,Accessories,30.6,4,France,122.4
2567,24/03/2023,1822,Keyboard,Accessories,838.88,1,Germany,838.88
2568,19/09/2022,1411,USB Cable,Office,528.55,1,Canada,528.55
2569,05/05/2022,1877,Desk Lamp,Accessories,966.73,2,Germany,1933.46
2570,29/06/2024,1216,Monitor,Electronics,814.65,4,USA,3258.6
2571,02/09/2022,1515,Laptop,Accessories,395.72,3,Canada,1187.16
2572,26/06/2023,1473,USB Cable,Office,247.71,3,UK,743.13
2573,30/04/2023,1035,Keyboard,Electronics,610.04,1,France,610.04
2574,02/05/2022,1177,Desk Lamp,Electronics,1480.32,1,Germany,1480.32
2575,05/05/2022,1386,Desk Lamp,Office,656.37,3,France,1969.11
2576,19/06/2022,1768,Mouse,Office,1124.44,2,UK,2248.88
2577,04/05/2022,1016,Keyboard,Electronics,90.18,4,Israel,360.72
2578,24/11/2024,1710,Laptop,Accessories,571.4,3,UK,1714.2
2579,08/10/2023,1829,USB Cable,Office,872.58,4,Israel,3490.32
2580,25/02/2024,1047,Desk Lamp,Electronics,1128.04,3,UK,3384.12
2581,20/07/2022,1061,Mouse,Office,794.93,1,France,794.93
2582,04/01/2023,1068,USB Cable,Accessories,775.37,4,UK,3101.48
2583,07/03/2024,1658,Laptop,Accessories,1147.04,2,Canada,2294.08
2584,18/03/2022,1870,Monitor,Electronics,473.37,4,Germany,1893.48
2585,28/02/2022,1365,Mouse,Accessories,140.46,4,Germany,561.84
2586,07/03/2023,1161,Keyboard,Accessories,523.99,3,USA,1571.97
2587,30/09/2023,1738,Laptop,Accessories,242.7,2,Canada,485.4
2588,19/04/2022,1944,Desk Lamp,Office,1449.09,1,Germany,1449.09
2589,04/10/2024,1975,Headphones,Electronics,868.38,4,Germany,3473.52
2590,09/03/2022,1487,Keyboard,Electronics,672.67,4,Israel,2690.68
2591,28/12/2024,1430,Desk Lamp,Electronics,1368.52,3,Canada,4105.56
2592,01/11/2022,1998,Keyboard,Accessories,1351.04,1,France,1351.04
2593,05/11/2023,1858,Mouse,Office,626.47,3,France,1879.41
2594,31/12/2022,1488,USB Cable,Electronics,1312.72,2,Israel,2625.44
2595,31/03/2024,1229,Webcam,Office,100.72,1,Germany,100.72
2596,09/12/2022,1369,Keyboard,Electronics,1329.15,2,UK,2658.3
2597,04/08/2024,1177,Laptop,Accessories,469.32,3,Israel,1407.96
2598,17/06/2024,1856,Headphones,Electronics,849.86,1,France,849.86
2599,01/02/2024,1409,Monitor,Electronics,408.18,2,USA,816.36
2600,07/12/2022,1567,Headphones,Accessories,1477.28,2,France,2954.56
2601,30/07/2024,1589,Laptop,Accessories,112.31,3,UK,336.93
2602,18/01/2023,1269,Mouse,Electronics,673.2,1,France,673.2
2603,30/09/2024,1205,Laptop,Office,933.38,2,Israel,1866.76
2604,27/10/2022,1792,Webcam,Accessories,925.34,4,USA,3701.36
2605,19/05/2022,1739,Webcam,Electronics,1109.44,1,France,1109.44
2606,25/12/2022,1899,Webcam,Accessories,1088,1,Israel,1088
2607,15/04/2024,1750,Keyboard,Office,1190.75,4,Israel,4763
2608,28/04/2023,1974,Mouse,Electronics,355.26,1,Israel,355.26
2609,27/06/2024,1799,USB Cable,Electronics,558.91,1,USA,558.91
2610,15/05/2024,1081,Webcam,Office,576.14,4,Israel,2304.56
2611,19/05/2022,1845,USB Cable,Office,1433.98,3,USA,4301.94
2612,22/09/2024,1761,Monitor,Electronics,616.92,2,Canada,1233.84
2613,11/03/2023,1192,Monitor,Office,336.69,4,UK,1346.76
2614,24/05/2023,1617,USB Cable,Office,950.35,1,UK,950.35
2615,30/09/2022,1188,Desk Lamp,Electronics,643.76,2,UK,1287.52
2616,14/04/2022,1275,Laptop,Accessories,378.87,2,Canada,757.74
2617,01/02/2024,1073,Webcam,Office,1074.13,2,Israel,2148.26
2618,26/02/2024,1009,Keyboard,Accessories,291.93,3,USA,875.79
2619,14/06/2022,1634,Desk Lamp,Accessories,951.86,1,Canada,951.86
2620,25/09/2024,1215,Monitor,Accessories,648.64,1,UK,648.64
2621,04/06/2023,1289,Headphones,Office,482.15,2,Germany,964.3
2622,01/06/2023,1444,Mouse,Electronics,1419.24,2,UK,2838.48
2623,19/10/2023,1987,Headphones,Electronics,489.99,3,Israel,1469.97
2624,05/09/2023,1922,USB Cable,Electronics,524.52,3,Canada,1573.56
2625,13/06/2022,1551,Desk Lamp,Electronics,1306.6,2,Germany,2613.2
2626,05/03/2022,1192,Monitor,Electronics,197.92,1,Canada,197.92
2627,24/09/2022,1638,Monitor,Electronics,166.56,4,France,666.24
2628,03/09/2022,1288,Laptop,Accessories,427.65,3,Germany,1282.95
2629,30/01/2023,1963,Laptop,Accessories,889.5,1,France,889.5
2630,21/04/2023,1582,Webcam,Accessories,579.53,3,Germany,1738.59
2631,03/09/2024,1648,USB Cable,Office,914.79,1,USA,914.79
2632,09/11/2024,1143,Mouse,Office,243.83,2,Germany,487.66
2633,12/07/2023,1388,Webcam,Office,395.87,3,UK,1187.61
2634,14/10/2024,1865,Desk Lamp,Electronics,849.92,4,France,3399.68
2635,01/06/2024,1891,Laptop,Accessories,329.64,2,France,659.28
2636,27/05/2022,1406,Keyboard,Office,637.09,3,Canada,1911.27
2637,28/10/2023,1810,Mouse,Accessories,861.11,2,UK,1722.22
2638,12/09/2023,1369,Keyboard,Electronics,1460.61,4,USA,5842.44
2639,30/03/2024,1856,Desk Lamp,Accessories,124.43,3,Germany,373.29
2640,13/05/2024,1440,Webcam,Electronics,693.32,3,USA,2079.96
2641,05/08/2023,1946,Laptop,Office,597.43,3,UK,1792.29
2642,19/10/2024,1780,Mouse,Electronics,1237.24,1,Germany,1237.24
2643,26/11/2023,1895,Desk Lamp,Electronics,1350.94,1,UK,1350.94
2644,11/02/2023,1919,Webcam,Accessories,1360.98,3,France,4082.94
2645,03/02/2023,1650,Monitor,Electronics,565.83,2,France,1131.66
2646,16/12/2023,1563,Webcam,Office,460.46,2,France,920.92
2647,05/12/2023,1528,USB Cable,Office,676.46,3,Israel,2029.38
2648,31/01/2024,1676,Headphones,Electronics,519.26,4,Israel,2077.04
2649,14/05/2023,1012,Monitor,Accessories,1079.68,4,France,4318.72
2650,31/08/2024,1701,Keyboard,Office,324.29,4,Israel,1297.16
2651,23/03/2022,1986,Monitor,Office,989.73,1,Israel,989.73
2652,27/08/2023,1339,Webcam,Electronics,1390.85,1,Canada,1390.85
2653,11/02/2024,1864,Desk Lamp,Electronics,423.47,1,UK,423.47
2654,21/06/2024,1873,Monitor,Office,1016.95,1,Canada,1016.95
2655,31/12/2022,1863,Headphones,Electronics,219.62,2,Germany,439.24
2656,12/06/2022,1775,USB Cable,Electronics,186.47,3,France,559.41
2657,07/12/2024,1311,Webcam,Office,177.89,3,Canada,533.67
2658,26/05/2023,1732,Headphones,Accessories,212.1,3,Canada,636.3
2659,26/04/2022,1103,Monitor,Accessories,328.17,2,Israel,656.34
2660,29/07/2024,1338,Headphones,Office,846.43,4,UK,3385.72
2661,03/12/2022,1197,Monitor,Electronics,1151.64,4,UK,4606.56
2662,30/05/2024,1299,Mouse,Office,194.65,1,Canada,194.65
2663,07/01/2024,1443,Monitor,Office,1305.67,1,Germany,1305.67
2664,19/04/2024,1358,Laptop,Electronics,1264.86,2,UK,2529.72
2665,27/05/2022,1367,Headphones,Accessories,1092.45,2,USA,2184.9
2666,19/03/2023,1168,Desk Lamp,Accessories,641.82,4,USA,2567.28
2667,16/04/2024,1148,USB Cable,Electronics,7.33,3,France,21.99
2668,02/11/2024,1760,Headphones,Office,1103.47,3,Canada,3310.41
2669,31/07/2024,1767,Keyboard,Electronics,1319.08,2,Germany,2638.16
2670,14/10/2022,1981,USB Cable,Office,506.25,2,Canada,1012.5
2671,21/12/2023,1041,USB Cable,Electronics,1078.39,2,USA,2156.78
2672,25/04/2023,1201,Keyboard,Electronics,97.76,1,Germany,97.76
2673,22/01/2022,1969,Laptop,Accessories,1065.69,3,France,3197.07
2674,14/11/2023,1243,Headphones,Accessories,107.12,2,UK,214.24
2675,24/06/2024,1668,USB Cable,Electronics,882.84,2,UK,1765.68
2676,16/11/2022,1463,Headphones,Electronics,898.34,1,UK,898.34
2677,06/05/2022,1448,USB Cable,Accessories,456.72,2,USA,913.44
2678,04/10/2022,1912,Keyboard,Office,123.29,3,Germany,369.87
2679,13/07/2022,1797,Keyboard,Accessories,1424.26,1,USA,1424.26
2680,27/11/2023,1793,Monitor,Office,805.69,2,Israel,1611.38
2681,26/02/2022,1436,Webcam,Accessories,871.74,3,Germany,2615.22
2682,19/01/2022,1892,Headphones,Accessories,924.46,3,France,2773.38
2683,21/09/2022,1749,Headphones,Office,1337.12,1,USA,1337.12
2684,04/03/2024,1530,USB Cable,Electronics,95.08,3,UK,285.24
2685,23/04/2022,1564,Monitor,Accessories,1340.47,1,UK,1340.47
2686,26/06/2023,1596,Desk Lamp,Accessories,363.32,3,UK,1089.96
2687,09/10/2023,1272,Headphones,Accessories,121.54,2,USA,243.08
2688,02/08/2023,1429,USB Cable,Electronics,987.61,1,USA,987.61
2689,24/12/2024,1871,Laptop,Accessories,1465.58,3,UK,4396.74
2690,25/01/2022,1212,Keyboard,Electronics,90.58,1,UK,90.58
2691,01/01/2022,1948,Keyboard,Accessories,642.05,3,UK,1926.15
2692,29/06/2024,1872,Webcam,Office,797.03,1,Israel,797.03
2693,21/05/2022,1103,Keyboard,Accessories,381.92,2,USA,763.84
2694,10/10/2023,1191,Mouse,Accessories,1474.39,1,UK,1474.39
2695,07/07/2022,1940,Laptop,Electronics,963.24,1,France,963.24
2696,20/07/2022,1688,Laptop,Electronics,1267.3,2,UK,2534.6
2697,14/09/2022,1658,Monitor,Electronics,626.59,3,USA,1879.77
2698,01/07/2023,1379,Mouse,Office,534.16,4,France,2136.64
2699,13/07/2022,1966,Headphones,Office,831.97,2,Canada,1663.94
2700,04/12/2023,1080,Webcam,Electronics,655.74,1,Canada,655.74
2701,12/03/2024,1704,Laptop,Office,1073.85,2,Canada,2147.7
2702,30/07/2024,1548,Mouse,Electronics,402.4,2,USA,804.8
2703,18/02/2023,1376,Mouse,Office,677.14,1,USA,677.14
2704,28/06/2024,1837,USB Cable,Electronics,1343.22,1,USA,1343.22
2705,07/07/2022,1153,Laptop,Electronics,1135.38,4,Germany,4541.52
2706,14/02/2022,1641,Desk Lamp,Office,256.26,2,France,512.52
2707,24/03/2022,1570,USB Cable,Accessories,1330.86,1,Israel,1330.86
2708,24/12/2022,1735,Monitor,Electronics,885.58,3,Israel,2656.74
2709,25/12/2024,1760,Mouse,Electronics,1020.53,3,Germany,3061.59
2710,24/07/2024,1239,Keyboard,Accessories,444.91,3,USA,1334.73
2711,10/01/2023,1373,Mouse,Electronics,665.11,3,Israel,1995.33
2712,11/06/2022,1900,Headphones,Electronics,1211.18,2,France,2422.36
2713,18/11/2022,1804,Laptop,Office,499.36,2,UK,998.72
2714,26/03/2023,1798,Desk Lamp,Accessories,251.77,4,France,1007.08
2715,02/11/2024,1203,Headphones,Electronics,570.57,2,USA,1141.14
2716,03/07/2022,1610,Monitor,Electronics,108.48,1,France,108.48
2717,21/04/2022,1349,Webcam,Accessories,1078.2,4,Canada,4312.8
2718,23/05/2023,1687,Keyboard,Accessories,225.88,2,USA,451.76
2719,22/10/2022,1773,Laptop,Office,431.26,2,France,862.52
2720,22/06/2024,1782,Mouse,Office,1322.22,1,Germany,1322.22
2721,31/08/2024,1142,Keyboard,Office,813.04,1,France,813.04
2722,24/09/2023,1188,Mouse,Electronics,485.4,1,Canada,485.4
2723,16/11/2024,1271,Monitor,Accessories,823.76,3,Israel,2471.28
2724,03/01/2024,1531,Webcam,Office,331.33,2,UK,662.66
2725,17/11/2022,1844,Desk Lamp,Accessories,42.63,2,Germany,85.26
2726,01/07/2024,1299,Desk Lamp,Electronics,907.58,2,France,1815.16
2727,13/03/2023,1425,Laptop,Electronics,1072.62,4,USA,4290.48
2728,20/02/2024,1045,Monitor,Accessories,1320.27,4,Germany,5281.08
2729,12/12/2024,1094,Monitor,Accessories,1158.97,4,Israel,4635.88
2730,27/12/2023,1929,Webcam,Office,1390.38,4,UK,5561.52
2731,31/01/2022,1063,Monitor,Accessories,1479,4,Canada,5916
2732,03/12/2022,1412,Monitor,Office,1118.68,1,UK,1118.68
2733,02/07/2022,1642,Mouse,Accessories,1302.55,4,France,5210.2
2734,12/11/2024,1008,USB Cable,Accessories,1012.23,2,Canada,2024.46
2735,28/06/2023,1458,Headphones,Accessories,260.55,3,Israel,781.65
2736,30/10/2024,1714,Mouse,Electronics,276.65,2,Israel,553.3
2737,22/10/2023,1408,Desk Lamp,Electronics,169.84,2,UK,339.68
2738,09/06/2022,1469,Webcam,Electronics,1414.75,1,UK,1414.75
2739,03/11/2024,1809,Keyboard,Office,1010.76,3,Israel,3032.28
2740,16/02/2023,1505,Webcam,Office,1185.92,2,UK,2371.84
2741,08/10/2024,1685,Webcam,Electronics,500.08,1,USA,500.08
2742,22/02/2022,1072,Webcam,Electronics,693.33,3,UK,2079.99
2743,12/02/2023,1083,Webcam,Accessories,64.47,3,USA,193.41
2744,26/04/2024,1058,Monitor,Accessories,1334.07,1,Canada,1334.07
2745,11/11/2024,1020,Webcam,Office,1280.24,4,UK,5120.96
2746,19/11/2024,1457,Keyboard,Office,1178.29,1,Germany,1178.29
2747,04/12/2023,1917,Webcam,Accessories,92.16,1,Germany,92.16
2748,17/09/2022,1156,Mouse,Office,265.5,4,Canada,1062
2749,18/12/2024,1830,Monitor,Electronics,504.59,1,Canada,504.59
2750,15/02/2024,1328,Desk Lamp,Accessories,398.28,1,Germany,398.28
2751,01/11/2024,1572,Mouse,Accessories,1258.5,1,Canada,1258.5
2752,29/04/2024,1575,Desk Lamp,Office,296.28,2,USA,592.56
2753,20/12/2022,1836,Monitor,Accessories,800.53,1,USA,800.53
2754,22/05/2024,1679,Mouse,Accessories,859.21,1,France,859.21
2755,17/09/2024,1202,Desk Lamp,Electronics,640.39,3,France,1921.17
2756,14/10/2024,1640,Laptop,Accessories,364.83,3,UK,1094.49
2757,21/10/2022,1756,Headphones,Accessories,1440.64,3,USA,4321.92
2758,28/07/2022,1105,Headphones,Accessories,623.03,1,Germany,623.03
2759,28/03/2024,1832,Monitor,Accessories,1092.33,4,Germany,4369.32
2760,25/01/2023,1121,Laptop,Electronics,280.15,1,Germany,280.15
2761,21/11/2022,1317,Keyboard,Accessories,1235.1,2,UK,2470.2
2762,28/07/2024,1181,Laptop,Electronics,327.76,2,USA,655.52
2763,07/06/2024,1614,USB Cable,Electronics,1014.58,2,Canada,2029.16
2764,30/10/2023,1315,Monitor,Electronics,762.21,2,UK,1524.42
2765,25/09/2023,1813,Laptop,Office,224.1,1,Canada,224.1
2766,31/07/2023,1772,Keyboard,Office,42.3,3,Israel,126.9
2767,17/05/2022,1624,Monitor,Accessories,1396.47,1,Israel,1396.47
2768,04/03/2023,1405,Headphones,Electronics,192.91,1,France,192.91
2769,04/09/2023,1985,Webcam,Office,1058.9,1,Canada,1058.9
2770,29/06/2024,1948,Laptop,Accessories,980.76,1,USA,980.76
2771,29/03/2024,1069,Headphones,Office,515.87,4,Canada,2063.48
2772,21/05/2022,1159,Headphones,Electronics,282.15,3,Canada,846.45
2773,26/06/2022,1239,Mouse,Accessories,271.6,3,Germany,814.8
2774,17/07/2022,1522,Keyboard,Electronics,880.07,2,USA,1760.14
2775,16/09/2023,1137,USB Cable,Electronics,822.65,1,Canada,822.65
2776,22/11/2023,1494,Webcam,Office,1314.52,2,Canada,2629.04
2777,05/02/2023,1678,Laptop,Accessories,961.8,3,Canada,2885.4
2778,16/04/2023,1246,Headphones,Accessories,1229.82,3,France,3689.46
2779,06/08/2022,1865,Headphones,Accessories,53.46,2,Germany,106.92
2780,17/07/2024,1542,USB Cable,Office,1008.13,3,UK,3024.39
2781,24/09/2023,1523,Keyboard,Accessories,354.39,3,Germany,1063.17
2782,08/08/2024,1242,Webcam,Office,382.99,4,Canada,1531.96
2783,24/06/2024,1619,Desk Lamp,Accessories,1082.26,1,Canada,1082.26
2784,24/06/2022,1335,Webcam,Office,1191.18,1,Israel,1191.18
2785,23/01/2022,1421,USB Cable,Accessories,560.74,3,UK,1682.22
2786,23/08/2022,1834,Headphones,Office,1186.16,3,Canada,3558.48
2787,02/11/2024,1193,Headphones,Electronics,668.4,4,Germany,2673.6
2788,17/07/2024,1307,Headphones,Electronics,1287.18,2,UK,2574.36
2789,07/06/2023,1644,Headphones,Electronics,42.23,4,Israel,168.92
2790,07/03/2023,1906,Desk Lamp,Accessories,129.83,4,Israel,519.32
2791,03/03/2024,1505,Mouse,Office,1165.65,2,USA,2331.3
2792,17/06/2023,1280,Mouse,Electronics,938.01,3,Canada,2814.03
2793,05/09/2024,1802,USB Cable,Accessories,840.74,1,Israel,840.74
2794,20/03/2024,1674,Webcam,Office,922.9,4,Israel,3691.6
2795,01/07/2024,1789,Monitor,Electronics,1395.63,4,Israel,5582.52
2796,20/05/2024,1932,Desk Lamp,Electronics,985.03,1,Canada,985.03
2797,24/06/2023,1981,Desk Lamp,Accessories,972.98,4,France,3891.92
2798,20/10/2024,1438,Laptop,Office,1140.41,2,Israel,2280.82
2799,15/08/2022,1714,Keyboard,Accessories,1300.6,1,USA,1300.6
2800,22/05/2024,1607,Monitor,Electronics,396.56,1,UK,396.56
2801,10/06/2024,1482,Mouse,Accessories,927.04,2,France,1854.08
2802,02/11/2024,1222,Mouse,Accessories,878.04,2,UK,1756.08
2803,29/07/2022,1748,Mouse,Electronics,206.6,1,UK,206.6
2804,11/01/2024,1116,Monitor,Electronics,782.87,2,USA,1565.74
2805,01/02/2023,1967,Desk Lamp,Office,108.98,4,France,435.92
2806,31/01/2022,1191,Mouse,Office,281.51,3,Canada,844.53
2807,16/06/2024,1787,Monitor,Electronics,1369.88,4,Germany,5479.52
2808,11/10/2023,1617,Mouse,Electronics,183.27,2,Israel,366.54
2809,25/11/2022,1993,Headphones,Office,870.48,4,UK,3481.92
2810,09/08/2024,1515,Desk Lamp,Accessories,488.6,3,UK,1465.8
2811,13/09/2023,1529,Headphones,Electronics,835.19,3,USA,2505.57
2812,11/06/2022,1306,Laptop,Electronics,356.29,3,Canada,1068.87
2813,15/02/2024,1963,Desk Lamp,Accessories,669.35,2,USA,1338.7
2814,01/10/2022,1531,Mouse,Office,1301.66,2,USA,2603.32
2815,23/10/2024,1121,USB Cable,Office,567.44,2,France,1134.88
2816,17/11/2024,1648,Laptop,Accessories,532.78,3,Canada,1598.34
2817,22/11/2022,1591,Monitor,Electronics,671.95,2,Israel,1343.9
2818,28/07/2024,1153,Laptop,Accessories,155.24,1,France,155.24
2819,24/06/2023,1869,Mouse,Electronics,584.08,4,USA,2336.32
2820,03/05/2023,1536,Monitor,Office,15.32,4,USA,61.28
2821,01/04/2024,1451,USB Cable,Electronics,757.58,1,Canada,757.58
2822,24/12/2024,1168,Monitor,Electronics,1272.67,2,Canada,2545.34
2823,22/12/2022,1058,Headphones,Electronics,830.35,4,UK,3321.4
2824,23/08/2022,1300,Monitor,Electronics,913.55,3,France,2740.65
2825,15/08/2022,1552,Monitor,Electronics,50.69,4,France,202.76
2826,18/02/2022,1549,Laptop,Office,1289.97,4,Canada,5159.88
2827,28/04/2022,1116,USB Cable,Accessories,580.58,4,Israel,2322.32
2828,23/02/2022,1786,Webcam,Office,1462.4,2,France,2924.8
2829,19/07/2023,1781,Monitor,Electronics,185.1,1,Canada,185.1
2830,03/12/2024,1126,Keyboard,Accessories,1417.28,4,Israel,5669.12
2831,22/02/2022,1404,Webcam,Electronics,953.26,3,Germany,2859.78
2832,12/07/2023,1398,Headphones,Office,83.25,4,Canada,333
2833,17/05/2024,1514,USB Cable,Office,1457.69,2,Israel,2915.38
2834,02/02/2023,1804,USB Cable,Electronics,25.74,2,USA,51.48
2835,06/11/2023,1884,Desk Lamp,Electronics,1097.4,3,Germany,3292.2
2836,22/01/2023,1497,Headphones,Accessories,1334.85,4,UK,5339.4
2837,21/04/2022,1941,Monitor,Accessories,267.84,4,UK,1071.36
2838,06/09/2023,1527,Laptop,Electronics,518.32,3,UK,1554.96
2839,17/01/2022,1397,Webcam,Accessories,844.04,1,USA,844.04
2840,02/06/2024,1264,Desk Lamp,Electronics,1021.31,2,Canada,2042.62
2841,25/06/2023,1750,Headphones,Electronics,1308.45,1,UK,1308.45
2842,20/06/2022,1262,Headphones,Electronics,1142.8,1,Israel,1142.8
2843,13/02/2023,1397,Keyboard,Office,548.18,4,Canada,2192.72
2844,10/01/2024,1645,Monitor,Electronics,1233.47,3,USA,3700.41
2845,07/05/2024,1724,Desk Lamp,Electronics,1449.28,2,France,2898.56
2846,18/08/2022,1526,Webcam,Electronics,344.34,1,USA,344.34
2847,29/04/2022,1435,Headphones,Accessories,115.77,1,USA,115.77
2848,23/02/2024,1839,USB Cable,Electronics,642.8,4,France,2571.2
2849,10/04/2023,1929,Headphones,Office,1322.69,4,Israel,5290.76
2850,14/04/2022,1359,Headphones,Office,229.69,4,Germany,918.76
2851,29/11/2023,1128,Headphones,Electronics,1329.27,3,France,3987.81
2852,24/06/2022,1863,Desk Lamp,Electronics,1488.36,2,USA,2976.72
2853,15/01/2024,1633,Laptop,Electronics,85.73,2,UK,171.46
2854,27/10/2023,1240,Mouse,Office,745.41,4,France,2981.64
2855,02/02/2022,1626,Keyboard,Accessories,496.68,1,France,496.68
2856,24/02/2022,1708,USB Cable,Accessories,593.55,4,Germany,2374.2
2857,03/06/2023,1221,Laptop,Electronics,680.19,4,USA,2720.76
2858,26/01/2024,1213,Keyboard,Accessories,1110.86,3,UK,3332.58
2859,12/01/2022,1915,Headphones,Office,888.99,4,UK,3555.96
2860,21/12/2023,1591,Desk Lamp,Electronics,1442,2,Germany,2884
2861,09/07/2023,1774,Keyboard,Accessories,502.48,4,Canada,2009.92
2862,08/01/2023,1134,Monitor,Electronics,814.55,2,UK,1629.1
2863,29/04/2023,1817,Monitor,Electronics,1220.93,1,Israel,1220.93
2864,30/08/2024,1753,Mouse,Office,562.68,2,France,1125.36
2865,15/09/2023,1385,Mouse,Office,700.62,2,France,1401.24
2866,03/11/2022,1302,Keyboard,Accessories,1029.04,4,UK,4116.16
2867,02/04/2023,1781,Laptop,Office,1291.81,2,UK,2583.62
2868,09/06/2022,1286,Laptop,Electronics,626.44,2,UK,1252.88
2869,27/11/2022,1561,Headphones,Office,800.27,1,France,800.27
2870,15/02/2024,1188,Laptop,Accessories,1462.81,2,UK,2925.62
2871,13/08/2022,1296,Mouse,Accessories,68.49,2,Israel,136.98
2872,09/09/2024,1525,Laptop,Accessories,675.1,4,Israel,2700.4
2873,30/12/2023,1388,Headphones,Office,955.79,3,France,2867.37
2874,04/12/2024,1458,Monitor,Office,17.6,4,Canada,70.4
2875,18/12/2024,1743,Laptop,Office,897.2,1,USA,897.2
2876,06/10/2023,1260,Laptop,Office,89.02,4,USA,356.08
2877,08/09/2023,1703,Mouse,Office,1287.05,2,USA,2574.1
2878,14/07/2022,1924,Keyboard,Accessories,1211.59,3,Israel,3634.77
2879,04/05/2023,1714,Monitor,Accessories,53.22,4,Germany,212.88
2880,06/06/2022,1772,Desk Lamp,Office,77.96,4,USA,311.84
2881,02/09/2023,1112,Keyboard,Electronics,1131.65,1,Germany,1131.65
2882,16/02/2023,1885,Desk Lamp,Accessories,557.47,2,France,1114.94
2883,16/04/2023,1863,Headphones,Electronics,864.66,4,Israel,3458.64
2884,31/05/2023,1035,Headphones,Electronics,409.14,4,Canada,1636.56
2885,28/01/2023,1078,Keyboard,Accessories,263.59,3,USA,790.77
2886,23/09/2023,1274,Mouse,Electronics,447.64,1,Israel,447.64
2887,31/08/2023,1959,Webcam,Electronics,373.84,2,France,747.68
2888,06/09/2024,1277,Desk Lamp,Accessories,675.22,4,Israel,2700.88
2889,10/03/2023,1673,Mouse,Accessories,1121.28,3,UK,3363.84
2890,24/06/2023,1311,Webcam,Office,833.42,4,USA,3333.68
2891,05/10/2022,1528,Webcam,Accessories,915.72,4,Israel,3662.88
2892,21/08/2022,1203,Mouse,Electronics,707.77,1,Canada,707.77
2893,28/12/2022,1984,Webcam,Accessories,490.48,3,Israel,1471.44
2894,26/01/2022,1951,Webcam,Office,219.55,3,Israel,658.65
2895,14/11/2024,1016,Webcam,Accessories,535.08,2,France,1070.16
2896,22/05/2023,1713,Monitor,Electronics,999.47,4,USA,3997.88
2897,24/09/2022,1475,Headphones,Accessories,1102,3,Canada,3306
2898,06/04/2023,1510,Webcam,Electronics,706.43,4,USA,2825.72
2899,01/04/2023,1209,Headphones,Accessories,969.27,4,UK,3877.08
2900,27/12/2024,1498,USB Cable,Office,319.76,2,UK,639.52
2901,03/10/2024,1401,Headphones,Office,1290.8,2,Israel,2581.6
2902,12/05/2024,1428,USB Cable,Accessories,1299.57,3,USA,3898.71
2903,06/05/2023,1991,Monitor,Electronics,483.89,4,USA,1935.56
2904,08/12/2024,1077,Headphones,Office,823.83,3,Israel,2471.49
2905,18/07/2023,1567,Keyboard,Electronics,911.96,4,Germany,3647.84
2906,04/08/2022,1079,Laptop,Accessories,711.28,3,USA,2133.84
2907,13/07/2023,1305,Monitor,Office,1367.16,3,Israel,4101.48
2908,08/06/2022,1057,Laptop,Office,1110.88,4,Israel,4443.52
2909,04/05/2023,1529,Keyboard,Electronics,1010.4,1,Germany,1010.4
2910,17/11/2023,1207,Mouse,Office,782.54,2,UK,1565.08
2911,04/03/2024,1510,Mouse,Electronics,131.85,4,Canada,527.4
2912,05/01/2022,1976,Webcam,Electronics,166.19,3,Israel,498.57
2913,27/12/2022,1134,Desk Lamp,Accessories,452.02,1,USA,452.02
2914,04/04/2023,1843,Mouse,Electronics,321.23,3,UK,963.69
2915,05/09/2022,1993,Monitor,Office,1429.03,1,UK,1429.03
2916,03/08/2024,1521,Mouse,Electronics,617.67,4,UK,2470.68
2917,26/02/2023,1580,Monitor,Office,1315.53,2,Israel,2631.06
2918,15/01/2022,1852,Monitor,Electronics,1228.03,3,USA,3684.09
2919,06/01/2024,1898,Laptop,Accessories,1219.79,1,Canada,1219.79
2920,04/10/2022,1082,Mouse,Accessories,327.48,1,Germany,327.48
2921,29/03/2023,1620,Headphones,Electronics,673.75,2,France,1347.5
2922,21/08/2023,1043,USB Cable,Electronics,480.34,3,France,1441.02
2923,22/03/2023,1482,Mouse,Electronics,1455.76,4,UK,5823.04
2924,29/07/2022,1965,Mouse,Accessories,1315.73,4,France,5262.92
2925,15/12/2023,1909,Mouse,Electronics,378.64,3,France,1135.92
2926,29/10/2022,1643,Webcam,Electronics,473.71,2,Israel,947.42
2927,03/01/2022,1492,Headphones,Office,795.72,2,Germany,1591.44
2928,16/09/2024,1498,Headphones,Accessories,421.52,2,France,843.04
2929,04/06/2023,1017,Monitor,Accessories,1237.67,1,Canada,1237.67
2930,08/05/2023,1604,Headphones,Electronics,1229.75,1,Canada,1229.75
2931,12/09/2023,1994,Monitor,Electronics,1087.89,2,Germany,2175.78
2932,27/11/2022,1947,USB Cable,Office,1035.52,3,France,3106.56
2933,29/11/2022,1293,Laptop,Electronics,823.22,4,Canada,3292.88
2934,19/02/2022,1975,Monitor,Accessories,523.93,1,UK,523.93
2935,12/05/2024,1147,Mouse,Office,1256.22,2,UK,2512.44
2936,29/09/2022,1471,Keyboard,Accessories,1288.95,1,Canada,1288.95
2937,03/08/2023,1994,Desk Lamp,Electronics,79.02,1,Germany,79.02
2938,14/07/2023,1171,Keyboard,Office,600.94,2,Germany,1201.88
2939,27/11/2023,1562,Webcam,Accessories,44.81,3,Germany,134.43
2940,22/03/2023,1530,Mouse,Accessories,1260.02,4,Germany,5040.08
2941,13/10/2024,1119,Desk Lamp,Accessories,269.75,3,USA,809.25
2942,23/12/2022,1835,Monitor,Electronics,1012.43,1,UK,1012.43
2943,01/10/2022,1736,Mouse,Electronics,539.28,3,France,1617.84
2944,08/11/2024,1065,Desk Lamp,Electronics,1225.02,3,USA,3675.06
2945,07/11/2022,1140,Webcam,Electronics,766.98,4,Germany,3067.92
2946,19/05/2024,1445,Headphones,Accessories,489.98,2,France,979.96
2947,04/06/2024,1505,Monitor,Office,489.19,2,UK,978.38
2948,03/06/2022,1188,USB Cable,Electronics,493.76,2,Germany,987.52
2949,12/09/2023,1157,Mouse,Office,1183.93,3,Israel,3551.79
2950,01/06/2024,1609,Headphones,Accessories,1068.12,3,Germany,3204.36
2951,07/03/2024,1669,Desk Lamp,Electronics,482.23,4,France,1928.92
2952,05/05/2022,1946,Webcam,Accessories,737.86,2,UK,1475.72
2953,11/09/2023,1245,Headphones,Electronics,118.85,4,Germany,475.4
2954,02/09/2022,1855,Monitor,Electronics,1242.11,4,UK,4968.44
2955,27/04/2024,1943,Webcam,Office,402.6,3,USA,1207.8
2956,26/03/2023,1747,Webcam,Accessories,1334.39,2,Israel,2668.78
2957,18/07/2024,1032,Webcam,Accessories,897.21,1,Canada,897.21
2958,04/06/2023,1360,Desk Lamp,Accessories,853.89,1,Canada,853.89
2959,28/12/2022,1752,Laptop,Office,248.26,3,USA,744.78
2960,08/01/2022,1329,Webcam,Office,108.96,3,Canada,326.88
2961,23/04/2023,1511,Laptop,Accessories,831.16,3,Israel,2493.48
2962,10/05/2023,1849,Headphones,Accessories,704.64,3,USA,2113.92
2963,12/04/2024,1786,USB Cable,Electronics,183.93,1,UK,183.93
2964,28/11/2024,1070,Laptop,Electronics,1254.2,2,UK,2508.4
2965,16/08/2023,1312,Headphones,Office,628.77,4,USA,2515.08
2966,06/07/2022,1914,Laptop,Electronics,394.38,1,France,394.38
2967,24/01/2024,1727,Headphones,Accessories,1183.47,2,USA,2366.94
2968,03/04/2022,1078,Headphones,Accessories,1370.03,3,Germany,4110.09
2969,27/03/2022,1168,Desk Lamp,Electronics,462.41,4,France,1849.64
2970,03/12/2024,1809,USB Cable,Electronics,1165.05,2,UK,2330.1
2971,17/05/2022,1982,Webcam,Office,980.52,2,USA,1961.04
2972,25/02/2023,1179,USB Cable,Electronics,1484.64,4,France,5938.56
2973,15/03/2022,1627,USB Cable,Office,309.97,2,Germany,619.94
2974,20/06/2022,1259,Webcam,Electronics,1441.22,2,Israel,2882.44
2975,19/06/2022,1485,Headphones,Electronics,476.33,4,UK,1905.32
2976,21/05/2024,1771,Webcam,Electronics,620.87,4,France,2483.48
2977,18/11/2022,1004,Headphones,Electronics,541.44,1,Canada,541.44
2978,01/04/2023,1296,Webcam,Accessories,406.33,3,France,1218.99
2979,01/08/2024,1619,Desk Lamp,Accessories,1041.37,3,Canada,3124.11
2980,29/02/2024,1854,Keyboard,Accessories,885.77,2,France,1771.54
2981,05/09/2023,1359,Laptop,Electronics,462.01,3,USA,1386.03
2982,07/06/2024,1116,USB Cable,Office,202.66,1,UK,202.66
2983,15/12/2022,1356,Headphones,Electronics,479.48,2,UK,958.96
2984,10/01/2022,1956,Mouse,Accessories,574.94,3,USA,1724.82
2985,10/01/2024,1842,Webcam,Office,574.08,3,USA,1722.24
2986,29/10/2023,1438,Webcam,Office,539.1,2,Canada,1078.2
2987,30/06/2023,1330,Monitor,Accessories,77.84,4,Canada,311.36
2988,09/05/2022,1524,Mouse,Electronics,698.73,1,Canada,698.73
2989,24/08/2023,1653,Mouse,Office,1255.13,2,USA,2510.26
2990,28/08/2023,1187,Desk Lamp,Office,274.65,2,Germany,549.3
2991,23/11/2022,1967,USB Cable,Accessories,222.76,3,France,668.28
2992,06/09/2024,1280,Keyboard,Office,710.42,4,Germany,2841.68
2993,08/02/2023,1510,Laptop,Office,559.05,3,UK,1677.15
2994,21/09/2023,1465,Keyboard,Office,844.11,2,USA,1688.22
2995,19/12/2023,1114,Laptop,Electronics,1420.88,2,France,2841.76
2996,06/11/2024,1939,Headphones,Electronics,1142.52,3,Canada,3427.56
2997,01/10/2022,1235,USB Cable,Accessories,1032.15,4,Israel,4128.6
2998,16/11/2023,1337,Keyboard,Electronics,626.83,2,France,1253.66
2999,26/04/2022,1521,Monitor,Office,434.6,1,Israel,434.6
3000,10/05/2024,1198,Laptop,Electronics,812.69,4,France,3250.76
3001,24/11/2023,1763,Keyboard,Office,1328.74,2,USA,2657.48
3002,20/11/2022,1049,USB Cable,Office,1315.73,4,Israel,5262.92
3003,18/08/2024,1939,Monitor,Electronics,671.04,4,Israel,2684.16
3004,24/04/2022,1141,USB Cable,Electronics,373.1,1,UK,373.1
3005,17/12/2024,1782,Mouse,Electronics,341.89,2,France,683.78
3006,03/06/2022,1527,Webcam,Electronics,55.81,4,Germany,223.24
3007,11/11/2022,1513,Headphones,Accessories,1264.78,2,Canada,2529.56
3008,30/11/2024,1669,Desk Lamp,Electronics,400.93,2,Germany,801.86
3009,15/04/2022,1029,USB Cable,Accessories,541.7,4,UK,2166.8
3010,20/12/2022,1081,Headphones,Office,1214.78,3,UK,3644.34
3011,12/10/2024,1030,USB Cable,Accessories,184.44,4,UK,737.76
3012,03/01/2024,1747,Mouse,Office,694.54,3,USA,2083.62
3013,10/12/2023,1332,USB Cable,Accessories,187.9,3,USA,563.7
3014,13/10/2023,1659,USB Cable,Accessories,665.56,3,USA,1996.68
3015,03/04/2024,1176,Keyboard,Office,75.47,3,USA,226.41
3016,04/08/2024,1369,Webcam,Accessories,778.85,4,UK,3115.4
3017,23/10/2023,1546,Mouse,Office,1194.59,3,UK,3583.77
3018,09/04/2022,1534,Monitor,Electronics,1016.06,2,USA,2032.12
3019,11/08/2023,1105,Webcam,Office,766.21,4,USA,3064.84
3020,09/10/2022,1096,Laptop,Accessories,1243.99,1,Israel,1243.99
3021,07/02/2023,1229,Keyboard,Electronics,345.54,3,France,1036.62
3022,01/12/2023,1226,Webcam,Accessories,1247.04,4,Israel,4988.16
3023,18/07/2022,1370,Laptop,Electronics,418.16,3,France,1254.48
3024,23/11/2022,1099,Mouse,Office,546.92,2,USA,1093.84
3025,03/06/2022,1444,USB Cable,Electronics,197,3,USA,591
3026,06/07/2023,1467,Headphones,Electronics,157.12,4,Canada,628.48
3027,09/02/2023,1054,Webcam,Electronics,1398.51,2,USA,2797.02
3028,07/04/2023,1194,Webcam,Accessories,289.02,3,Israel,867.06
3029,12/05/2022,1519,Laptop,Electronics,503.28,1,UK,503.28
3030,01/03/2024,1423,Desk Lamp,Office,796.08,3,France,2388.24
3031,23/05/2024,1314,Laptop,Office,525.06,3,Canada,1575.18
3032,25/03/2022,1127,Headphones,Office,1305.85,2,Israel,2611.7
3033,24/01/2024,1031,Laptop,Electronics,1351.57,3,Canada,4054.71
3034,20/09/2023,1092,Laptop,Office,492.36,4,USA,1969.44
3035,09/08/2022,1518,Webcam,Accessories,142.58,4,UK,570.32
3036,07/07/2023,1257,Headphones,Office,319.19,2,Israel,638.38
3037,22/04/2022,1852,Headphones,Electronics,714.22,4,France,2856.88
3038,07/09/2023,1901,USB Cable,Office,436.28,1,Canada,436.28
3039,12/07/2024,1219,Webcam,Electronics,682.94,3,Canada,2048.82
3040,20/04/2023,1751,USB Cable,Electronics,1139.26,2,Canada,2278.52
3041,15/04/2024,1105,Mouse,Office,633.85,4,USA,2535.4
3042,28/09/2022,1547,Desk Lamp,Accessories,299.51,1,France,299.51
3043,25/02/2023,1415,Desk Lamp,Accessories,540.16,1,Canada,540.16
3044,08/12/2023,1556,Mouse,Office,1115.76,2,USA,2231.52
3045,09/02/2022,1809,Desk Lamp,Electronics,638.97,2,USA,1277.94
3046,08/07/2022,1308,Desk Lamp,Office,378.06,4,Germany,1512.24
3047,20/09/2024,1365,Webcam,Electronics,643.98,3,France,1931.94
3048,20/06/2023,1520,Laptop,Electronics,684.94,1,UK,684.94
3049,24/10/2024,1458,Keyboard,Electronics,448.08,1,USA,448.08
3050,17/10/2022,1598,Mouse,Accessories,1493.55,2,UK,2987.1
3051,09/03/2023,1369,Mouse,Accessories,1152.6,1,Israel,1152.6
3052,16/04/2023,1330,Webcam,Office,1040.22,2,USA,2080.44
3053,20/09/2023,1688,USB Cable,Accessories,1283.03,3,Canada,3849.09
3054,06/10/2022,1641,Webcam,Electronics,1001.3,2,USA,2002.6
3055,26/05/2024,1706,Keyboard,Electronics,1187.52,3,Canada,3562.56
3056,04/08/2023,1010,Keyboard,Office,621.73,4,USA,2486.92
3057,12/05/2024,1817,Desk Lamp,Electronics,753.06,2,Canada,1506.12
3058,11/09/2022,1506,Headphones,Office,75.26,4,UK,301.04
3059,30/06/2022,1418,Desk Lamp,Office,424.57,3,Germany,1273.71
3060,12/11/2023,1121,Webcam,Electronics,555.18,1,France,555.18
3061,04/04/2024,1910,Mouse,Accessories,940.08,4,USA,3760.32
3062,01/12/2023,1234,USB Cable,Electronics,699,2,France,1398
3063,20/07/2023,1330,Desk Lamp,Electronics,913.72,2,Canada,1827.44
3064,11/11/2023,1542,USB Cable,Office,1071.42,4,France,4285.68
3065,26/01/2023,1347,Desk Lamp,Accessories,68.86,4,Canada,275.44
3066,31/07/2022,1957,Desk Lamp,Office,391.13,4,France,1564.52
3067,19/01/2023,1411,Monitor,Electronics,260.5,2,Canada,521
3068,08/12/2022,1223,Monitor,Office,285.25,4,UK,1141
3069,23/04/2024,1152,Desk Lamp,Office,757.17,4,Canada,3028.68
3070,27/11/2024,1211,Laptop,Electronics,1111.27,3,France,3333.81
3071,24/02/2023,1091,Mouse,Office,412.8,4,Israel,1651.2
3072,21/01/2024,1920,Desk Lamp,Electronics,1237.55,4,Canada,4950.2
3073,02/11/2022,1330,Monitor,Office,1339.22,2,UK,2678.44
3074,03/12/2023,1466,USB Cable,Accessories,529.05,2,UK,1058.1
3075,18/05/2024,1859,Mouse,Electronics,1023.63,1,Israel,1023.63
3076,21/06/2023,1640,Webcam,Accessories,179.99,2,Germany,359.98
3077,25/07/2022,1954,Mouse,Office,1117.32,2,Germany,2234.64
3078,11/05/2023,1708,Monitor,Accessories,251.71,2,Canada,503.42
3079,06/12/2024,1969,USB Cable,Accessories,1032.69,2,USA,2065.38
3080,19/05/2023,1553,Mouse,Accessories,635.74,4,Germany,2542.96
3081,11/11/2024,1877,Keyboard,Office,1393.04,1,USA,1393.04
3082,01/08/2022,1929,Laptop,Electronics,699.37,2,France,1398.74
3083,06/11/2022,1227,Headphones,Office,51.2,4,USA,204.8
3084,23/10/2023,1193,USB Cable,Office,723.6,2,Germany,1447.2
3085,23/01/2024,1529,Monitor,Office,1194.27,1,USA,1194.27
3086,29/09/2022,1844,Webcam,Electronics,972.39,3,UK,2917.17
3087,26/07/2024,1242,Headphones,Office,1449.64,3,Germany,4348.92
3088,01/02/2022,1388,Laptop,Office,1265.69,1,USA,1265.69
3089,19/03/2023,1275,USB Cable,Electronics,792.19,4,Germany,3168.76
3090,11/06/2022,1449,Desk Lamp,Electronics,313.75,4,Israel,1255
3091,06/02/2024,1638,USB Cable,Electronics,10.64,1,Germany,10.64
3092,11/09/2022,1586,Keyboard,Accessories,1470.85,3,Israel,4412.55
3093,05/06/2023,1573,Keyboard,Electronics,1407.79,2,USA,2815.58
3094,03/09/2024,1477,Keyboard,Accessories,414.85,3,Israel,1244.55
3095,10/01/2022,1479,Keyboard,Accessories,959.13,2,Germany,1918.26
3096,27/12/2023,1287,Monitor,Office,1095.21,1,UK,1095.21
3097,20/05/2023,1697,USB Cable,Accessories,869.13,1,Israel,869.13
3098,24/02/2024,1689,Monitor,Office,1265.23,1,Germany,1265.23
3099,12/03/2023,1677,Mouse,Accessories,121.35,3,UK,364.05
3100,02/06/2022,1694,Webcam,Electronics,1345.26,1,France,1345.26
3101,05/07/2024,1539,Mouse,Office,591.07,3,Canada,1773.21
3102,18/05/2024,1329,Webcam,Accessories,723.63,4,Israel,2894.52
3103,23/01/2024,1469,Laptop,Office,669.88,2,Israel,1339.76
3104,17/07/2023,1758,Desk Lamp,Electronics,799.27,2,USA,1598.54
3105,04/05/2023,1848,Mouse,Accessories,899.26,2,France,1798.52
3106,13/06/2024,1533,Laptop,Accessories,1066.96,1,USA,1066.96
3107,14/04/2022,1938,Desk Lamp,Electronics,789.79,2,USA,1579.58
3108,21/10/2024,1466,Laptop,Accessories,1028.74,1,Germany,1028.74
3109,03/10/2024,1976,Laptop,Accessories,510.75,3,USA,1532.25
3110,11/02/2023,1983,Keyboard,Office,1405.34,1,Israel,1405.34
3111,16/06/2022,1419,Headphones,Accessories,101.47,2,USA,202.94
3112,24/05/2023,1607,Headphones,Electronics,820.58,1,UK,820.58
3113,09/11/2022,1121,Monitor,Accessories,135.66,1,Israel,135.66
3114,02/02/2024,1761,Laptop,Office,666.94,3,Canada,2000.82
3115,12/11/2023,1890,Keyboard,Accessories,390.09,1,Germany,390.09
3116,22/04/2023,1307,Mouse,Office,1405.67,2,USA,2811.34
3117,14/03/2022,1931,Mouse,Accessories,24.55,1,UK,24.55
3118,05/08/2023,1923,Monitor,Office,589.85,4,Canada,2359.4
3119,19/09/2022,1333,Monitor,Office,1174.15,1,UK,1174.15
3120,02/09/2022,1953,Laptop,Accessories,286.75,4,Israel,1147
3121,15/07/2023,1419,Desk Lamp,Electronics,1224.3,2,USA,2448.6
3122,24/06/2022,1325,Laptop,Electronics,1290.29,4,UK,5161.16
3123,19/04/2022,1648,Desk Lamp,Accessories,1063.46,4,USA,4253.84
3124,02/07/2022,1788,Mouse,Accessories,317.56,4,Israel,1270.24
3125,11/07/2022,1831,Mouse,Accessories,411.7,4,France,1646.8
3126,06/03/2022,1843,Mouse,Accessories,254.57,4,UK,1018.28
3127,20/08/2024,1572,Mouse,Accessories,280.18,1,Germany,280.18
3128,13/05/2024,1249,Headphones,Electronics,59.56,3,USA,178.68
3129,04/01/2023,1989,Laptop,Office,1286.69,4,Canada,5146.76
3130,30/04/2024,1094,Laptop,Office,795.11,2,Israel,1590.22
3131,12/02/2022,1295,Mouse,Electronics,495,2,Israel,990
3132,03/05/2023,1183,Keyboard,Electronics,437.92,1,Canada,437.92
3133,19/03/2022,1259,Mouse,Office,819.32,3,Germany,2457.96
3134,05/04/2024,1798,Webcam,Electronics,493.39,3,France,1480.17
3135,05/11/2023,1666,USB Cable,Accessories,1296.26,4,USA,5185.04
3136,02/12/2023,1185,USB Cable,Electronics,320.38,2,France,640.76
3137,29/01/2024,1408,Monitor,Electronics,1324.04,2,Israel,2648.08
3138,29/12/2023,1068,Webcam,Electronics,997.82,1,UK,997.82
3139,13/07/2024,1837,Keyboard,Electronics,1435.16,4,France,5740.64
3140,20/06/2024,1772,Monitor,Office,27.59,2,UK,55.18
3141,07/06/2024,1626,USB Cable,Office,93.35,4,Germany,373.4
3142,19/09/2024,1858,Keyboard,Office,753.84,3,Israel,2261.52
3143,05/12/2022,1007,Monitor,Office,1369.01,4,UK,5476.04
3144,12/07/2022,1264,Mouse,Accessories,1097.54,4,USA,4390.16
3145,10/10/2022,1782,Desk Lamp,Accessories,935.09,1,Israel,935.09
3146,25/01/2023,1483,Mouse,Office,52.25,1,Germany,52.25
3147,26/09/2024,1760,Keyboard,Office,534.47,3,USA,1603.41
3148,09/06/2023,1616,Monitor,Office,522.05,3,Israel,1566.15
3149,21/10/2023,1774,Headphones,Electronics,815.42,4,France,3261.68
3150,17/12/2023,1735,Keyboard,Accessories,390.45,2,Canada,780.9
3151,09/06/2024,1839,Desk Lamp,Accessories,404.4,4,Israel,1617.6
3152,28/03/2023,1370,Keyboard,Electronics,933.19,3,USA,2799.57
3153,04/03/2023,1782,Desk Lamp,Electronics,1417.13,1,UK,1417.13
3154,11/11/2024,1676,Webcam,Electronics,991.97,1,UK,991.97
3155,01/06/2024,1082,Laptop,Accessories,1003.85,3,Israel,3011.55
3156,09/11/2022,1806,Keyboard,Electronics,1479.39,4,Israel,5917.56
3157,19/04/2024,1645,Headphones,Electronics,234.45,2,Germany,468.9
3158,03/06/2023,1210,Mouse,Electronics,55.58,1,France,55.58
3159,10/01/2023,1312,Monitor,Office,1119.54,4,Germany,4478.16
3160,27/03/2023,1603,Laptop,Electronics,660.99,2,Canada,1321.98
3161,11/10/2024,1336,Monitor,Office,646.09,3,Germany,1938.27
3162,18/08/2023,1489,Mouse,Accessories,341.83,4,UK,1367.32
3163,15/05/2023,1402,Keyboard,Accessories,762.76,2,UK,1525.52
3164,09/04/2023,1638,Webcam,Accessories,666.05,4,USA,2664.2
3165,23/04/2022,1190,Headphones,Office,521.45,1,Canada,521.45
3166,01/11/2024,1670,Laptop,Electronics,666.9,3,Canada,2000.7
3167,27/11/2022,1842,Headphones,Accessories,578.83,1,Germany,578.83
3168,20/05/2022,1334,Desk Lamp,Electronics,1410.15,1,USA,1410.15
3169,20/06/2024,1521,USB Cable,Office,1470.48,4,Israel,5881.92
3170,01/06/2023,1618,Headphones,Accessories,1260.65,3,USA,3781.95
3171,23/07/2023,1086,Headphones,Electronics,1485.67,4,UK,5942.68
3172,25/04/2024,1578,Headphones,Electronics,402.25,2,Germany,804.5
3173,28/12/2024,1061,Mouse,Accessories,1265.17,3,UK,3795.51
3174,28/04/2022,1386,Headphones,Electronics,612.91,1,Israel,612.91
3175,06/06/2024,1145,Webcam,Office,1120.47,1,France,1120.47
3176,18/12/2024,1152,Headphones,Accessories,306.08,1,Canada,306.08
3177,22/11/2024,1618,Mouse,Accessories,1218.87,4,Germany,4875.48
3178,19/02/2022,1659,Desk Lamp,Accessories,129.78,4,UK,519.12
3179,19/01/2022,1697,Monitor,Accessories,409.48,4,France,1637.92
3180,27/12/2023,1348,Mouse,Office,1233.82,3,Israel,3701.46
3181,16/07/2022,1853,USB Cable,Office,1122,3,France,3366
3182,13/07/2023,1177,USB Cable,Electronics,754.36,3,UK,2263.08
3183,28/03/2023,1888,Webcam,Office,1010.83,3,UK,3032.49
3184,16/10/2022,1846,Desk Lamp,Electronics,282.43,2,Israel,564.86
3185,26/01/2023,1486,Webcam,Electronics,1003.31,1,Israel,1003.31
3186,03/08/2022,1777,Keyboard,Accessories,16.92,4,France,67.68
3187,03/08/2022,1660,Mouse,Electronics,1250.66,4,France,5002.64
3188,08/05/2022,1246,Monitor,Accessories,776.85,2,Canada,1553.7
3189,30/01/2024,1253,Keyboard,Electronics,1416.1,1,Canada,1416.1
3190,08/02/2023,1499,Keyboard,Office,719.86,1,UK,719.86
3191,18/11/2024,1540,Laptop,Accessories,652.47,2,Israel,1304.94
3192,04/12/2022,1351,Headphones,Electronics,677.83,3,USA,2033.49
3193,10/04/2024,1511,Keyboard,Office,542.79,1,Israel,542.79
3194,15/12/2023,1777,Keyboard,Office,254.18,3,Germany,762.54
3195,27/12/2022,1012,Webcam,Accessories,1263.88,2,Germany,2527.76
3196,23/07/2023,1558,Monitor,Accessories,586.68,4,Israel,2346.72
3197,06/08/2022,1150,Keyboard,Accessories,796.02,4,France,3184.08
3198,21/07/2022,1049,Desk Lamp,Electronics,34.73,4,Germany,138.92
3199,17/01/2022,1214,USB Cable,Accessories,95.08,4,Canada,380.32
3200,18/11/2022,1990,Monitor,Office,897.79,1,UK,897.79
3201,02/06/2023,1643,Headphones,Office,1319.45,3,UK,3958.35
3202,12/11/2023,1371,USB Cable,Accessories,742.63,4,UK,2970.52
3203,01/03/2023,1112,Webcam,Accessories,251.64,4,Canada,1006.56
3204,15/10/2024,1251,Desk Lamp,Office,178.61,4,Israel,714.44
3205,22/01/2023,1962,USB Cable,Electronics,1350.18,2,Germany,2700.36
3206,17/02/2024,1340,Laptop,Office,1053.95,1,France,1053.95
3207,08/04/2022,1052,Laptop,Office,1449.46,2,Canada,2898.92
3208,27/07/2022,1129,Headphones,Office,128.11,3,Canada,384.33
3209,09/08/2023,1835,Headphones,Accessories,1354.41,4,UK,5417.64
3210,15/06/2022,1192,USB Cable,Electronics,1269.22,1,Canada,1269.22
3211,22/01/2022,1590,Webcam,Electronics,1340.31,1,Canada,1340.31
3212,03/06/2022,1056,Desk Lamp,Accessories,13.62,1,France,13.62
3213,07/08/2022,1096,Webcam,Office,1114.15,2,Canada,2228.3
3214,31/10/2023,1197,Desk Lamp,Accessories,825.66,2,UK,1651.32
3215,18/08/2022,1646,Mouse,Accessories,861.9,2,Canada,1723.8
3216,20/01/2022,1146,Keyboard,Electronics,706.46,2,Israel,1412.92
3217,07/07/2023,1683,Keyboard,Electronics,1115.3,3,UK,3345.9
3218,07/08/2024,1574,Desk Lamp,Accessories,1499.76,4,Israel,5999.04
3219,28/05/2022,1576,Keyboard,Accessories,1067.25,4,Germany,4269
3220,07/02/2023,1294,Monitor,Electronics,1018.69,2,Germany,2037.38
3221,19/08/2023,1722,Mouse,Electronics,983.38,2,France,1966.76
3222,02/01/2023,1620,USB Cable,Office,1044.34,2,Canada,2088.68
3223,12/03/2024,1793,Keyboard,Accessories,516.46,3,UK,1549.38
3224,06/07/2024,1683,Monitor,Office,483.73,3,Germany,1451.19
3225,14/03/2022,1011,Desk Lamp,Office,1177.59,1,Canada,1177.59
3226,26/04/2023,1917,Desk Lamp,Office,84.37,4,USA,337.48
3227,14/07/2023,1332,Monitor,Electronics,1140.08,2,USA,2280.16
3228,15/01/2024,1219,Laptop,Office,1221.69,1,France,1221.69
3229,10/04/2022,1397,Monitor,Electronics,784.79,4,Canada,3139.16
3230,18/12/2024,1341,Headphones,Electronics,1365.67,1,Germany,1365.67
3231,23/05/2023,1797,Webcam,Electronics,712.27,3,Israel,2136.81
3232,15/09/2022,1511,Monitor,Accessories,271.24,3,Canada,813.72
3233,17/02/2023,1171,Headphones,Office,545.29,1,USA,545.29
3234,24/12/2024,1467,Headphones,Electronics,1359.27,1,Canada,1359.27
3235,18/08/2023,1747,Laptop,Accessories,1490.64,4,Germany,5962.56
3236,23/09/2022,1986,USB Cable,Accessories,635.67,2,Israel,1271.34
3237,31/03/2024,1165,Laptop,Accessories,254.44,4,UK,1017.76
3238,24/10/2023,1698,Desk Lamp,Electronics,433.06,4,Canada,1732.24
3239,04/08/2024,1169,Desk Lamp,Electronics,832.18,3,Germany,2496.54
3240,14/07/2023,1563,Monitor,Electronics,860.28,3,UK,2580.84
3241,05/07/2024,1511,Laptop,Accessories,946.94,1,USA,946.94
3242,09/06/2024,1830,Laptop,Electronics,1253.85,3,UK,3761.55
3243,17/05/2024,1188,USB Cable,Office,1068.27,4,USA,4273.08
3244,02/09/2023,1119,Webcam,Electronics,394.96,1,France,394.96
3245,18/02/2023,1104,Keyboard,Electronics,595.59,1,France,595.59
3246,25/01/2022,1673,Desk Lamp,Office,1260.53,3,USA,3781.59
3247,11/10/2022,1806,Monitor,Electronics,951.91,2,Israel,1903.82
3248,30/05/2024,1040,Desk Lamp,Electronics,253.79,3,France,761.37
3249,28/10/2022,1888,USB Cable,Electronics,491.68,1,Israel,491.68
3250,27/12/2024,1875,Monitor,Electronics,1187.68,1,Israel,1187.68
3251,27/10/2024,1676,Desk Lamp,Accessories,262.28,2,Israel,524.56
3252,27/03/2024,1320,Monitor,Electronics,1038.12,4,Germany,4152.48
3253,24/03/2022,1885,Laptop,Office,847.49,1,Canada,847.49
3254,15/02/2022,1334,Webcam,Office,225.47,2,Germany,450.94
3255,10/09/2023,1159,Laptop,Accessories,1034.87,4,Canada,4139.48
3256,16/07/2024,1263,Headphones,Electronics,217.81,3,Canada,653.43
3257,19/09/2022,1864,Mouse,Office,600.66,2,Israel,1201.32
3258,25/06/2022,1529,Mouse,Accessories,466.3,4,USA,1865.2
3259,19/10/2023,1684,USB Cable,Electronics,1036.56,1,Canada,1036.56
3260,21/04/2024,1476,Mouse,Accessories,1174.63,1,France,1174.63
3261,05/01/2023,1351,USB Cable,Electronics,256.63,2,UK,513.26
3262,23/02/2022,1544,Keyboard,Accessories,1218.94,3,Germany,3656.82
3263,21/11/2023,1772,Laptop,Accessories,15.79,2,Germany,31.58
3264,02/01/2023,1209,Desk Lamp,Office,797.44,1,UK,797.44
3265,06/10/2023,1495,Headphones,Office,777.6,4,Israel,3110.4
3266,14/01/2023,1894,Headphones,Accessories,937.61,3,Canada,2812.83
3267,14/03/2022,1841,Mouse,Electronics,363.35,4,UK,1453.4
3268,03/07/2024,1381,Webcam,Electronics,19.74,2,Israel,39.48
3269,09/05/2024,1675,Keyboard,Electronics,684.87,2,Germany,1369.74
3270,12/02/2022,1480,USB Cable,Electronics,111.75,4,UK,447
3271,12/01/2023,1918,Keyboard,Electronics,1338.83,4,Canada,5355.32
3272,30/11/2024,1935,Mouse,Office,264.63,4,USA,1058.52
3273,19/06/2022,1004,USB Cable,Accessories,640.72,2,France,1281.44
3274,31/07/2022,1033,USB Cable,Office,653.83,4,France,2615.32
3275,08/02/2022,1791,Mouse,Electronics,831.53,1,France,831.53
3276,04/01/2023,1144,Desk Lamp,Accessories,1174.89,4,UK,4699.56
3277,27/01/2024,1350,Laptop,Electronics,710.86,1,Canada,710.86
3278,31/05/2022,1582,Webcam,Electronics,43.5,1,Israel,43.5
3279,06/12/2024,1464,Keyboard,Accessories,1157.81,4,Canada,4631.24
3280,20/10/2024,1347,Headphones,Electronics,127.85,3,Canada,383.55
3281,07/01/2024,1741,Mouse,Office,964.12,3,Germany,2892.36
3282,10/03/2022,1124,Laptop,Office,1206.13,3,France,3618.39
3283,26/10/2022,1789,Headphones,Office,427.62,1,UK,427.62
3284,01/08/2024,1270,Desk Lamp,Electronics,676.41,3,France,2029.23
3285,12/03/2024,1356,Keyboard,Office,26.43,3,Canada,79.29
3286,23/10/2022,1526,Mouse,Electronics,1206.79,4,Israel,4827.16
3287,22/07/2022,1753,USB Cable,Electronics,1056.38,2,USA,2112.76
3288,02/03/2022,1497,Desk Lamp,Office,350.92,1,USA,350.92
3289,03/08/2024,1152,Desk Lamp,Office,588.39,2,Canada,1176.78
3290,20/08/2024,1052,Webcam,Electronics,1044.5,1,Germany,1044.5
3291,27/11/2022,1148,Mouse,Electronics,540.45,1,USA,540.45
3292,04/12/2022,1502,Desk Lamp,Electronics,247.81,3,USA,743.43
3293,01/10/2023,1869,Webcam,Electronics,780.17,4,UK,3120.68
3294,02/10/2022,1449,Laptop,Office,1086.73,2,UK,2173.46
3295,15/11/2022,1218,Laptop,Electronics,484.61,2,Germany,969.22
3296,12/08/2023,1624,Desk Lamp,Electronics,187.05,3,Canada,561.15
3297,19/05/2023,1799,Keyboard,Electronics,1245.17,2,Germany,2490.34
3298,22/01/2023,1276,Webcam,Electronics,382.94,2,Canada,765.88
3299,19/05/2024,1451,Mouse,Electronics,771.66,1,UK,771.66
3300,12/04/2024,1427,Laptop,Accessories,1038.56,4,USA,4154.24
3301,11/10/2024,1082,Mouse,Accessories,479.03,4,Canada,1916.12
3302,26/08/2023,1961,Keyboard,Accessories,974.71,2,Israel,1949.42
3303,22/11/2023,1217,Webcam,Office,692.27,2,USA,1384.54
3304,09/05/2023,1737,Mouse,Electronics,857.8,1,USA,857.8
3305,05/05/2023,1781,Headphones,Office,887.91,3,Israel,2663.73
3306,22/12/2023,1526,Mouse,Electronics,1237.11,1,Germany,1237.11
3307,24/05/2023,1403,Monitor,Accessories,986.21,3,UK,2958.63
3308,25/01/2023,1289,Monitor,Electronics,400.14,3,Germany,1200.42
3309,22/10/2022,1419,USB Cable,Office,94.11,1,Germany,94.11
3310,06/03/2024,1338,Keyboard,Office,7.97,4,Germany,31.88
3311,14/05/2024,1776,Keyboard,Electronics,1357.1,1,UK,1357.1
3312,03/07/2023,1710,Keyboard,Office,1413.45,3,Germany,4240.35
3313,11/10/2023,1669,Headphones,Accessories,145.7,4,Germany,582.8
3314,22/07/2023,1844,Webcam,Electronics,733.15,4,France,2932.6
3315,02/05/2024,1986,Headphones,Accessories,231.63,1,USA,231.63
3316,09/02/2024,1958,USB Cable,Accessories,1423.38,4,France,5693.52
3317,21/03/2023,1418,Mouse,Office,374.01,4,UK,1496.04
3318,29/12/2022,1908,Desk Lamp,Electronics,754.96,1,Canada,754.96
3319,03/05/2022,1206,Laptop,Accessories,252.6,2,Canada,505.2
3320,12/01/2024,1685,Webcam,Accessories,502.48,4,Israel,2009.92
3321,11/11/2023,1695,Monitor,Electronics,403.88,1,Canada,403.88
3322,24/02/2023,1264,Monitor,Office,715.76,1,Israel,715.76
3323,02/04/2022,1982,USB Cable,Accessories,632.57,2,Canada,1265.14
3324,04/03/2022,1757,Desk Lamp,Electronics,499.54,4,France,1998.16
3325,27/05/2023,1035,Monitor,Electronics,163.29,3,France,489.87
3326,11/02/2024,1372,USB Cable,Accessories,729.31,3,France,2187.93
3327,13/09/2022,1487,Mouse,Accessories,1276.06,4,USA,5104.24
3328,15/05/2022,1258,Mouse,Accessories,1096.68,4,UK,4386.72
3329,24/05/2024,1993,Keyboard,Office,1082.26,1,Canada,1082.26
3330,01/04/2024,1530,Laptop,Office,552.31,1,Canada,552.31
3331,29/03/2022,1923,Keyboard,Electronics,1064.09,3,Canada,3192.27
3332,14/09/2024,1022,Mouse,Electronics,700.97,4,Germany,2803.88
3333,02/04/2024,1103,Headphones,Accessories,229.66,1,France,229.66
3334,23/10/2024,1240,Keyboard,Electronics,631.48,3,USA,1894.44
3335,31/08/2024,1902,Webcam,Office,203.44,3,Israel,610.32
3336,22/07/2024,1872,Mouse,Electronics,176.15,2,Israel,352.3
3337,01/05/2022,1715,Mouse,Electronics,39.47,4,Israel,157.88
3338,27/11/2024,1252,Desk Lamp,Accessories,427.87,2,France,855.74
3339,04/10/2024,1141,Desk Lamp,Accessories,499.66,1,Israel,499.66
3340,13/07/2024,1813,Headphones,Office,1050.67,1,Israel,1050.67
3341,07/10/2023,1654,Headphones,Electronics,809.32,3,Israel,2427.96
3342,15/12/2023,1450,Headphones,Electronics,1288.38,1,Germany,1288.38
3343,09/05/2024,1782,Desk Lamp,Electronics,268.82,2,Israel,537.64
3344,21/01/2022,1306,Laptop,Accessories,402.61,4,USA,1610.44
3345,30/08/2022,1983,Webcam,Office,1411.91,3,France,4235.73
3346,31/03/2023,1499,Mouse,Electronics,668.85,3,Canada,2006.55
3347,20/08/2024,1621,Headphones,Electronics,1184.63,1,Germany,1184.63
3348,13/09/2023,1007,Laptop,Electronics,740.79,3,Germany,2222.37
3349,30/10/2022,1068,Monitor,Electronics,709.27,3,France,2127.81
3350,13/03/2024,1701,Webcam,Office,226.43,4,Israel,905.72
3351,21/08/2024,1690,USB Cable,Office,1277.54,3,Canada,3832.62
3352,10/03/2022,1574,USB Cable,Office,122.14,4,Canada,488.56
3353,15/07/2022,1067,Desk Lamp,Accessories,468.84,2,Israel,937.68
3354,20/05/2022,1717,Monitor,Electronics,1011.83,3,UK,3035.49
3355,10/10/2022,1911,Monitor,Electronics,763.35,2,Israel,1526.7
3356,08/11/2022,1979,Mouse,Electronics,1322.66,4,Canada,5290.64
3357,16/01/2024,1407,Laptop,Electronics,63.75,3,USA,191.25
3358,04/10/2022,1517,Laptop,Office,975.86,1,Israel,975.86
3359,02/03/2022,1118,Monitor,Accessories,718.81,1,France,718.81
3360,21/02/2022,1824,Webcam,Accessories,235.7,3,Israel,707.1
3361,02/06/2022,1030,Keyboard,Electronics,1116.16,4,France,4464.64
3362,28/06/2023,1517,Monitor,Office,619.9,1,Germany,619.9
3363,21/07/2023,1482,Mouse,Accessories,799.71,2,UK,1599.42
3364,14/09/2023,1206,Monitor,Accessories,1451.06,4,Germany,5804.24
3365,10/11/2022,1668,Webcam,Electronics,731.91,4,France,2927.64
3366,17/03/2024,1578,Webcam,Accessories,1235.94,3,UK,3707.82
3367,27/04/2024,1970,Monitor,Electronics,1155.52,2,Germany,2311.04
3368,07/04/2022,1386,Laptop,Office,995.82,4,Israel,3983.28
3369,30/05/2024,1411,Monitor,Electronics,1345.73,3,Canada,4037.19
3370,08/04/2024,1841,Headphones,Accessories,381.14,2,Canada,762.28
3371,17/05/2022,1369,Headphones,Electronics,1232.05,4,Israel,4928.2
3372,26/10/2024,1352,Keyboard,Electronics,569.79,1,UK,569.79
3373,07/10/2024,1943,Mouse,Electronics,1219.67,2,Germany,2439.34
3374,19/04/2022,1335,Desk Lamp,Electronics,743.21,4,USA,2972.84
3375,01/07/2023,1890,Mouse,Electronics,1287.28,2,USA,2574.56
3376,28/11/2024,1905,USB Cable,Electronics,1342.79,1,USA,1342.79
3377,24/10/2023,1288,Laptop,Accessories,898.48,4,Germany,3593.92
3378,01/03/2023,1995,Desk Lamp,Electronics,763.9,1,Canada,763.9
3379,22/09/2023,1962,Mouse,Accessories,1176,3,Germany,3528
3380,18/09/2022,1964,Keyboard,Electronics,404.14,3,Germany,1212.42
3381,28/03/2022,1139,Headphones,Office,27.95,4,France,111.8
3382,10/04/2023,1952,Laptop,Electronics,613.61,4,Canada,2454.44
3383,17/03/2022,1299,Webcam,Accessories,764.12,2,USA,1528.24
3384,16/04/2023,1012,Headphones,Accessories,449.41,4,USA,1797.64
3385,18/02/2023,1663,Keyboard,Office,578.13,3,USA,1734.39
3386,04/04/2024,1427,Laptop,Electronics,203.92,4,Canada,815.68
3387,13/06/2024,1824,Desk Lamp,Office,419.55,2,France,839.1
3388,27/12/2023,1863,Monitor,Electronics,363.94,3,France,1091.82
3389,02/04/2023,1399,Mouse,Electronics,454.98,4,Germany,1819.92
3390,15/10/2023,1991,Keyboard,Accessories,452.09,1,Canada,452.09
3391,03/11/2023,1108,Laptop,Office,840.66,1,Canada,840.66
3392,10/05/2023,1484,Headphones,Office,379.64,1,USA,379.64
3393,04/12/2024,1887,Laptop,Accessories,1411.74,1,USA,1411.74
3394,20/08/2023,1355,Monitor,Accessories,769.36,2,Canada,1538.72
3395,26/03/2023,1148,Keyboard,Office,197.8,1,Israel,197.8
3396,30/04/2023,1878,Laptop,Accessories,423.01,1,Canada,423.01
3397,08/10/2023,1715,Webcam,Electronics,1095.99,4,Israel,4383.96
3398,12/09/2023,1306,Keyboard,Office,25.42,1,Israel,25.42
3399,07/11/2024,1532,Keyboard,Office,1407.04,1,France,1407.04
3400,24/10/2023,1059,Headphones,Accessories,670.54,4,Germany,2682.16
3401,28/01/2024,1434,Desk Lamp,Electronics,784.01,3,UK,2352.03
3402,16/10/2022,1020,USB Cable,Office,1482.68,2,USA,2965.36
3403,22/12/2023,1874,Mouse,Office,757.59,2,Israel,1515.18
3404,30/09/2023,1381,USB Cable,Electronics,1421.88,3,USA,4265.64
3405,23/08/2022,1244,Desk Lamp,Accessories,1373.27,4,USA,5493.08
3406,20/02/2023,1901,Webcam,Accessories,1412.27,3,USA,4236.81
3407,26/07/2024,1072,Monitor,Accessories,1219.5,2,Canada,2439
3408,14/05/2023,1448,Laptop,Accessories,448.12,2,Germany,896.24
3409,31/08/2024,1075,USB Cable,Electronics,522.84,3,USA,1568.52
3410,26/09/2023,1697,Mouse,Electronics,550.65,1,Germany,550.65
3411,16/10/2024,1589,Desk Lamp,Office,1468.88,2,UK,2937.76
3412,25/04/2022,1389,Headphones,Office,544.33,3,UK,1632.99
3413,20/07/2024,1576,Mouse,Electronics,167.49,1,France,167.49
3414,05/11/2023,1341,Keyboard,Office,1168.6,1,USA,1168.6
3415,31/10/2024,1289,Keyboard,Electronics,552.26,4,Israel,2209.04
3416,25/07/2022,1567,Monitor,Accessories,933.3,3,France,2799.9
3417,04/09/2022,1330,Webcam,Electronics,1386.92,2,Canada,2773.84
3418,28/01/2024,1258,Laptop,Electronics,865.38,4,France,3461.52
3419,27/05/2022,1425,Laptop,Office,958.36,2,UK,1916.72
3420,28/04/2022,1701,Headphones,Electronics,966.08,1,Israel,966.08
3421,16/02/2023,1005,Monitor,Accessories,920.54,3,USA,2761.62
3422,29/12/2022,1005,Laptop,Accessories,243.86,1,USA,243.86
3423,17/05/2022,1190,Webcam,Office,687.34,1,UK,687.34
3424,15/08/2024,1147,Desk Lamp,Office,16.46,1,Canada,16.46
3425,19/01/2022,1404,Keyboard,Electronics,941.27,3,Germany,2823.81
3426,14/07/2022,1257,Desk Lamp,Office,865.16,4,UK,3460.64
3427,26/11/2022,1729,Desk Lamp,Accessories,480.62,2,Israel,961.24
3428,24/06/2022,1478,Monitor,Office,788.22,1,Germany,788.22
3429,28/09/2024,1089,Mouse,Office,742.12,2,Israel,1484.24
3430,25/03/2023,1823,USB Cable,Accessories,380.12,2,USA,760.24
3431,03/08/2024,1863,USB Cable,Electronics,443.46,4,Germany,1773.84
3432,21/05/2022,1009,Monitor,Electronics,1145,3,Israel,3435
3433,28/01/2024,1086,Desk Lamp,Office,1134.82,2,USA,2269.64
3434,18/07/2024,1761,Monitor,Accessories,707.32,4,Israel,2829.28
3435,03/04/2022,1837,Webcam,Accessories,1077.68,2,Germany,2155.36
3436,27/08/2022,1150,Webcam,Accessories,678.95,1,USA,678.95
3437,24/07/2022,1987,Laptop,Electronics,1277.8,4,Israel,5111.2
3438,14/07/2023,1624,USB Cable,Accessories,502.55,3,France,1507.65
3439,02/09/2022,1029,Headphones,Accessories,1391.3,3,Germany,4173.9
3440,11/04/2024,1127,Headphones,Electronics,815.71,1,Germany,815.71
3441,13/07/2024,1077,Desk Lamp,Accessories,805.85,1,Germany,805.85
3442,22/10/2022,1420,Webcam,Electronics,1007.86,2,Canada,2015.72
3443,02/10/2023,1054,Laptop,Office,514.58,4,USA,2058.32
3444,05/05/2024,1479,Laptop,Office,1087.87,4,Germany,4351.48
3445,17/01/2022,1304,Laptop,Office,484.04,4,Israel,1936.16
3446,12/03/2022,1545,Desk Lamp,Office,599.32,4,France,2397.28
3447,01/11/2022,1104,Desk Lamp,Office,1013.68,2,Israel,2027.36
3448,27/10/2024,1171,Webcam,Electronics,570.78,4,Israel,2283.12
3449,27/03/2024,1498,Headphones,Electronics,303.96,4,Germany,1215.84
3450,31/03/2024,1021,Laptop,Electronics,1308.49,3,France,3925.47
3451,12/07/2022,1286,Webcam,Accessories,1383.62,3,France,4150.86
3452,13/06/2023,1390,Mouse,Office,941.96,2,France,1883.92
3453,20/06/2022,1616,Mouse,Accessories,1217.67,1,France,1217.67
3454,08/09/2022,1148,Keyboard,Accessories,1480.05,3,UK,4440.15
3455,25/06/2023,1271,Mouse,Accessories,924.09,1,France,924.09
3456,20/02/2023,1787,Monitor,Office,1363.65,2,Germany,2727.3
3457,04/03/2024,1298,Keyboard,Accessories,542.09,3,Canada,1626.27
3458,25/01/2022,1171,Mouse,Office,1052.21,3,France,3156.63
3459,30/10/2023,1046,Monitor,Office,88.43,2,Israel,176.86
3460,24/09/2023,1625,Mouse,Office,1184.51,4,UK,4738.04
3461,20/05/2023,1786,Webcam,Accessories,1245.56,2,Israel,2491.12
3462,02/12/2022,1815,USB Cable,Office,604.76,1,Germany,604.76
3463,01/03/2023,1991,Monitor,Office,960.24,1,Germany,960.24
3464,14/05/2023,1206,Laptop,Electronics,1288.25,4,Canada,5153
3465,04/08/2024,1452,Webcam,Accessories,1325.99,2,Canada,2651.98
3466,22/09/2023,1394,USB Cable,Electronics,164.26,2,France,328.52
3467,19/12/2023,1974,Monitor,Electronics,1242.09,4,Canada,4968.36
3468,05/12/2022,1924,Webcam,Accessories,414.99,2,Germany,829.98
3469,21/10/2023,1753,Laptop,Electronics,1092.32,3,UK,3276.96
3470,19/08/2024,1300,Monitor,Office,491.12,2,Canada,982.24
3471,05/03/2023,1707,Monitor,Electronics,89.21,3,Israel,267.63
3472,17/06/2024,1675,USB Cable,Electronics,318.76,2,Germany,637.52
3473,19/05/2022,1175,Webcam,Office,615.96,3,Canada,1847.88
3474,30/07/2024,1854,Mouse,Electronics,1113.14,1,Canada,1113.14
3475,26/06/2023,1782,Monitor,Office,155.55,4,Germany,622.2
3476,26/02/2022,1109,Mouse,Accessories,1220.34,1,UK,1220.34
3477,20/10/2023,1683,Monitor,Electronics,1495.44,3,USA,4486.32
3478,11/03/2023,1962,Headphones,Accessories,1183.45,4,USA,4733.8
3479,19/01/2023,1863,Keyboard,Electronics,713.24,1,UK,713.24
3480,14/07/2023,1201,Mouse,Office,854.4,1,Germany,854.4
3481,13/07/2022,1167,Mouse,Electronics,14.21,3,UK,42.63
3482,18/06/2023,1613,USB Cable,Accessories,317.86,2,UK,635.72
3483,02/06/2023,1085,Laptop,Office,1348.99,2,USA,2697.98
3484,17/12/2023,1653,Headphones,Office,37.49,3,France,112.47
3485,21/01/2024,1958,Laptop,Accessories,1357.67,1,Canada,1357.67
3486,04/07/2022,1848,Headphones,Accessories,174.31,2,Germany,348.62
3487,19/10/2022,1724,Headphones,Electronics,203.95,2,Israel,407.9
3488,02/01/2024,1050,Desk Lamp,Electronics,267.15,1,UK,267.15
3489,26/04/2022,1111,Webcam,Office,1200.08,3,USA,3600.24
3490,04/04/2024,1462,Webcam,Accessories,719.89,3,France,2159.67
3491,08/12/2024,1441,Webcam,Accessories,222.07,2,Germany,444.14
3492,16/11/2023,1270,Monitor,Electronics,1031.77,3,UK,3095.31
3493,23/03/2022,1576,USB Cable,Electronics,1411.33,1,USA,1411.33
3494,13/04/2024,1343,Laptop,Office,860.81,3,UK,2582.43
3495,29/11/2022,1182,Keyboard,Accessories,152.56,4,Israel,610.24
3496,11/07/2023,1502,Headphones,Accessories,86.85,3,Germany,260.55
3497,01/12/2022,1843,Headphones,Accessories,1194.83,3,Canada,3584.49
3498,16/06/2023,1009,USB Cable,Accessories,941,3,Germany,2823
3499,09/08/2022,1493,Mouse,Electronics,1384.37,4,Germany,5537.48
3500,27/09/2023,1233,Monitor,Electronics,823.14,1,Germany,823.14
3501,19/11/2022,1297,Keyboard,Electronics,98.28,3,USA,294.84
3502,03/01/2022,1243,Webcam,Office,608.51,2,Israel,1217.02
3503,25/07/2022,1508,Headphones,Accessories,988.7,3,UK,2966.1
3504,09/02/2022,1350,Mouse,Electronics,580.4,4,USA,2321.6
3505,28/02/2022,1266,Laptop,Accessories,1499.39,4,France,5997.56
3506,08/08/2024,1629,Headphones,Electronics,611.04,2,Germany,1222.08
3507,28/07/2023,1655,Mouse,Office,821.62,4,Germany,3286.48
3508,06/10/2023,1892,Laptop,Electronics,341.96,4,UK,1367.84
3509,22/04/2024,1200,Monitor,Office,232.45,4,Germany,929.8
3510,11/09/2023,1238,Webcam,Accessories,969.73,1,Germany,969.73
3511,06/04/2022,1333,USB Cable,Electronics,884.98,4,UK,3539.92
3512,16/06/2024,1914,Laptop,Electronics,11.49,3,Israel,34.47
3513,21/12/2024,1414,Headphones,Electronics,430.75,2,USA,861.5
3514,15/07/2023,1968,Desk Lamp,Accessories,967.15,3,Israel,2901.45
3515,23/06/2024,1483,Desk Lamp,Office,1219.31,3,UK,3657.93
3516,14/12/2022,1436,Keyboard,Office,471.99,2,Canada,943.98
3517,02/11/2023,1998,Laptop,Electronics,972.92,1,Canada,972.92
3518,13/11/2022,1245,Keyboard,Accessories,401.56,1,Canada,401.56
3519,20/12/2023,1857,Keyboard,Office,1037.12,4,Germany,4148.48
3520,07/12/2024,1007,Laptop,Office,1048.43,1,Germany,1048.43
3521,07/09/2022,1151,USB Cable,Office,199.68,1,Israel,199.68
3522,10/11/2022,1391,USB Cable,Office,999.31,4,France,3997.24
3523,17/03/2024,1210,Desk Lamp,Office,503.68,1,USA,503.68
3524,30/04/2023,1366,Monitor,Electronics,263.03,1,Germany,263.03
3525,13/02/2022,1943,USB Cable,Electronics,753.04,4,UK,3012.16
3526,25/07/2023,1669,Laptop,Electronics,681.18,3,Israel,2043.54
3527,06/08/2023,1569,Desk Lamp,Office,1161.94,3,USA,3485.82
3528,13/06/2024,1085,USB Cable,Office,131.35,2,Canada,262.7
3529,08/08/2022,1054,Mouse,Office,1185.68,1,France,1185.68
3530,13/07/2024,1712,Webcam,Electronics,163.59,4,Canada,654.36
3531,05/02/2023,1633,Keyboard,Office,315.15,4,Canada,1260.6
3532,28/12/2023,1445,Webcam,Electronics,776.24,1,Germany,776.24
3533,17/09/2024,1619,Desk Lamp,Office,697.45,1,Israel,697.45
3534,17/06/2024,1303,Headphones,Electronics,1483.34,4,Germany,5933.36
3535,07/05/2024,1131,Keyboard,Accessories,886.26,4,Israel,3545.04
3536,14/03/2024,1420,Desk Lamp,Office,494.52,4,France,1978.08
3537,05/05/2023,1903,Headphones,Office,1350.72,2,UK,2701.44
3538,26/07/2024,1384,Mouse,Electronics,471.76,3,UK,1415.28
3539,23/04/2024,1987,Mouse,Office,414.29,4,USA,1657.16
3540,24/09/2022,1197,Webcam,Electronics,744.09,3,Germany,2232.27
3541,23/02/2022,1046,Mouse,Electronics,1370.2,1,Germany,1370.2
3542,12/06/2023,1739,Desk Lamp,Accessories,1064.23,3,Germany,3192.69
3543,08/09/2023,1756,Desk Lamp,Accessories,1017.84,3,UK,3053.52
3544,18/12/2024,1202,Laptop,Office,1090.49,3,USA,3271.47
3545,29/11/2024,1260,Keyboard,Office,991.16,1,UK,991.16
3546,12/08/2024,1689,Headphones,Electronics,1140.9,3,Canada,3422.7
3547,21/01/2023,1023,USB Cable,Electronics,293.18,3,Israel,879.54
3548,04/01/2024,1686,Webcam,Electronics,270,2,Germany,540
3549,17/12/2023,1785,Webcam,Electronics,546.43,1,Israel,546.43
3550,12/10/2023,1339,Mouse,Office,1277.18,3,Canada,3831.54
3551,27/10/2022,1411,Mouse,Accessories,1073.11,1,France,1073.11
3552,30/01/2023,1972,Desk Lamp,Office,851.88,4,Israel,3407.52
3553,16/08/2023,1260,Headphones,Office,34.07,3,Israel,102.21
3554,29/05/2023,1285,Keyboard,Office,357.52,1,Israel,357.52
3555,31/01/2023,1512,Keyboard,Accessories,1206.25,3,UK,3618.75
3556,06/01/2023,1085,Desk Lamp,Office,367.52,3,Israel,1102.56
3557,07/05/2024,1849,Webcam,Accessories,1096.78,4,Canada,4387.12
3558,01/03/2024,1429,Headphones,Electronics,281.03,2,Germany,562.06
3559,20/10/2023,1580,Webcam,Office,911.52,1,USA,911.52
3560,06/01/2024,1030,Desk Lamp,Electronics,944.18,3,France,2832.54
3561,19/01/2023,1709,USB Cable,Electronics,1129.19,4,Germany,4516.76
3562,03/03/2022,1602,Monitor,Electronics,660.32,4,USA,2641.28
3563,20/05/2023,1439,Keyboard,Office,950.85,2,Germany,1901.7
3564,27/08/2022,1984,Headphones,Electronics,733.02,2,Israel,1466.04
3565,14/07/2022,1348,USB Cable,Office,1421.27,4,France,5685.08
3566,09/11/2023,1894,Headphones,Electronics,785.21,4,Germany,3140.84
3567,02/03/2022,1411,Webcam,Office,318.35,1,France,318.35
3568,16/09/2024,1527,Mouse,Office,1003.5,1,UK,1003.5
3569,16/11/2023,1309,Desk Lamp,Office,824.96,4,UK,3299.84
3570,05/06/2022,1948,Headphones,Electronics,1206.73,4,Israel,4826.92
3571,11/07/2024,1395,Webcam,Office,269.48,2,Israel,538.96
3572,17/05/2024,1787,Laptop,Electronics,395.1,1,UK,395.1
3573,21/06/2024,1337,Mouse,Accessories,1382.84,4,Germany,5531.36
3574,25/09/2024,1673,Mouse,Electronics,1395.39,1,USA,1395.39
3575,01/09/2024,1436,Keyboard,Electronics,666.17,1,USA,666.17
3576,23/01/2023,1703,Monitor,Office,76.39,4,UK,305.56
3577,05/06/2024,1662,Keyboard,Electronics,463.3,4,USA,1853.2
3578,17/04/2024,1364,Laptop,Accessories,374.45,3,Germany,1123.35
3579,06/12/2022,1922,Webcam,Office,624.94,1,USA,624.94
3580,23/07/2022,1112,Desk Lamp,Electronics,480.11,1,Canada,480.11
3581,10/06/2022,1784,Mouse,Electronics,1244.34,2,USA,2488.68
3582,27/01/2023,1175,Mouse,Office,9.54,2,Canada,19.08
3583,08/02/2024,1148,USB Cable,Office,968.72,2,UK,1937.44
3584,29/07/2023,1177,Headphones,Electronics,998.08,1,France,998.08
3585,18/06/2023,1935,Desk Lamp,Electronics,992.64,4,France,3970.56
3586,29/12/2024,1381,Monitor,Office,783.29,4,Germany,3133.16
3587,11/06/2024,1222,Monitor,Office,918.6,4,France,3674.4
3588,09/02/2023,1258,Headphones,Accessories,1216.69,1,Israel,1216.69
3589,31/08/2023,1784,Desk Lamp,Accessories,1177.37,4,UK,4709.48
3590,07/04/2024,1188,Laptop,Accessories,56.76,2,Canada,113.52
3591,21/11/2023,1305,Monitor,Office,50.5,4,Canada,202
3592,20/06/2024,1377,Mouse,Office,1259.22,4,France,5036.88
3593,25/02/2022,1601,Laptop,Office,864.22,2,USA,1728.44
3594,01/01/2023,1342,Keyboard,Electronics,1436.35,3,France,4309.05
3595,31/03/2023,1773,Desk Lamp,Office,650.23,3,UK,1950.69
3596,14/04/2022,1155,Keyboard,Electronics,269.23,3,USA,807.69
3597,18/03/2022,1711,Laptop,Office,712.49,1,USA,712.49
3598,18/08/2022,1054,Mouse,Office,657.63,1,Canada,657.63
3599,27/11/2022,1765,USB Cable,Electronics,778.18,2,UK,1556.36
3600,11/06/2024,1441,Keyboard,Office,1212.88,3,Germany,3638.64
3601,19/11/2023,1684,Webcam,Office,985.1,1,Germany,985.1
3602,27/01/2022,1199,Mouse,Office,281.99,4,UK,1127.96
3603,26/10/2022,1402,Headphones,Accessories,1103.04,3,Canada,3309.12
3604,14/08/2024,1613,Monitor,Office,889.88,3,UK,2669.64
3605,09/03/2024,1796,USB Cable,Electronics,869.57,1,UK,869.57
3606,25/04/2023,1662,USB Cable,Electronics,1018.99,3,USA,3056.97
3607,27/07/2023,1622,Laptop,Electronics,848.13,2,USA,1696.26
3608,03/04/2023,1927,Monitor,Office,688.98,2,UK,1377.96
3609,31/12/2022,1777,Headphones,Electronics,962.37,1,Canada,962.37
3610,08/05/2024,1602,Keyboard,Accessories,1086.97,3,USA,3260.91
3611,17/12/2022,1176,USB Cable,Electronics,342.52,2,Israel,685.04
3612,10/09/2022,1448,Webcam,Office,748.09,3,UK,2244.27
3613,20/02/2024,1742,Mouse,Accessories,689.97,2,USA,1379.94
3614,13/03/2024,1540,Desk Lamp,Electronics,64.66,2,Germany,129.32
3615,08/10/2024,1954,USB Cable,Accessories,1252.49,3,UK,3757.47
3616,04/04/2023,1300,USB Cable,Electronics,569.19,1,UK,569.19
3617,05/07/2024,1706,Mouse,Office,113.67,1,UK,113.67
3618,14/05/2023,1306,Headphones,Accessories,689.56,1,France,689.56
3619,07/08/2024,1750,Laptop,Electronics,246.41,3,UK,739.23
3620,23/05/2023,1868,USB Cable,Electronics,1058.1,3,Germany,3174.3
3621,16/05/2023,1990,USB Cable,Accessories,859.8,3,USA,2579.4
3622,13/03/2024,1895,Monitor,Accessories,408.82,1,UK,408.82
3623,21/08/2023,1266,Desk Lamp,Accessories,1425.96,3,Canada,4277.88
3624,15/06/2022,1213,Webcam,Accessories,441.16,1,Israel,441.16
3625,07/04/2023,1593,Keyboard,Electronics,834.72,2,Canada,1669.44
3626,08/07/2024,1639,Laptop,Electronics,1203.34,1,Canada,1203.34
3627,24/04/2022,1482,Desk Lamp,Electronics,773.27,1,USA,773.27
3628,18/09/2024,1261,Webcam,Office,1441.48,4,Germany,5765.92
3629,26/07/2022,1066,Webcam,Accessories,1266.56,4,France,5066.24
3630,30/05/2023,1573,Headphones,Electronics,1381.92,1,Germany,1381.92
3631,10/12/2023,1132,Desk Lamp,Accessories,562.19,4,Canada,2248.76
3632,18/05/2022,1648,Headphones,Accessories,824.79,3,France,2474.37
3633,05/12/2022,1539,Mouse,Electronics,1261.05,4,USA,5044.2
3634,21/06/2023,1511,Keyboard,Accessories,1355.73,4,France,5422.92
3635,09/03/2022,1210,Laptop,Accessories,1416.82,4,USA,5667.28
3636,18/01/2023,1987,Mouse,Accessories,1319.33,1,Germany,1319.33
3637,19/01/2022,1986,USB Cable,Accessories,1097.48,2,Canada,2194.96
3638,14/11/2023,1716,Keyboard,Accessories,41.2,2,Germany,82.4
3639,15/03/2022,1252,Monitor,Electronics,475.86,2,France,951.72
3640,27/07/2023,1037,Monitor,Electronics,197.76,2,Israel,395.52
3641,27/07/2024,1042,Mouse,Accessories,236.36,2,Canada,472.72
3642,07/12/2024,1628,Laptop,Accessories,439.91,2,Canada,879.82
3643,30/07/2022,1404,Keyboard,Accessories,116.74,1,Germany,116.74
3644,04/05/2024,1986,Monitor,Office,368.33,3,France,1104.99
3645,13/10/2023,1701,Monitor,Accessories,1435.68,3,UK,4307.04
3646,20/09/2024,1045,Laptop,Office,471.36,2,USA,942.72
3647,26/11/2023,1453,Desk Lamp,Office,243.77,4,UK,975.08
3648,24/06/2023,1677,Mouse,Office,1078.86,4,UK,4315.44
3649,19/06/2024,1304,Headphones,Electronics,1243.62,1,UK,1243.62
3650,19/02/2024,1714,USB Cable,Office,474.49,2,France,948.98
3651,19/06/2022,1232,Webcam,Accessories,421.35,2,Germany,842.7
3652,03/11/2024,1244,USB Cable,Accessories,366.43,4,Canada,1465.72
3653,15/10/2022,1720,Keyboard,Electronics,592.93,2,UK,1185.86
3654,08/07/2022,1759,Monitor,Electronics,135.41,2,France,270.82
3655,02/07/2024,1294,Webcam,Accessories,1005.35,4,Germany,4021.4
3656,25/11/2023,1838,Webcam,Electronics,1234.23,3,USA,3702.69
3657,06/06/2024,1382,Headphones,Electronics,997.21,3,Germany,2991.63
3658,16/04/2023,1157,Webcam,Office,634.69,1,Germany,634.69
3659,04/10/2022,1404,Laptop,Office,437,4,UK,1748
3660,28/07/2024,1000,Mouse,Electronics,617.12,1,France,617.12
3661,25/07/2023,1216,Keyboard,Accessories,638.64,2,Canada,1277.28
3662,06/05/2024,1927,Laptop,Office,1000.7,4,Israel,4002.8
3663,27/09/2024,1506,Mouse,Accessories,1392.45,3,USA,4177.35
3664,03/04/2023,1760,Laptop,Electronics,110.53,2,France,221.06
3665,06/07/2024,1903,Monitor,Accessories,1430.26,3,Canada,4290.78
3666,12/04/2024,1580,Monitor,Accessories,1365.75,3,UK,4097.25
3667,23/12/2024,1029,Headphones,Accessories,181.01,1,France,181.01
3668,18/04/2024,1626,Laptop,Accessories,279.46,4,Canada,1117.84
3669,12/07/2022,1519,USB Cable,Electronics,470.84,4,Israel,1883.36
3670,08/09/2023,1880,Webcam,Electronics,841.7,4,USA,3366.8
3671,10/02/2023,1274,Monitor,Office,206.04,1,Germany,206.04
3672,31/07/2024,1491,Desk Lamp,Office,304.5,3,Canada,913.5
3673,22/12/2023,1826,Mouse,Office,1354.5,1,USA,1354.5
3674,03/04/2022,1950,Desk Lamp,Office,168.4,4,Israel,673.6
3675,06/03/2023,1925,Desk Lamp,Accessories,601.32,2,USA,1202.64
3676,16/10/2023,1846,Headphones,Office,1145.69,4,Canada,4582.76
3677,10/03/2023,1035,Desk Lamp,Office,1333.43,4,USA,5333.72
3678,10/01/2023,1310,Desk Lamp,Accessories,507.38,3,UK,1522.14
3679,18/12/2024,1043,Desk Lamp,Electronics,250.83,4,Germany,1003.32
3680,02/12/2024,1154,Webcam,Office,1106.83,4,Israel,4427.32
3681,26/07/2022,1076,Keyboard,Electronics,1159.97,3,UK,3479.91
3682,19/02/2024,1589,Laptop,Office,1470.15,4,USA,5880.6
3683,16/06/2023,1612,USB Cable,Electronics,213.62,4,USA,854.48
3684,15/06/2022,1437,Desk Lamp,Office,1065.58,3,France,3196.74
3685,05/10/2023,1431,Desk Lamp,Electronics,628.85,2,UK,1257.7
3686,31/03/2022,1541,Monitor,Electronics,1372.37,3,Israel,4117.11
3687,13/01/2022,1038,USB Cable,Office,614.71,4,Israel,2458.84
3688,30/08/2024,1238,Webcam,Electronics,671.71,1,Israel,671.71
3689,15/03/2024,1012,Mouse,Office,194.56,2,Canada,389.12
3690,02/08/2024,1121,Laptop,Office,484.8,3,Canada,1454.4
3691,12/01/2024,1143,USB Cable,Accessories,604.26,2,Canada,1208.52
3692,25/05/2024,1683,Mouse,Office,31.18,2,Israel,62.36
3693,22/10/2023,1454,Headphones,Office,659.17,1,USA,659.17
3694,28/10/2024,1367,Monitor,Office,507.8,1,Canada,507.8
3695,18/11/2024,1758,Monitor,Office,1206.74,1,USA,1206.74
3696,23/10/2022,1246,Headphones,Accessories,165.13,4,UK,660.52
3697,12/09/2024,1922,Mouse,Accessories,1141.52,3,Germany,3424.56
3698,14/07/2024,1044,USB Cable,Accessories,1072.45,4,Israel,4289.8
3699,02/10/2023,1764,Laptop,Accessories,366.46,3,USA,1099.38
3700,06/12/2022,1374,Mouse,Electronics,129.49,4,UK,517.96
3701,20/09/2023,1290,Laptop,Office,1263.54,4,Israel,5054.16
3702,15/03/2023,1206,Webcam,Accessories,377.9,1,Germany,377.9
3703,30/07/2024,1923,Desk Lamp,Office,222.61,4,Israel,890.44
3704,09/04/2024,1994,Headphones,Accessories,541.76,1,Canada,541.76
3705,03/06/2023,1518,Keyboard,Office,604.32,3,France,1812.96
3706,02/09/2024,1957,Laptop,Electronics,492.5,1,Israel,492.5
3707,04/12/2024,1241,Monitor,Accessories,1464.84,2,France,2929.68
3708,12/08/2024,1621,Desk Lamp,Electronics,1321.83,2,Germany,2643.66
3709,09/08/2024,1113,Webcam,Electronics,1310.1,4,France,5240.4
3710,01/08/2024,1818,Monitor,Office,601.16,2,Germany,1202.32
3711,04/06/2022,1301,Webcam,Accessories,1444.49,3,UK,4333.47
3712,29/03/2022,1275,Monitor,Electronics,1027.6,4,France,4110.4
3713,19/07/2024,1095,Mouse,Office,1248.83,1,Canada,1248.83
3714,28/06/2022,1293,USB Cable,Office,753.81,4,Israel,3015.24
3715,31/07/2022,1700,Mouse,Office,245.12,4,Israel,980.48
3716,10/04/2023,1359,Mouse,Electronics,1330.89,2,UK,2661.78
3717,23/09/2023,1287,USB Cable,Office,732.21,4,USA,2928.84
3718,04/04/2024,1153,Webcam,Office,1452.99,3,Canada,4358.97
3719,30/08/2023,1569,Webcam,Office,386.02,4,Canada,1544.08
3720,03/06/2024,1422,USB Cable,Electronics,1488.61,1,Germany,1488.61
3721,01/01/2023,1915,Monitor,Office,337.52,1,Canada,337.52
3722,03/10/2022,1849,Laptop,Electronics,555.41,2,USA,1110.82
3723,15/01/2023,1049,Webcam,Office,893.05,4,USA,3572.2
3724,02/08/2024,1206,Monitor,Electronics,1041.52,1,UK,1041.52
3725,23/12/2024,1563,Laptop,Electronics,1081.82,4,UK,4327.28
3726,20/03/2024,1853,USB Cable,Accessories,717,4,France,2868
3727,13/07/2024,1882,Mouse,Accessories,119.86,1,Canada,119.86
3728,09/05/2023,1661,Webcam,Accessories,746.59,4,France,2986.36
3729,30/12/2024,1564,Keyboard,Electronics,505.36,2,France,1010.72
3730,30/12/2022,1212,Mouse,Office,988.2,2,France,1976.4
3731,24/07/2023,1065,Headphones,Office,277.5,1,France,277.5
3732,02/02/2024,1231,Laptop,Electronics,593.9,3,Israel,1781.7
3733,03/10/2022,1884,Keyboard,Office,1449.35,3,UK,4348.05
3734,19/02/2022,1810,Mouse,Electronics,137.86,4,Germany,551.44
3735,29/12/2023,1849,Desk Lamp,Office,905.49,2,Germany,1810.98
3736,24/06/2024,1662,Webcam,Electronics,140.52,1,Germany,140.52
3737,16/07/2024,1716,Keyboard,Accessories,239.71,2,Germany,479.42
3738,18/07/2023,1319,Monitor,Accessories,909.38,3,Germany,2728.14
3739,22/02/2024,1766,Laptop,Office,668.77,3,Israel,2006.31
3740,30/04/2023,1136,Headphones,Office,825.01,4,UK,3300.04
3741,07/08/2023,1880,Monitor,Office,1320.41,1,Canada,1320.41
3742,24/08/2022,1646,Desk Lamp,Office,1226.77,4,France,4907.08
3743,25/02/2022,1936,Keyboard,Accessories,1332.53,2,France,2665.06
3744,26/12/2022,1565,Mouse,Accessories,926.3,2,France,1852.6
3745,20/04/2022,1064,Laptop,Electronics,737.02,3,UK,2211.06
3746,11/07/2022,1513,Webcam,Office,691.5,4,UK,2766
3747,22/06/2024,1131,Headphones,Accessories,1111.01,2,Canada,2222.02
3748,11/05/2024,1333,Mouse,Electronics,784.34,2,Israel,1568.68
3749,22/07/2023,1031,Headphones,Electronics,163.12,2,Israel,326.24
3750,19/12/2024,1867,Webcam,Electronics,217.2,1,Canada,217.2
3751,12/10/2023,1897,USB Cable,Accessories,538.84,3,France,1616.52
3752,08/02/2022,1871,Laptop,Electronics,106.4,4,Canada,425.6
3753,08/12/2024,1497,Keyboard,Office,362.65,2,UK,725.3
3754,29/09/2023,1242,Headphones,Electronics,986.32,1,France,986.32
3755,02/11/2024,1191,Laptop,Electronics,23.58,2,Israel,47.16
3756,05/02/2022,1141,Headphones,Accessories,908.12,2,Canada,1816.24
3757,11/04/2022,1659,Mouse,Electronics,1159.67,3,France,3479.01
3758,15/06/2022,1600,Headphones,Accessories,259.38,1,Israel,259.38
3759,18/01/2023,1560,USB Cable,Accessories,275.55,2,USA,551.1
3760,29/02/2024,1647,Mouse,Office,48.14,3,Germany,144.42
3761,31/01/2022,1987,Mouse,Electronics,771.11,1,USA,771.11
3762,11/01/2022,1190,Laptop,Office,983.61,2,Canada,1967.22
3763,06/04/2022,1941,Monitor,Office,688.08,4,France,2752.32
3764,29/03/2023,1148,Webcam,Electronics,587.23,3,France,1761.69
3765,11/07/2022,1598,Headphones,Electronics,684.35,2,UK,1368.7
3766,01/05/2023,1415,Keyboard,Accessories,1173.38,2,Germany,2346.76
3767,26/08/2022,1519,Desk Lamp,Electronics,55.1,1,Israel,55.1
3768,24/12/2024,1734,Mouse,Accessories,1176.81,4,France,4707.24
3769,05/01/2024,1868,Monitor,Office,1001.18,3,Israel,3003.54
3770,17/09/2024,1015,Mouse,Office,365.93,1,Israel,365.93
3771,04/04/2024,1807,Monitor,Accessories,789.49,2,Israel,1578.98
3772,16/04/2022,1105,Monitor,Electronics,78.69,3,USA,236.07
3773,30/06/2022,1282,Keyboard,Electronics,572.49,2,Israel,1144.98
3774,03/07/2022,1103,Monitor,Accessories,265.19,2,UK,530.38
3775,14/08/2022,1360,Keyboard,Office,38.34,4,USA,153.36
3776,16/02/2024,1657,Laptop,Accessories,538.85,2,USA,1077.7
3777,29/02/2024,1034,Mouse,Electronics,1090.54,3,France,3271.62
3778,19/11/2023,1112,Keyboard,Electronics,1381.93,2,Germany,2763.86
3779,14/06/2023,1307,Webcam,Accessories,995.08,3,Germany,2985.24
3780,29/08/2024,1910,USB Cable,Electronics,605.95,4,Canada,2423.8
3781,24/07/2024,1958,Mouse,Office,1499.25,2,France,2998.5
3782,16/04/2022,1052,USB Cable,Accessories,428,1,Germany,428
3783,10/04/2024,1858,Webcam,Office,284.76,3,Israel,854.28
3784,10/11/2023,1080,Headphones,Office,698.2,2,UK,1396.4
3785,28/04/2024,1615,Webcam,Accessories,759.84,1,Israel,759.84
3786,21/11/2024,1833,Laptop,Accessories,535.46,3,Germany,1606.38
3787,28/01/2023,1368,Headphones,Electronics,1044.77,1,Germany,1044.77
3788,09/02/2022,1241,Headphones,Electronics,279.88,2,UK,559.76
3789,22/10/2023,1030,Monitor,Accessories,767.96,4,USA,3071.84
3790,07/09/2024,1828,Webcam,Accessories,752.69,4,USA,3010.76
3791,24/04/2024,1703,Desk Lamp,Electronics,1236.56,1,UK,1236.56
3792,20/07/2022,1868,Monitor,Electronics,1390.82,2,USA,2781.64
3793,23/03/2023,1360,Webcam,Electronics,996.58,2,Germany,1993.16
3794,27/11/2024,1232,Headphones,Accessories,461.53,3,USA,1384.59
3795,20/03/2023,1609,Desk Lamp,Accessories,1035.97,2,Germany,2071.94
3796,31/01/2024,1033,Monitor,Electronics,380.8,4,France,1523.2
3797,15/08/2022,1242,USB Cable,Office,1449.98,2,Israel,2899.96
3798,17/02/2022,1950,Mouse,Office,1234.43,3,USA,3703.29
3799,07/11/2024,1058,Desk Lamp,Electronics,649.63,3,France,1948.89
3800,30/06/2024,1770,Webcam,Accessories,1177.59,2,Canada,2355.18
3801,06/07/2022,1528,Webcam,Accessories,615.94,2,USA,1231.88
3802,11/12/2022,1077,Monitor,Office,116.54,3,France,349.62
3803,12/08/2022,1717,Webcam,Electronics,1061.62,3,UK,3184.86
3804,09/04/2024,1301,Headphones,Office,609.9,1,France,609.9
3805,03/05/2023,1677,Monitor,Office,1395.83,4,Germany,5583.32
3806,26/05/2024,1802,Monitor,Electronics,463.31,4,UK,1853.24
3807,28/04/2024,1896,Desk Lamp,Office,1265.78,1,UK,1265.78
3808,05/09/2024,1111,Keyboard,Accessories,1022.25,1,Germany,1022.25
3809,13/10/2024,1412,USB Cable,Office,1280.72,4,USA,5122.88
3810,07/07/2022,1899,USB Cable,Electronics,441.36,3,UK,1324.08
3811,27/09/2022,1316,Keyboard,Accessories,694.71,4,USA,2778.84
3812,06/11/2022,1864,Desk Lamp,Accessories,1235.58,3,Israel,3706.74
3813,31/12/2024,1144,Headphones,Office,967.51,4,France,3870.04
3814,24/04/2024,1667,Mouse,Accessories,543.08,3,France,1629.24
3815,01/05/2023,1689,Webcam,Electronics,770.43,4,Germany,3081.72
3816,30/04/2022,1857,Desk Lamp,Office,1494.17,1,Germany,1494.17
3817,08/08/2022,1647,Laptop,Accessories,1114.06,2,Canada,2228.12
3818,22/02/2022,1929,Webcam,Electronics,923.71,2,France,1847.42
3819,28/01/2024,1826,Laptop,Office,1242.73,2,Israel,2485.46
3820,08/01/2024,1017,Desk Lamp,Electronics,665.84,3,Germany,1997.52
3821,21/12/2023,1350,USB Cable,Accessories,1425.35,2,Israel,2850.7
3822,10/02/2023,1954,Headphones,Office,830.27,4,Canada,3321.08
3823,31/08/2023,1154,Mouse,Office,493.67,2,Germany,987.34
3824,17/10/2024,1783,Mouse,Accessories,133.6,3,UK,400.8
3825,26/02/2023,1505,Mouse,Electronics,566.66,3,Canada,1699.98
3826,13/12/2023,1777,Keyboard,Accessories,855.11,3,USA,2565.33
3827,04/09/2022,1359,Headphones,Office,1056.36,4,France,4225.44
3828,13/03/2022,1331,Laptop,Office,1313.3,3,USA,3939.9
3829,04/07/2022,1917,Mouse,Accessories,1416.22,4,Canada,5664.88
3830,06/01/2022,1527,Headphones,Electronics,158.17,3,France,474.51
3831,24/06/2024,1011,Webcam,Accessories,903.35,1,Canada,903.35
3832,22/01/2023,1074,Laptop,Electronics,1001.55,3,Germany,3004.65
3833,30/11/2023,1211,USB Cable,Electronics,262.24,2,USA,524.48
3834,06/04/2024,1690,Keyboard,Office,820.67,2,Canada,1641.34
3835,15/12/2022,1640,Monitor,Electronics,505.58,1,Canada,505.58
3836,04/11/2022,1282,Desk Lamp,Office,120.74,3,Israel,362.22
3837,14/10/2022,1194,Desk Lamp,Electronics,103.47,2,Canada,206.94
3838,05/02/2024,1779,Laptop,Electronics,1140.02,2,Germany,2280.04
3839,26/12/2023,1029,USB Cable,Office,925.11,4,Canada,3700.44
3840,01/02/2024,1008,USB Cable,Electronics,1074.11,4,UK,4296.44
3841,18/01/2023,1308,USB Cable,Accessories,1029.49,3,USA,3088.47
3842,23/01/2023,1444,Webcam,Electronics,205.8,1,USA,205.8
3843,09/06/2023,1309,Laptop,Office,231.59,3,UK,694.77
3844,01/10/2023,1676,Laptop,Office,382.46,4,France,1529.84
3845,26/07/2024,1704,Monitor,Accessories,601.66,4,Germany,2406.64
3846,03/10/2022,1425,Mouse,Electronics,1409.07,3,UK,4227.21
3847,15/05/2023,1816,Webcam,Accessories,1012.47,3,Canada,3037.41
3848,18/12/2023,1771,USB Cable,Electronics,386.48,3,Israel,1159.44
3849,03/12/2022,1703,Monitor,Accessories,88.7,3,Germany,266.1
3850,20/07/2024,1590,Laptop,Office,1027.91,1,UK,1027.91
3851,26/04/2023,1690,Webcam,Office,939.85,2,UK,1879.7
3852,29/06/2024,1090,Keyboard,Accessories,1015.27,3,USA,3045.81
3853,17/12/2024,1455,Laptop,Electronics,395.46,2,USA,790.92
3854,19/04/2022,1443,Keyboard,Electronics,777.86,4,USA,3111.44
3855,24/11/2022,1726,Headphones,Office,545.75,2,Germany,1091.5
3856,11/11/2022,1078,Keyboard,Electronics,1227.46,3,Canada,3682.38
3857,30/11/2023,1474,Laptop,Accessories,108.75,2,France,217.5
3858,20/02/2024,1926,Monitor,Accessories,416.79,3,Germany,1250.37
3859,05/06/2022,1102,Laptop,Electronics,906.42,3,USA,2719.26
3860,05/06/2024,1622,Laptop,Office,311.81,4,USA,1247.24
3861,22/10/2024,1455,Headphones,Office,1010.71,3,Germany,3032.13
3862,28/01/2024,1989,USB Cable,Office,209.47,4,Canada,837.88
3863,23/12/2023,1313,Mouse,Office,39.1,1,Canada,39.1
3864,01/07/2024,1246,Laptop,Office,1295.92,3,UK,3887.76
3865,20/05/2024,1233,Headphones,Accessories,503.5,4,UK,2014
3866,13/01/2022,1593,Monitor,Electronics,239.49,4,USA,957.96
3867,31/08/2023,1643,Headphones,Accessories,263.2,3,USA,789.6
3868,13/05/2023,1234,Desk Lamp,Office,1329.41,2,France,2658.82
3869,26/08/2022,1789,Headphones,Office,983.37,4,Canada,3933.48
3870,20/02/2024,1386,Keyboard,Electronics,1434.74,1,UK,1434.74
3871,29/08/2023,1846,Mouse,Electronics,1201.06,2,France,2402.12
3872,23/10/2023,1610,Mouse,Electronics,1152.48,2,USA,2304.96
3873,28/04/2024,1942,Webcam,Accessories,752.23,3,Canada,2256.69
3874,24/07/2024,1037,USB Cable,Electronics,1232.1,4,USA,4928.4
3875,20/09/2023,1160,Monitor,Accessories,621.92,1,France,621.92
3876,23/05/2022,1461,Webcam,Office,1241.37,4,France,4965.48
3877,15/12/2023,1943,USB Cable,Accessories,1137.82,1,USA,1137.82
3878,24/04/2023,1448,USB Cable,Electronics,1019.27,4,Israel,4077.08
3879,19/07/2023,1116,Headphones,Accessories,497.93,3,USA,1493.79
3880,16/04/2023,1240,Monitor,Accessories,947.91,1,UK,947.91
3881,19/01/2023,1025,USB Cable,Accessories,762.65,3,Canada,2287.95
3882,14/07/2024,1647,Monitor,Electronics,695.01,4,Canada,2780.04
3883,21/02/2023,1561,Mouse,Accessories,1485.42,1,USA,1485.42
3884,04/11/2022,1975,Mouse,Electronics,759.07,1,Germany,759.07
3885,11/10/2023,1805,Mouse,Accessories,52.82,4,USA,211.28
3886,21/10/2024,1905,Laptop,Accessories,941.57,3,Israel,2824.71
3887,03/12/2024,1297,Headphones,Accessories,1093.38,1,UK,1093.38
3888,09/01/2024,1804,Desk Lamp,Electronics,1328.35,1,USA,1328.35
3889,20/05/2022,1153,Monitor,Electronics,950.86,1,France,950.86
3890,31/08/2024,1731,Headphones,Electronics,34.09,4,UK,136.36
3891,13/10/2024,1651,USB Cable,Office,184.02,2,UK,368.04
3892,10/08/2024,1467,Monitor,Electronics,246.05,4,Israel,984.2
3893,22/06/2024,1048,Monitor,Accessories,320.84,3,Canada,962.52
3894,13/03/2022,1653,Webcam,Office,1200.67,2,France,2401.34
3895,17/04/2022,1045,Monitor,Electronics,468.09,1,Germany,468.09
3896,01/12/2024,1674,Monitor,Electronics,471.98,1,USA,471.98
3897,01/06/2024,1284,Keyboard,Office,1134.6,2,Germany,2269.2
3898,19/05/2022,1779,Desk Lamp,Office,621.59,1,Canada,621.59
3899,07/09/2023,1627,Keyboard,Electronics,101.64,1,France,101.64
3900,12/05/2024,1081,Webcam,Office,879.76,4,UK,3519.04
3901,30/09/2022,1043,Laptop,Accessories,199.45,4,Israel,797.8
3902,20/02/2023,1705,Mouse,Accessories,859.64,3,Israel,2578.92
3903,21/05/2023,1769,USB Cable,Accessories,1170.56,1,UK,1170.56
3904,03/01/2024,1954,USB Cable,Electronics,1394.59,3,Israel,4183.77
3905,28/02/2023,1272,Desk Lamp,Accessories,105.24,3,Germany,315.72
3906,25/01/2023,1393,Monitor,Office,459.43,2,Canada,918.86
3907,08/12/2022,1785,Headphones,Accessories,980.43,2,UK,1960.86
3908,03/08/2024,1789,USB Cable,Office,476.6,1,USA,476.6
3909,06/09/2023,1594,Keyboard,Accessories,679.28,2,USA,1358.56
3910,08/05/2023,1057,Mouse,Office,35.04,3,France,105.12
3911,11/07/2022,1564,Laptop,Accessories,1041.78,4,Canada,4167.12
3912,14/05/2023,1000,Mouse,Accessories,1325.5,2,Canada,2651
3913,01/04/2024,1215,Monitor,Accessories,1465.41,3,UK,4396.23
3914,15/08/2022,1316,Desk Lamp,Office,1246.65,2,Canada,2493.3
3915,19/05/2022,1227,Mouse,Office,52.51,1,Germany,52.51
3916,05/05/2024,1472,Monitor,Accessories,979.52,2,Canada,1959.04
3917,27/03/2024,1483,Webcam,Office,746.01,4,UK,2984.04
3918,22/12/2024,1765,Keyboard,Office,1407.15,1,UK,1407.15
3919,14/04/2022,1670,Keyboard,Electronics,1353.7,2,Germany,2707.4
3920,20/05/2024,1286,Monitor,Accessories,1482.13,4,Israel,5928.52
3921,30/10/2023,1510,Headphones,Office,1293.59,3,Germany,3880.77
3922,30/09/2022,1577,Keyboard,Office,822.6,2,UK,1645.2
3923,26/10/2024,1914,Desk Lamp,Office,1073.78,2,UK,2147.56
3924,03/07/2022,1820,Headphones,Office,1447.19,3,UK,4341.57
3925,17/11/2024,1971,Monitor,Electronics,869.28,3,UK,2607.84
3926,20/10/2022,1457,Webcam,Office,1260.77,2,France,2521.54
3927,26/06/2022,1094,Monitor,Office,1413.6,4,Israel,5654.4
3928,27/02/2022,1492,Webcam,Electronics,857.95,3,UK,2573.85
3929,04/11/2022,1764,USB Cable,Accessories,242.94,3,France,728.82
3930,03/09/2024,1149,Keyboard,Accessories,237.57,4,Canada,950.28
3931,01/12/2023,1022,Desk Lamp,Electronics,177.4,2,UK,354.8
3932,24/03/2022,1755,Headphones,Accessories,717.1,1,Israel,717.1
3933,09/09/2022,1214,Desk Lamp,Accessories,722.81,2,Israel,1445.62
3934,06/03/2024,1398,Monitor,Electronics,927.97,2,Germany,1855.94
3935,15/06/2024,1409,USB Cable,Office,726.89,1,France,726.89
3936,29/07/2022,1130,Keyboard,Electronics,1459.72,2,Canada,2919.44
3937,26/03/2024,1854,Desk Lamp,Electronics,440.51,2,Israel,881.02
3938,01/09/2023,1147,USB Cable,Electronics,1311.36,3,USA,3934.08
3939,23/03/2023,1380,Webcam,Electronics,154.99,4,UK,619.96
3940,05/04/2023,1108,Monitor,Electronics,904.87,2,Israel,1809.74
3941,25/08/2024,1551,USB Cable,Office,974.25,1,Canada,974.25
3942,17/04/2023,1120,Desk Lamp,Accessories,1159.48,1,Canada,1159.48
3943,05/01/2023,1294,USB Cable,Electronics,757.02,3,France,2271.06
3944,18/06/2024,1119,Webcam,Office,299.85,2,France,599.7
3945,11/07/2024,1455,Mouse,Electronics,556.65,2,France,1113.3
3946,17/05/2022,1529,Desk Lamp,Office,411.88,2,Germany,823.76
3947,02/01/2023,1168,Webcam,Accessories,631.56,2,Canada,1263.12
3948,30/06/2024,1709,Mouse,Office,797.3,1,UK,797.3
3949,03/07/2022,1922,Keyboard,Office,939.48,1,USA,939.48
3950,17/04/2023,1995,Monitor,Accessories,1268.46,3,France,3805.38
3951,16/10/2023,1142,USB Cable,Accessories,1365.47,2,UK,2730.94
3952,19/01/2024,1036,Keyboard,Office,696.56,1,France,696.56
3953,21/06/2023,1697,Laptop,Electronics,137.56,2,France,275.12
3954,12/03/2024,1260,Webcam,Electronics,1196.61,4,Canada,4786.44
3955,08/07/2024,1230,Keyboard,Accessories,718.35,4,USA,2873.4
3956,25/05/2023,1253,Keyboard,Electronics,821.94,1,UK,821.94
3957,22/09/2023,1328,USB Cable,Accessories,895.71,4,France,3582.84
3958,28/09/2024,1902,Mouse,Office,1003.46,4,Canada,4013.84
3959,04/07/2024,1296,Webcam,Office,1335.7,1,Germany,1335.7
3960,30/10/2024,1979,Mouse,Electronics,1428.46,3,France,4285.38
3961,01/06/2022,1009,Monitor,Accessories,1410.55,4,Canada,5642.2
3962,25/10/2024,1445,Keyboard,Electronics,1215.15,2,UK,2430.3
3963,09/04/2023,1921,Webcam,Electronics,1334.42,4,Israel,5337.68
3964,28/09/2022,1835,Keyboard,Office,79.23,3,France,237.69
3965,05/04/2023,1229,Monitor,Electronics,1274.42,3,Germany,3823.26
3966,15/04/2022,1535,Headphones,Office,113.04,3,Germany,339.12
3967,11/06/2022,1077,Monitor,Accessories,1120.56,3,France,3361.68
3968,17/12/2022,1424,Mouse,Electronics,258.2,3,UK,774.6
3969,10/03/2023,1192,Mouse,Office,543.37,4,France,2173.48
3970,01/05/2024,1400,Desk Lamp,Electronics,280.35,4,Germany,1121.4
3971,20/05/2022,1108,Keyboard,Accessories,667.98,4,France,2671.92
3972,28/03/2022,1791,Mouse,Electronics,620.56,4,Germany,2482.24
3973,02/07/2022,1922,Webcam,Electronics,76.85,3,Israel,230.55
3974,03/01/2023,1262,Monitor,Office,1246.59,3,France,3739.77
3975,09/05/2022,1328,Keyboard,Accessories,1282.01,2,USA,2564.02
3976,01/11/2023,1362,Monitor,Accessories,1182.32,4,France,4729.28
3977,29/05/2022,1866,Monitor,Accessories,1272.17,3,Germany,3816.51
3978,11/09/2024,1377,Keyboard,Electronics,1127.56,2,UK,2255.12
3979,01/05/2024,1779,USB Cable,Office,1406.54,2,Germany,2813.08
3980,20/09/2023,1340,Headphones,Electronics,866.71,1,Israel,866.71
3981,22/03/2023,1258,Desk Lamp,Electronics,876.05,4,UK,3504.2
3982,02/06/2024,1334,USB Cable,Electronics,1290.57,3,USA,3871.71
3983,21/10/2022,1084,Mouse,Accessories,527.38,4,USA,2109.52
3984,07/09/2022,1521,Laptop,Office,79.87,2,Israel,159.74
3985,27/05/2024,1800,Desk Lamp,Accessories,1126.03,4,Israel,4504.12
3986,05/08/2024,1813,USB Cable,Electronics,385.61,1,Israel,385.61
3987,01/09/2024,1570,Laptop,Electronics,713.98,1,Canada,713.98
3988,14/11/2024,1307,Laptop,Office,364.46,3,Israel,1093.38
3989,28/02/2024,1261,Mouse,Accessories,1241.5,3,France,3724.5
3990,10/09/2024,1897,Headphones,Electronics,1437.65,3,Germany,4312.95
3991,07/06/2024,1796,Monitor,Electronics,87.26,3,Canada,261.78
3992,08/06/2024,1630,Keyboard,Office,353.89,4,France,1415.56
3993,11/03/2022,1679,Headphones,Electronics,288.4,4,UK,1153.6
3994,17/09/2023,1864,Laptop,Accessories,1011.44,2,USA,2022.88
3995,24/05/2024,1700,Desk Lamp,Accessories,645.87,2,USA,1291.74
3996,16/04/2023,1451,Webcam,Electronics,687.11,3,UK,2061.33
3997,01/04/2022,1250,Mouse,Electronics,239.83,4,USA,959.32
3998,14/06/2023,1323,USB Cable,Electronics,625.03,3,Israel,1875.09
3999,23/10/2023,1924,Desk Lamp,Office,458.33,2,Israel,916.66
4000,09/01/2024,1228,Mouse,Office,918.73,4,Canada,3674.92
4001,27/12/2023,1701,USB Cable,Accessories,329.77,3,Israel,989.31
4002,21/05/2024,1827,Keyboard,Accessories,924.14,1,UK,924.14
4003,11/07/2022,1635,Webcam,Electronics,569.73,2,Germany,1139.46
4004,18/05/2022,1595,Monitor,Electronics,522.71,1,UK,522.71
4005,11/12/2022,1296,Headphones,Electronics,461.81,1,Germany,461.81
4006,05/10/2024,1726,Webcam,Office,1012.38,4,USA,4049.52
4007,18/05/2023,1236,Headphones,Office,845.82,1,Canada,845.82
4008,22/07/2022,1977,Headphones,Electronics,1278.32,1,USA,1278.32
4009,27/07/2023,1624,Monitor,Electronics,366.21,3,USA,1098.63
4010,11/07/2022,1216,Monitor,Accessories,64.98,4,Germany,259.92
4011,05/01/2022,1832,USB Cable,Office,277.13,3,USA,831.39
4012,07/11/2022,1245,Monitor,Electronics,518.32,3,UK,1554.96
4013,03/07/2023,1447,Keyboard,Office,273.58,3,Germany,820.74
4014,25/02/2022,1846,Mouse,Electronics,129.85,4,Israel,519.4
4015,19/03/2023,1318,Laptop,Electronics,670.78,2,Germany,1341.56
4016,19/05/2024,1993,Monitor,Accessories,1017.02,4,UK,4068.08
4017,08/08/2023,1431,Mouse,Accessories,1128.6,3,Canada,3385.8
4018,22/01/2024,1403,USB Cable,Accessories,601.1,2,UK,1202.2
4019,26/12/2022,1885,Monitor,Electronics,719.68,1,UK,719.68
4020,29/03/2024,1036,Laptop,Accessories,1134.43,2,USA,2268.86
4021,30/01/2022,1575,Webcam,Electronics,532.3,4,Canada,2129.2
4022,18/04/2022,1730,Desk Lamp,Office,1178.23,3,Israel,3534.69
4023,23/04/2024,1341,Monitor,Office,1451.23,1,Canada,1451.23
4024,18/12/2023,1388,Mouse,Electronics,1321.32,1,Israel,1321.32
4025,09/06/2024,1033,USB Cable,Accessories,683.13,3,France,2049.39
4026,17/08/2024,1038,USB Cable,Accessories,871.38,1,Canada,871.38
4027,11/06/2024,1578,Desk Lamp,Office,1076.06,1,Canada,1076.06
4028,02/01/2024,1208,Keyboard,Electronics,527.2,1,UK,527.2
4029,29/08/2023,1829,USB Cable,Electronics,1199.86,4,Canada,4799.44
4030,02/04/2023,1855,Webcam,Electronics,658.19,2,USA,1316.38
4031,07/09/2023,1151,USB Cable,Office,1271.03,4,Germany,5084.12
4032,29/11/2023,1898,USB Cable,Office,385.83,1,USA,385.83
4033,05/11/2023,1364,Webcam,Accessories,22.01,4,UK,88.04
4034,27/06/2023,1198,Desk Lamp,Electronics,950.87,1,USA,950.87
4035,06/05/2024,1600,Desk Lamp,Electronics,680.57,4,Canada,2722.28
4036,15/06/2024,1759,Webcam,Electronics,94.44,2,UK,188.88
4037,05/10/2022,1834,Laptop,Electronics,733.98,3,Canada,2201.94
4038,06/07/2023,1078,Mouse,Office,257.01,2,Germany,514.02
4039,21/04/2022,1476,Headphones,Accessories,946.47,4,Germany,3785.88
4040,20/01/2023,1433,USB Cable,Office,670.34,4,Israel,2681.36
4041,31/01/2024,1796,Desk Lamp,Accessories,260.83,2,Canada,521.66
4042,25/11/2023,1841,Headphones,Electronics,620.85,4,France,2483.4
4043,09/02/2023,1031,Headphones,Electronics,352.9,3,USA,1058.7
4044,22/01/2022,1086,Keyboard,Electronics,981.38,3,France,2944.14
4045,09/11/2023,1550,Monitor,Electronics,446.24,2,USA,892.48
4046,03/09/2023,1392,USB Cable,Electronics,1233.92,1,Israel,1233.92
4047,08/01/2022,1612,Monitor,Office,26.17,3,Israel,78.51
4048,03/12/2023,1243,Monitor,Accessories,608.11,4,Germany,2432.44
4049,13/06/2023,1231,Keyboard,Office,927.54,1,Germany,927.54
4050,25/08/2023,1909,Headphones,Electronics,38.8,3,Canada,116.4
4051,19/10/2023,1579,Webcam,Accessories,327.68,1,Germany,327.68
4052,15/06/2022,1191,Monitor,Accessories,494.49,4,Canada,1977.96
4053,28/04/2024,1915,Desk Lamp,Electronics,37.66,2,USA,75.32
4054,11/05/2023,1539,Webcam,Accessories,822.3,2,Canada,1644.6
4055,13/08/2023,1269,Webcam,Office,948.15,4,France,3792.6
4056,05/03/2023,1939,Keyboard,Office,345.15,2,France,690.3
4057,13/02/2024,1737,Desk Lamp,Office,817.51,4,Germany,3270.04
4058,12/06/2022,1076,Keyboard,Office,1498.69,2,Israel,2997.38
4059,01/01/2023,1734,Mouse,Accessories,1330.94,3,France,3992.82
4060,13/03/2022,1992,USB Cable,Office,92.7,2,Israel,185.4
4061,17/10/2023,1883,Monitor,Accessories,196.18,1,Germany,196.18
4062,26/09/2022,1166,Headphones,Electronics,744.13,2,USA,1488.26
4063,19/02/2023,1283,Laptop,Office,371.58,2,Canada,743.16
4064,12/10/2024,1703,Desk Lamp,Electronics,126.05,2,UK,252.1
4065,06/11/2023,1088,Keyboard,Office,385.56,2,France,771.12
4066,19/12/2024,1543,Webcam,Electronics,96.46,3,Canada,289.38
4067,06/01/2022,1648,Mouse,Electronics,797.22,4,Canada,3188.88
4068,08/09/2024,1155,Laptop,Electronics,737.92,3,Germany,2213.76
4069,24/07/2023,1249,Keyboard,Electronics,14.46,3,Germany,43.38
4070,11/02/2023,1094,Mouse,Electronics,726.36,1,Canada,726.36
4071,26/01/2022,1016,Webcam,Accessories,782.11,4,France,3128.44
4072,25/10/2024,1116,Monitor,Accessories,910.53,4,UK,3642.12
4073,12/09/2024,1982,USB Cable,Office,1455.3,1,USA,1455.3
4074,25/01/2023,1332,USB Cable,Accessories,1474.13,4,France,5896.52
4075,11/12/2023,1822,Mouse,Electronics,792.76,2,Canada,1585.52
4076,25/07/2023,1521,Keyboard,Accessories,1268.55,4,USA,5074.2
4077,24/01/2024,1079,USB Cable,Accessories,132.32,1,Germany,132.32
4078,26/05/2022,1645,USB Cable,Electronics,799.08,1,Canada,799.08
4079,24/02/2024,1431,Monitor,Accessories,1019.96,1,Canada,1019.96
4080,10/06/2023,1202,Webcam,Electronics,849.27,1,France,849.27
4081,13/01/2022,1115,Headphones,Accessories,349.93,3,USA,1049.79
4082,21/06/2024,1962,USB Cable,Electronics,98.67,4,Israel,394.68
4083,19/01/2023,1219,Mouse,Office,583.07,3,Israel,1749.21
4084,10/07/2023,1252,Laptop,Accessories,973.23,1,Israel,973.23
4085,05/06/2024,1168,Desk Lamp,Office,1487.61,1,Canada,1487.61
4086,19/01/2022,1846,Webcam,Electronics,358.62,3,USA,1075.86
4087,29/07/2023,1315,Monitor,Electronics,1377.1,2,Israel,2754.2
4088,21/01/2024,1716,Webcam,Office,107.05,4,Germany,428.2
4089,30/09/2024,1809,Monitor,Electronics,1396.83,3,Canada,4190.49
4090,23/02/2023,1371,Webcam,Electronics,1249.39,4,USA,4997.56
4091,23/02/2023,1759,Desk Lamp,Electronics,36.31,1,Germany,36.31
4092,02/05/2022,1876,Headphones,Electronics,450.79,1,UK,450.79
4093,08/03/2023,1976,Mouse,Electronics,81.18,1,USA,81.18
4094,13/02/2022,1582,Laptop,Electronics,1493.28,4,Israel,5973.12
4095,16/01/2023,1155,USB Cable,Electronics,644.63,4,Israel,2578.52
4096,25/05/2022,1613,Headphones,Electronics,994.95,3,Canada,2984.85
4097,29/12/2022,1012,Mouse,Office,355.11,1,UK,355.11
4098,09/12/2024,1507,Laptop,Accessories,1400.94,3,Canada,4202.82
4099,24/12/2024,1464,Webcam,Electronics,414.89,2,France,829.78
4100,21/12/2022,1782,Desk Lamp,Office,394.02,1,UK,394.02
4101,10/03/2024,1803,USB Cable,Electronics,475.33,1,Israel,475.33
4102,05/04/2024,1219,Laptop,Accessories,696.42,2,Israel,1392.84
4103,02/02/2023,1014,Keyboard,Electronics,32.71,3,France,98.13
4104,29/05/2024,1749,Laptop,Office,898.77,4,UK,3595.08
4105,08/04/2023,1116,Mouse,Office,52.34,1,Germany,52.34
4106,18/03/2024,1330,Headphones,Accessories,811.11,4,UK,3244.44
4107,06/07/2022,1055,USB Cable,Electronics,689.54,1,Germany,689.54
4108,02/01/2024,1350,Headphones,Office,367.61,1,Israel,367.61
4109,05/03/2023,1131,USB Cable,Accessories,498,4,Israel,1992
4110,07/05/2024,1994,Keyboard,Accessories,1059.96,1,UK,1059.96
4111,25/08/2022,1225,Mouse,Electronics,19.35,2,Israel,38.7
4112,10/02/2024,1307,Desk Lamp,Office,478.39,3,Canada,1435.17
4113,28/01/2024,1474,Desk Lamp,Electronics,1022.04,2,Canada,2044.08
4114,16/05/2022,1905,Laptop,Electronics,232.65,3,Canada,697.95
4115,02/03/2024,1221,Keyboard,Electronics,842.78,2,France,1685.56
4116,20/06/2022,1172,Webcam,Office,257.55,2,USA,515.1
4117,08/06/2022,1339,Monitor,Accessories,236.37,3,Germany,709.11
4118,20/07/2022,1796,Webcam,Electronics,1159.56,1,Israel,1159.56
4119,19/08/2024,1505,Mouse,Electronics,403.46,4,Germany,1613.84
4120,06/08/2023,1820,Keyboard,Office,566.77,4,UK,2267.08
4121,25/05/2024,1156,Headphones,Electronics,1096.38,4,France,4385.52
4122,06/01/2023,1150,Keyboard,Accessories,273.38,1,Germany,273.38
4123,13/04/2022,1696,Monitor,Electronics,799.95,2,Israel,1599.9
4124,28/09/2024,1177,Desk Lamp,Accessories,1377.14,2,USA,2754.28
4125,02/09/2024,1532,Mouse,Electronics,832.97,2,Canada,1665.94
4126,08/03/2024,1111,Keyboard,Electronics,78.02,1,France,78.02
4127,20/10/2023,1682,USB Cable,Electronics,886.6,3,UK,2659.8
4128,31/05/2024,1137,Webcam,Accessories,139.78,1,Israel,139.78
4129,03/01/2024,1232,Laptop,Electronics,426.78,4,France,1707.12
4130,27/02/2023,1331,Webcam,Electronics,1275.26,2,Israel,2550.52
4131,26/07/2023,1541,Mouse,Electronics,21.55,1,UK,21.55
4132,20/06/2022,1892,Desk Lamp,Accessories,120.13,1,UK,120.13
4133,22/06/2022,1306,Keyboard,Electronics,548.23,1,USA,548.23
4134,25/10/2023,1160,Desk Lamp,Office,1499.1,3,France,4497.3
4135,29/03/2023,1401,Webcam,Accessories,441.34,2,USA,882.68
4136,16/12/2022,1589,Keyboard,Office,240.13,1,USA,240.13
4137,09/05/2023,1277,Webcam,Electronics,826.39,1,USA,826.39
4138,12/09/2023,1319,Mouse,Accessories,781.29,4,Canada,3125.16
4139,24/10/2024,1532,Headphones,Accessories,677.18,2,Germany,1354.36
4140,07/07/2024,1896,Desk Lamp,Electronics,1420.25,1,UK,1420.25
4141,06/01/2022,1496,Desk Lamp,Office,423.82,1,USA,423.82
4142,15/10/2022,1362,Webcam,Accessories,443.52,1,Germany,443.52
4143,31/08/2023,1371,Laptop,Accessories,214.68,1,Germany,214.68
4144,02/04/2023,1891,Webcam,Accessories,1047.45,2,Germany,2094.9
4145,26/10/2024,1654,Mouse,Accessories,485.45,1,USA,485.45
4146,16/09/2023,1035,Webcam,Accessories,1205.1,3,Germany,3615.3
4147,11/01/2023,1302,Laptop,Electronics,1457.78,1,USA,1457.78
4148,23/03/2023,1437,USB Cable,Accessories,70.31,3,France,210.93
4149,14/04/2024,1725,Laptop,Office,1489.72,2,UK,2979.44
4150,21/03/2024,1031,Mouse,Accessories,384.89,1,Israel,384.89
4151,16/08/2024,1185,Keyboard,Electronics,633.06,4,USA,2532.24
4152,28/04/2024,1173,Webcam,Electronics,1167.73,3,UK,3503.19
4153,19/03/2024,1565,Headphones,Office,999.67,3,USA,2999.01
4154,05/09/2024,1672,Laptop,Accessories,1168.76,1,Canada,1168.76
4155,20/02/2023,1249,USB Cable,Office,702.17,4,France,2808.68
4156,27/12/2023,1762,Laptop,Office,1374.52,4,UK,5498.08
4157,30/03/2023,1934,Webcam,Office,1185.96,1,UK,1185.96
4158,30/05/2022,1278,Keyboard,Office,467.3,2,Germany,934.6
4159,29/01/2024,1682,Desk Lamp,Accessories,1422.98,2,USA,2845.96
4160,18/02/2024,1694,Webcam,Electronics,1441.78,1,USA,1441.78
4161,30/08/2024,1001,Desk Lamp,Electronics,625.51,2,Israel,1251.02
4162,02/02/2024,1193,USB Cable,Accessories,979.68,4,Germany,3918.72
4163,28/09/2024,1165,USB Cable,Office,1223.08,2,Germany,2446.16
4164,17/03/2022,1758,Mouse,Accessories,1226.86,2,Israel,2453.72
4165,22/08/2023,1924,Headphones,Office,26.11,2,Germany,52.22
4166,13/08/2022,1755,Webcam,Office,945.38,1,Germany,945.38
4167,23/04/2022,1109,Laptop,Accessories,1460.68,1,France,1460.68
4168,08/09/2022,1379,Laptop,Accessories,350.86,3,Canada,1052.58
4169,20/04/2024,1834,Mouse,Office,1194.44,2,UK,2388.88
4170,15/12/2023,1998,Keyboard,Office,803.7,1,Israel,803.7
4171,05/05/2022,1582,Webcam,Office,336.1,4,France,1344.4
4172,28/12/2024,1675,Monitor,Office,81.3,3,Canada,243.9
4173,06/12/2024,1284,Keyboard,Accessories,1141.08,4,France,4564.32
4174,02/06/2024,1886,Laptop,Electronics,478.12,2,France,956.24
4175,30/01/2022,1420,USB Cable,Electronics,566.5,4,Germany,2266
4176,08/10/2022,1112,Webcam,Office,730.42,3,Canada,2191.26
4177,12/07/2024,1227,USB Cable,Electronics,763.26,2,Canada,1526.52
4178,03/01/2023,1470,Laptop,Electronics,313.25,1,Israel,313.25
4179,10/05/2023,1812,Headphones,Electronics,1007.61,4,Germany,4030.44
4180,14/11/2024,1527,Keyboard,Electronics,1040.35,4,Germany,4161.4
4181,19/12/2023,1495,Monitor,Electronics,217.74,3,France,653.22
4182,13/10/2024,1030,Headphones,Electronics,801.7,1,USA,801.7
4183,29/08/2023,1161,Monitor,Office,915.84,2,Israel,1831.68
4184,10/01/2023,1817,Headphones,Office,283.45,2,Israel,566.9
4185,01/10/2023,1704,Keyboard,Office,1342.22,2,France,2684.44
4186,14/11/2024,1721,Laptop,Accessories,726.82,3,France,2180.46
4187,26/04/2022,1377,Monitor,Electronics,176.97,4,UK,707.88
4188,17/02/2022,1445,Desk Lamp,Electronics,504.92,4,France,2019.68
4189,09/04/2022,1743,Keyboard,Accessories,718.06,4,Germany,2872.24
4190,09/02/2023,1426,Monitor,Electronics,20.17,4,France,80.68
4191,16/11/2023,1695,Desk Lamp,Office,52.71,3,Israel,158.13
4192,21/06/2024,1503,Keyboard,Office,88,3,USA,264
4193,18/05/2023,1526,Headphones,Accessories,809.51,1,USA,809.51
4194,12/06/2024,1943,Keyboard,Office,507.45,3,Germany,1522.35
4195,15/09/2022,1816,Headphones,Accessories,1340.19,4,USA,5360.76
4196,23/04/2024,1720,Laptop,Office,841.05,2,France,1682.1
4197,01/05/2022,1683,Headphones,Electronics,1141.05,1,USA,1141.05
4198,20/03/2024,1777,Mouse,Office,1032.26,2,France,2064.52
4199,04/09/2024,1531,Laptop,Accessories,782.88,2,Canada,1565.76
4200,23/02/2022,1581,USB Cable,Electronics,1118.36,4,UK,4473.44
4201,15/10/2024,1519,USB Cable,Accessories,819.34,3,Israel,2458.02
4202,23/02/2024,1940,USB Cable,Electronics,581.26,3,Canada,1743.78
4203,29/08/2022,1033,Webcam,Electronics,656.53,3,Germany,1969.59
4204,28/04/2023,1735,Desk Lamp,Office,1258.56,4,UK,5034.24
4205,09/10/2024,1690,Webcam,Office,847.09,4,USA,3388.36
4206,06/07/2022,1757,Keyboard,Electronics,569.06,2,Germany,1138.12
4207,18/10/2023,1489,Keyboard,Office,273.72,1,France,273.72
4208,19/09/2022,1771,Desk Lamp,Office,745.56,3,UK,2236.68
4209,10/08/2024,1619,Mouse,Accessories,382.34,3,Israel,1147.02
4210,06/05/2023,1753,Keyboard,Office,1433.59,1,Israel,1433.59
4211,07/03/2023,1422,Laptop,Electronics,739.02,2,UK,1478.04
4212,27/08/2022,1467,Laptop,Office,18.38,2,UK,36.76
4213,31/10/2022,1023,USB Cable,Electronics,143.85,1,UK,143.85
4214,25/10/2022,1215,Headphones,Electronics,430.07,3,USA,1290.21
4215,17/03/2022,1054,Monitor,Accessories,142.78,4,Canada,571.12
4216,25/09/2024,1025,Keyboard,Electronics,1341.47,4,Canada,5365.88
4217,04/10/2023,1280,Mouse,Electronics,1282.26,1,Canada,1282.26
4218,06/04/2024,1803,USB Cable,Accessories,1456.44,3,Israel,4369.32
4219,10/10/2022,1326,Desk Lamp,Electronics,1061.17,1,Israel,1061.17
4220,14/08/2023,1969,Webcam,Accessories,969.97,2,USA,1939.94
4221,13/03/2022,1185,Desk Lamp,Electronics,1385.63,2,Germany,2771.26
4222,04/12/2023,1494,Laptop,Office,1419.86,4,Israel,5679.44
4223,29/07/2023,1011,Laptop,Accessories,1316.84,2,Germany,2633.68
4224,26/09/2024,1640,Laptop,Accessories,1292.9,2,Germany,2585.8
4225,10/06/2024,1883,Monitor,Electronics,1009.2,1,Germany,1009.2
4226,12/01/2022,1433,Monitor,Accessories,7.4,1,Israel,7.4
4227,21/05/2022,1920,Keyboard,Electronics,647.13,3,France,1941.39
4228,17/01/2022,1207,Webcam,Accessories,955.32,1,Germany,955.32
4229,22/12/2024,1132,Mouse,Accessories,822.96,3,Canada,2468.88
4230,10/09/2022,1338,Monitor,Office,1232.58,4,France,4930.32
4231,10/04/2023,1195,Desk Lamp,Electronics,1229.26,1,USA,1229.26
4232,11/01/2023,1261,Headphones,Office,900.03,1,Canada,900.03
4233,07/09/2024,1281,Monitor,Accessories,37.88,1,France,37.88
4234,04/06/2023,1368,Laptop,Electronics,557.15,4,France,2228.6
4235,31/03/2022,1102,Desk Lamp,Office,347.08,1,UK,347.08
4236,21/12/2023,1631,Mouse,Accessories,511.49,2,Germany,1022.98
4237,14/03/2024,1182,Keyboard,Office,927.85,1,Israel,927.85
4238,06/03/2024,1422,Monitor,Accessories,104.36,3,UK,313.08
4239,22/09/2023,1008,Laptop,Accessories,38.25,2,Canada,76.5
4240,17/03/2022,1556,USB Cable,Electronics,658.13,1,France,658.13
4241,14/07/2024,1243,Headphones,Electronics,1191.39,1,USA,1191.39
4242,04/02/2023,1781,Headphones,Electronics,50.89,4,Israel,203.56
4243,27/08/2024,1623,USB Cable,Accessories,1274.33,3,USA,3822.99
4244,30/12/2024,1566,Keyboard,Office,578.9,2,France,1157.8
4245,07/03/2024,1392,Keyboard,Electronics,181.76,2,USA,363.52
4246,14/07/2022,1526,Monitor,Electronics,853.41,4,UK,3413.64
4247,16/08/2022,1036,Keyboard,Electronics,1428.78,2,USA,2857.56
4248,06/04/2023,1177,Desk Lamp,Electronics,816.06,2,UK,1632.12
4249,10/09/2023,1638,Webcam,Accessories,1031.52,3,Germany,3094.56
4250,10/11/2024,1628,Webcam,Office,1225.55,1,Israel,1225.55
4251,05/03/2022,1851,Laptop,Accessories,1200.01,1,USA,1200.01
4252,14/06/2022,1071,Laptop,Accessories,114.31,2,UK,228.62
4253,27/01/2022,1351,Desk Lamp,Accessories,1112.79,3,France,3338.37
4254,08/10/2024,1622,Laptop,Electronics,1424.43,4,Canada,5697.72
4255,12/10/2022,1148,Webcam,Office,1052.48,1,France,1052.48
4256,08/10/2022,1696,Monitor,Accessories,1255.48,2,UK,2510.96
4257,17/04/2024,1104,Monitor,Accessories,730.9,2,Israel,1461.8
4258,10/04/2024,1658,Keyboard,Accessories,482.01,3,Germany,1446.03
4259,06/07/2024,1220,Monitor,Electronics,1015.98,3,Germany,3047.94
4260,12/08/2022,1825,Laptop,Electronics,740.84,3,Israel,2222.52
4261,23/02/2024,1862,Mouse,Accessories,1343.46,2,Canada,2686.92
4262,22/08/2024,1373,Laptop,Electronics,1461.7,3,USA,4385.1
4263,07/08/2024,1517,Webcam,Office,1230.6,2,UK,2461.2
4264,19/11/2024,1259,USB Cable,Electronics,1489.06,1,Germany,1489.06
4265,14/02/2022,1298,Mouse,Accessories,525.81,2,Israel,1051.62
4266,16/04/2023,1860,Keyboard,Office,1344.15,2,Germany,2688.3
4267,03/02/2022,1041,Headphones,Electronics,498.25,1,Germany,498.25
4268,15/10/2023,1770,USB Cable,Accessories,181.47,3,USA,544.41
4269,09/04/2024,1896,Monitor,Office,933.95,3,Germany,2801.85
4270,09/08/2022,1491,Monitor,Office,685.21,2,UK,1370.42
4271,18/06/2023,1438,Webcam,Office,1382.94,2,Israel,2765.88
4272,23/11/2023,1782,Laptop,Electronics,740.83,1,Canada,740.83
4273,20/07/2024,1046,Laptop,Office,1391.81,3,Canada,4175.43
4274,20/04/2024,1084,Mouse,Electronics,122.56,1,Canada,122.56
4275,07/10/2024,1685,Monitor,Accessories,1246.62,2,USA,2493.24
4276,05/08/2023,1057,USB Cable,Electronics,1139.88,2,Canada,2279.76
4277,27/08/2022,1990,Webcam,Electronics,1081.37,1,USA,1081.37
4278,17/03/2023,1710,USB Cable,Accessories,535.93,1,Canada,535.93
4279,28/05/2022,1208,Keyboard,Electronics,1176.72,4,Israel,4706.88
4280,29/10/2024,1247,Laptop,Electronics,727.53,4,UK,2910.12
4281,23/01/2023,1210,Desk Lamp,Accessories,1074.23,3,Canada,3222.69
4282,09/12/2024,1038,USB Cable,Office,830.58,1,Germany,830.58
4283,04/07/2024,1251,Monitor,Accessories,240.37,3,Germany,721.11
4284,30/09/2023,1642,Headphones,Office,101.52,4,Canada,406.08
4285,05/10/2022,1925,Webcam,Electronics,552.45,3,UK,1657.35
4286,15/09/2024,1802,Mouse,Accessories,1399.52,4,France,5598.08
4287,12/08/2023,1761,Laptop,Office,796.95,1,Israel,796.95
4288,11/10/2023,1952,Laptop,Electronics,1204.28,1,UK,1204.28
4289,10/09/2023,1412,Keyboard,Electronics,866.05,3,Germany,2598.15
4290,15/05/2022,1945,Laptop,Electronics,1437.07,1,Israel,1437.07
4291,03/08/2023,1445,Webcam,Office,557.34,3,Canada,1672.02
4292,05/05/2023,1051,Monitor,Office,90.29,3,Israel,270.87
4293,23/04/2023,1373,Monitor,Office,1172.1,4,Germany,4688.4
4294,19/01/2023,1525,Monitor,Electronics,1059.66,2,UK,2119.32
4295,12/06/2022,1930,Desk Lamp,Office,793.66,3,France,2380.98
4296,17/03/2023,1155,Headphones,Accessories,492.95,4,Israel,1971.8
4297,19/02/2023,1953,Headphones,Office,286.46,4,Canada,1145.84
4298,15/10/2022,1541,Desk Lamp,Office,726,4,Israel,2904
4299,06/07/2022,1089,Laptop,Electronics,1000.97,2,Israel,2001.94
4300,10/05/2022,1902,USB Cable,Accessories,870.44,1,Canada,870.44
4301,13/07/2022,1678,Headphones,Accessories,659.05,3,Canada,1977.15
4302,12/11/2022,1350,USB Cable,Accessories,811.84,3,Canada,2435.52
4303,24/05/2022,1068,USB Cable,Office,166.39,1,UK,166.39
4304,16/01/2022,1162,Headphones,Electronics,1045.28,1,Israel,1045.28
4305,27/02/2023,1241,Desk Lamp,Office,1102.71,4,Canada,4410.84
4306,02/09/2022,1494,Keyboard,Electronics,22.12,4,Germany,88.48
4307,15/07/2024,1382,Headphones,Accessories,409.43,1,Germany,409.43
4308,09/05/2022,1051,Mouse,Office,142.71,3,Canada,428.13
4309,25/06/2024,1653,Desk Lamp,Electronics,1497.36,1,USA,1497.36
4310,05/06/2024,1062,Mouse,Office,892.05,1,Israel,892.05
4311,07/12/2022,1508,USB Cable,Electronics,701.28,2,France,1402.56
4312,04/01/2022,1291,Mouse,Accessories,697.19,2,USA,1394.38
4313,02/11/2022,1090,Laptop,Office,1447.34,4,Israel,5789.36
4314,26/06/2024,1663,Monitor,Accessories,991.48,4,Israel,3965.92
4315,30/08/2023,1423,Keyboard,Office,257.15,3,Canada,771.45
4316,18/09/2024,1668,Laptop,Office,675,1,UK,675
4317,17/11/2022,1820,Monitor,Electronics,1162.42,1,UK,1162.42
4318,13/07/2023,1364,Keyboard,Electronics,637.91,2,Germany,1275.82
4319,10/09/2023,1149,USB Cable,Electronics,467.75,3,USA,1403.25
4320,12/12/2023,1839,Keyboard,Accessories,1486.87,1,USA,1486.87
4321,15/06/2023,1270,Keyboard,Accessories,1403.78,3,Canada,4211.34
4322,14/02/2023,1880,Mouse,Office,1412.63,2,USA,2825.26
4323,28/03/2024,1580,Mouse,Electronics,201.85,1,Canada,201.85
4324,08/05/2023,1115,Mouse,Accessories,355.21,2,Germany,710.42
4325,12/01/2022,1703,Keyboard,Office,665.89,2,France,1331.78
4326,14/07/2022,1515,Webcam,Accessories,1249.03,2,France,2498.06
4327,05/05/2023,1586,Desk Lamp,Office,1106.56,1,Canada,1106.56
4328,05/03/2024,1913,Keyboard,Electronics,1275.25,3,France,3825.75
4329,30/05/2024,1809,Desk Lamp,Office,1381.54,1,Canada,1381.54
4330,01/07/2022,1240,Desk Lamp,Office,1172.25,2,USA,2344.5
4331,19/08/2024,1029,Mouse,Electronics,396.35,4,Israel,1585.4
4332,18/10/2023,1142,Keyboard,Electronics,431.74,3,USA,1295.22
4333,25/11/2023,1325,Mouse,Office,531.97,4,Canada,2127.88
4334,30/01/2022,1694,Mouse,Accessories,458.1,2,Israel,916.2
4335,17/02/2024,1948,Mouse,Electronics,377.4,1,UK,377.4
4336,20/03/2023,1015,USB Cable,Office,1129.97,3,Canada,3389.91
4337,25/10/2022,1110,USB Cable,Electronics,55.82,4,Canada,223.28
4338,18/03/2024,1871,Webcam,Electronics,1093.95,1,Germany,1093.95
4339,24/04/2024,1712,Monitor,Accessories,1236.23,3,France,3708.69
4340,12/10/2024,1106,Desk Lamp,Electronics,103.74,2,USA,207.48
4341,08/07/2023,1378,Keyboard,Office,97.46,2,USA,194.92
4342,30/10/2022,1161,Laptop,Office,431.77,2,UK,863.54
4343,25/02/2023,1282,Mouse,Electronics,316.42,1,Israel,316.42
4344,04/07/2022,1268,Webcam,Electronics,873.79,1,France,873.79
4345,13/04/2023,1483,Laptop,Accessories,1014.8,2,Germany,2029.6
4346,24/01/2024,1666,USB Cable,Accessories,953.04,2,Israel,1906.08
4347,29/12/2022,1072,Monitor,Accessories,539.23,3,Israel,1617.69
4348,02/12/2022,1196,Keyboard,Office,750.1,4,Canada,3000.4
4349,11/06/2022,1242,Desk Lamp,Accessories,961.79,3,France,2885.37
4350,12/01/2022,1597,Desk Lamp,Office,183.54,4,Germany,734.16
4351,11/08/2023,1798,USB Cable,Accessories,348.12,1,France,348.12
4352,20/07/2022,1258,Webcam,Office,1336.29,3,France,4008.87
4353,06/06/2023,1797,Mouse,Electronics,516.78,1,USA,516.78
4354,20/05/2023,1148,Mouse,Office,1202.73,1,Germany,1202.73
4355,27/02/2024,1866,Desk Lamp,Electronics,380.23,4,Israel,1520.92
4356,28/11/2024,1389,Mouse,Office,67.25,4,France,269
4357,01/03/2022,1987,Desk Lamp,Office,753.1,3,UK,2259.3
4358,01/08/2023,1415,Webcam,Electronics,1339.26,3,Germany,4017.78
4359,17/11/2022,1425,USB Cable,Office,1229.83,3,UK,3689.49
4360,11/07/2024,1996,Laptop,Office,383.14,4,Israel,1532.56
4361,23/07/2023,1701,Monitor,Accessories,1365.35,2,Germany,2730.7
4362,11/06/2023,1216,Keyboard,Electronics,722.18,2,USA,1444.36
4363,08/06/2023,1927,Desk Lamp,Electronics,78.25,4,Germany,313
4364,05/09/2023,1866,Monitor,Accessories,46.75,3,Israel,140.25
4365,05/05/2022,1085,USB Cable,Accessories,730.25,2,USA,1460.5
4366,20/05/2024,1215,Mouse,Electronics,821.75,1,Israel,821.75
4367,07/10/2022,1422,Monitor,Electronics,124.47,2,Canada,248.94
4368,05/07/2024,1319,Laptop,Electronics,1383.75,2,Germany,2767.5
4369,14/09/2023,1117,Headphones,Accessories,1078.73,4,Israel,4314.92
4370,25/04/2024,1925,USB Cable,Accessories,1202.92,4,Germany,4811.68
4371,05/11/2023,1958,Headphones,Office,878.11,2,USA,1756.22
4372,10/11/2022,1881,Keyboard,Accessories,997,1,Germany,997
4373,28/11/2022,1991,Keyboard,Office,584.85,1,Israel,584.85
4374,05/02/2022,1414,Monitor,Office,1020.55,3,Israel,3061.65
4375,11/11/2024,1598,Keyboard,Accessories,1467.38,2,Canada,2934.76
4376,25/07/2022,1039,USB Cable,Accessories,973.34,2,Canada,1946.68
4377,01/10/2023,1160,Webcam,Accessories,515.74,1,Israel,515.74
4378,27/04/2024,1702,Desk Lamp,Accessories,431.43,4,UK,1725.72
4379,16/03/2023,1536,Laptop,Electronics,1445.2,2,UK,2890.4
4380,30/12/2023,1419,Mouse,Accessories,281.58,1,UK,281.58
4381,29/07/2024,1663,Mouse,Office,1210.26,2,France,2420.52
4382,13/06/2022,1094,Desk Lamp,Office,700.57,4,Canada,2802.28
4383,28/05/2022,1441,Monitor,Electronics,668.42,3,Germany,2005.26
4384,21/10/2022,1934,Mouse,Electronics,1122.57,4,UK,4490.28
4385,14/07/2022,1557,Monitor,Accessories,226.32,4,Israel,905.28
4386,25/10/2023,1972,Desk Lamp,Electronics,702.11,1,Israel,702.11
4387,25/04/2023,1649,Keyboard,Accessories,58.57,1,UK,58.57
4388,03/05/2022,1982,Desk Lamp,Accessories,1007.26,4,Canada,4029.04
4389,30/11/2023,1465,Keyboard,Electronics,92.27,1,UK,92.27
4390,22/08/2024,1287,Webcam,Electronics,135.5,4,Israel,542
4391,23/10/2023,1864,Webcam,Office,1268.02,4,UK,5072.08
4392,11/12/2023,1675,Laptop,Electronics,667.22,2,Canada,1334.44
4393,31/01/2023,1411,Desk Lamp,Electronics,305.46,4,France,1221.84
4394,30/06/2024,1399,Mouse,Electronics,890.91,3,France,2672.73
4395,01/10/2024,1527,USB Cable,Office,781.33,1,Canada,781.33
4396,13/11/2022,1017,Webcam,Accessories,619.31,3,France,1857.93
4397,12/11/2023,1135,Desk Lamp,Office,1358.6,1,USA,1358.6
4398,10/05/2023,1463,Laptop,Electronics,1125.44,4,France,4501.76
4399,10/07/2023,1758,Headphones,Electronics,231.63,3,Israel,694.89
4400,02/09/2023,1247,Webcam,Electronics,858.31,2,Canada,1716.62
4401,19/04/2022,1842,Laptop,Accessories,137.67,4,USA,550.68
4402,07/01/2023,1709,Monitor,Office,370.76,4,Israel,1483.04
4403,04/05/2024,1000,Monitor,Office,1365.24,4,Israel,5460.96
4404,08/09/2023,1701,Laptop,Accessories,695.81,2,Canada,1391.62
4405,07/02/2024,1380,Keyboard,Office,1338.7,3,Canada,4016.1
4406,25/07/2022,1508,Headphones,Accessories,253.17,4,UK,1012.68
4407,26/04/2024,1459,Laptop,Accessories,311.99,3,Canada,935.97
4408,12/02/2022,1504,Webcam,Office,532.47,4,Germany,2129.88
4409,14/05/2024,1805,Keyboard,Office,552.66,4,France,2210.64
4410,24/02/2024,1475,Laptop,Accessories,1119.19,4,Canada,4476.76
4411,21/04/2023,1556,Mouse,Office,901.12,2,Germany,1802.24
4412,24/03/2022,1953,Webcam,Accessories,832.11,4,Germany,3328.44
4413,09/07/2022,1848,Webcam,Office,905.55,3,UK,2716.65
4414,10/03/2024,1896,Monitor,Office,1099.63,4,Germany,4398.52
4415,24/07/2024,1031,Mouse,Office,1339.76,3,France,4019.28
4416,08/09/2022,1903,Mouse,Office,625.04,3,USA,1875.12
4417,18/10/2022,1117,Desk Lamp,Office,1205.37,1,Israel,1205.37
4418,22/11/2022,1807,Desk Lamp,Electronics,745.17,3,France,2235.51
4419,16/04/2024,1183,Webcam,Electronics,1084.51,1,UK,1084.51
4420,23/05/2023,1190,Headphones,Office,1312.86,2,USA,2625.72
4421,01/01/2024,1746,USB Cable,Office,53.16,4,UK,212.64
4422,13/03/2022,1749,Desk Lamp,Office,822.21,2,France,1644.42
4423,03/10/2023,1727,Keyboard,Accessories,1484.12,2,Israel,2968.24
4424,28/07/2024,1073,Monitor,Electronics,746.86,3,Germany,2240.58
4425,31/08/2023,1622,Mouse,Accessories,1297.13,4,Canada,5188.52
4426,20/07/2023,1102,Monitor,Electronics,282.92,4,Canada,1131.68
4427,23/02/2022,1870,Webcam,Electronics,908.41,2,Germany,1816.82
4428,12/06/2023,1585,Keyboard,Office,1306.11,1,UK,1306.11
4429,03/09/2023,1419,Laptop,Office,650.14,1,USA,650.14
4430,12/07/2022,1472,Mouse,Accessories,732.65,3,Canada,2197.95
4431,27/02/2022,1763,Keyboard,Accessories,127.62,1,Israel,127.62
4432,09/05/2022,1113,USB Cable,Office,68.05,1,UK,68.05
4433,07/12/2023,1378,Monitor,Office,705.72,2,Israel,1411.44
4434,01/05/2024,1312,Webcam,Electronics,1266,1,Canada,1266
4435,08/01/2022,1329,Keyboard,Electronics,1397.33,4,UK,5589.32
4436,29/01/2022,1338,Laptop,Office,989.69,2,USA,1979.38
4437,04/08/2024,1237,Desk Lamp,Electronics,1240.47,2,France,2480.94
4438,11/05/2022,1172,Desk Lamp,Accessories,1103.61,1,Germany,1103.61
4439,07/07/2022,1078,Keyboard,Electronics,1053.72,4,Israel,4214.88
4440,10/12/2023,1463,Webcam,Office,1154.7,4,Israel,4618.8
4441,31/07/2022,1897,Monitor,Electronics,760.43,1,USA,760.43
4442,03/10/2022,1604,Mouse,Office,689.62,4,Israel,2758.48
4443,31/08/2022,1963,USB Cable,Electronics,242.92,3,France,728.76
4444,13/09/2024,1500,USB Cable,Accessories,1266.5,3,France,3799.5
4445,16/11/2023,1561,Mouse,Accessories,71.7,1,USA,71.7
4446,20/06/2022,1284,Headphones,Office,404.83,2,UK,809.66
4447,15/10/2023,1222,Monitor,Office,782.27,2,UK,1564.54
4448,07/07/2022,1592,USB Cable,Office,1457.54,4,Israel,5830.16
4449,21/02/2022,1265,Headphones,Electronics,1180.03,3,Israel,3540.09
4450,21/04/2022,1666,Headphones,Electronics,556.16,2,USA,1112.32
4451,26/05/2024,1372,Webcam,Electronics,1072.35,4,France,4289.4
4452,02/12/2024,1232,Webcam,Accessories,1397.4,3,USA,4192.2
4453,30/07/2022,1910,Webcam,Office,810.63,2,UK,1621.26
4454,07/05/2024,1827,Laptop,Electronics,695.6,4,France,2782.4
4455,19/09/2023,1235,Monitor,Accessories,831.72,1,Israel,831.72
4456,15/11/2024,1670,Mouse,Office,470.74,1,UK,470.74
4457,26/10/2022,1916,Monitor,Accessories,1361.49,2,Germany,2722.98
4458,12/07/2024,1827,Webcam,Office,1196.94,4,UK,4787.76
4459,17/05/2022,1762,Laptop,Electronics,1059.7,3,France,3179.1
4460,09/11/2024,1313,Monitor,Accessories,885.69,1,France,885.69
4461,16/03/2023,1936,Monitor,Accessories,1454.36,3,USA,4363.08
4462,30/07/2022,1941,Headphones,Accessories,450.07,4,France,1800.28
4463,22/01/2024,1812,Monitor,Office,428.29,1,Germany,428.29
4464,11/03/2023,1379,Headphones,Office,367,2,Germany,734
4465,19/02/2024,1793,Headphones,Accessories,1113.96,1,France,1113.96
4466,15/03/2023,1613,Keyboard,Office,1196.94,2,Israel,2393.88
4467,28/10/2023,1562,Webcam,Accessories,897.69,3,France,2693.07
4468,01/12/2024,1419,USB Cable,Electronics,979.72,1,Israel,979.72
4469,15/02/2023,1051,Laptop,Accessories,526.7,4,France,2106.8
4470,16/03/2024,1720,Headphones,Accessories,64.44,3,UK,193.32
4471,02/09/2023,1818,Monitor,Office,384.19,3,France,1152.57
4472,03/03/2023,1642,Headphones,Office,878.53,2,UK,1757.06
4473,20/06/2024,1508,Headphones,Office,1220.33,4,Israel,4881.32
4474,30/07/2024,1781,Headphones,Electronics,1166.91,3,France,3500.73
4475,12/01/2024,1944,Mouse,Electronics,273.33,1,Israel,273.33
4476,24/11/2022,1204,USB Cable,Electronics,81.91,2,Germany,163.82
4477,21/02/2022,1730,USB Cable,Office,1276.59,4,Canada,5106.36
4478,11/01/2023,1256,Mouse,Accessories,118.01,2,USA,236.02
4479,20/09/2022,1184,Mouse,Accessories,593,2,Israel,1186
4480,24/09/2022,1144,Mouse,Accessories,145.87,3,UK,437.61
4481,25/12/2022,1689,USB Cable,Office,848.25,1,USA,848.25
4482,14/10/2023,1993,Keyboard,Office,548.19,1,Canada,548.19
4483,15/02/2022,1013,Headphones,Electronics,307.73,4,France,1230.92
4484,23/08/2023,1245,Keyboard,Office,894.78,4,UK,3579.12
4485,21/12/2023,1186,Monitor,Accessories,548.27,1,USA,548.27
4486,24/08/2023,1336,USB Cable,Electronics,254.35,2,USA,508.7
4487,16/01/2023,1258,Webcam,Electronics,1051.63,2,Israel,2103.26
4488,28/04/2022,1865,USB Cable,Office,1256.03,1,France,1256.03
4489,26/04/2022,1039,Laptop,Electronics,414.25,3,France,1242.75
4490,17/09/2022,1600,Keyboard,Electronics,283.71,2,France,567.42
4491,01/11/2022,1636,Mouse,Office,117.5,1,Israel,117.5
4492,07/01/2022,1961,Desk Lamp,Electronics,794.21,3,Israel,2382.63
4493,01/01/2023,1417,Mouse,Accessories,1247.78,2,France,2495.56
4494,07/06/2023,1985,Monitor,Office,379.93,4,USA,1519.72
4495,05/03/2023,1350,Headphones,Accessories,693.65,2,Canada,1387.3
4496,01/03/2024,1008,Laptop,Accessories,245.4,2,France,490.8
4497,17/01/2024,1349,Keyboard,Accessories,609.28,1,Israel,609.28
4498,02/01/2023,1083,Headphones,Accessories,28.09,2,France,56.18
4499,09/11/2022,1532,Headphones,Electronics,1366.54,2,Israel,2733.08
4500,22/06/2023,1988,Webcam,Electronics,1016.47,3,France,3049.41
4501,09/07/2024,1792,Webcam,Office,502.56,1,Canada,502.56
4502,13/12/2024,1357,Keyboard,Office,1322.39,3,USA,3967.17
4503,14/05/2024,1377,Keyboard,Accessories,278.48,4,USA,1113.92
4504,21/02/2024,1171,Keyboard,Accessories,122.71,2,Israel,245.42
4505,30/11/2022,1024,Keyboard,Office,1414.22,1,Israel,1414.22
4506,08/03/2024,1392,Mouse,Office,466.98,4,UK,1867.92
4507,14/12/2022,1102,USB Cable,Office,1404.28,1,Germany,1404.28
4508,30/09/2022,1701,USB Cable,Office,958.23,2,UK,1916.46
4509,20/08/2024,1235,Headphones,Accessories,1470.16,1,Israel,1470.16
4510,21/12/2023,1409,USB Cable,Office,1131.38,1,Canada,1131.38
4511,15/05/2023,1824,Desk Lamp,Electronics,162.7,3,Israel,488.1
4512,16/11/2023,1548,Headphones,Accessories,1279.08,1,France,1279.08
4513,20/03/2022,1783,Mouse,Electronics,226.08,1,UK,226.08
4514,14/09/2023,1804,Desk Lamp,Office,1039.84,3,Germany,3119.52
4515,04/08/2024,1331,USB Cable,Electronics,753.11,2,UK,1506.22
4516,24/12/2022,1663,Headphones,Office,1063.05,4,USA,4252.2
4517,10/09/2023,1793,Keyboard,Electronics,1148.66,3,USA,3445.98
4518,22/05/2023,1531,Laptop,Accessories,1206.48,2,UK,2412.96
4519,30/07/2023,1648,USB Cable,Electronics,1253.3,2,Canada,2506.6
4520,01/09/2022,1982,Desk Lamp,Accessories,1271.6,4,UK,5086.4
4521,21/05/2023,1870,Webcam,Electronics,621.8,2,Canada,1243.6
4522,26/02/2023,1028,Desk Lamp,Electronics,1334.4,3,Israel,4003.2
4523,05/08/2022,1542,Desk Lamp,Accessories,1080.77,2,Canada,2161.54
4524,05/10/2024,1018,Webcam,Accessories,1259.26,4,France,5037.04
4525,26/11/2022,1147,Headphones,Office,1483.84,4,USA,5935.36
4526,12/10/2023,1470,Laptop,Accessories,179.04,3,Germany,537.12
4527,26/01/2023,1490,Webcam,Accessories,559.02,3,France,1677.06
4528,16/01/2023,1282,USB Cable,Office,1210.79,2,Canada,2421.58
4529,12/01/2024,1861,Laptop,Accessories,134.02,4,UK,536.08
4530,30/03/2024,1852,Desk Lamp,Accessories,813.47,4,USA,3253.88
4531,04/11/2023,1811,Mouse,Electronics,1288.3,2,UK,2576.6
4532,28/05/2023,1674,Monitor,Office,33.39,4,USA,133.56
4533,06/08/2024,1112,Headphones,Office,1409.58,3,Germany,4228.74
4534,18/07/2024,1454,Mouse,Electronics,1467.33,3,France,4401.99
4535,01/07/2024,1661,Mouse,Office,486.81,2,Germany,973.62
4536,06/10/2023,1329,Laptop,Electronics,1151.35,2,Germany,2302.7
4537,03/03/2023,1254,Headphones,Accessories,195.13,2,France,390.26
4538,17/05/2023,1598,Mouse,Office,1160.43,3,Canada,3481.29
4539,31/12/2023,1398,Keyboard,Accessories,724.87,3,France,2174.61
4540,12/03/2022,1861,Mouse,Office,1291.11,4,Canada,5164.44
4541,23/04/2023,1609,Keyboard,Accessories,322.85,3,Germany,968.55
4542,02/04/2023,1908,Monitor,Office,1010.62,2,UK,2021.24
4543,08/07/2022,1507,Keyboard,Office,1180.25,1,France,1180.25
4544,18/10/2022,1643,Keyboard,Accessories,307.73,1,Germany,307.73
4545,08/07/2024,1465,Laptop,Electronics,1228.34,1,Germany,1228.34
4546,19/10/2022,1823,Mouse,Office,1437.19,1,Germany,1437.19
4547,26/01/2024,1406,Monitor,Electronics,926.04,1,UK,926.04
4548,12/01/2023,1608,Mouse,Electronics,1178.35,3,Israel,3535.05
4549,23/05/2023,1097,USB Cable,Electronics,801.21,2,Israel,1602.42
4550,12/06/2023,1289,USB Cable,Electronics,899.16,2,France,1798.32
4551,13/07/2023,1867,Keyboard,Electronics,24.96,4,Israel,99.84
4552,20/11/2024,1738,Webcam,Electronics,788.81,2,USA,1577.62
4553,17/09/2022,1656,Keyboard,Office,865.47,4,Canada,3461.88
4554,25/02/2023,1155,Mouse,Electronics,1006.72,2,France,2013.44
4555,31/10/2022,1781,Desk Lamp,Office,258.24,4,France,1032.96
4556,30/07/2024,1161,Monitor,Office,365.85,4,Germany,1463.4
4557,28/11/2024,1623,Webcam,Office,1135.23,2,Canada,2270.46
4558,26/06/2023,1842,Monitor,Accessories,255.62,1,USA,255.62
4559,25/12/2024,1696,Laptop,Electronics,626.96,2,Israel,1253.92
4560,18/04/2022,1716,Keyboard,Accessories,379.48,2,France,758.96
4561,25/09/2022,1096,Keyboard,Electronics,820.05,1,Canada,820.05
4562,10/08/2022,1376,USB Cable,Accessories,1480.37,2,USA,2960.74
4563,24/11/2023,1566,Laptop,Office,1278.8,4,UK,5115.2
4564,12/09/2022,1449,USB Cable,Accessories,407.86,1,UK,407.86
4565,10/09/2022,1993,Mouse,Office,556.07,1,Germany,556.07
4566,14/09/2022,1116,Keyboard,Accessories,1378.36,3,USA,4135.08
4567,18/01/2023,1604,Mouse,Electronics,1347.95,4,France,5391.8
4568,18/03/2023,1804,Monitor,Electronics,244.99,4,UK,979.96
4569,22/08/2023,1963,Webcam,Accessories,1244.76,2,Canada,2489.52
4570,25/01/2023,1715,Webcam,Accessories,449.92,2,UK,899.84
4571,05/08/2023,1793,Webcam,Electronics,817.99,4,Canada,3271.96
4572,03/12/2024,1505,USB Cable,Accessories,12.62,4,Israel,50.48
4573,21/08/2023,1188,Headphones,Accessories,1497.89,4,Israel,5991.56
4574,19/01/2022,1475,Laptop,Electronics,1142.84,2,USA,2285.68
4575,30/08/2023,1322,Webcam,Office,366.39,4,Israel,1465.56
4576,02/02/2022,1595,Keyboard,Electronics,1027.27,4,USA,4109.08
4577,11/05/2024,1969,Laptop,Electronics,443.49,1,France,443.49
4578,04/06/2022,1179,Monitor,Accessories,138.74,4,France,554.96
4579,23/06/2024,1785,Monitor,Electronics,640.84,3,France,1922.52
4580,09/02/2023,1180,USB Cable,Electronics,922.51,2,Israel,1845.02
4581,23/04/2024,1958,Monitor,Accessories,139.22,1,Israel,139.22
4582,17/01/2024,1692,Monitor,Accessories,780.02,4,Germany,3120.08
4583,28/09/2022,1794,Desk Lamp,Office,774.72,4,UK,3098.88
4584,09/02/2024,1286,Headphones,Electronics,944.82,1,Canada,944.82
4585,21/06/2022,1474,Desk Lamp,Office,370.75,1,France,370.75
4586,01/10/2022,1617,Mouse,Office,35.86,1,Israel,35.86
4587,16/09/2022,1640,Mouse,Office,490.66,3,UK,1471.98
4588,26/02/2023,1261,Desk Lamp,Office,600.88,3,France,1802.64
4589,30/12/2022,1522,Webcam,Electronics,955.43,1,France,955.43
4590,13/01/2023,1161,Headphones,Electronics,1395.61,4,Canada,5582.44
4591,03/08/2023,1486,USB Cable,Electronics,309.06,2,UK,618.12
4592,09/06/2024,1979,Mouse,Office,1032.56,3,UK,3097.68
4593,23/12/2023,1958,Desk Lamp,Accessories,150.61,2,Israel,301.22
4594,30/05/2024,1180,USB Cable,Electronics,289.98,2,UK,579.96
4595,28/08/2023,1724,USB Cable,Office,766.16,3,UK,2298.48
4596,22/01/2022,1468,Monitor,Office,1064.02,2,Israel,2128.04
4597,18/01/2023,1785,Mouse,Office,1288.56,4,France,5154.24
4598,14/05/2022,1020,Laptop,Office,1117.14,3,Canada,3351.42
4599,14/11/2024,1274,Webcam,Office,27.95,3,UK,83.85
4600,18/05/2023,1259,Mouse,Office,1027.48,2,Canada,2054.96
4601,24/05/2022,1332,Laptop,Electronics,1237.86,2,Germany,2475.72
4602,12/08/2022,1465,Keyboard,Accessories,790.67,1,USA,790.67
4603,08/08/2022,1115,Laptop,Electronics,1448.57,3,Canada,4345.71
4604,28/06/2022,1412,Laptop,Electronics,11.45,2,UK,22.9
4605,09/03/2023,1536,Monitor,Office,1228.89,4,Canada,4915.56
4606,22/09/2022,1951,Monitor,Electronics,505.56,3,UK,1516.68
4607,11/08/2024,1844,Webcam,Accessories,977.42,1,USA,977.42
4608,05/03/2023,1765,Monitor,Accessories,1041.76,4,Germany,4167.04
4609,20/02/2023,1958,Laptop,Office,462.84,1,Canada,462.84
4610,28/12/2023,1922,Headphones,Accessories,1493.16,1,France,1493.16
4611,16/07/2022,1955,Monitor,Office,159.36,4,Germany,637.44
4612,12/12/2024,1722,Monitor,Accessories,239.76,1,USA,239.76
4613,25/04/2023,1816,Desk Lamp,Accessories,1338.83,1,Canada,1338.83
4614,08/06/2024,1832,Laptop,Electronics,183.17,1,UK,183.17
4615,13/07/2024,1933,Keyboard,Accessories,575.02,1,France,575.02
4616,03/05/2022,1850,Keyboard,Office,1101.05,1,Germany,1101.05
4617,17/02/2024,1947,Desk Lamp,Accessories,1188.28,3,Germany,3564.84
4618,14/12/2022,1256,Mouse,Accessories,1432.23,2,France,2864.46
4619,29/01/2022,1167,Webcam,Electronics,1185.41,3,Germany,3556.23
4620,01/09/2024,1848,Keyboard,Office,1267.58,3,USA,3802.74
4621,04/02/2022,1532,Monitor,Office,1424.32,2,France,2848.64
4622,15/09/2023,1597,Headphones,Office,832.76,2,USA,1665.52
4623,12/08/2023,1014,Mouse,Electronics,518.43,4,France,2073.72
4624,26/12/2024,1049,Webcam,Accessories,1143.61,1,USA,1143.61
4625,22/06/2024,1998,Headphones,Office,249.49,2,UK,498.98
4626,04/06/2023,1303,Headphones,Accessories,107.01,4,UK,428.04
4627,02/05/2022,1486,Monitor,Accessories,1179.07,4,Germany,4716.28
4628,06/12/2022,1415,Laptop,Accessories,1426.25,3,France,4278.75
4629,24/06/2022,1304,Laptop,Electronics,666.46,4,Canada,2665.84
4630,20/08/2023,1195,Laptop,Accessories,245.89,1,France,245.89
4631,27/03/2023,1875,Keyboard,Electronics,748.05,3,USA,2244.15
4632,11/07/2023,1812,Laptop,Electronics,593.01,2,Canada,1186.02
4633,05/11/2024,1799,Webcam,Electronics,561.85,3,Germany,1685.55
4634,09/01/2022,1387,Desk Lamp,Office,943.98,3,Germany,2831.94
4635,30/11/2022,1756,Monitor,Electronics,266.23,1,Canada,266.23
4636,13/10/2024,1960,Desk Lamp,Office,573.82,1,France,573.82
4637,23/11/2022,1864,Keyboard,Electronics,1303.67,3,UK,3911.01
4638,15/01/2022,1454,Webcam,Electronics,1095.85,2,France,2191.7
4639,18/04/2024,1712,Laptop,Electronics,88.1,1,Canada,88.1
4640,14/08/2022,1704,Webcam,Electronics,773.29,3,France,2319.87
4641,23/04/2022,1847,Desk Lamp,Accessories,141.49,1,Israel,141.49
4642,01/01/2022,1657,Headphones,Accessories,1436.46,1,USA,1436.46
4643,23/09/2022,1309,Monitor,Electronics,370.74,4,USA,1482.96
4644,09/08/2024,1126,Monitor,Accessories,1399.27,2,Israel,2798.54
4645,02/11/2022,1174,Desk Lamp,Office,1251.84,3,Germany,3755.52
4646,12/01/2022,1133,Webcam,Accessories,829.29,3,Canada,2487.87
4647,25/07/2024,1065,Mouse,Accessories,507.78,4,USA,2031.12
4648,24/02/2023,1392,Desk Lamp,Accessories,1287.63,3,Germany,3862.89
4649,07/06/2024,1963,Monitor,Electronics,233.41,3,UK,700.23
4650,20/06/2022,1364,Headphones,Office,274.06,4,Germany,1096.24
4651,14/05/2022,1278,Desk Lamp,Electronics,340.96,4,USA,1363.84
4652,22/08/2024,1757,Desk Lamp,Office,898.56,3,Canada,2695.68
4653,14/11/2024,1362,Monitor,Electronics,474.92,4,Canada,1899.68
4654,20/10/2023,1748,Desk Lamp,Accessories,1483.83,1,Germany,1483.83
4655,28/06/2022,1170,Mouse,Office,296.69,1,UK,296.69
4656,15/12/2024,1050,Monitor,Accessories,1209.39,1,Israel,1209.39
4657,21/04/2022,1327,USB Cable,Office,148.28,1,USA,148.28
4658,17/05/2022,1870,Monitor,Office,533.4,4,Canada,2133.6
4659,20/08/2022,1664,Mouse,Electronics,369.42,2,UK,738.84
4660,18/09/2024,1591,USB Cable,Electronics,1465.37,2,France,2930.74
4661,13/04/2023,1930,USB Cable,Accessories,43.47,3,Israel,130.41
4662,02/01/2024,1144,Monitor,Accessories,1083.9,2,Israel,2167.8
4663,26/04/2023,1273,Desk Lamp,Office,375.34,1,USA,375.34
4664,27/12/2024,1154,Webcam,Office,1217.82,4,UK,4871.28
4665,24/03/2024,1910,Keyboard,Electronics,470.28,1,Canada,470.28
4666,20/09/2024,1507,USB Cable,Electronics,284.99,1,Canada,284.99
4667,19/11/2022,1848,Webcam,Electronics,1041.09,4,France,4164.36
4668,10/07/2024,1362,Monitor,Electronics,390.08,1,Canada,390.08
4669,22/06/2024,1324,Laptop,Electronics,730.89,1,UK,730.89
4670,29/08/2023,1847,Laptop,Office,201.64,4,Canada,806.56
4671,05/03/2023,1654,Keyboard,Office,1088.27,4,Germany,4353.08
4672,28/05/2022,1297,USB Cable,Accessories,613.22,3,Canada,1839.66
4673,29/04/2024,1493,Monitor,Office,215.17,3,USA,645.51
4674,02/01/2023,1545,Headphones,Electronics,1113.68,1,Germany,1113.68
4675,29/04/2024,1303,USB Cable,Office,159.53,3,Canada,478.59
4676,25/12/2024,1466,Monitor,Office,864.36,2,Canada,1728.72
4677,23/03/2024,1903,Laptop,Office,913.19,2,Canada,1826.38
4678,24/06/2022,1238,Mouse,Accessories,1395.87,1,Germany,1395.87
4679,11/08/2023,1649,Keyboard,Accessories,230.72,3,Canada,692.16
4680,10/05/2023,1765,Mouse,Office,981.75,1,Israel,981.75
4681,30/08/2024,1516,Headphones,Office,574.25,3,Canada,1722.75
4682,04/02/2022,1883,Monitor,Electronics,604.22,4,Israel,2416.88
4683,25/09/2024,1175,Desk Lamp,Accessories,755.23,4,Germany,3020.92
4684,22/06/2023,1884,Headphones,Electronics,354.51,4,Canada,1418.04
4685,20/01/2024,1409,Mouse,Electronics,694.47,4,UK,2777.88
4686,03/11/2024,1725,Monitor,Office,1031.84,1,USA,1031.84
4687,09/01/2023,1363,USB Cable,Office,688.38,1,Canada,688.38
4688,11/07/2023,1022,Webcam,Office,68.55,1,USA,68.55
4689,21/08/2022,1317,Webcam,Electronics,390.45,2,UK,780.9
4690,06/12/2023,1524,USB Cable,Electronics,530.43,4,Germany,2121.72
4691,17/07/2023,1904,Headphones,Electronics,535.31,4,USA,2141.24
4692,27/07/2024,1752,Desk Lamp,Office,126.11,4,Canada,504.44
4693,05/06/2024,1275,Webcam,Office,677.11,3,Israel,2031.33
4694,27/12/2023,1603,Desk Lamp,Office,1039.46,3,France,3118.38
4695,17/03/2022,1619,Desk Lamp,Electronics,77.76,2,Israel,155.52
4696,15/03/2023,1952,Webcam,Electronics,1127.63,2,UK,2255.26
4697,30/11/2023,1228,Laptop,Accessories,1432.88,3,France,4298.64
4698,03/07/2024,1663,Webcam,Office,18.96,3,USA,56.88
4699,09/06/2024,1107,Laptop,Electronics,294.57,1,Canada,294.57
4700,23/11/2023,1800,Keyboard,Accessories,817.51,1,USA,817.51
4701,10/09/2022,1915,Laptop,Electronics,330.98,3,France,992.94
4702,26/11/2024,1955,Laptop,Electronics,1148.12,4,USA,4592.48
4703,14/02/2023,1175,Mouse,Office,471.64,3,France,1414.92
4704,07/05/2022,1319,Desk Lamp,Accessories,443.97,1,Germany,443.97
4705,15/08/2023,1285,Desk Lamp,Electronics,6.38,2,UK,12.76
4706,21/10/2022,1875,Laptop,Accessories,408.84,3,Canada,1226.52
4707,16/10/2024,1328,Laptop,Accessories,330.42,3,Israel,991.26
4708,06/11/2022,1876,Mouse,Office,518.15,4,France,2072.6
4709,24/10/2023,1752,Laptop,Accessories,225.75,2,France,451.5
4710,12/06/2023,1656,Webcam,Office,894,4,Germany,3576
4711,24/06/2023,1355,USB Cable,Office,361.92,2,Canada,723.84
4712,23/02/2023,1013,Laptop,Office,1248.47,4,Canada,4993.88
4713,20/03/2023,1274,Keyboard,Accessories,430.41,2,Israel,860.82
4714,16/11/2023,1070,Laptop,Electronics,320.25,3,Germany,960.75
4715,19/04/2024,1826,Laptop,Office,89.84,3,Germany,269.52
4716,24/08/2022,1194,Keyboard,Electronics,1111.16,3,UK,3333.48
4717,02/08/2022,1864,USB Cable,Accessories,764.77,1,USA,764.77
4718,26/03/2022,1811,Mouse,Electronics,175.11,2,Canada,350.22
4719,04/03/2024,1927,Webcam,Electronics,335.9,2,Canada,671.8
4720,26/03/2022,1878,USB Cable,Office,1498.09,4,Israel,5992.36
4721,06/03/2022,1522,Laptop,Office,1210.01,1,Germany,1210.01
4722,25/10/2023,1105,Webcam,Office,528.05,4,USA,2112.2
4723,19/09/2023,1769,Headphones,Accessories,816.12,1,USA,816.12
4724,05/03/2022,1985,Desk Lamp,Electronics,626.95,4,USA,2507.8
4725,27/07/2024,1892,Webcam,Accessories,59.4,1,Canada,59.4
4726,07/07/2024,1195,Mouse,Accessories,1169.12,4,USA,4676.48
4727,06/05/2023,1144,Mouse,Accessories,1076.89,4,UK,4307.56
4728,09/11/2022,1976,Desk Lamp,Accessories,616.16,1,UK,616.16
4729,07/09/2023,1731,USB Cable,Office,1269.62,2,Germany,2539.24
4730,07/07/2024,1349,Laptop,Electronics,804.43,4,USA,3217.72
4731,23/03/2024,1423,Desk Lamp,Office,102.49,1,Germany,102.49
4732,28/07/2024,1470,Keyboard,Office,392.81,1,France,392.81
4733,11/11/2023,1685,Mouse,Accessories,695.35,2,Canada,1390.7
4734,11/03/2023,1215,Keyboard,Office,159.66,2,UK,319.32
4735,13/11/2023,1092,USB Cable,Electronics,858.77,2,UK,1717.54
4736,09/12/2024,1259,USB Cable,Accessories,185.25,2,Canada,370.5
4737,06/12/2022,1933,Headphones,Office,304.76,4,Israel,1219.04
4738,13/12/2022,1574,Keyboard,Accessories,1341.51,4,France,5366.04
4739,08/10/2023,1540,USB Cable,Electronics,1499.72,3,UK,4499.16
4740,11/10/2023,1786,USB Cable,Accessories,827.63,4,USA,3310.52
4741,02/09/2022,1858,USB Cable,Office,931.37,3,Canada,2794.11
4742,19/04/2022,1284,Desk Lamp,Office,1197.16,3,USA,3591.48
4743,17/06/2023,1483,Monitor,Electronics,1045.73,4,Canada,4182.92
4744,23/10/2022,1930,USB Cable,Electronics,277.79,3,USA,833.37
4745,22/04/2022,1371,USB Cable,Accessories,620.45,2,Canada,1240.9
4746,09/12/2022,1069,Keyboard,Office,805,3,Germany,2415
4747,11/04/2022,1378,Mouse,Electronics,542.77,4,UK,2171.08
4748,21/09/2023,1278,Keyboard,Electronics,268.28,1,Germany,268.28
4749,28/01/2022,1742,Keyboard,Office,1105.49,4,UK,4421.96
4750,25/07/2024,1301,Monitor,Electronics,302.28,1,Israel,302.28
4751,27/02/2022,1254,Monitor,Electronics,394.43,1,Germany,394.43
4752,24/10/2022,1683,Desk Lamp,Office,433.35,3,UK,1300.05
4753,14/05/2022,1943,Laptop,Electronics,246.86,3,Israel,740.58
4754,06/09/2022,1691,Mouse,Office,1275.08,1,UK,1275.08
4755,17/10/2024,1263,USB Cable,Office,917.87,3,France,2753.61
4756,04/07/2023,1694,Desk Lamp,Accessories,1252.95,2,Canada,2505.9
4757,20/06/2024,1833,Laptop,Office,743.13,4,Germany,2972.52
4758,13/04/2024,1716,USB Cable,Electronics,781.75,3,USA,2345.25
4759,10/02/2024,1423,USB Cable,Accessories,926.14,1,Israel,926.14
4760,26/05/2022,1760,Monitor,Accessories,559.52,1,Israel,559.52
4761,11/06/2024,1212,USB Cable,Electronics,747.39,4,USA,2989.56
4762,10/12/2022,1670,USB Cable,Accessories,822.64,3,Israel,2467.92
4763,24/11/2024,1943,Keyboard,Electronics,1430.55,3,USA,4291.65
4764,03/12/2023,1099,Monitor,Accessories,1324.95,1,USA,1324.95
4765,01/01/2022,1828,Headphones,Electronics,198.22,4,UK,792.88
4766,02/06/2022,1111,Keyboard,Office,66.72,1,Germany,66.72
4767,05/03/2023,1307,Laptop,Office,1022.1,4,France,4088.4
4768,23/05/2023,1677,Keyboard,Accessories,78.55,3,Israel,235.65
4769,06/05/2023,1474,Desk Lamp,Accessories,95.22,3,UK,285.66
4770,11/12/2022,1547,Headphones,Office,243.1,4,France,972.4
4771,09/08/2022,1111,Monitor,Electronics,530.8,1,France,530.8
4772,24/12/2023,1086,Mouse,Accessories,655.32,1,Israel,655.32
4773,14/11/2024,1182,USB Cable,Office,781.47,1,Israel,781.47
4774,12/06/2023,1596,Webcam,Accessories,1488.47,4,UK,5953.88
4775,20/04/2024,1780,Mouse,Office,580.92,4,Israel,2323.68
4776,01/12/2024,1164,Mouse,Office,367.92,1,France,367.92
4777,26/04/2023,1814,USB Cable,Office,865,1,Israel,865
4778,18/07/2024,1089,Monitor,Electronics,326.65,4,Canada,1306.6
4779,21/05/2024,1999,Mouse,Accessories,1411.11,4,Canada,5644.44
4780,11/12/2022,1454,Headphones,Electronics,392.59,1,UK,392.59
4781,14/02/2022,1237,USB Cable,Electronics,1484.95,1,UK,1484.95
4782,21/01/2022,1998,Monitor,Office,630.91,3,UK,1892.73
4783,29/12/2024,1533,Desk Lamp,Electronics,1219.97,2,Israel,2439.94
4784,22/05/2024,1678,Mouse,Accessories,974.18,4,Germany,3896.72
4785,17/02/2022,1726,USB Cable,Accessories,1400.57,2,UK,2801.14
4786,05/07/2023,1057,Webcam,Office,940.01,4,Germany,3760.04
4787,14/10/2022,1541,Laptop,Office,873.92,3,USA,2621.76
4788,28/09/2024,1913,Monitor,Accessories,981.01,4,UK,3924.04
4789,30/10/2024,1617,Monitor,Accessories,1180.77,4,Germany,4723.08
4790,26/06/2023,1401,Keyboard,Office,1348.77,2,Germany,2697.54
4791,26/01/2024,1841,Desk Lamp,Electronics,403.89,3,France,1211.67
4792,01/10/2022,1678,USB Cable,Accessories,305.33,3,Germany,915.99
4793,13/08/2024,1861,Mouse,Office,56.35,3,France,169.05
4794,23/08/2023,1665,Laptop,Office,558.27,3,Canada,1674.81
4795,16/01/2023,1838,USB Cable,Accessories,1270.05,4,Canada,5080.2
4796,24/04/2023,1518,Webcam,Office,109.44,2,Canada,218.88
4797,15/01/2022,1196,Headphones,Accessories,810.09,3,Germany,2430.27
4798,31/05/2023,1832,Monitor,Office,1043.71,1,Germany,1043.71
4799,10/07/2022,1045,Headphones,Office,1256.1,3,USA,3768.3
4800,13/09/2023,1529,Headphones,Electronics,877.23,2,Germany,1754.46
4801,03/06/2022,1396,Headphones,Office,283.55,2,Israel,567.1
4802,29/09/2022,1664,Desk Lamp,Accessories,1446.98,2,Israel,2893.96
4803,23/05/2022,1999,Keyboard,Accessories,146.5,2,Canada,293
4804,28/12/2024,1775,USB Cable,Electronics,1154.65,1,Israel,1154.65
4805,04/09/2022,1073,Headphones,Accessories,134.41,3,USA,403.23
4806,27/02/2024,1415,Mouse,Office,219.41,4,Germany,877.64
4807,20/03/2022,1656,Mouse,Electronics,1347.83,4,USA,5391.32
4808,15/09/2023,1613,Laptop,Accessories,1130.85,1,Germany,1130.85
4809,09/06/2023,1334,Laptop,Office,551.43,3,France,1654.29
4810,11/02/2024,1846,Webcam,Electronics,959.89,3,USA,2879.67
4811,26/07/2024,1632,Headphones,Office,688.58,4,Canada,2754.32
4812,09/09/2023,1687,Headphones,Accessories,104.47,1,Israel,104.47
4813,28/10/2024,1574,Keyboard,Accessories,1083.09,4,Israel,4332.36
4814,08/03/2022,1295,USB Cable,Accessories,1146.07,1,Israel,1146.07
4815,10/07/2022,1083,Headphones,Accessories,1324.1,2,Germany,2648.2
4816,07/02/2024,1014,Headphones,Electronics,813.25,3,Germany,2439.75
4817,05/06/2023,1866,Desk Lamp,Accessories,1011.34,3,USA,3034.02
4818,16/09/2024,1133,USB Cable,Electronics,659.89,3,Canada,1979.67
4819,24/09/2022,1477,Headphones,Electronics,481.77,3,UK,1445.31
4820,30/04/2023,1632,Monitor,Office,620.49,3,Germany,1861.47
4821,11/01/2023,1318,Monitor,Accessories,1368.07,3,UK,4104.21
4822,15/10/2023,1391,Desk Lamp,Office,250.44,2,UK,500.88
4823,03/07/2023,1478,Desk Lamp,Office,376.51,3,Germany,1129.53
4824,14/03/2022,1639,Keyboard,Office,911.26,2,USA,1822.52
4825,04/11/2022,1367,Desk Lamp,Office,178.84,3,Canada,536.52
4826,18/07/2022,1366,Keyboard,Office,1338.34,3,UK,4015.02
4827,26/07/2023,1287,Desk Lamp,Accessories,75.62,1,USA,75.62
4828,01/03/2024,1812,Desk Lamp,Office,1134.19,3,USA,3402.57
4829,28/06/2022,1377,Mouse,Electronics,563.72,4,Canada,2254.88
4830,16/07/2022,1691,Keyboard,Electronics,81.49,1,Germany,81.49
4831,05/01/2024,1462,Webcam,Accessories,1265.18,1,Canada,1265.18
4832,30/03/2022,1593,Mouse,Electronics,962.49,1,UK,962.49
4833,09/03/2024,1012,Desk Lamp,Office,18.24,4,USA,72.96
4834,27/02/2024,1535,USB Cable,Electronics,404.96,2,UK,809.92
4835,18/01/2024,1167,Headphones,Office,531.31,1,USA,531.31
4836,28/07/2022,1269,Desk Lamp,Accessories,487.25,1,Germany,487.25
4837,08/05/2023,1987,Keyboard,Electronics,750.02,1,USA,750.02
4838,27/10/2023,1970,Webcam,Electronics,792.57,3,Germany,2377.71
4839,02/11/2024,1069,Keyboard,Electronics,598.15,2,Germany,1196.3
4840,20/05/2024,1317,Desk Lamp,Accessories,501,4,UK,2004
4841,02/01/2024,1375,Keyboard,Accessories,759.09,4,UK,3036.36
4842,29/11/2023,1088,Mouse,Electronics,55.26,2,Canada,110.52
4843,17/08/2023,1700,USB Cable,Accessories,969.58,2,UK,1939.16
4844,04/06/2024,1256,USB Cable,Office,910.94,2,France,1821.88
4845,01/05/2024,1216,Mouse,Accessories,422.43,3,UK,1267.29
4846,21/11/2022,1449,Desk Lamp,Electronics,273.38,1,UK,273.38
4847,05/09/2024,1893,Laptop,Office,114.11,3,Canada,342.33
4848,13/08/2024,1543,Mouse,Electronics,883.08,2,USA,1766.16
4849,12/06/2024,1140,Mouse,Electronics,855.51,3,Canada,2566.53
4850,24/05/2022,1160,Monitor,Electronics,802.31,4,France,3209.24
4851,19/01/2023,1031,Desk Lamp,Accessories,1478.5,3,France,4435.5
4852,04/08/2022,1823,Keyboard,Electronics,799.66,2,USA,1599.32
4853,20/11/2022,1151,Mouse,Office,1084.08,1,UK,1084.08
4854,04/11/2024,1858,Keyboard,Office,173.81,3,Canada,521.43
4855,05/08/2022,1259,Keyboard,Office,451.96,2,Israel,903.92
4856,08/08/2024,1727,Monitor,Electronics,416.79,3,Germany,1250.37
4857,02/07/2022,1278,Desk Lamp,Office,866.08,4,France,3464.32
4858,27/09/2022,1284,Keyboard,Office,499.57,3,USA,1498.71
4859,02/08/2024,1609,Webcam,Office,963.39,3,Israel,2890.17
4860,19/05/2024,1916,Mouse,Office,1036.68,1,Germany,1036.68
4861,12/04/2023,1541,Keyboard,Accessories,55.37,3,Israel,166.11
4862,01/11/2022,1601,Laptop,Electronics,961.44,3,UK,2884.32
4863,21/04/2022,1147,Laptop,Electronics,179.6,4,USA,718.4
4864,10/10/2024,1655,Monitor,Office,700.38,4,Germany,2801.52
4865,20/08/2022,1066,Webcam,Electronics,1091.23,4,Germany,4364.92
4866,18/08/2023,1944,USB Cable,Office,1056.5,1,UK,1056.5
4867,22/06/2022,1868,USB Cable,Office,453.23,4,UK,1812.92
4868,30/08/2024,1569,Mouse,Office,412.19,4,UK,1648.76
4869,27/10/2024,1999,Desk Lamp,Electronics,663.14,3,USA,1989.42
4870,30/06/2023,1939,Monitor,Accessories,287.06,3,France,861.18
4871,02/07/2023,1792,Laptop,Electronics,1462.18,1,Israel,1462.18
4872,02/06/2023,1278,Webcam,Electronics,520.65,4,USA,2082.6
4873,02/07/2024,1747,Mouse,Accessories,1384.87,2,USA,2769.74
4874,03/08/2022,1442,Keyboard,Electronics,1362.86,3,Israel,4088.58
4875,14/05/2022,1896,Mouse,Accessories,550.45,2,Germany,1100.9
4876,12/10/2022,1864,Headphones,Office,384.86,2,Israel,769.72
4877,17/11/2023,1398,Mouse,Accessories,1157.4,4,UK,4629.6
4878,27/11/2022,1127,Keyboard,Office,347.92,2,Germany,695.84
4879,12/06/2024,1336,Headphones,Accessories,784.26,1,USA,784.26
4880,17/06/2024,1481,USB Cable,Office,170.48,1,Israel,170.48
4881,19/03/2022,1720,Webcam,Electronics,581.97,3,USA,1745.91
4882,04/08/2024,1947,Monitor,Accessories,121.84,2,Canada,243.68
4883,19/11/2023,1185,Webcam,Electronics,428.74,1,USA,428.74
4884,21/01/2022,1168,Mouse,Office,999.61,1,Israel,999.61
4885,20/07/2023,1683,USB Cable,Accessories,1487,2,Canada,2974
4886,06/04/2024,1259,Monitor,Accessories,385.94,1,Canada,385.94
4887,28/06/2022,1716,Mouse,Accessories,712.62,2,Canada,1425.24
4888,18/12/2024,1963,Laptop,Electronics,674.83,1,USA,674.83
4889,23/06/2024,1646,Laptop,Office,280.31,2,France,560.62
4890,31/10/2023,1557,Keyboard,Electronics,917.05,1,France,917.05
4891,10/07/2022,1506,USB Cable,Accessories,1088.43,1,USA,1088.43
4892,09/12/2023,1520,Desk Lamp,Office,225.09,1,Germany,225.09
4893,24/11/2024,1470,USB Cable,Office,1136.9,4,Germany,4547.6
4894,14/01/2023,1160,Desk Lamp,Electronics,1051.74,4,Germany,4206.96
4895,22/01/2023,1288,Webcam,Electronics,300.03,1,Germany,300.03
4896,25/08/2022,1339,Laptop,Accessories,975.18,4,France,3900.72
4897,08/09/2023,1899,Headphones,Accessories,593.54,2,Germany,1187.08
4898,10/10/2022,1832,Headphones,Accessories,1023.3,4,Israel,4093.2
4899,01/01/2022,1501,USB Cable,Accessories,746.66,3,Germany,2239.98
4900,09/04/2023,1105,USB Cable,Office,76.97,3,Israel,230.91
4901,24/08/2024,1801,Mouse,Accessories,1181.52,1,France,1181.52
4902,21/06/2022,1474,USB Cable,Accessories,835.62,4,Israel,3342.48
4903,22/04/2024,1852,Monitor,Accessories,1088.57,3,Canada,3265.71
4904,21/11/2023,1599,Headphones,Electronics,193.48,1,Israel,193.48
4905,29/07/2023,1462,Mouse,Electronics,1083.3,3,USA,3249.9
4906,14/06/2022,1482,Desk Lamp,Electronics,623.43,1,Israel,623.43
4907,18/01/2023,1703,Monitor,Accessories,1199.9,3,Canada,3599.7
4908,28/07/2022,1152,USB Cable,Office,900.75,3,USA,2702.25
4909,12/08/2022,1822,USB Cable,Accessories,535.58,4,Canada,2142.32
4910,03/01/2022,1648,Laptop,Electronics,306.87,1,Germany,306.87
4911,07/01/2023,1784,Mouse,Electronics,1224.81,3,Israel,3674.43
4912,03/09/2023,1148,Monitor,Accessories,842.49,1,Israel,842.49
4913,26/04/2022,1187,Keyboard,Office,1481.26,4,UK,5925.04
4914,23/03/2023,1652,USB Cable,Office,563.37,3,Germany,1690.11
4915,19/02/2023,1130,Webcam,Office,1030.15,2,Israel,2060.3
4916,10/06/2024,1451,Webcam,Electronics,936.12,2,Israel,1872.24
4917,13/11/2024,1515,USB Cable,Electronics,958.18,2,UK,1916.36
4918,25/10/2023,1490,Keyboard,Office,1106.79,1,USA,1106.79
4919,09/12/2024,1475,Headphones,Accessories,212.97,4,Germany,851.88
4920,19/12/2023,1262,Webcam,Office,826.72,1,UK,826.72
4921,16/11/2024,1537,Monitor,Accessories,766.15,1,Germany,766.15
4922,28/09/2022,1458,USB Cable,Electronics,517.08,2,Germany,1034.16
4923,16/07/2023,1535,USB Cable,Electronics,657.04,4,USA,2628.16
4924,14/03/2024,1777,USB Cable,Electronics,780.62,3,USA,2341.86
4925,04/09/2022,1740,Keyboard,Office,484.78,1,France,484.78
4926,22/01/2023,1780,Headphones,Office,443.27,2,UK,886.54
4927,03/12/2023,1636,Mouse,Electronics,1108.72,1,Canada,1108.72
4928,13/07/2023,1683,USB Cable,Electronics,105.04,1,UK,105.04
4929,30/08/2024,1745,Mouse,Electronics,472.88,4,Germany,1891.52
4930,10/09/2024,1294,Monitor,Office,982.3,3,France,2946.9
4931,18/12/2022,1914,Monitor,Office,317.12,1,France,317.12
4932,23/01/2024,1434,Desk Lamp,Electronics,860.55,1,Germany,860.55
4933,20/02/2024,1274,Monitor,Office,456.74,3,USA,1370.22
4934,21/10/2024,1587,Webcam,Office,1265.74,4,France,5062.96
4935,30/06/2023,1307,Monitor,Office,528.23,1,UK,528.23
4936,20/03/2022,1725,Desk Lamp,Office,348.13,4,USA,1392.52
4937,30/11/2022,1942,USB Cable,Electronics,797.51,4,Israel,3190.04
4938,07/06/2024,1996,Keyboard,Electronics,207.81,1,France,207.81
4939,17/05/2023,1375,Keyboard,Office,1197.24,3,Germany,3591.72
4940,04/02/2024,1157,Headphones,Electronics,1021.64,1,UK,1021.64
4941,09/07/2024,1813,Keyboard,Electronics,1156.91,1,France,1156.91
4942,04/07/2023,1203,Desk Lamp,Electronics,601.32,2,Germany,1202.64
4943,14/01/2022,1988,Webcam,Accessories,1253.33,3,UK,3759.99
4944,27/01/2023,1660,Desk Lamp,Electronics,742.85,2,France,1485.7
4945,06/11/2022,1074,Mouse,Electronics,146.58,3,UK,439.74
4946,21/01/2023,1379,Desk Lamp,Office,339.92,1,Israel,339.92
4947,31/08/2024,1740,Headphones,Office,1068.02,4,UK,4272.08
4948,06/12/2022,1303,Keyboard,Accessories,1345.15,2,Germany,2690.3
4949,20/08/2023,1061,Monitor,Accessories,147.3,2,France,294.6
4950,27/01/2024,1569,Keyboard,Electronics,1297,2,Germany,2594
4951,11/11/2024,1785,Laptop,Electronics,1199.61,2,Israel,2399.22
4952,18/10/2022,1107,Headphones,Office,538.06,3,Canada,1614.18
4953,02/11/2022,1186,USB Cable,Electronics,1035.47,4,USA,4141.88
4954,26/09/2023,1986,USB Cable,Electronics,284.49,4,UK,1137.96
4955,17/09/2023,1228,Webcam,Electronics,1221.02,1,Germany,1221.02
4956,27/07/2024,1047,Keyboard,Electronics,987.72,1,Canada,987.72
4957,27/04/2024,1830,Keyboard,Electronics,661.05,2,France,1322.1
4958,18/03/2023,1267,Webcam,Electronics,1297.45,1,France,1297.45
4959,18/05/2023,1726,Desk Lamp,Electronics,213.16,1,USA,213.16
4960,10/05/2022,1801,Mouse,Electronics,1269.45,3,France,3808.35
4961,20/08/2023,1253,Monitor,Office,40.71,1,Israel,40.71
4962,11/05/2024,1956,Desk Lamp,Accessories,1131.03,1,USA,1131.03
4963,16/08/2023,1869,Monitor,Electronics,862.18,1,Israel,862.18
4964,25/09/2024,1086,Mouse,Office,1046.6,4,UK,4186.4
4965,21/11/2022,1180,Mouse,Electronics,621.46,4,Israel,2485.84
4966,28/12/2024,1024,Laptop,Electronics,1297.34,1,UK,1297.34
4967,24/03/2023,1957,Desk Lamp,Accessories,473.16,2,Israel,946.32
4968,29/03/2024,1387,Webcam,Office,416.06,4,USA,1664.24
4969,10/12/2023,1221,Headphones,Electronics,456.12,3,UK,1368.36
4970,22/09/2022,1989,Monitor,Accessories,1162.67,3,Canada,3488.01
4971,04/09/2023,1396,Mouse,Accessories,745.46,3,Israel,2236.38
4972,11/04/2024,1937,Mouse,Electronics,807.94,1,Israel,807.94
4973,05/11/2023,1510,Webcam,Electronics,1248.32,2,France,2496.64
4974,06/06/2022,1560,USB Cable,Office,1250.88,3,Israel,3752.64
4975,08/09/2022,1845,Headphones,Office,246.8,2,France,493.6
4976,27/05/2024,1439,Mouse,Electronics,826.9,3,Israel,2480.7
4977,14/06/2023,1174,USB Cable,Electronics,193.4,2,Germany,386.8
4978,23/11/2022,1903,Laptop,Accessories,1303.45,1,France,1303.45
4979,18/08/2024,1310,Headphones,Office,1256.32,1,USA,1256.32
4980,13/06/2024,1983,USB Cable,Electronics,1274.78,3,USA,3824.34
4981,07/04/2022,1273,Laptop,Electronics,1058.76,3,UK,3176.28
4982,28/05/2023,1034,Keyboard,Office,702.98,4,Canada,2811.92
4983,04/08/2022,1216,Monitor,Electronics,610.06,3,Canada,1830.18
4984,05/05/2022,1720,Mouse,Accessories,595.86,4,USA,2383.44
4985,28/02/2022,1671,USB Cable,Accessories,103.99,4,UK,415.96
4986,10/06/2022,1407,Headphones,Electronics,1423.56,1,USA,1423.56
4987,11/10/2022,1518,Laptop,Office,678.16,1,France,678.16
4988,16/04/2022,1268,Monitor,Accessories,1395.52,4,Germany,5582.08
4989,16/08/2022,1637,Desk Lamp,Office,1319.49,3,UK,3958.47
4990,14/11/2022,1474,Monitor,Office,1243.77,4,Germany,4975.08
4991,12/03/2024,1879,Desk Lamp,Office,884.52,3,Israel,2653.56
4992,23/05/2024,1324,Desk Lamp,Accessories,156.83,1,Israel,156.83
4993,17/04/2023,1355,Mouse,Accessories,489.25,3,Germany,1467.75
4994,15/12/2024,1089,USB Cable,Electronics,907.36,4,France,3629.44
4995,17/09/2023,1041,Desk Lamp,Office,25.12,3,Germany,75.36
4996,13/01/2022,1364,Monitor,Accessories,68.73,4,Germany,274.92
4997,07/11/2024,1670,Mouse,Accessories,1018.11,3,Germany,3054.33
4998,25/11/2023,1201,USB Cable,Electronics,1332.86,4,UK,5331.44
4999,30/08/2024,1365,Desk Lamp,Accessories,1283.47,1,UK,1283.47
5000,23/04/2022,1793,USB Cable,Accessories,256.38,4,Germany,1025.52
5001,17/08/2022,1981,Keyboard,Accessories,1367.29,1,Canada,1367.29
5002,20/06/2022,1843,Mouse,Electronics,1045.97,4,France,4183.88
5003,22/10/2022,1287,Webcam,Electronics,1075.91,4,Israel,4303.64
5004,08/07/2022,1602,Desk Lamp,Office,459.54,2,Israel,919.08
5005,02/03/2023,1480,Laptop,Accessories,1075.42,2,Israel,2150.84
5006,03/09/2024,1636,Webcam,Electronics,1066.11,2,USA,2132.22
5007,20/10/2023,1500,USB Cable,Electronics,894.02,2,France,1788.04
5008,07/07/2024,1637,USB Cable,Electronics,539.15,3,UK,1617.45
5009,14/05/2023,1051,Monitor,Office,1217.47,1,Israel,1217.47
5010,01/02/2024,1915,Monitor,Office,1406.59,1,UK,1406.59
5011,15/05/2024,1102,Monitor,Office,1305.48,2,UK,2610.96
5012,05/04/2024,1360,USB Cable,Office,368.25,3,UK,1104.75
5013,12/03/2022,1423,Mouse,Office,671.28,4,Canada,2685.12
5014,05/09/2022,1698,Headphones,Accessories,516.91,4,UK,2067.64
5015,26/05/2022,1204,Mouse,Accessories,1062.68,1,Germany,1062.68
5016,05/08/2023,1013,Laptop,Electronics,1248.08,1,UK,1248.08
5017,15/04/2023,1939,Mouse,Office,327.62,3,USA,982.86
5018,12/07/2022,1615,Monitor,Office,1421.18,4,UK,5684.72
5019,27/12/2024,1628,Keyboard,Electronics,1017.61,3,Israel,3052.83
5020,09/05/2023,1469,Laptop,Accessories,331.58,4,UK,1326.32
5021,21/02/2022,1465,Webcam,Office,559.79,2,Israel,1119.58
5022,31/05/2024,1303,Keyboard,Office,161.39,2,UK,322.78
5023,29/12/2022,1604,Laptop,Office,897.62,3,France,2692.86
5024,05/07/2024,1426,Laptop,Accessories,257.94,1,Germany,257.94
5025,19/04/2023,1655,USB Cable,Accessories,1041.17,3,Israel,3123.51
5026,05/06/2023,1109,Monitor,Office,1107.18,3,USA,3321.54
5027,22/11/2023,1674,USB Cable,Office,721.61,4,UK,2886.44
5028,16/06/2023,1564,Desk Lamp,Electronics,145.26,4,Israel,581.04
5029,19/04/2024,1929,Webcam,Electronics,918.26,4,Canada,3673.04
5030,24/12/2024,1514,Mouse,Accessories,561.45,4,Germany,2245.8
5031,29/08/2022,1067,USB Cable,Electronics,1424.72,1,Canada,1424.72
5032,20/06/2023,1245,Desk Lamp,Office,772.24,1,UK,772.24
5033,24/03/2022,1388,Webcam,Accessories,113.04,2,Germany,226.08
5034,08/09/2024,1649,Monitor,Electronics,955.89,3,USA,2867.67
5035,08/08/2024,1307,Monitor,Accessories,1170.13,2,Israel,2340.26
5036,03/09/2023,1924,Desk Lamp,Office,244.95,4,USA,979.8
5037,28/07/2023,1351,USB Cable,Electronics,676.34,3,Germany,2029.02
5038,13/10/2022,1798,Monitor,Electronics,1116.08,4,France,4464.32
5039,15/09/2024,1065,Keyboard,Electronics,35.64,3,France,106.92
5040,04/04/2023,1459,Webcam,Office,48.31,1,Canada,48.31
5041,06/05/2022,1346,Webcam,Accessories,1016.98,4,Israel,4067.92
5042,01/03/2023,1324,Laptop,Electronics,1089.06,3,UK,3267.18
5043,08/07/2023,1932,Headphones,Accessories,1269.57,3,Canada,3808.71
5044,02/09/2023,1666,Mouse,Accessories,602.4,4,USA,2409.6
5045,22/04/2022,1598,Desk Lamp,Accessories,587.72,1,France,587.72
5046,06/02/2023,1032,Monitor,Office,830.79,1,France,830.79
5047,02/05/2022,1067,Webcam,Office,1137.2,1,UK,1137.2
5048,30/09/2022,1186,Webcam,Electronics,963.28,3,USA,2889.84
5049,02/02/2023,1191,Laptop,Electronics,494.35,1,Germany,494.35
5050,16/04/2023,1212,Desk Lamp,Accessories,523.09,3,Canada,1569.27
5051,11/09/2024,1599,Mouse,Accessories,1145.69,2,France,2291.38
5052,23/07/2023,1427,Headphones,Accessories,804.3,1,Israel,804.3
5053,15/06/2024,1350,Headphones,Office,151.47,4,Israel,605.88
5054,30/03/2024,1107,Monitor,Office,233.73,4,Germany,934.92
5055,02/05/2024,1239,Headphones,Electronics,1277.53,4,UK,5110.12
5056,11/12/2023,1215,Headphones,Accessories,1498.21,4,UK,5992.84
5057,17/11/2022,1176,USB Cable,Accessories,506.85,2,Canada,1013.7
5058,28/06/2022,1564,Mouse,Office,583.12,2,France,1166.24
5059,15/06/2024,1329,Desk Lamp,Electronics,235.96,1,Canada,235.96
5060,07/08/2022,1560,Mouse,Accessories,357.39,1,France,357.39
5061,28/02/2024,1880,USB Cable,Accessories,639.82,4,France,2559.28
5062,07/05/2023,1625,Monitor,Electronics,430.16,4,Germany,1720.64
5063,02/03/2022,1449,Webcam,Accessories,1053.63,4,Germany,4214.52
5064,13/12/2024,1606,Laptop,Office,809.08,3,France,2427.24
5065,22/06/2023,1446,Monitor,Electronics,1234.33,1,UK,1234.33
5066,27/04/2024,1536,Keyboard,Accessories,1088.16,4,USA,4352.64
5067,14/09/2024,1643,Headphones,Accessories,196.51,4,France,786.04
5068,06/03/2022,1178,USB Cable,Office,189.47,4,UK,757.88
5069,09/08/2023,1394,Laptop,Office,1343.99,2,UK,2687.98
5070,20/06/2022,1144,Webcam,Office,1230.17,2,Israel,2460.34
5071,19/06/2023,1875,Webcam,Accessories,704.54,2,Canada,1409.08
5072,24/11/2023,1961,Mouse,Accessories,199.89,3,USA,599.67
5073,18/04/2022,1197,Keyboard,Accessories,1348.37,3,France,4045.11
5074,24/03/2024,1968,Desk Lamp,Electronics,349.9,1,USA,349.9
5075,01/10/2024,1836,Webcam,Office,58.12,4,France,232.48
5076,28/03/2023,1083,Keyboard,Electronics,1386.74,1,Canada,1386.74
5077,13/08/2023,1668,Headphones,Office,1214.36,1,USA,1214.36
5078,05/11/2024,1084,Mouse,Accessories,1041.76,2,USA,2083.52
5079,23/11/2022,1456,Laptop,Electronics,55.88,4,UK,223.52
5080,31/08/2023,1475,Mouse,Electronics,795,2,USA,1590
5081,21/10/2023,1252,Headphones,Office,982.19,2,USA,1964.38
5082,02/01/2022,1886,USB Cable,Electronics,1140.22,4,Canada,4560.88
5083,30/10/2024,1071,Webcam,Electronics,709.26,1,France,709.26
5084,10/03/2023,1222,Keyboard,Accessories,1430.26,1,UK,1430.26
5085,05/05/2022,1275,USB Cable,Office,370.95,2,USA,741.9
5086,30/04/2023,1794,Headphones,Electronics,109.25,4,UK,437
5087,14/10/2023,1775,Webcam,Accessories,502.49,1,UK,502.49
5088,10/03/2024,1245,Monitor,Electronics,994.4,3,Germany,2983.2
5089,22/05/2024,1340,Desk Lamp,Accessories,1107.05,1,France,1107.05
5090,09/05/2022,1572,Keyboard,Electronics,1109.05,4,Germany,4436.2
5091,14/03/2023,1923,Headphones,Accessories,170.46,4,UK,681.84
5092,21/01/2024,1470,Laptop,Accessories,1328.21,4,Canada,5312.84
5093,16/05/2023,1453,Laptop,Office,424.85,2,Canada,849.7
5094,17/12/2024,1770,Webcam,Accessories,318.82,1,USA,318.82
5095,30/07/2022,1964,Webcam,Electronics,923.61,3,France,2770.83
5096,20/06/2024,1968,Laptop,Accessories,321.71,2,Israel,643.42
5097,14/02/2022,1006,Desk Lamp,Accessories,764.52,1,France,764.52
5098,19/06/2023,1187,Monitor,Electronics,613.51,4,Germany,2454.04
5099,06/04/2023,1003,Mouse,Electronics,351.89,1,France,351.89
5100,26/01/2023,1742,Laptop,Accessories,441.63,4,USA,1766.52
5101,03/12/2024,1644,Desk Lamp,Electronics,643.97,4,France,2575.88
5102,27/01/2022,1906,Desk Lamp,Accessories,522.51,1,Israel,522.51
5103,04/03/2024,1124,Webcam,Accessories,575.46,1,Canada,575.46
5104,01/09/2024,1014,Webcam,Accessories,1104.47,3,Germany,3313.41
5105,02/07/2023,1959,Monitor,Electronics,256.73,1,Germany,256.73
5106,13/09/2023,1993,Laptop,Office,943.29,1,UK,943.29
5107,21/07/2023,1524,Monitor,Office,1018.85,2,Germany,2037.7
5108,05/12/2023,1629,Desk Lamp,Accessories,1204.12,4,Israel,4816.48
5109,04/07/2022,1239,Laptop,Accessories,1271.75,4,Israel,5087
5110,28/12/2024,1774,Mouse,Electronics,242.2,3,Canada,726.6
5111,27/04/2024,1359,Headphones,Office,211.7,2,Germany,423.4
5112,22/08/2023,1517,Laptop,Office,924.08,3,Canada,2772.24
5113,16/03/2024,1951,Headphones,Office,1136.59,1,France,1136.59
5114,20/03/2022,1319,Laptop,Electronics,412.13,3,Israel,1236.39
5115,02/08/2023,1230,Mouse,Electronics,791.14,4,Germany,3164.56
5116,17/02/2023,1945,Desk Lamp,Electronics,1159.5,2,Germany,2319
5117,30/06/2023,1029,USB Cable,Accessories,1152.42,1,France,1152.42
5118,18/06/2022,1533,Webcam,Electronics,982.46,2,Canada,1964.92
5119,12/11/2023,1920,Headphones,Accessories,122.79,2,Germany,245.58
5120,06/08/2023,1155,Desk Lamp,Accessories,80.71,3,USA,242.13
5121,30/05/2023,1629,Monitor,Accessories,585.73,1,UK,585.73
5122,01/02/2022,1851,Laptop,Accessories,44.9,2,Israel,89.8
5123,14/10/2022,1934,Webcam,Electronics,1356.7,2,France,2713.4
5124,17/08/2023,1962,Laptop,Electronics,35.12,3,France,105.36
5125,02/12/2024,1900,Monitor,Office,49.27,2,UK,98.54
5126,09/09/2023,1704,Desk Lamp,Office,252.16,4,USA,1008.64
5127,21/10/2024,1398,Mouse,Accessories,942.39,4,UK,3769.56
5128,27/09/2022,1345,Keyboard,Office,814.62,1,Germany,814.62
5129,02/06/2023,1194,Laptop,Office,990.93,1,Canada,990.93
5130,30/10/2024,1167,USB Cable,Office,1340.86,3,France,4022.58
5131,06/08/2023,1376,Monitor,Accessories,685.14,2,Canada,1370.28
5132,14/08/2022,1488,Keyboard,Office,70.59,3,Canada,211.77
5133,01/11/2023,1750,Laptop,Electronics,1146.43,3,Canada,3439.29
5134,05/07/2024,1361,Headphones,Accessories,1218.89,4,Canada,4875.56
5135,06/05/2022,1481,Desk Lamp,Electronics,79.58,2,Germany,159.16
5136,13/08/2024,1243,Webcam,Accessories,368.06,4,France,1472.24
5137,15/03/2022,1580,Webcam,Electronics,1157.04,4,Canada,4628.16
5138,25/02/2022,1606,Monitor,Office,567.35,1,France,567.35
5139,21/12/2023,1588,Headphones,Accessories,711.61,3,Canada,2134.83
5140,07/07/2023,1170,Mouse,Electronics,1235.65,4,Germany,4942.6
5141,01/02/2022,1512,Keyboard,Accessories,146.46,1,UK,146.46
5142,28/07/2023,1405,Monitor,Electronics,1017.54,1,Canada,1017.54
5143,29/10/2023,1573,USB Cable,Office,326.4,2,Israel,652.8
5144,11/10/2022,1206,Laptop,Accessories,98.66,2,Israel,197.32
5145,06/07/2022,1153,Webcam,Accessories,995.43,4,UK,3981.72
5146,13/05/2023,1785,Laptop,Electronics,186.51,1,USA,186.51
5147,10/05/2022,1047,Keyboard,Electronics,1121.78,1,UK,1121.78
5148,01/10/2023,1648,Headphones,Office,308.04,1,UK,308.04
5149,24/04/2022,1000,Headphones,Electronics,77.53,3,UK,232.59
5150,13/01/2022,1746,Monitor,Electronics,153.45,1,Israel,153.45
5151,20/03/2023,1904,Monitor,Electronics,1262.7,3,France,3788.1
5152,23/03/2023,1767,Headphones,Office,559.6,2,USA,1119.2
5153,12/09/2024,1406,Monitor,Office,456.89,4,USA,1827.56
5154,19/09/2024,1106,Headphones,Accessories,739.34,2,USA,1478.68
5155,16/12/2023,1172,Keyboard,Office,951.23,4,Germany,3804.92
5156,15/03/2022,1505,Monitor,Electronics,60.47,1,Canada,60.47
5157,21/06/2023,1129,Headphones,Accessories,1347.79,4,UK,5391.16
5158,11/04/2022,1397,Monitor,Office,1437.93,4,France,5751.72
5159,25/06/2022,1293,Laptop,Office,628.87,2,France,1257.74
5160,03/03/2023,1551,Desk Lamp,Electronics,621.88,4,Germany,2487.52
5161,10/02/2022,1446,Webcam,Electronics,1318.45,1,Israel,1318.45
5162,05/03/2023,1849,Laptop,Office,646.82,3,Germany,1940.46
5163,10/12/2022,1015,Mouse,Accessories,1285,1,Germany,1285
5164,01/01/2023,1638,Headphones,Electronics,47.36,4,UK,189.44
5165,01/09/2023,1884,Mouse,Office,737.03,2,Israel,1474.06
5166,19/10/2023,1348,Headphones,Office,1428.88,1,Canada,1428.88
5167,29/12/2023,1202,Desk Lamp,Electronics,382.94,4,Canada,1531.76
5168,17/08/2022,1133,Webcam,Accessories,402.9,2,Germany,805.8
5169,04/04/2024,1770,Monitor,Accessories,947.03,3,Canada,2841.09
5170,07/06/2024,1525,Headphones,Accessories,1389.66,2,France,2779.32
5171,10/09/2024,1507,Desk Lamp,Electronics,302.12,4,UK,1208.48
5172,15/04/2024,1065,Laptop,Electronics,1382.87,2,Canada,2765.74
5173,27/04/2022,1479,Monitor,Electronics,996.19,4,Israel,3984.76
5174,28/03/2024,1862,Webcam,Accessories,1489.61,2,France,2979.22
5175,03/01/2023,1458,Laptop,Accessories,1106.01,2,USA,2212.02
5176,17/06/2022,1341,Monitor,Electronics,1003.36,2,UK,2006.72
5177,11/08/2024,1706,Headphones,Electronics,1223.28,4,France,4893.12
5178,23/10/2023,1625,Headphones,Electronics,266.83,2,Germany,533.66
5179,26/11/2023,1158,Laptop,Accessories,1419.25,4,Germany,5677
5180,13/07/2024,1160,Keyboard,Office,252.57,1,UK,252.57
5181,01/06/2022,1253,Headphones,Office,43.38,3,Israel,130.14
5182,09/08/2023,1983,Desk Lamp,Accessories,1048.3,1,Germany,1048.3
5183,01/07/2024,1896,Keyboard,Electronics,280.97,3,France,842.91
5184,01/10/2022,1939,Monitor,Electronics,1139.34,4,USA,4557.36
5185,11/05/2023,1526,Keyboard,Electronics,1193.58,1,Israel,1193.58
5186,11/04/2022,1548,Laptop,Electronics,358.87,3,UK,1076.61
5187,11/07/2023,1154,Mouse,Accessories,134.65,3,Germany,403.95
5188,14/03/2022,1485,Mouse,Office,753.73,1,Israel,753.73
5189,03/11/2024,1431,Laptop,Office,1335.88,1,USA,1335.88
5190,06/06/2022,1026,USB Cable,Accessories,1271.7,4,Israel,5086.8
5191,05/01/2024,1011,Desk Lamp,Electronics,180.04,3,Israel,540.12
5192,12/05/2022,1066,Mouse,Office,1447.35,4,UK,5789.4
5193,15/10/2024,1541,Laptop,Accessories,399.6,4,USA,1598.4
5194,13/07/2023,1095,Headphones,Electronics,527.34,2,USA,1054.68
5195,17/04/2022,1214,Keyboard,Office,227.83,4,Israel,911.32
5196,22/09/2022,1193,Mouse,Accessories,569.82,3,Germany,1709.46
5197,04/06/2022,1646,Headphones,Office,955.28,2,Israel,1910.56
5198,14/09/2024,1289,Mouse,Office,761.59,4,France,3046.36
5199,23/09/2024,1543,Monitor,Accessories,1242.17,4,Germany,4968.68
5200,04/09/2022,1884,Laptop,Accessories,963.74,3,UK,2891.22
5201,15/06/2023,1038,Laptop,Office,399,2,USA,798
5202,07/05/2024,1863,Desk Lamp,Office,838.37,1,Canada,838.37
5203,22/06/2023,1938,Headphones,Accessories,100.97,1,Germany,100.97
5204,30/12/2023,1938,USB Cable,Electronics,873.28,2,UK,1746.56
5205,03/06/2022,1205,Monitor,Electronics,587.55,2,Israel,1175.1
5206,02/04/2022,1898,Keyboard,Electronics,152.11,2,UK,304.22
5207,04/12/2022,1941,Desk Lamp,Electronics,464.66,2,France,929.32
5208,26/03/2023,1927,Monitor,Accessories,1347.64,1,Canada,1347.64
5209,20/03/2024,1554,USB Cable,Electronics,881.13,4,UK,3524.52
5210,26/02/2024,1483,Monitor,Office,1355.38,3,Canada,4066.14
5211,30/09/2022,1336,Webcam,Electronics,619.15,1,Canada,619.15
5212,11/08/2023,1495,Keyboard,Accessories,1468.47,3,Germany,4405.41
5213,26/06/2022,1770,Desk Lamp,Electronics,543.23,1,USA,543.23
5214,10/04/2024,1248,Keyboard,Electronics,1136.42,2,Germany,2272.84
5215,05/10/2023,1073,Monitor,Accessories,461.58,1,Germany,461.58
5216,08/12/2024,1372,Desk Lamp,Electronics,163.46,1,USA,163.46
5217,21/07/2023,1830,Mouse,Accessories,1250.42,2,France,2500.84
5218,28/10/2023,1878,Webcam,Electronics,1145.06,4,Germany,4580.24
5219,17/05/2024,1807,Mouse,Accessories,1231.84,2,USA,2463.68
5220,05/12/2024,1785,Monitor,Electronics,453.04,4,USA,1812.16
5221,29/10/2022,1834,Mouse,Office,1056.97,1,Germany,1056.97
5222,17/05/2024,1870,Keyboard,Office,333.78,1,Canada,333.78
5223,30/06/2024,1701,Desk Lamp,Accessories,21.91,3,USA,65.73
5224,12/02/2023,1137,Keyboard,Accessories,1300.4,3,Canada,3901.2
5225,01/04/2024,1947,Mouse,Accessories,787.67,1,Israel,787.67
5226,15/07/2023,1456,Desk Lamp,Office,1475.56,3,Germany,4426.68
5227,09/04/2023,1813,Keyboard,Accessories,580.63,4,Canada,2322.52
5228,24/05/2022,1822,Laptop,Electronics,1435.53,2,France,2871.06
5229,18/03/2023,1941,Keyboard,Accessories,924.51,1,Israel,924.51
5230,02/05/2023,1842,Monitor,Accessories,770.75,1,France,770.75
5231,09/05/2024,1443,Headphones,Electronics,457.7,3,Canada,1373.1
5232,28/05/2022,1352,Mouse,Electronics,1238.79,1,Germany,1238.79
5233,30/12/2024,1995,Webcam,Office,1244.05,1,UK,1244.05
5234,21/03/2024,1793,USB Cable,Electronics,628.31,4,USA,2513.24
5235,28/10/2023,1410,Mouse,Electronics,1092.3,4,Israel,4369.2
5236,31/03/2022,1677,USB Cable,Accessories,673.62,2,Germany,1347.24
5237,18/07/2022,1789,USB Cable,Office,1110.79,1,USA,1110.79
5238,22/06/2023,1537,Keyboard,Electronics,1491.31,3,Canada,4473.93
5239,28/10/2022,1981,Keyboard,Office,397.43,2,UK,794.86
5240,25/12/2023,1452,Desk Lamp,Electronics,952.91,3,France,2858.73
5241,20/08/2024,1418,Desk Lamp,Office,572.92,1,Germany,572.92
5242,09/03/2022,1449,Headphones,Electronics,824.82,3,Germany,2474.46
5243,04/04/2023,1994,Headphones,Accessories,1311.85,3,Canada,3935.55
5244,02/02/2023,1584,Webcam,Office,524.63,2,UK,1049.26
5245,12/09/2023,1114,Monitor,Office,113.22,1,France,113.22
5246,31/12/2023,1050,Laptop,Electronics,1199.41,2,Germany,2398.82
5247,10/07/2023,1368,Monitor,Office,834.76,1,Canada,834.76
5248,20/02/2024,1913,Desk Lamp,Electronics,676.85,4,USA,2707.4
5249,12/06/2024,1682,Webcam,Office,279.08,2,Canada,558.16
5250,02/09/2023,1779,Mouse,Office,143.81,1,UK,143.81
5251,18/01/2024,1514,Keyboard,Accessories,421.71,4,Germany,1686.84
5252,09/10/2022,1209,Monitor,Accessories,1079.76,4,Canada,4319.04
5253,23/10/2023,1887,USB Cable,Office,620.6,4,France,2482.4
5254,12/07/2024,1997,Keyboard,Accessories,857.49,2,Israel,1714.98
5255,22/09/2024,1902,Keyboard,Office,127.66,4,Germany,510.64
5256,16/01/2024,1992,Monitor,Electronics,189.25,1,France,189.25
5257,28/03/2022,1901,Monitor,Office,21.9,2,UK,43.8
5258,01/03/2024,1849,USB Cable,Office,1011.56,3,France,3034.68
5259,31/10/2022,1812,Desk Lamp,Accessories,400.36,4,France,1601.44
5260,10/05/2022,1894,USB Cable,Accessories,1450.56,2,UK,2901.12
5261,19/08/2023,1853,Headphones,Electronics,466.14,3,Israel,1398.42
5262,12/07/2023,1626,Desk Lamp,Electronics,548.61,2,Canada,1097.22
5263,17/06/2024,1678,Webcam,Electronics,706.89,4,USA,2827.56
5264,19/03/2022,1434,Webcam,Office,482.12,4,Israel,1928.48
5265,23/02/2024,1776,USB Cable,Electronics,1227.08,3,USA,3681.24
5266,05/11/2023,1226,Laptop,Electronics,1314.93,1,USA,1314.93
5267,26/08/2022,1662,Desk Lamp,Accessories,21.5,4,USA,86
5268,05/10/2022,1267,USB Cable,Accessories,983.72,3,Germany,2951.16
5269,07/11/2024,1115,Headphones,Electronics,1030.7,4,Israel,4122.8
5270,08/06/2023,1599,Laptop,Electronics,1442.33,1,France,1442.33
5271,29/06/2022,1829,Monitor,Office,558.75,3,Germany,1676.25
5272,03/05/2022,1753,Webcam,Office,296.94,1,UK,296.94
5273,10/12/2024,1359,Webcam,Accessories,783.27,4,UK,3133.08
5274,30/12/2024,1328,Laptop,Electronics,674.1,3,USA,2022.3
5275,25/04/2023,1844,Mouse,Electronics,1188.64,2,Germany,2377.28
5276,08/11/2024,1039,Headphones,Electronics,1356.44,1,Canada,1356.44
5277,25/03/2022,1181,Headphones,Electronics,134.63,4,Canada,538.52
5278,19/07/2023,1489,Headphones,Electronics,1270.64,4,Germany,5082.56
5279,11/09/2023,1208,Webcam,Office,1363.91,1,UK,1363.91
5280,23/12/2022,1902,Keyboard,Office,1386.58,3,France,4159.74
5281,26/03/2024,1272,Webcam,Electronics,1147.64,2,Israel,2295.28
5282,09/10/2023,1118,Keyboard,Office,1114.41,4,Israel,4457.64
5283,19/03/2023,1381,Webcam,Office,27.27,1,USA,27.27
5284,28/12/2024,1945,Desk Lamp,Electronics,1380.69,1,USA,1380.69
5285,07/06/2023,1535,Monitor,Office,530.5,2,USA,1061
5286,23/05/2022,1257,Webcam,Electronics,66.48,2,UK,132.96
5287,11/07/2022,1482,Desk Lamp,Office,622.4,4,UK,2489.6
5288,13/01/2023,1508,Desk Lamp,Electronics,1100.61,2,Canada,2201.22
5289,04/08/2023,1091,Monitor,Electronics,665.72,1,Israel,665.72
5290,19/06/2023,1978,Desk Lamp,Office,1138.23,3,Canada,3414.69
5291,29/10/2024,1160,Keyboard,Office,766.57,3,Canada,2299.71
5292,03/04/2022,1148,Headphones,Accessories,452.64,1,USA,452.64
5293,13/06/2023,1116,Keyboard,Electronics,308.35,1,Canada,308.35
5294,09/02/2023,1457,Laptop,Electronics,634.55,1,Germany,634.55
5295,19/04/2024,1564,Headphones,Electronics,58.53,4,Canada,234.12
5296,07/06/2024,1813,Webcam,Electronics,636.7,1,France,636.7
5297,26/02/2023,1044,Webcam,Office,107.59,2,UK,215.18
5298,17/04/2023,1776,Webcam,Office,1316.12,1,Canada,1316.12
5299,11/06/2024,1997,Webcam,Accessories,865.34,1,USA,865.34
5300,01/07/2023,1773,Webcam,Electronics,970.83,4,USA,3883.32
5301,23/09/2023,1818,Keyboard,Accessories,436.85,1,UK,436.85
5302,03/11/2024,1233,USB Cable,Accessories,342.6,2,Israel,685.2
5303,17/02/2024,1374,Monitor,Accessories,1063.32,2,Israel,2126.64
5304,30/12/2022,1546,USB Cable,Accessories,1008.99,2,Israel,2017.98
5305,29/04/2022,1849,Keyboard,Accessories,188.4,1,Israel,188.4
5306,30/06/2023,1948,Mouse,Office,361.77,4,Germany,1447.08
5307,06/06/2023,1914,Desk Lamp,Office,1420.13,4,USA,5680.52
5308,26/09/2023,1196,USB Cable,Accessories,459.75,4,Israel,1839
5309,20/08/2024,1024,Keyboard,Office,43.62,2,Israel,87.24
5310,15/08/2024,1394,Desk Lamp,Office,100.35,4,Canada,401.4
5311,01/06/2024,1713,Headphones,Accessories,1164.36,1,France,1164.36
5312,19/02/2024,1784,Webcam,Office,1136.95,1,France,1136.95
5313,20/05/2024,1035,Keyboard,Office,575.83,3,USA,1727.49
5314,31/05/2023,1473,USB Cable,Electronics,234.04,2,Canada,468.08
5315,26/07/2024,1222,Monitor,Accessories,749.67,3,UK,2249.01
5316,15/05/2024,1863,USB Cable,Electronics,501.17,3,Israel,1503.51
5317,16/04/2022,1788,Webcam,Electronics,564.08,2,Germany,1128.16
5318,02/08/2022,1529,USB Cable,Accessories,395.17,2,France,790.34
5319,29/04/2024,1187,Laptop,Electronics,98.97,3,Israel,296.91
5320,16/07/2022,1401,Mouse,Electronics,1187.78,1,UK,1187.78
5321,19/01/2022,1256,Headphones,Office,929.24,3,Germany,2787.72
5322,04/10/2023,1653,Monitor,Electronics,1252.78,2,France,2505.56
5323,01/11/2024,1135,Mouse,Accessories,757.29,1,Canada,757.29
5324,26/11/2022,1961,Keyboard,Office,1477.56,3,UK,4432.68
5325,15/05/2024,1818,Mouse,Office,1443.97,3,UK,4331.91
5326,13/02/2024,1590,Webcam,Office,411.32,3,Canada,1233.96
5327,27/01/2023,1443,Webcam,Accessories,583.53,2,Germany,1167.06
5328,29/09/2023,1417,Laptop,Accessories,1130.3,3,Germany,3390.9
5329,03/11/2022,1291,Desk Lamp,Accessories,1166.02,2,France,2332.04
5330,13/06/2024,1573,Mouse,Electronics,1366.5,1,Germany,1366.5
5331,14/10/2023,1128,USB Cable,Electronics,980.69,4,Israel,3922.76
5332,20/04/2024,1340,Mouse,Office,715.31,1,Germany,715.31
5333,22/10/2024,1809,Webcam,Office,569.59,3,Canada,1708.77
5334,04/06/2023,1256,Desk Lamp,Accessories,631.67,2,UK,1263.34
5335,28/09/2023,1991,Keyboard,Accessories,1276.36,3,Germany,3829.08
5336,10/01/2024,1723,Keyboard,Electronics,1470.11,1,France,1470.11
5337,14/04/2023,1565,Headphones,Electronics,82.6,4,Israel,330.4
5338,31/07/2022,1686,USB Cable,Accessories,872.47,4,Germany,3489.88
5339,28/10/2024,1099,USB Cable,Accessories,782.48,2,Israel,1564.96
5340,14/03/2024,1038,Keyboard,Electronics,567.33,1,Germany,567.33
5341,22/04/2023,1925,Mouse,Office,1278.11,1,Israel,1278.11
5342,23/05/2024,1262,Laptop,Office,865.74,2,Germany,1731.48
5343,05/04/2023,1149,Keyboard,Electronics,473.11,2,Germany,946.22
5344,10/09/2022,1632,USB Cable,Electronics,668.94,2,USA,1337.88
5345,22/01/2024,1689,USB Cable,Office,538.42,3,UK,1615.26
5346,07/09/2024,1812,Webcam,Electronics,647.98,3,France,1943.94
5347,03/05/2024,1329,Webcam,Office,111.54,2,France,223.08
5348,24/08/2022,1119,Headphones,Office,172.31,2,USA,344.62
5349,23/04/2023,1583,Desk Lamp,Electronics,937.42,4,Germany,3749.68
5350,10/11/2023,1218,Headphones,Accessories,1027.68,4,UK,4110.72
5351,09/11/2024,1905,Mouse,Accessories,956.75,3,Israel,2870.25
5352,04/08/2022,1909,Keyboard,Accessories,1145.8,4,USA,4583.2
5353,04/05/2024,1813,Keyboard,Accessories,1415.58,2,France,2831.16
5354,15/05/2022,1122,Headphones,Accessories,1291.62,1,France,1291.62
5355,23/06/2024,1243,Keyboard,Accessories,630.67,2,Canada,1261.34
5356,14/02/2023,1885,Mouse,Accessories,330.23,4,Canada,1320.92
5357,27/03/2022,1586,Laptop,Electronics,471.22,3,France,1413.66
5358,10/07/2023,1517,Desk Lamp,Electronics,883.67,2,Germany,1767.34
5359,13/01/2023,1020,Webcam,Accessories,1285.03,2,Canada,2570.06
5360,10/12/2024,1189,Mouse,Electronics,1054.08,4,Israel,4216.32
5361,30/08/2022,1224,Keyboard,Office,816.8,1,Israel,816.8
5362,08/07/2024,1914,Mouse,Accessories,904.81,2,Israel,1809.62
5363,23/09/2022,1614,Webcam,Office,794.75,3,Germany,2384.25
5364,13/12/2023,1855,Monitor,Electronics,1457.58,3,France,4372.74
5365,11/03/2022,1465,USB Cable,Accessories,1225.06,1,Canada,1225.06
5366,26/02/2022,1098,Webcam,Office,1173.01,4,Canada,4692.04
5367,08/02/2022,1829,USB Cable,Electronics,778.41,1,France,778.41
5368,11/03/2024,1362,Webcam,Accessories,501.06,3,Germany,1503.18
5369,07/11/2024,1996,Monitor,Accessories,34.17,2,UK,68.34
5370,02/01/2024,1082,Keyboard,Office,69.93,3,Germany,209.79
5371,04/04/2024,1692,Keyboard,Office,50.21,1,Germany,50.21
5372,26/01/2024,1663,Desk Lamp,Office,1470.81,3,France,4412.43
5373,18/12/2022,1055,Laptop,Electronics,176.15,4,Israel,704.6
5374,10/10/2022,1701,Webcam,Office,217.47,1,France,217.47
5375,20/04/2022,1929,Mouse,Office,728.8,3,Canada,2186.4
5376,13/10/2024,1021,Laptop,Office,724.69,2,UK,1449.38
5377,28/06/2023,1579,Keyboard,Accessories,1380.36,2,USA,2760.72
5378,25/01/2022,1184,Keyboard,Office,114.93,1,Canada,114.93
5379,22/04/2024,1521,Desk Lamp,Office,1436.07,2,USA,2872.14
5380,01/03/2024,1577,Desk Lamp,Electronics,328.5,1,Germany,328.5
5381,08/01/2024,1263,Desk Lamp,Electronics,1455.38,2,USA,2910.76
5382,26/02/2022,1224,Headphones,Office,814.28,3,Canada,2442.84
5383,29/06/2022,1634,Laptop,Electronics,979.76,2,Israel,1959.52
5384,20/08/2022,1037,Keyboard,Electronics,477.01,3,France,1431.03
5385,09/12/2022,1122,Monitor,Electronics,919.68,1,UK,919.68
5386,22/04/2023,1829,USB Cable,Accessories,1067.69,2,UK,2135.38
5387,30/07/2023,1155,Headphones,Office,20.5,4,UK,82
5388,31/03/2023,1905,Mouse,Office,56.17,4,Canada,224.68
5389,16/10/2022,1300,USB Cable,Office,1479.78,4,Canada,5919.12
5390,15/09/2022,1832,Headphones,Electronics,689.05,2,France,1378.1
5391,14/06/2023,1993,Desk Lamp,Electronics,1404.05,3,Israel,4212.15
5392,18/11/2023,1066,Webcam,Electronics,1096.2,1,UK,1096.2
5393,17/07/2024,1904,Webcam,Accessories,562.59,2,USA,1125.18
5394,17/08/2022,1644,Mouse,Electronics,230.51,1,Israel,230.51
5395,19/08/2023,1873,Monitor,Accessories,1467.34,1,Israel,1467.34
5396,11/03/2023,1393,Mouse,Office,878.82,2,Canada,1757.64
5397,31/05/2024,1651,Laptop,Electronics,292.57,3,Canada,877.71
5398,17/10/2024,1593,USB Cable,Accessories,1024.07,4,Israel,4096.28
5399,06/02/2023,1569,Mouse,Accessories,142.61,1,UK,142.61
5400,14/09/2023,1660,Mouse,Electronics,1302.72,1,Israel,1302.72
5401,29/03/2022,1404,Headphones,Accessories,139.76,2,Canada,279.52
5402,07/08/2023,1448,Monitor,Electronics,358.11,1,UK,358.11
5403,05/11/2022,1130,Mouse,Accessories,141.69,2,USA,283.38
5404,24/06/2024,1068,Laptop,Office,160.16,1,Canada,160.16
5405,09/12/2022,1344,Headphones,Office,788.13,3,USA,2364.39
5406,12/03/2023,1761,Monitor,Office,1032.05,3,USA,3096.15
5407,26/06/2022,1319,Monitor,Electronics,1183.78,4,Canada,4735.12
5408,19/05/2022,1176,Keyboard,Office,1044.11,4,Canada,4176.44
5409,13/07/2022,1583,Webcam,Office,548.42,3,USA,1645.26
5410,31/07/2024,1528,USB Cable,Office,838.15,4,Israel,3352.6
5411,09/06/2023,1840,Laptop,Electronics,1391.86,4,Israel,5567.44
5412,01/12/2024,1159,Webcam,Accessories,584.43,4,UK,2337.72
5413,03/07/2024,1581,Headphones,Electronics,382.34,3,USA,1147.02
5414,29/07/2022,1624,Headphones,Electronics,781.38,4,Germany,3125.52
5415,11/01/2024,1743,Laptop,Office,449.52,2,USA,899.04
5416,11/05/2024,1532,Monitor,Accessories,396.42,4,France,1585.68
5417,11/08/2024,1134,Desk Lamp,Office,1169.31,2,Germany,2338.62
5418,12/04/2024,1774,Mouse,Office,1336.8,4,France,5347.2
5419,20/05/2022,1110,Laptop,Electronics,755.96,2,Germany,1511.92
5420,02/03/2024,1998,Headphones,Electronics,1170.78,4,Canada,4683.12
5421,30/06/2023,1757,Webcam,Electronics,284.7,2,UK,569.4
5422,13/10/2024,1282,USB Cable,Office,823.73,4,Israel,3294.92
5423,26/02/2022,1519,Laptop,Accessories,956.12,2,UK,1912.24
5424,22/04/2022,1968,Monitor,Accessories,738.54,3,Germany,2215.62
5425,05/01/2022,1795,USB Cable,Office,179.74,1,USA,179.74
5426,02/11/2024,1718,USB Cable,Accessories,1102.48,1,UK,1102.48
5427,31/03/2022,1193,USB Cable,Office,1259.42,3,Germany,3778.26
5428,08/09/2023,1966,Keyboard,Accessories,954.66,3,USA,2863.98
5429,09/06/2024,1046,USB Cable,Office,257.9,2,Israel,515.8
5430,29/11/2023,1977,Keyboard,Accessories,116.46,2,Germany,232.92
5431,16/06/2024,1341,Mouse,Electronics,455.9,4,France,1823.6
5432,28/08/2024,1241,Mouse,Electronics,60.3,4,France,241.2
5433,30/10/2023,1521,USB Cable,Electronics,1259.63,1,France,1259.63
5434,17/08/2023,1369,Monitor,Electronics,1056.08,1,USA,1056.08
5435,12/08/2023,1800,Webcam,Office,847.71,2,USA,1695.42
5436,30/04/2023,1902,Mouse,Accessories,1335,2,UK,2670
5437,08/09/2024,1130,Keyboard,Office,169.59,3,USA,508.77
5438,29/08/2024,1269,Monitor,Electronics,1073.12,2,Germany,2146.24
5439,01/10/2023,1939,USB Cable,Accessories,224.22,4,France,896.88
5440,23/09/2024,1813,Monitor,Office,96.08,3,Israel,288.24
5441,09/10/2022,1060,Monitor,Electronics,203.69,2,Canada,407.38
5442,12/09/2024,1163,Laptop,Accessories,1426.66,4,France,5706.64
5443,16/01/2022,1524,Webcam,Accessories,663.45,4,Germany,2653.8
5444,24/07/2024,1271,USB Cable,Electronics,78.25,1,Canada,78.25
5445,11/09/2022,1719,Webcam,Electronics,877.53,3,Israel,2632.59
5446,25/11/2022,1757,Mouse,Accessories,303.57,1,UK,303.57
5447,28/06/2023,1132,Desk Lamp,Electronics,15.22,3,USA,45.66
5448,22/02/2024,1243,Webcam,Office,1138.79,3,Germany,3416.37
5449,23/09/2024,1984,Headphones,Electronics,236.52,1,Canada,236.52
5450,24/04/2024,1805,Keyboard,Electronics,1414.02,1,USA,1414.02
5451,01/01/2023,1997,Mouse,Electronics,891.24,2,UK,1782.48
5452,17/10/2023,1433,USB Cable,Accessories,135.06,3,Israel,405.18
5453,30/01/2024,1037,Webcam,Accessories,330.65,2,Canada,661.3
5454,01/10/2023,1870,Keyboard,Electronics,918.21,3,Germany,2754.63
5455,29/11/2024,1567,USB Cable,Accessories,510.48,4,Israel,2041.92
5456,12/07/2024,1318,USB Cable,Electronics,800.55,2,Canada,1601.1
5457,20/02/2023,1509,Mouse,Office,1200.27,1,Canada,1200.27
5458,12/09/2022,1375,Headphones,Accessories,1189.94,4,Germany,4759.76
5459,11/12/2023,1559,Keyboard,Electronics,1048.49,1,UK,1048.49
5460,31/07/2023,1616,Desk Lamp,Accessories,1329.65,4,UK,5318.6
5461,18/06/2024,1473,Desk Lamp,Office,303.04,4,UK,1212.16
5462,11/01/2022,1058,Desk Lamp,Office,269.98,2,USA,539.96
5463,26/01/2022,1588,Headphones,Electronics,1200.03,1,France,1200.03
5464,14/08/2024,1939,Keyboard,Accessories,484.73,2,Israel,969.46
5465,25/02/2023,1498,Laptop,Office,770.71,4,Germany,3082.84
5466,11/05/2023,1217,USB Cable,Accessories,1117.21,3,Israel,3351.63
5467,25/08/2022,1894,Laptop,Electronics,596.92,3,France,1790.76
5468,05/10/2024,1566,Keyboard,Office,199.59,4,USA,798.36
5469,07/08/2022,1566,Desk Lamp,Office,1020.79,1,USA,1020.79
5470,06/04/2023,1128,Keyboard,Accessories,1226.65,1,France,1226.65
5471,25/10/2023,1903,Headphones,Office,24.13,1,Canada,24.13
5472,27/09/2023,1382,USB Cable,Electronics,846.02,3,Germany,2538.06
5473,16/09/2024,1387,Webcam,Electronics,706.76,2,France,1413.52
5474,08/07/2022,1084,USB Cable,Office,393.1,1,USA,393.1
5475,12/09/2022,1509,Monitor,Electronics,245.74,2,Canada,491.48
5476,09/03/2022,1725,Keyboard,Office,286.12,1,USA,286.12
5477,08/09/2023,1626,Mouse,Office,1088.83,1,Canada,1088.83
5478,02/12/2022,1436,Mouse,Office,806.61,1,Israel,806.61
5479,02/11/2023,1825,Mouse,Office,1471.83,2,Germany,2943.66
5480,31/03/2024,1292,Laptop,Accessories,368.63,2,Germany,737.26
5481,23/05/2024,1048,Webcam,Office,1435.57,2,USA,2871.14
5482,27/10/2022,1066,Headphones,Electronics,775.09,4,France,3100.36
5483,23/12/2022,1786,Webcam,Accessories,223.31,3,USA,669.93
5484,13/09/2022,1128,Laptop,Electronics,226.53,4,Israel,906.12
5485,04/10/2024,1028,Webcam,Office,914.81,3,France,2744.43
5486,19/12/2022,1342,Webcam,Electronics,1247.98,4,USA,4991.92
5487,08/06/2023,1544,USB Cable,Accessories,1122.83,3,Canada,3368.49
5488,07/08/2024,1118,Mouse,Electronics,985.16,2,Canada,1970.32
5489,26/01/2024,1691,Keyboard,Accessories,262.3,3,Germany,786.9
5490,11/10/2022,1936,Mouse,Office,166.97,1,Israel,166.97
5491,09/04/2022,1662,Webcam,Office,5.37,2,USA,10.74
5492,16/07/2022,1132,Keyboard,Electronics,157.18,4,USA,628.72
5493,27/04/2023,1326,USB Cable,Electronics,1150.72,1,Canada,1150.72
5494,27/05/2024,1184,Headphones,Office,1343.4,1,Canada,1343.4
5495,07/09/2023,1505,Monitor,Office,364.32,2,Canada,728.64
5496,10/09/2023,1645,Keyboard,Electronics,1193.37,1,Canada,1193.37
5497,03/01/2023,1688,Laptop,Office,302.28,2,UK,604.56
5498,24/07/2023,1533,Mouse,Accessories,377.66,3,France,1132.98
5499,13/08/2023,1240,USB Cable,Accessories,340.12,2,UK,680.24
5500,01/12/2024,1588,USB Cable,Electronics,82.34,2,Germany,164.68
5501,26/02/2023,1715,Mouse,Electronics,295.12,4,France,1180.48
5502,15/04/2024,1515,Webcam,Office,563.45,1,Israel,563.45
5503,29/06/2023,1839,Webcam,Office,611.18,4,France,2444.72
5504,12/03/2022,1959,Webcam,Accessories,467.65,4,Canada,1870.6
5505,07/02/2024,1164,Desk Lamp,Electronics,774.51,4,USA,3098.04
5506,03/11/2022,1926,USB Cable,Electronics,570.11,4,USA,2280.44
5507,12/01/2023,1932,Webcam,Electronics,1455.7,4,USA,5822.8
5508,17/10/2023,1639,Mouse,Electronics,1211.99,1,France,1211.99
5509,09/11/2023,1556,Desk Lamp,Accessories,1396.81,1,USA,1396.81
5510,03/02/2023,1217,Keyboard,Accessories,838.35,1,USA,838.35
5511,09/08/2022,1746,Headphones,Electronics,1019.12,4,Canada,4076.48
5512,01/07/2022,1647,Keyboard,Accessories,254.18,1,UK,254.18
5513,03/11/2022,1679,Laptop,Electronics,1130.41,4,USA,4521.64
5514,06/06/2023,1992,Desk Lamp,Accessories,357.78,1,UK,357.78
5515,10/10/2024,1748,Mouse,Office,223.02,1,Germany,223.02
5516,04/01/2022,1604,Desk Lamp,Accessories,67.58,1,France,67.58
5517,12/05/2024,1004,Keyboard,Electronics,710.98,1,UK,710.98
5518,27/04/2024,1667,Mouse,Office,433.75,2,Canada,867.5
5519,14/03/2024,1756,USB Cable,Electronics,1480.16,1,France,1480.16
5520,03/08/2022,1871,Laptop,Office,378.5,1,France,378.5
5521,29/08/2024,1080,USB Cable,Office,1300.48,2,Israel,2600.96
5522,11/04/2022,1246,Monitor,Accessories,478.08,3,UK,1434.24
5523,20/08/2024,1854,Monitor,Accessories,1124.94,3,USA,3374.82
5524,27/07/2023,1492,Monitor,Office,991.46,2,Canada,1982.92
5525,20/10/2023,1648,Mouse,Office,844.87,3,Canada,2534.61
5526,27/07/2024,1385,Keyboard,Office,628.15,1,Israel,628.15
5527,22/12/2024,1574,Mouse,Electronics,1008.3,4,UK,4033.2
5528,14/08/2022,1991,USB Cable,Accessories,613.88,4,Canada,2455.52
5529,15/04/2022,1306,Headphones,Electronics,824.41,1,UK,824.41
5530,11/02/2024,1627,USB Cable,Accessories,886.75,1,Germany,886.75
5531,05/03/2023,1624,Keyboard,Electronics,404.7,3,USA,1214.1
5532,10/03/2023,1542,USB Cable,Accessories,512.91,2,Germany,1025.82
5533,17/11/2024,1006,USB Cable,Office,31.98,4,France,127.92
5534,13/11/2023,1925,Laptop,Office,1278.98,1,USA,1278.98
5535,11/08/2023,1953,Webcam,Accessories,1135.19,2,Germany,2270.38
5536,28/12/2024,1514,Monitor,Office,279.38,2,Germany,558.76
5537,15/05/2024,1818,Keyboard,Office,546.26,1,USA,546.26
5538,16/01/2024,1754,Desk Lamp,Electronics,634.5,2,UK,1269
5539,13/05/2024,1567,Desk Lamp,Accessories,504.9,4,France,2019.6
5540,03/01/2023,1072,Desk Lamp,Office,1198.37,4,Israel,4793.48
5541,08/09/2022,1009,Desk Lamp,Accessories,1089.5,2,Canada,2179
5542,08/05/2024,1572,Keyboard,Electronics,1151.9,1,Israel,1151.9
5543,05/05/2024,1561,Monitor,Accessories,1356.67,2,Israel,2713.34
5544,15/07/2023,1121,USB Cable,Electronics,894.75,3,France,2684.25
5545,21/10/2022,1686,Laptop,Electronics,923.73,1,USA,923.73
5546,07/07/2024,1985,Mouse,Electronics,1084.29,1,USA,1084.29
5547,09/03/2023,1512,Mouse,Office,1023.44,1,USA,1023.44
5548,28/02/2022,1989,USB Cable,Electronics,1305.37,4,Israel,5221.48
5549,26/08/2024,1440,USB Cable,Accessories,1156.45,1,UK,1156.45
5550,15/04/2024,1037,Webcam,Accessories,185.09,1,Germany,185.09
5551,18/07/2022,1701,Desk Lamp,Office,1392.9,4,Israel,5571.6
5552,03/08/2022,1590,Keyboard,Office,1026.23,4,France,4104.92
5553,16/06/2024,1344,Monitor,Electronics,195.08,4,USA,780.32
5554,17/04/2023,1965,USB Cable,Electronics,1159.1,1,Germany,1159.1
5555,04/09/2022,1337,USB Cable,Electronics,540.83,1,USA,540.83
5556,17/01/2023,1960,Headphones,Office,1209.94,4,USA,4839.76
5557,17/09/2024,1701,Laptop,Office,1433.33,4,USA,5733.32
5558,15/07/2024,1183,Mouse,Accessories,386.59,3,Canada,1159.77
5559,14/07/2023,1066,Laptop,Electronics,1286.83,4,UK,5147.32
5560,10/12/2024,1016,Laptop,Electronics,1161.47,2,Germany,2322.94
5561,20/11/2023,1382,Webcam,Accessories,1008.42,3,Israel,3025.26
5562,15/01/2023,1367,Desk Lamp,Accessories,580.46,4,UK,2321.84
5563,19/04/2023,1903,Laptop,Accessories,169.24,4,Canada,676.96
5564,28/11/2023,1315,Monitor,Accessories,728.43,4,France,2913.72
5565,29/06/2024,1496,Webcam,Electronics,162.97,4,Canada,651.88
5566,17/08/2024,1807,USB Cable,Office,752.72,2,France,1505.44
5567,23/04/2023,1720,Monitor,Electronics,1231.34,4,Canada,4925.36
5568,30/09/2024,1344,Webcam,Accessories,1496.47,1,Israel,1496.47
5569,14/07/2024,1957,Monitor,Office,301.02,3,Germany,903.06
5570,08/12/2023,1552,Webcam,Electronics,315.75,4,Israel,1263
5571,03/05/2024,1907,Webcam,Accessories,1217.27,1,UK,1217.27
5572,13/10/2024,1988,Keyboard,Office,706.24,2,Germany,1412.48
5573,24/01/2024,1472,Monitor,Office,1374.13,3,France,4122.39
5574,18/05/2023,1114,Keyboard,Office,1154.65,4,Germany,4618.6
5575,27/03/2024,1099,USB Cable,Electronics,1105.96,3,Germany,3317.88
5576,11/08/2023,1884,Desk Lamp,Accessories,157.42,4,Germany,629.68
5577,09/12/2023,1437,Desk Lamp,Electronics,58.63,2,Israel,117.26
5578,03/12/2024,1344,Webcam,Electronics,478.56,2,USA,957.12
5579,26/07/2022,1348,Desk Lamp,Electronics,329.86,3,UK,989.58
5580,31/05/2022,1138,Mouse,Office,1069.9,3,Germany,3209.7
5581,30/10/2023,1827,Webcam,Accessories,678.85,3,Germany,2036.55
5582,12/06/2023,1323,Mouse,Electronics,787.1,2,Israel,1574.2
5583,14/06/2022,1845,Mouse,Accessories,1221.54,1,UK,1221.54
5584,05/07/2024,1301,Mouse,Office,720.36,3,UK,2161.08
5585,06/10/2024,1293,Mouse,Electronics,819.66,4,France,3278.64
5586,06/02/2022,1956,Desk Lamp,Accessories,1264.27,2,UK,2528.54
5587,29/11/2022,1528,Monitor,Office,649.85,3,UK,1949.55
5588,07/02/2023,1833,Headphones,Electronics,129.27,2,Germany,258.54
5589,18/02/2023,1967,Monitor,Electronics,784.95,3,USA,2354.85
5590,14/02/2022,1291,USB Cable,Accessories,871.15,2,Germany,1742.3
5591,25/07/2022,1073,Headphones,Accessories,770.14,2,Canada,1540.28
5592,03/03/2022,1774,Monitor,Electronics,390.78,3,Israel,1172.34
5593,24/02/2023,1483,USB Cable,Electronics,339.42,4,UK,1357.68
5594,17/05/2024,1015,Desk Lamp,Office,557.79,2,USA,1115.58
5595,30/03/2024,1525,Mouse,Office,253.51,4,Germany,1014.04
5596,19/01/2022,1335,Laptop,Electronics,1000.71,4,Canada,4002.84
5597,31/12/2022,1792,Webcam,Accessories,923.94,2,France,1847.88
5598,27/10/2024,1872,Headphones,Accessories,950.43,2,Israel,1900.86
5599,04/03/2023,1515,Laptop,Electronics,341.07,2,Canada,682.14
5600,03/08/2023,1924,Mouse,Office,373.56,4,Israel,1494.24
5601,30/06/2023,1126,Headphones,Electronics,1182.15,2,Canada,2364.3
5602,21/11/2022,1823,Laptop,Accessories,1036.72,2,Israel,2073.44
5603,24/02/2022,1517,Monitor,Electronics,1313.39,2,Germany,2626.78
5604,17/02/2024,1128,USB Cable,Electronics,608.24,2,USA,1216.48
5605,18/09/2024,1510,Mouse,Office,823.26,3,USA,2469.78
5606,11/02/2022,1422,Monitor,Accessories,1109.47,2,UK,2218.94
5607,19/08/2022,1384,Monitor,Accessories,1461.36,4,USA,5845.44
5608,29/03/2023,1882,Mouse,Electronics,1484.5,4,France,5938
5609,29/01/2023,1231,Headphones,Accessories,1498.77,1,Canada,1498.77
5610,22/11/2023,1958,Webcam,Accessories,1336.34,3,Israel,4009.02
5611,27/01/2023,1824,Keyboard,Accessories,961.28,3,Germany,2883.84
5612,27/08/2023,1194,Keyboard,Accessories,15.42,1,Israel,15.42
5613,30/05/2024,1064,Webcam,Office,1050.82,4,Israel,4203.28
5614,26/03/2022,1832,Desk Lamp,Office,361.71,4,France,1446.84
5615,19/11/2024,1614,Mouse,Office,90.46,2,Canada,180.92
5616,18/02/2022,1276,Keyboard,Office,1047.29,1,Israel,1047.29
5617,10/03/2022,1669,Webcam,Office,1135.24,4,Israel,4540.96
5618,17/12/2024,1223,Laptop,Accessories,990.85,1,France,990.85
5619,28/11/2023,1800,Webcam,Electronics,550.93,1,France,550.93
5620,24/04/2023,1943,Desk Lamp,Electronics,768.95,3,USA,2306.85
5621,30/03/2024,1277,Headphones,Office,1402.75,4,Canada,5611
5622,27/05/2022,1989,USB Cable,Accessories,1095.77,4,Israel,4383.08
5623,12/10/2024,1693,Webcam,Office,759.5,2,Canada,1519
5624,01/09/2023,1365,Monitor,Electronics,892.21,4,UK,3568.84
5625,22/03/2023,1515,Monitor,Accessories,1391.89,3,UK,4175.67
5626,09/08/2022,1214,USB Cable,Accessories,593.7,4,UK,2374.8
5627,05/04/2022,1438,Mouse,Accessories,157.26,2,Canada,314.52
5628,19/09/2022,1427,Monitor,Electronics,492.11,4,France,1968.44
5629,15/06/2024,1728,Laptop,Electronics,625.72,1,Israel,625.72
5630,30/12/2024,1395,Webcam,Office,413.08,3,USA,1239.24
5631,07/08/2022,1208,USB Cable,Office,795.81,2,Israel,1591.62
5632,02/04/2022,1500,Laptop,Electronics,460.76,2,UK,921.52
5633,07/05/2022,1462,Mouse,Office,159.25,1,Canada,159.25
5634,21/03/2022,1585,Monitor,Electronics,286.16,3,Germany,858.48
5635,09/09/2024,1226,USB Cable,Accessories,1377.64,4,Canada,5510.56
5636,04/07/2024,1374,Keyboard,Office,946.25,3,UK,2838.75
5637,01/05/2023,1499,Webcam,Electronics,474.89,3,Canada,1424.67
5638,25/11/2023,1947,Keyboard,Electronics,553.54,3,Canada,1660.62
5639,25/01/2022,1092,Headphones,Electronics,742.61,3,Canada,2227.83
5640,05/06/2022,1459,Mouse,Office,1011.33,3,France,3033.99
5641,24/09/2023,1576,Headphones,Office,875.36,3,Israel,2626.08
5642,16/12/2024,1320,Keyboard,Accessories,1399.38,1,France,1399.38
5643,19/01/2022,1009,Keyboard,Office,940.49,2,Canada,1880.98
5644,25/08/2022,1913,Keyboard,Office,1366.63,1,USA,1366.63
5645,04/10/2022,1302,Headphones,Office,13.12,4,Israel,52.48
5646,15/01/2024,1321,USB Cable,Accessories,1336.39,2,Israel,2672.78
5647,06/07/2023,1816,Mouse,Accessories,1083.58,2,Israel,2167.16
5648,01/10/2023,1455,Desk Lamp,Accessories,262.43,4,Germany,1049.72
5649,25/08/2022,1277,Webcam,Office,398.24,2,Israel,796.48
5650,24/09/2024,1597,Desk Lamp,Electronics,816.5,4,Germany,3266
5651,24/02/2022,1537,USB Cable,Office,191.78,3,Israel,575.34
5652,15/11/2023,1729,Webcam,Accessories,1179.13,3,Canada,3537.39
5653,19/04/2022,1392,Laptop,Office,1187.8,2,UK,2375.6
5654,08/01/2023,1916,Desk Lamp,Office,454.92,2,USA,909.84
5655,30/08/2024,1094,Laptop,Electronics,109.38,3,Israel,328.14
5656,20/07/2022,1755,Desk Lamp,Electronics,1483.33,3,France,4449.99
5657,28/04/2024,1958,Keyboard,Office,379.84,4,UK,1519.36
5658,24/05/2023,1106,Mouse,Accessories,106,2,France,212
5659,02/10/2022,1389,Desk Lamp,Office,498.3,2,France,996.6
5660,30/07/2022,1759,Mouse,Office,1453.66,1,Germany,1453.66
5661,19/05/2023,1525,Monitor,Office,1190.43,3,USA,3571.29
5662,04/12/2023,1672,Monitor,Accessories,723.1,3,France,2169.3
5663,11/02/2022,1070,USB Cable,Accessories,461.47,2,UK,922.94
5664,11/11/2022,1663,Desk Lamp,Accessories,637.84,1,USA,637.84
5665,27/02/2024,1968,Headphones,Accessories,30.96,4,UK,123.84
5666,25/11/2022,1586,Desk Lamp,Accessories,1078.96,4,France,4315.84
5667,06/11/2024,1375,Desk Lamp,Office,153.97,3,USA,461.91
5668,10/10/2022,1726,Monitor,Accessories,780.96,1,Israel,780.96
5669,31/07/2024,1367,USB Cable,Office,850.94,1,France,850.94
5670,15/09/2022,1050,Webcam,Office,7.53,4,France,30.12
5671,29/07/2023,1897,Webcam,Office,1469.92,3,Canada,4409.76
5672,28/07/2023,1142,USB Cable,Electronics,456.7,2,Canada,913.4
5673,04/09/2023,1418,Headphones,Accessories,120.45,1,Germany,120.45
5674,08/11/2024,1547,Laptop,Accessories,1282.31,2,UK,2564.62
5675,16/04/2024,1499,Keyboard,Office,232.17,3,Israel,696.51
5676,27/02/2023,1885,Mouse,Electronics,42.31,4,USA,169.24
5677,28/01/2024,1987,Laptop,Accessories,744.56,1,France,744.56
5678,02/02/2024,1166,USB Cable,Office,199.23,2,France,398.46
5679,28/02/2023,1747,Webcam,Electronics,1473.72,1,Israel,1473.72
5680,05/03/2023,1259,Laptop,Office,20.56,1,France,20.56
5681,23/07/2022,1191,Headphones,Electronics,81.54,1,UK,81.54
5682,15/07/2022,1201,Keyboard,Office,1250.76,3,USA,3752.28
5683,29/12/2023,1773,Webcam,Accessories,363.43,2,Israel,726.86
5684,12/10/2022,1184,Headphones,Office,1367.84,1,Israel,1367.84
5685,15/07/2022,1157,USB Cable,Office,470.15,2,Canada,940.3
5686,03/11/2022,1757,Laptop,Electronics,109.33,3,Germany,327.99
5687,14/01/2022,1621,Mouse,Electronics,20.83,1,USA,20.83
5688,16/12/2024,1098,Monitor,Accessories,427.44,1,Israel,427.44
5689,24/12/2023,1240,Headphones,Office,713.23,1,France,713.23
5690,19/02/2024,1490,Webcam,Electronics,6.52,2,Canada,13.04
5691,13/06/2023,1201,Laptop,Accessories,873.76,2,USA,1747.52
5692,08/03/2024,1633,Monitor,Accessories,503.82,1,UK,503.82
5693,10/12/2022,1508,Monitor,Electronics,588.28,2,Israel,1176.56
5694,28/07/2022,1628,Laptop,Electronics,395.81,2,UK,791.62
5695,03/10/2023,1095,Keyboard,Office,795.92,1,Israel,795.92
5696,09/09/2022,1745,Laptop,Accessories,349.03,1,France,349.03
5697,28/09/2022,1489,Webcam,Electronics,206.56,4,Germany,826.24
5698,08/07/2024,1578,USB Cable,Accessories,1336.52,4,France,5346.08
5699,23/02/2023,1887,Mouse,Office,588.88,1,UK,588.88
5700,05/03/2024,1217,Webcam,Electronics,120.01,3,USA,360.03
5701,26/12/2023,1526,USB Cable,Accessories,349.33,1,Canada,349.33
5702,09/03/2023,1272,Monitor,Electronics,468.36,1,UK,468.36
5703,19/04/2022,1218,Mouse,Office,1155.62,1,Germany,1155.62
5704,03/10/2023,1785,Headphones,Office,38.27,1,Israel,38.27
5705,06/12/2024,1882,Monitor,Office,719.98,1,Canada,719.98
5706,14/01/2023,1658,Desk Lamp,Office,614.5,1,Israel,614.5
5707,15/08/2024,1331,Keyboard,Electronics,1452.76,1,UK,1452.76
5708,13/04/2022,1855,Laptop,Electronics,274.21,1,USA,274.21
5709,10/06/2024,1452,Headphones,Accessories,943.67,4,Israel,3774.68
5710,03/05/2024,1151,Desk Lamp,Accessories,307.28,4,Israel,1229.12
5711,16/11/2024,1346,Webcam,Electronics,824.89,4,Canada,3299.56
5712,14/06/2023,1815,Mouse,Electronics,834.82,3,Germany,2504.46
5713,10/11/2023,1413,Headphones,Accessories,117.64,2,Canada,235.28
5714,15/09/2024,1526,Desk Lamp,Electronics,687.39,3,Germany,2062.17
5715,04/03/2023,1430,Desk Lamp,Office,694.43,3,USA,2083.29
5716,01/04/2024,1378,Desk Lamp,Office,482.11,1,Israel,482.11
5717,20/07/2024,1997,Keyboard,Office,419.35,4,France,1677.4
5718,27/11/2024,1894,Laptop,Accessories,340.33,1,UK,340.33
5719,26/05/2023,1427,Headphones,Electronics,13.88,1,Canada,13.88
5720,28/01/2023,1865,Webcam,Accessories,7.72,4,Israel,30.88
5721,14/12/2023,1922,Mouse,Accessories,886.73,1,UK,886.73
5722,09/05/2023,1083,Headphones,Electronics,440.74,2,Canada,881.48
5723,01/07/2023,1191,Laptop,Accessories,255.99,2,Israel,511.98
5724,17/08/2023,1040,Webcam,Office,1028.68,3,Germany,3086.04
5725,24/01/2023,1863,Headphones,Electronics,795.71,4,USA,3182.84
5726,07/06/2022,1835,Mouse,Office,1372.86,2,France,2745.72
5727,24/10/2024,1772,Laptop,Office,1247.37,3,Canada,3742.11
5728,16/06/2022,1308,Keyboard,Electronics,1091.46,1,Germany,1091.46
5729,17/08/2024,1377,Keyboard,Office,194.24,3,USA,582.72
5730,13/02/2023,1135,Monitor,Office,1000.8,3,Germany,3002.4
5731,13/07/2022,1789,Headphones,Office,1042.42,2,Canada,2084.84
5732,23/08/2022,1105,Mouse,Electronics,1146.18,3,UK,3438.54
5733,19/12/2023,1518,Headphones,Electronics,398.38,4,Israel,1593.52
5734,26/03/2024,1917,Laptop,Electronics,962.24,1,Germany,962.24
5735,08/02/2023,1813,Monitor,Accessories,929.33,4,Canada,3717.32
5736,11/06/2024,1541,Mouse,Office,581.04,1,USA,581.04
5737,09/11/2023,1125,Headphones,Accessories,996.94,4,Israel,3987.76
5738,09/03/2022,1356,Mouse,Accessories,134.61,1,Canada,134.61
5739,29/03/2022,1399,Laptop,Office,967.04,4,UK,3868.16
5740,05/08/2022,1078,Monitor,Electronics,910.99,1,UK,910.99
5741,01/01/2022,1388,Mouse,Accessories,319.88,2,France,639.76
5742,20/05/2022,1578,Laptop,Electronics,1228.23,3,Israel,3684.69
5743,10/09/2023,1534,Keyboard,Electronics,1312.25,3,UK,3936.75
5744,13/05/2022,1700,Mouse,Office,319.67,3,Germany,959.01
5745,27/06/2022,1073,Monitor,Accessories,118.56,3,UK,355.68
5746,20/03/2024,1004,USB Cable,Accessories,907.35,1,UK,907.35
5747,15/01/2023,1918,Webcam,Electronics,722.48,4,UK,2889.92
5748,26/06/2024,1462,Webcam,Office,644.25,4,France,2577
5749,20/10/2023,1081,Mouse,Accessories,1142.71,2,Canada,2285.42
5750,26/03/2023,1536,Mouse,Electronics,1454.65,3,USA,4363.95
5751,09/08/2023,1775,Laptop,Electronics,719.11,3,Canada,2157.33
5752,08/04/2023,1990,Headphones,Electronics,14.2,2,UK,28.4
5753,16/09/2024,1404,Webcam,Office,896.42,3,USA,2689.26
5754,02/05/2022,1513,Desk Lamp,Office,982.68,2,Israel,1965.36
5755,17/01/2022,1277,Headphones,Electronics,1242.89,3,USA,3728.67
5756,23/11/2022,1839,Webcam,Electronics,303.11,4,Israel,1212.44
5757,14/11/2022,1854,Mouse,Office,788.87,2,France,1577.74
5758,19/03/2024,1223,Desk Lamp,Electronics,673.46,4,Israel,2693.84
5759,18/05/2023,1583,Monitor,Electronics,998.34,3,Israel,2995.02
5760,29/04/2022,1067,Monitor,Office,100.59,4,Germany,402.36
5761,11/12/2023,1319,USB Cable,Electronics,1326.6,4,France,5306.4
5762,14/02/2022,1605,Webcam,Electronics,769.18,1,UK,769.18
5763,10/11/2022,1018,Desk Lamp,Electronics,1316.18,3,France,3948.54
5764,22/02/2023,1639,Webcam,Office,513.65,1,Germany,513.65
5765,10/07/2023,1342,Laptop,Office,982.02,2,Israel,1964.04
5766,22/11/2022,1593,Mouse,Office,1435.3,1,Canada,1435.3
5767,30/05/2023,1765,Mouse,Accessories,1415.35,3,France,4246.05
5768,02/08/2022,1948,USB Cable,Accessories,1416.43,1,Germany,1416.43
5769,15/03/2022,1732,Headphones,Accessories,69.21,1,Canada,69.21
5770,24/05/2023,1342,Laptop,Accessories,607.51,3,UK,1822.53
5771,28/11/2022,1096,Keyboard,Office,95.87,4,Israel,383.48
5772,19/11/2023,1051,Monitor,Electronics,467.67,2,France,935.34
5773,19/10/2023,1174,Monitor,Office,265.99,1,France,265.99
5774,24/10/2024,1337,Mouse,Accessories,932.11,3,Canada,2796.33
5775,23/08/2023,1693,USB Cable,Office,1172.22,1,Israel,1172.22
5776,11/12/2024,1939,Desk Lamp,Electronics,772.45,2,France,1544.9
5777,21/11/2022,1352,Laptop,Accessories,1194.23,2,Israel,2388.46
5778,18/09/2024,1390,Keyboard,Electronics,24.16,2,Germany,48.32
5779,18/12/2023,1114,Monitor,Electronics,1231.61,1,Israel,1231.61
5780,24/12/2023,1347,Laptop,Electronics,271.65,4,UK,1086.6
5781,04/10/2022,1000,Keyboard,Accessories,694.1,4,Israel,2776.4
5782,20/06/2023,1062,Webcam,Office,666.67,4,Canada,2666.68
5783,01/06/2022,1759,Mouse,Accessories,1310.37,3,France,3931.11
5784,12/08/2024,1742,Headphones,Accessories,1449.14,4,Canada,5796.56
5785,16/09/2022,1225,Monitor,Office,386.41,4,Israel,1545.64
5786,20/11/2022,1422,Monitor,Office,105.78,2,Israel,211.56
5787,13/10/2024,1018,Keyboard,Office,977.53,3,Israel,2932.59
5788,18/05/2024,1030,Headphones,Office,756.75,2,UK,1513.5
5789,19/11/2023,1844,Desk Lamp,Electronics,850.73,1,Canada,850.73
5790,06/11/2022,1632,Webcam,Accessories,74.17,1,UK,74.17
5791,13/03/2024,1023,Laptop,Accessories,1164.09,2,France,2328.18
5792,15/12/2024,1836,Mouse,Accessories,352.37,3,Canada,1057.11
5793,12/09/2023,1982,Laptop,Office,505.73,4,France,2022.92
5794,18/04/2023,1210,Keyboard,Accessories,346.39,4,Israel,1385.56
5795,06/04/2023,1960,Desk Lamp,Electronics,1419.19,3,USA,4257.57
5796,24/03/2024,1160,Desk Lamp,Accessories,257.24,4,Canada,1028.96
5797,25/04/2024,1254,Monitor,Accessories,1099.82,4,Germany,4399.28
5798,29/10/2023,1570,Webcam,Electronics,372.39,2,Israel,744.78
5799,19/09/2022,1113,Monitor,Electronics,640.25,1,Germany,640.25
5800,21/12/2022,1503,Laptop,Accessories,1494.11,3,UK,4482.33
5801,09/02/2024,1928,Webcam,Office,155.36,3,France,466.08
5802,29/06/2022,1671,USB Cable,Office,1322.63,4,USA,5290.52
5803,07/03/2022,1954,Mouse,Accessories,1419.34,4,France,5677.36
5804,30/03/2024,1219,Keyboard,Accessories,1048.85,1,UK,1048.85
5805,20/06/2022,1356,Mouse,Accessories,19.89,3,Israel,59.67
5806,19/04/2023,1168,Desk Lamp,Accessories,1232.09,2,UK,2464.18
5807,18/06/2023,1523,Keyboard,Office,1324,1,USA,1324
5808,15/03/2023,1968,Desk Lamp,Accessories,1471.5,2,Israel,2943
5809,14/04/2024,1241,Mouse,Electronics,1259.78,1,Canada,1259.78
5810,15/08/2022,1374,USB Cable,Office,671.15,2,Israel,1342.3
5811,18/03/2023,1138,Laptop,Office,1034.53,2,USA,2069.06
5812,31/01/2023,1096,Headphones,Electronics,730.27,2,France,1460.54
5813,29/12/2023,1146,Webcam,Accessories,532.76,3,Israel,1598.28
5814,25/03/2022,1181,Keyboard,Accessories,941.51,4,France,3766.04
5815,02/11/2024,1056,Laptop,Accessories,1155.9,3,Germany,3467.7
5816,24/11/2023,1041,Monitor,Accessories,955.67,2,USA,1911.34
5817,08/05/2023,1865,Monitor,Accessories,1240.73,4,Germany,4962.92
5818,27/08/2024,1710,Mouse,Electronics,268.68,2,Israel,537.36
5819,19/12/2022,1542,Desk Lamp,Accessories,563.67,1,USA,563.67
5820,16/12/2024,1691,Monitor,Electronics,472.32,4,Israel,1889.28
5821,09/02/2022,1001,Desk Lamp,Electronics,295.22,3,USA,885.66
5822,02/10/2023,1978,Headphones,Electronics,667.55,2,France,1335.1
5823,22/06/2022,1933,Keyboard,Accessories,1422.07,4,UK,5688.28
5824,16/09/2022,1287,Mouse,Accessories,809.32,3,Canada,2427.96
5825,01/06/2023,1137,Keyboard,Office,433.18,1,UK,433.18
5826,31/12/2023,1616,Keyboard,Office,534.32,2,USA,1068.64
5827,07/06/2023,1511,USB Cable,Electronics,921.55,3,Germany,2764.65
5828,18/04/2024,1903,Laptop,Office,532.36,4,USA,2129.44
5829,27/04/2022,1729,Monitor,Electronics,809.83,1,France,809.83
5830,03/07/2022,1221,Webcam,Office,414.87,2,Canada,829.74
5831,11/06/2022,1330,Keyboard,Accessories,522.17,3,Germany,1566.51
5832,27/06/2023,1616,Desk Lamp,Accessories,1060.06,1,USA,1060.06
5833,18/04/2024,1403,Headphones,Electronics,879,1,Canada,879
5834,25/12/2024,1507,USB Cable,Electronics,144.76,3,Canada,434.28
5835,29/12/2024,1915,Desk Lamp,Accessories,1459.91,2,USA,2919.82
5836,23/03/2023,1126,Headphones,Accessories,78.76,3,Israel,236.28
5837,20/02/2023,1264,Desk Lamp,Accessories,128.99,1,France,128.99
5838,16/06/2023,1711,Webcam,Office,1053.57,1,France,1053.57
5839,17/03/2023,1763,Monitor,Office,1063.49,4,UK,4253.96
5840,08/01/2024,1014,Monitor,Office,33.31,2,Israel,66.62
5841,09/04/2023,1225,Mouse,Office,965.92,3,Germany,2897.76
5842,31/01/2023,1983,Mouse,Electronics,54.72,2,Canada,109.44
5843,12/12/2023,1864,Desk Lamp,Electronics,1441.35,2,UK,2882.7
5844,30/01/2023,1104,Mouse,Office,1045.73,1,France,1045.73
5845,22/11/2022,1744,Monitor,Electronics,283.93,4,USA,1135.72
5846,20/01/2024,1492,Keyboard,Office,241.37,3,Israel,724.11
5847,29/12/2024,1318,Desk Lamp,Office,856.65,3,France,2569.95
5848,04/10/2023,1999,Laptop,Accessories,952.11,4,France,3808.44
5849,02/08/2022,1218,Webcam,Office,1247.7,4,Israel,4990.8
5850,04/01/2023,1276,USB Cable,Electronics,1355.47,1,France,1355.47
5851,18/02/2022,1772,Webcam,Office,591.84,1,UK,591.84
5852,11/12/2024,1892,Webcam,Accessories,1266.91,3,Israel,3800.73
5853,13/05/2022,1930,Mouse,Electronics,815.86,4,France,3263.44
5854,25/09/2024,1340,Laptop,Accessories,708.52,2,France,1417.04
5855,25/02/2024,1451,Headphones,Office,1049.96,2,Israel,2099.92
5856,08/01/2023,1368,Monitor,Office,159.28,4,USA,637.12
5857,24/04/2023,1943,Headphones,Office,401.75,3,Germany,1205.25
5858,11/04/2024,1847,Mouse,Office,1226.06,2,Israel,2452.12
5859,12/10/2023,1990,Keyboard,Electronics,758.6,2,USA,1517.2
5860,13/11/2023,1473,USB Cable,Office,1362.52,4,Canada,5450.08
5861,19/11/2023,1189,USB Cable,Accessories,137.61,1,France,137.61
5862,23/03/2022,1883,Mouse,Electronics,473.55,2,UK,947.1
5863,28/03/2022,1418,Laptop,Electronics,536.55,1,Canada,536.55
5864,13/08/2022,1709,USB Cable,Electronics,636.97,2,France,1273.94
5865,16/01/2022,1864,Mouse,Accessories,1480.3,3,France,4440.9
5866,01/04/2024,1788,Webcam,Accessories,469.44,1,Canada,469.44
5867,12/06/2022,1847,Keyboard,Accessories,780.43,3,USA,2341.29
5868,29/05/2023,1494,Keyboard,Accessories,806.43,1,Israel,806.43
5869,16/12/2022,1038,Monitor,Office,1157.34,4,Germany,4629.36
5870,12/11/2023,1161,Monitor,Office,779.21,4,Germany,3116.84
5871,30/06/2022,1120,Webcam,Accessories,910.58,2,Israel,1821.16
5872,13/01/2024,1891,Desk Lamp,Accessories,1131.23,3,Israel,3393.69
5873,22/10/2023,1398,Desk Lamp,Office,156.19,1,UK,156.19
5874,08/05/2023,1261,Keyboard,Office,1445.39,3,Israel,4336.17
5875,11/07/2024,1961,Desk Lamp,Accessories,1270.22,3,UK,3810.66
5876,08/05/2022,1727,Webcam,Electronics,586.22,2,Israel,1172.44
5877,19/07/2023,1823,Keyboard,Electronics,1093.98,4,UK,4375.92
5878,04/07/2023,1560,Desk Lamp,Accessories,1144.68,1,Israel,1144.68
5879,29/03/2023,1603,Desk Lamp,Electronics,1276.12,2,Israel,2552.24
5880,16/04/2023,1128,Desk Lamp,Office,286.53,3,Germany,859.59
5881,14/09/2024,1832,Laptop,Electronics,1057.04,4,France,4228.16
5882,08/01/2024,1539,Desk Lamp,Accessories,54.84,4,France,219.36
5883,12/08/2022,1355,Desk Lamp,Electronics,177.79,1,UK,177.79
5884,03/06/2022,1659,Mouse,Electronics,1165.22,4,USA,4660.88
5885,14/07/2023,1431,Monitor,Electronics,1220.44,3,Canada,3661.32
5886,17/12/2022,1839,Laptop,Office,890.69,4,Germany,3562.76
5887,15/12/2022,1064,USB Cable,Office,874.62,3,Israel,2623.86
5888,01/07/2022,1217,Desk Lamp,Office,1125.52,1,Germany,1125.52
5889,29/09/2023,1562,Desk Lamp,Accessories,1359.6,3,USA,4078.8
5890,14/10/2024,1426,Mouse,Electronics,634.57,4,Germany,2538.28
5891,28/06/2022,1816,Desk Lamp,Office,176.66,4,USA,706.64
5892,28/11/2024,1920,Desk Lamp,Office,1259.3,1,Canada,1259.3
5893,11/02/2024,1073,Desk Lamp,Electronics,515.76,1,USA,515.76
5894,12/06/2024,1459,Monitor,Accessories,205.01,4,USA,820.04
5895,23/10/2024,1424,USB Cable,Electronics,923.85,1,USA,923.85
5896,12/10/2024,1710,Webcam,Accessories,869.24,3,USA,2607.72
5897,05/03/2022,1191,USB Cable,Electronics,714,2,Israel,1428
5898,29/01/2022,1188,Laptop,Office,1290.4,3,Germany,3871.2
5899,07/01/2023,1011,Desk Lamp,Office,411.98,3,France,1235.94
5900,07/04/2022,1238,Headphones,Office,24.79,1,France,24.79
5901,19/09/2024,1871,USB Cable,Accessories,488.59,2,Israel,977.18
5902,21/01/2022,1592,Headphones,Electronics,19.51,4,UK,78.04
5903,05/01/2024,1452,Monitor,Accessories,817.67,1,Canada,817.67
5904,05/12/2024,1382,Laptop,Office,570.48,3,USA,1711.44
5905,07/03/2022,1781,USB Cable,Accessories,1221.84,2,Germany,2443.68
5906,26/08/2023,1801,Desk Lamp,Accessories,1197.39,1,USA,1197.39
5907,04/12/2022,1047,Mouse,Accessories,654.78,3,USA,1964.34
5908,03/05/2022,1316,USB Cable,Electronics,328.65,3,France,985.95
5909,23/03/2023,1208,Desk Lamp,Accessories,636.53,4,USA,2546.12
5910,03/09/2023,1546,Mouse,Accessories,963.77,4,Germany,3855.08
5911,02/11/2023,1118,Laptop,Accessories,289.36,2,Germany,578.72
5912,07/09/2023,1576,Headphones,Office,1160.7,3,France,3482.1
5913,15/06/2024,1314,Laptop,Office,499.19,3,Israel,1497.57
5914,08/10/2022,1753,Desk Lamp,Electronics,1398.6,4,France,5594.4
5915,02/12/2024,1035,Headphones,Office,770.25,3,France,2310.75
5916,19/08/2023,1462,Headphones,Electronics,1271.45,4,USA,5085.8
5917,04/12/2023,1763,Webcam,Office,925.76,3,UK,2777.28
5918,10/12/2024,1914,Webcam,Electronics,834.13,4,Canada,3336.52
5919,29/07/2022,1754,Mouse,Electronics,1024.78,4,Israel,4099.12
5920,06/05/2022,1553,Monitor,Electronics,1218.18,2,Israel,2436.36
5921,07/05/2023,1580,Keyboard,Office,968.54,3,Israel,2905.62
5922,17/08/2024,1402,Laptop,Accessories,1196.87,3,USA,3590.61
5923,27/08/2024,1106,Headphones,Office,289.75,4,France,1159
5924,04/08/2023,1038,Desk Lamp,Accessories,419.89,3,Canada,1259.67
5925,16/02/2024,1580,Laptop,Office,348.44,4,USA,1393.76
5926,15/09/2022,1179,Monitor,Accessories,1198.46,2,Germany,2396.92
5927,18/08/2022,1011,Desk Lamp,Office,133.76,2,UK,267.52
5928,08/07/2022,1338,Monitor,Electronics,1194.82,4,UK,4779.28
5929,10/01/2022,1942,Keyboard,Electronics,586.62,1,Canada,586.62
5930,07/11/2023,1715,Desk Lamp,Electronics,123.86,2,USA,247.72
5931,17/05/2023,1547,USB Cable,Accessories,639.52,3,France,1918.56
5932,26/03/2022,1125,Keyboard,Accessories,454.25,4,Israel,1817
5933,18/02/2022,1062,Headphones,Electronics,889.97,4,Canada,3559.88
5934,17/04/2024,1843,Webcam,Accessories,711.43,2,Canada,1422.86
5935,04/10/2024,1081,USB Cable,Electronics,448.68,4,Germany,1794.72
5936,20/11/2023,1818,Keyboard,Office,1294.09,2,Germany,2588.18
5937,22/01/2023,1298,Webcam,Accessories,613.2,4,Canada,2452.8
5938,27/08/2024,1033,USB Cable,Accessories,708.68,2,UK,1417.36
5939,02/10/2024,1751,Webcam,Office,1270.71,3,Canada,3812.13
5940,06/08/2022,1608,Headphones,Accessories,138.14,1,France,138.14
5941,01/10/2024,1048,Desk Lamp,Accessories,587.89,1,Israel,587.89
5942,12/09/2022,1657,Mouse,Accessories,607.27,1,UK,607.27
5943,24/08/2022,1636,Desk Lamp,Office,746.26,1,France,746.26
5944,15/11/2024,1700,Webcam,Electronics,163.65,2,Israel,327.3
5945,28/09/2022,1056,Desk Lamp,Electronics,158.48,4,USA,633.92
5946,03/05/2022,1860,Headphones,Office,627.54,1,France,627.54
5947,18/10/2023,1108,Keyboard,Office,54.38,4,Canada,217.52
5948,16/09/2022,1516,Laptop,Office,386.2,2,Canada,772.4
5949,05/08/2024,1984,Keyboard,Electronics,305.76,2,Germany,611.52
5950,16/02/2022,1023,Desk Lamp,Office,736.63,1,France,736.63
5951,12/05/2024,1220,Monitor,Electronics,21.68,3,France,65.04
5952,09/06/2023,1959,Keyboard,Office,1015.22,1,Canada,1015.22
5953,06/06/2024,1314,Mouse,Accessories,1284.1,4,Canada,5136.4
5954,27/07/2022,1293,Headphones,Electronics,1061.58,1,France,1061.58
5955,17/01/2024,1928,Webcam,Electronics,1228.03,2,Israel,2456.06
5956,29/05/2022,1009,Monitor,Office,966.76,2,Israel,1933.52
5957,14/03/2023,1676,Headphones,Accessories,763.51,4,USA,3054.04
5958,04/06/2022,1480,Headphones,Electronics,332.44,4,USA,1329.76
5959,24/12/2022,1726,Webcam,Office,423.04,4,Israel,1692.16
5960,01/04/2023,1637,USB Cable,Accessories,479.97,1,Israel,479.97
5961,15/02/2024,1266,Keyboard,Electronics,61.84,1,UK,61.84
5962,21/09/2023,1791,Laptop,Office,1370.07,3,France,4110.21
5963,11/04/2024,1087,USB Cable,Accessories,1350.95,4,France,5403.8
5964,01/05/2023,1454,Monitor,Electronics,166.13,3,Germany,498.39
5965,17/06/2023,1625,Webcam,Electronics,837.26,3,Israel,2511.78
5966,19/07/2022,1532,Mouse,Accessories,704.12,2,Israel,1408.24
5967,06/01/2023,1147,Mouse,Office,1026.7,3,USA,3080.1
5968,10/10/2024,1756,Laptop,Office,906.51,2,Canada,1813.02
5969,02/05/2024,1777,Laptop,Accessories,190.86,4,USA,763.44
5970,05/09/2022,1728,Keyboard,Electronics,991.82,2,Canada,1983.64
5971,27/02/2024,1430,Mouse,Accessories,915.26,4,France,3661.04
5972,21/09/2022,1995,Monitor,Accessories,799.18,1,France,799.18
5973,17/12/2024,1751,Desk Lamp,Accessories,606.6,3,Canada,1819.8
5974,31/01/2022,1942,Webcam,Electronics,1432.61,4,Israel,5730.44
5975,28/08/2023,1910,Laptop,Accessories,1274.91,1,France,1274.91
5976,17/05/2023,1939,Laptop,Accessories,879.7,1,Israel,879.7
5977,04/06/2024,1743,Laptop,Electronics,14.53,4,Germany,58.12
5978,03/07/2023,1743,Desk Lamp,Electronics,651.02,2,Germany,1302.04
5979,18/04/2024,1241,Webcam,Accessories,1052.01,4,UK,4208.04
5980,27/04/2024,1701,Monitor,Office,180.35,3,USA,541.05
5981,06/09/2023,1901,Mouse,Accessories,612.79,1,UK,612.79
5982,16/02/2023,1740,Desk Lamp,Electronics,291.63,2,Germany,583.26
5983,08/03/2023,1065,Desk Lamp,Electronics,510.52,4,France,2042.08
5984,09/11/2023,1971,USB Cable,Electronics,44.87,4,USA,179.48
5985,08/06/2022,1377,Monitor,Office,194.46,1,USA,194.46
5986,14/01/2022,1387,Webcam,Electronics,684.86,4,UK,2739.44
5987,08/01/2023,1790,Monitor,Office,1347.79,3,USA,4043.37
5988,13/08/2022,1780,Keyboard,Electronics,738.42,2,Germany,1476.84
5989,26/05/2023,1208,USB Cable,Electronics,682.35,3,France,2047.05
5990,26/08/2023,1414,Webcam,Accessories,1182.42,1,UK,1182.42
5991,04/08/2022,1015,USB Cable,Office,405.41,2,France,810.82
5992,14/09/2024,1296,USB Cable,Accessories,147.13,1,Canada,147.13
5993,19/04/2024,1985,Laptop,Office,318.31,1,UK,318.31
5994,28/12/2023,1219,Mouse,Electronics,1187.99,3,Canada,3563.97
5995,08/07/2023,1768,USB Cable,Electronics,1017.19,2,Israel,2034.38
5996,01/12/2024,1366,Keyboard,Office,141.84,1,USA,141.84
5997,07/11/2023,1779,Keyboard,Accessories,1002.3,3,Israel,3006.9
5998,22/05/2024,1228,Webcam,Office,1397.67,3,Canada,4193.01
5999,10/10/2022,1630,Headphones,Office,72.21,2,USA,144.42
6000,17/12/2024,1439,Desk Lamp,Office,926.55,4,Israel,3706.2
6001,13/04/2024,1689,Laptop,Electronics,571.85,4,France,2287.4
6002,21/06/2023,1531,Mouse,Office,754.04,1,Germany,754.04
6003,11/07/2024,1449,Mouse,Electronics,794.63,4,UK,3178.52
6004,21/04/2024,1035,Mouse,Accessories,1157.71,2,USA,2315.42
6005,05/08/2024,1846,Desk Lamp,Electronics,837.73,4,UK,3350.92
6006,27/10/2023,1421,Webcam,Accessories,891.66,2,Germany,1783.32
6007,08/03/2022,1917,Laptop,Accessories,502.7,1,Israel,502.7
6008,06/01/2022,1619,USB Cable,Accessories,193.29,4,France,773.16
6009,29/09/2023,1188,USB Cable,Electronics,1025.68,2,Canada,2051.36
6010,10/11/2022,1177,Webcam,Office,5.72,2,UK,11.44
6011,19/07/2023,1607,Mouse,Electronics,496.43,2,Canada,992.86
6012,05/04/2024,1314,Desk Lamp,Accessories,330.98,3,Israel,992.94
6013,21/05/2023,1019,USB Cable,Office,585.86,1,Canada,585.86
6014,22/10/2024,1675,Monitor,Electronics,470.35,2,USA,940.7
6015,23/07/2022,1381,Monitor,Accessories,1057.8,3,UK,3173.4
6016,24/10/2023,1608,Desk Lamp,Accessories,394.01,3,UK,1182.03
6017,15/03/2024,1142,Desk Lamp,Office,843.32,2,USA,1686.64
6018,08/02/2023,1061,Laptop,Electronics,686.38,1,Germany,686.38
6019,20/06/2023,1241,Mouse,Office,1202.58,4,Israel,4810.32
6020,31/07/2023,1237,Webcam,Office,645,3,Canada,1935
6021,02/02/2024,1130,Desk Lamp,Office,1296.49,2,Canada,2592.98
6022,27/04/2022,1604,Desk Lamp,Office,5.22,1,UK,5.22
6023,20/09/2023,1602,Headphones,Electronics,909.23,1,Israel,909.23
6024,19/01/2024,1644,Desk Lamp,Office,19.66,2,Canada,39.32
6025,15/04/2022,1122,Headphones,Accessories,1072.33,3,France,3216.99
6026,10/05/2023,1439,Headphones,Accessories,356.21,4,Israel,1424.84
6027,15/02/2022,1926,Monitor,Accessories,573.07,1,Israel,573.07
6028,02/04/2024,1341,Webcam,Office,573.75,4,Canada,2295
6029,08/09/2024,1418,Headphones,Accessories,1270.4,1,USA,1270.4
6030,17/08/2024,1629,Mouse,Electronics,157.63,1,Canada,157.63
6031,24/04/2024,1454,Mouse,Office,1002.01,1,Israel,1002.01
6032,25/03/2023,1197,Headphones,Office,1471.98,3,Canada,4415.94
6033,20/06/2023,1281,Keyboard,Office,38.46,3,Canada,115.38
6034,26/05/2023,1885,Headphones,Electronics,1449.01,2,Germany,2898.02
6035,24/06/2023,1000,Keyboard,Office,32.52,4,Israel,130.08
6036,16/01/2022,1722,Laptop,Office,1262.52,4,France,5050.08
6037,31/08/2022,1774,Laptop,Accessories,1442.06,2,Canada,2884.12
6038,30/06/2024,1931,Mouse,Accessories,1489.58,3,Israel,4468.74
6039,31/01/2024,1331,Webcam,Office,691.39,4,Canada,2765.56
6040,06/12/2023,1211,Monitor,Electronics,1301.1,2,USA,2602.2
6041,25/04/2022,1086,Webcam,Accessories,187.9,1,France,187.9
6042,01/02/2023,1664,Mouse,Office,640.95,4,USA,2563.8
6043,29/01/2023,1861,Mouse,Accessories,465.42,3,Canada,1396.26
6044,04/09/2024,1698,Webcam,Accessories,595.79,4,Germany,2383.16
6045,24/10/2022,1060,Monitor,Electronics,1054.46,1,Germany,1054.46
6046,28/09/2024,1796,Mouse,Office,135.78,3,USA,407.34
6047,27/06/2022,1094,USB Cable,Accessories,1497.26,3,Germany,4491.78
6048,24/08/2024,1785,USB Cable,Office,954.43,2,Canada,1908.86
6049,11/11/2022,1552,Monitor,Electronics,1310.91,3,USA,3932.73
6050,28/11/2024,1146,Mouse,Electronics,1245.39,2,UK,2490.78
6051,16/09/2022,1245,USB Cable,Accessories,1150.17,3,Israel,3450.51
6052,07/01/2022,1643,Laptop,Electronics,63.64,1,UK,63.64
6053,18/02/2022,1960,Keyboard,Accessories,777.12,1,Germany,777.12
6054,10/06/2022,1296,Mouse,Office,495.58,1,USA,495.58
6055,25/06/2022,1122,Keyboard,Accessories,173.84,1,USA,173.84
6056,22/10/2024,1654,Headphones,Accessories,517.77,1,Canada,517.77
6057,27/09/2024,1693,USB Cable,Electronics,968.98,4,USA,3875.92
6058,31/03/2023,1703,Mouse,Office,349.79,1,USA,349.79
6059,03/10/2022,1455,Laptop,Office,669.67,3,Israel,2009.01
6060,13/05/2023,1398,Monitor,Accessories,609.72,2,France,1219.44
6061,07/11/2023,1718,Laptop,Office,83.43,4,UK,333.72
6062,17/11/2024,1945,Keyboard,Office,943.98,3,Germany,2831.94
6063,21/10/2024,1230,Monitor,Accessories,930.18,1,USA,930.18
6064,25/02/2022,1533,Laptop,Accessories,1449.79,1,UK,1449.79
6065,01/07/2023,1401,Laptop,Office,450.52,3,France,1351.56
6066,05/02/2022,1591,Laptop,Accessories,631.33,4,UK,2525.32
6067,15/03/2023,1129,Webcam,Electronics,608.44,2,Germany,1216.88
6068,18/08/2023,1291,Desk Lamp,Office,1380.02,2,USA,2760.04
6069,03/11/2022,1275,Monitor,Accessories,615.93,2,Germany,1231.86
6070,11/09/2023,1911,Laptop,Office,666.93,2,USA,1333.86
6071,23/12/2022,1834,Desk Lamp,Office,382.26,1,France,382.26
6072,30/06/2022,1375,USB Cable,Electronics,6.75,4,Canada,27
6073,09/03/2022,1925,USB Cable,Electronics,170.12,1,Germany,170.12
6074,19/10/2022,1054,Laptop,Office,1057.31,4,UK,4229.24
6075,23/11/2023,1577,Keyboard,Electronics,1025.33,2,Canada,2050.66
6076,30/06/2022,1738,Laptop,Accessories,487.18,3,France,1461.54
6077,10/03/2023,1025,USB Cable,Office,712.14,3,Germany,2136.42
6078,02/07/2024,1440,Laptop,Electronics,449.58,1,Canada,449.58
6079,07/03/2022,1764,Headphones,Office,1097.72,3,USA,3293.16
6080,10/11/2024,1196,Desk Lamp,Office,1264.54,1,Canada,1264.54
6081,19/01/2023,1641,Monitor,Accessories,1349.16,1,France,1349.16
6082,08/02/2022,1242,Headphones,Accessories,264.94,4,USA,1059.76
6083,01/04/2024,1823,Desk Lamp,Accessories,1044.05,2,Canada,2088.1
6084,25/08/2023,1723,Desk Lamp,Electronics,1444.69,2,Israel,2889.38
6085,24/02/2024,1189,Webcam,Electronics,977.66,2,UK,1955.32
6086,02/11/2023,1801,Keyboard,Electronics,529.71,2,USA,1059.42
6087,24/04/2023,1737,Desk Lamp,Accessories,955.74,4,Germany,3822.96
6088,15/07/2023,1757,Headphones,Office,1034.2,2,Israel,2068.4
6089,11/04/2022,1567,Webcam,Accessories,598.59,2,France,1197.18
6090,29/05/2023,1566,Mouse,Electronics,160.47,3,Germany,481.41
6091,25/06/2022,1275,Monitor,Electronics,911.96,2,France,1823.92
6092,26/08/2022,1817,Laptop,Electronics,1204.2,2,Israel,2408.4
6093,28/06/2024,1408,Headphones,Accessories,1496.38,1,Germany,1496.38
6094,18/12/2024,1339,Headphones,Electronics,338.47,1,USA,338.47
6095,20/05/2024,1152,Laptop,Accessories,1052.08,2,Canada,2104.16
6096,10/05/2023,1564,Laptop,Office,46.92,1,Germany,46.92
6097,04/08/2024,1397,Keyboard,Accessories,1454.89,3,UK,4364.67
6098,25/01/2024,1443,Headphones,Electronics,23.78,3,USA,71.34
6099,30/07/2022,1622,Headphones,Office,541.4,3,UK,1624.2
6100,20/05/2022,1426,USB Cable,Electronics,119.22,4,Germany,476.88
6101,25/06/2023,1957,Desk Lamp,Office,933.35,3,Germany,2800.05
6102,27/09/2022,1486,Mouse,Electronics,512.55,2,France,1025.1
6103,01/11/2024,1203,USB Cable,Accessories,1100.75,3,Germany,3302.25
6104,21/05/2023,1111,Webcam,Electronics,732.14,3,USA,2196.42
6105,01/02/2022,1324,Mouse,Accessories,632.01,3,UK,1896.03
6106,28/12/2024,1958,USB Cable,Accessories,526.03,3,Canada,1578.09
6107,23/03/2024,1257,Headphones,Office,133.76,1,Canada,133.76
6108,28/12/2022,1949,Mouse,Accessories,311.21,3,Israel,933.63
6109,17/07/2024,1527,Headphones,Accessories,960.46,3,UK,2881.38
6110,10/04/2022,1950,Monitor,Accessories,747.64,1,Canada,747.64
6111,09/01/2022,1349,Keyboard,Office,109.78,1,Canada,109.78
6112,28/11/2023,1938,Mouse,Electronics,818.21,4,France,3272.84
6113,18/11/2024,1956,Headphones,Electronics,85.94,2,Israel,171.88
6114,07/04/2023,1677,Mouse,Accessories,770.03,4,Canada,3080.12
6115,09/07/2024,1812,Desk Lamp,Accessories,1447.62,1,Canada,1447.62
6116,25/01/2023,1893,Desk Lamp,Electronics,464.48,1,Israel,464.48
6117,24/09/2023,1434,Webcam,Accessories,1086.64,1,Germany,1086.64
6118,13/11/2023,1425,Keyboard,Electronics,1119.6,4,Canada,4478.4
6119,06/06/2022,1279,Monitor,Office,610.27,3,France,1830.81
6120,01/12/2022,1370,Laptop,Accessories,891.97,2,France,1783.94
6121,17/09/2022,1669,Desk Lamp,Accessories,710.71,2,Germany,1421.42
6122,23/03/2022,1932,Laptop,Electronics,428.63,3,Canada,1285.89
6123,24/01/2024,1248,Mouse,Electronics,1133.34,2,USA,2266.68
6124,21/12/2023,1890,Headphones,Office,1055.73,3,Germany,3167.19
6125,16/03/2022,1180,Webcam,Accessories,1351.32,4,France,5405.28
6126,18/09/2023,1702,Desk Lamp,Electronics,929.1,1,Israel,929.1
6127,03/03/2022,1998,Keyboard,Office,586.14,3,USA,1758.42
6128,23/05/2024,1650,Monitor,Electronics,1072.44,3,Canada,3217.32
6129,16/11/2022,1077,Monitor,Electronics,930.46,1,France,930.46
6130,12/04/2022,1918,Desk Lamp,Office,926.84,1,France,926.84
6131,23/05/2024,1884,Desk Lamp,Office,1275.51,2,Germany,2551.02
6132,11/08/2024,1335,USB Cable,Office,1366.15,3,UK,4098.45
6133,12/09/2022,1049,Monitor,Office,274.46,1,France,274.46
6134,24/07/2023,1084,Laptop,Office,474.51,2,UK,949.02
6135,22/04/2022,1694,Keyboard,Office,977.21,4,USA,3908.84
6136,11/09/2024,1694,USB Cable,Accessories,838.05,3,Israel,2514.15
6137,24/09/2024,1003,Laptop,Office,980.23,4,UK,3920.92
6138,06/04/2023,1992,Mouse,Accessories,652.36,1,UK,652.36
6139,09/12/2023,1949,Monitor,Electronics,621.6,1,UK,621.6
6140,05/06/2024,1316,Keyboard,Electronics,180.89,3,UK,542.67
6141,11/12/2024,1110,Desk Lamp,Office,937.35,4,UK,3749.4
6142,04/06/2023,1333,Monitor,Electronics,267.8,1,USA,267.8
6143,22/03/2024,1850,Laptop,Office,1008.18,3,Canada,3024.54
6144,24/08/2022,1762,Laptop,Office,1450.77,3,Canada,4352.31
6145,15/07/2024,1132,Laptop,Accessories,388.34,3,France,1165.02
6146,11/07/2023,1611,Monitor,Electronics,217.52,1,Israel,217.52
6147,11/10/2023,1990,Keyboard,Office,41.14,1,France,41.14
6148,22/08/2022,1913,Keyboard,Electronics,571.35,3,USA,1714.05
6149,21/11/2024,1683,Mouse,Accessories,325.84,2,USA,651.68
6150,02/08/2023,1798,Monitor,Electronics,740.33,3,UK,2220.99
6151,26/06/2023,1118,Mouse,Accessories,788.84,3,USA,2366.52
6152,24/04/2022,1349,Webcam,Accessories,527.24,3,USA,1581.72
6153,23/07/2022,1916,Mouse,Accessories,1126.11,2,UK,2252.22
6154,18/11/2024,1686,Mouse,Office,1357.69,4,USA,5430.76
6155,05/10/2023,1541,Mouse,Office,321.23,1,USA,321.23
6156,19/04/2023,1054,Desk Lamp,Electronics,1255.27,1,USA,1255.27
6157,28/11/2023,1360,Laptop,Office,201.13,4,Germany,804.52
6158,10/09/2022,1707,Webcam,Office,346.91,3,Canada,1040.73
6159,23/06/2024,1452,USB Cable,Electronics,844.32,3,France,2532.96
6160,21/01/2023,1552,Desk Lamp,Accessories,463.34,1,Germany,463.34
6161,03/03/2022,1684,Mouse,Accessories,67.36,3,France,202.08
6162,30/05/2023,1329,Keyboard,Electronics,445.83,4,UK,1783.32
6163,06/03/2023,1218,Mouse,Office,1357.78,1,UK,1357.78
6164,03/08/2023,1207,Laptop,Electronics,265.46,2,Canada,530.92
6165,13/01/2024,1669,Desk Lamp,Electronics,1146.81,3,France,3440.43
6166,06/11/2023,1844,Headphones,Office,1084.81,4,France,4339.24
6167,07/11/2022,1739,USB Cable,Electronics,163.81,1,Canada,163.81
6168,16/04/2023,1084,Webcam,Office,497.52,1,Israel,497.52
6169,19/03/2024,1684,Headphones,Office,288.09,2,France,576.18
6170,21/06/2022,1244,Headphones,Electronics,39.61,3,France,118.83
6171,30/07/2023,1871,Webcam,Accessories,263.7,2,UK,527.4
6172,31/01/2022,1684,Monitor,Office,306.36,4,UK,1225.44
6173,16/02/2022,1334,USB Cable,Accessories,253.14,1,USA,253.14
6174,10/05/2022,1211,Desk Lamp,Office,141.19,1,USA,141.19
6175,18/12/2022,1595,USB Cable,Accessories,791.83,2,UK,1583.66
6176,04/09/2024,1684,Keyboard,Electronics,487.35,2,USA,974.7
6177,27/02/2022,1182,Laptop,Office,1362.83,2,Germany,2725.66
6178,22/03/2024,1954,Webcam,Electronics,284.88,3,Germany,854.64
6179,07/02/2024,1132,Desk Lamp,Electronics,906.28,1,Canada,906.28
6180,14/11/2023,1891,Headphones,Electronics,1351.43,3,USA,4054.29
6181,23/09/2024,1799,Laptop,Office,75.55,4,USA,302.2
6182,13/10/2022,1773,Laptop,Electronics,776.83,3,France,2330.49
6183,30/12/2024,1349,Monitor,Electronics,678.75,2,France,1357.5
6184,04/06/2024,1281,Headphones,Office,1393.52,4,Germany,5574.08
6185,01/02/2023,1292,Mouse,Electronics,997.33,4,Canada,3989.32
6186,26/01/2022,1268,Laptop,Office,527,3,Germany,1581
6187,09/11/2022,1860,Headphones,Electronics,1068.72,3,France,3206.16
6188,06/05/2022,1196,USB Cable,Accessories,876.07,2,France,1752.14
6189,21/03/2024,1536,Laptop,Electronics,524.02,2,Canada,1048.04
6190,07/07/2022,1652,Monitor,Accessories,1178.95,4,France,4715.8
6191,29/11/2023,1983,Monitor,Office,1003.91,2,USA,2007.82
6192,20/03/2024,1734,Mouse,Accessories,13.1,1,UK,13.1
6193,17/12/2023,1019,Monitor,Office,1298.38,1,Germany,1298.38
6194,26/03/2023,1758,Desk Lamp,Electronics,598.65,4,Israel,2394.6
6195,07/06/2023,1839,Headphones,Accessories,969.94,3,Canada,2909.82
6196,12/09/2024,1955,Webcam,Electronics,598.17,3,France,1794.51
6197,20/10/2023,1712,Monitor,Accessories,1322.64,1,USA,1322.64
6198,20/08/2023,1404,Webcam,Office,978,3,Germany,2934
6199,10/04/2022,1114,Mouse,Office,871.18,2,France,1742.36
6200,08/09/2023,1894,USB Cable,Office,1470.5,1,USA,1470.5
6201,05/08/2024,1700,Keyboard,Office,424.56,4,Germany,1698.24
6202,10/07/2023,1979,Laptop,Electronics,102.56,3,Germany,307.68
6203,05/10/2022,1974,Desk Lamp,Electronics,776.44,4,Israel,3105.76
6204,06/05/2023,1025,Laptop,Electronics,638.91,4,Israel,2555.64
6205,12/09/2022,1565,Headphones,Electronics,684.16,3,Germany,2052.48
6206,16/01/2023,1681,Mouse,Electronics,932.06,3,USA,2796.18
6207,10/06/2024,1394,Mouse,Office,924.61,1,France,924.61
6208,26/06/2023,1932,Mouse,Electronics,591.44,1,Canada,591.44
6209,04/04/2024,1380,Laptop,Electronics,1295,4,France,5180
6210,28/05/2024,1522,Monitor,Electronics,978.93,4,Germany,3915.72
6211,08/10/2022,1538,Laptop,Office,1335.42,1,France,1335.42
6212,12/02/2024,1861,Laptop,Office,1370.17,4,Israel,5480.68
6213,22/04/2024,1082,Laptop,Office,255.13,2,France,510.26
6214,20/12/2023,1801,USB Cable,Office,1022.44,3,UK,3067.32
6215,24/11/2022,1549,USB Cable,Electronics,479.68,3,Israel,1439.04
6216,30/07/2022,1444,Monitor,Electronics,1255.46,2,Israel,2510.92
6217,28/12/2023,1086,Keyboard,Accessories,1100.61,1,Germany,1100.61
6218,11/07/2024,1948,Headphones,Electronics,302.13,1,Germany,302.13
6219,06/07/2023,1832,Keyboard,Office,1408.4,4,France,5633.6
6220,26/01/2022,1386,Keyboard,Office,1026.8,4,France,4107.2
6221,27/01/2022,1962,Laptop,Electronics,1423.21,1,Germany,1423.21
6222,03/12/2023,1667,Desk Lamp,Accessories,306.86,4,USA,1227.44
6223,13/11/2023,1397,Keyboard,Office,1305.21,2,France,2610.42
6224,17/02/2023,1819,Laptop,Accessories,1003.77,3,USA,3011.31
6225,16/06/2022,1285,Laptop,Office,830.67,2,Israel,1661.34
6226,18/06/2022,1697,Headphones,Office,1231.67,3,Canada,3695.01
6227,17/08/2022,1693,Mouse,Electronics,951.13,3,Canada,2853.39
6228,02/01/2023,1964,Laptop,Office,1006.05,4,UK,4024.2
6229,12/06/2023,1368,USB Cable,Accessories,384.24,4,USA,1536.96
6230,01/03/2024,1654,Keyboard,Accessories,1226.5,3,France,3679.5
6231,08/06/2023,1421,Headphones,Electronics,977.2,4,Canada,3908.8
6232,31/12/2024,1717,Webcam,Office,1267.36,2,Germany,2534.72
6233,16/04/2022,1653,Webcam,Accessories,530.53,1,Germany,530.53
6234,02/01/2024,1696,Webcam,Electronics,500.91,4,UK,2003.64
6235,22/08/2024,1442,Keyboard,Accessories,40.73,4,UK,162.92
6236,13/05/2022,1752,Mouse,Electronics,1154.06,4,Israel,4616.24
6237,18/06/2023,1519,Monitor,Accessories,498.82,1,USA,498.82
6238,01/09/2024,1583,Desk Lamp,Office,494.18,2,UK,988.36
6239,26/09/2022,1914,Mouse,Accessories,1034.58,3,Israel,3103.74
6240,04/11/2023,1287,Desk Lamp,Accessories,383.04,2,Israel,766.08
6241,01/03/2024,1094,Headphones,Electronics,1363.99,4,Israel,5455.96
6242,18/01/2022,1668,Mouse,Electronics,809.41,1,Canada,809.41
6243,27/04/2022,1040,Webcam,Electronics,1454.37,2,Canada,2908.74
6244,08/03/2024,1330,Mouse,Accessories,119.62,4,France,478.48
6245,05/07/2023,1812,Headphones,Electronics,508.55,4,UK,2034.2
6246,17/07/2024,1780,Headphones,Office,575.3,3,Canada,1725.9
6247,23/01/2024,1154,Webcam,Electronics,1096.98,1,Germany,1096.98
6248,26/02/2023,1503,USB Cable,Electronics,323.38,3,Israel,970.14
6249,08/10/2023,1274,Keyboard,Office,566.14,2,Germany,1132.28
6250,12/07/2023,1665,Desk Lamp,Electronics,1366.41,3,France,4099.23
6251,19/02/2022,1564,Laptop,Electronics,176.25,2,USA,352.5
6252,09/11/2023,1178,Monitor,Accessories,1119.26,4,France,4477.04
6253,16/04/2022,1932,Monitor,Accessories,1055.22,1,France,1055.22
6254,20/10/2023,1751,Webcam,Electronics,200.11,1,UK,200.11
6255,31/12/2024,1136,USB Cable,Office,1034.29,4,Israel,4137.16
6256,14/09/2024,1766,Monitor,Electronics,856.83,1,France,856.83
6257,21/04/2024,1987,Mouse,Electronics,434.85,3,Israel,1304.55
6258,22/03/2023,1735,Headphones,Electronics,470.16,2,Germany,940.32
6259,11/03/2022,1179,Desk Lamp,Accessories,1250.32,2,USA,2500.64
6260,30/05/2022,1181,USB Cable,Office,350.37,2,USA,700.74
6261,13/02/2024,1258,Headphones,Office,771.61,3,Germany,2314.83
6262,01/08/2024,1242,Webcam,Office,1023.32,2,UK,2046.64
6263,31/03/2023,1095,Headphones,Accessories,199.2,1,Germany,199.2
6264,03/08/2024,1196,Desk Lamp,Accessories,1398.87,2,Canada,2797.74
6265,24/08/2023,1903,Laptop,Electronics,394.65,3,Germany,1183.95
6266,15/10/2023,1525,Headphones,Accessories,481.66,1,Canada,481.66
6267,26/12/2023,1631,Headphones,Electronics,1000.84,4,UK,4003.36
6268,21/08/2022,1386,USB Cable,Accessories,121.9,1,UK,121.9
6269,08/09/2022,1407,Desk Lamp,Electronics,943.28,3,France,2829.84
6270,20/03/2022,1268,Mouse,Accessories,1374.46,1,Israel,1374.46
6271,11/12/2024,1170,Keyboard,Office,377.39,2,USA,754.78
6272,16/06/2024,1924,Monitor,Electronics,546.05,3,UK,1638.15
6273,09/07/2024,1583,Mouse,Accessories,352.34,4,Canada,1409.36
6274,20/02/2024,1690,Mouse,Accessories,1229.06,2,UK,2458.12
6275,14/08/2022,1169,Mouse,Electronics,255.57,3,France,766.71
6276,10/12/2024,1158,Monitor,Accessories,523.21,3,France,1569.63
6277,23/11/2024,1508,Webcam,Office,903.53,4,Israel,3614.12
6278,13/03/2024,1446,Mouse,Electronics,609.81,4,UK,2439.24
6279,12/01/2024,1665,Keyboard,Electronics,102.88,3,UK,308.64
6280,11/05/2022,1913,Webcam,Electronics,1421.84,4,France,5687.36
6281,19/10/2024,1081,Headphones,Electronics,510.16,4,Germany,2040.64
6282,24/09/2023,1056,Keyboard,Electronics,671.25,2,Israel,1342.5
6283,17/04/2024,1518,USB Cable,Office,255.48,3,UK,766.44
6284,29/01/2024,1111,Desk Lamp,Electronics,1298.7,1,USA,1298.7
6285,05/12/2023,1997,Webcam,Office,440.69,2,USA,881.38
6286,12/05/2023,1047,Headphones,Office,34.64,3,Canada,103.92
6287,19/11/2022,1591,Headphones,Office,478.02,3,France,1434.06
6288,07/09/2023,1886,Mouse,Electronics,1476.17,2,Canada,2952.34
6289,25/11/2022,1375,Mouse,Office,224.53,4,USA,898.12
6290,13/05/2022,1827,Monitor,Electronics,51.65,1,France,51.65
6291,14/04/2024,1032,Laptop,Office,869.37,1,Germany,869.37
6292,13/10/2023,1503,Keyboard,Electronics,560.64,3,France,1681.92
6293,01/05/2022,1626,Monitor,Accessories,1193.49,3,UK,3580.47
6294,29/08/2023,1895,Monitor,Accessories,1099.17,1,USA,1099.17
6295,22/08/2024,1002,Keyboard,Office,282.2,3,UK,846.6
6296,09/05/2022,1485,Desk Lamp,Accessories,849.13,1,USA,849.13
6297,29/01/2022,1515,Webcam,Office,53.49,4,USA,213.96
6298,23/12/2023,1867,USB Cable,Office,662.02,1,France,662.02
6299,29/11/2022,1771,Keyboard,Office,1072.51,1,Israel,1072.51
6300,01/08/2024,1041,Headphones,Accessories,625.36,1,USA,625.36
6301,13/11/2024,1008,USB Cable,Office,181.34,3,USA,544.02
6302,22/12/2022,1999,Desk Lamp,Accessories,96.99,4,Canada,387.96
6303,19/05/2022,1818,Laptop,Accessories,1281.22,2,Israel,2562.44
6304,29/01/2022,1656,Desk Lamp,Electronics,1337.53,2,UK,2675.06
6305,19/07/2024,1912,Webcam,Accessories,517.92,1,USA,517.92
6306,11/05/2023,1608,Mouse,Electronics,250.44,3,France,751.32
6307,10/10/2024,1787,Laptop,Office,1468.03,2,Israel,2936.06
6308,17/10/2023,1141,Laptop,Office,821.07,2,Israel,1642.14
6309,07/04/2024,1789,Desk Lamp,Electronics,717.6,1,Canada,717.6
6310,17/12/2022,1435,Mouse,Office,1113.7,1,USA,1113.7
6311,08/07/2023,1026,Laptop,Electronics,257.46,3,UK,772.38
6312,26/10/2022,1042,Webcam,Electronics,872.08,2,UK,1744.16
6313,05/03/2022,1130,Webcam,Office,1335.79,1,Germany,1335.79
6314,25/01/2024,1215,Webcam,Electronics,39.49,4,Germany,157.96
6315,09/02/2024,1605,Monitor,Electronics,1011.04,4,France,4044.16
6316,13/04/2024,1519,Monitor,Electronics,829.38,4,Canada,3317.52
6317,15/06/2022,1597,Webcam,Office,1426.45,1,USA,1426.45
6318,21/05/2023,1344,Mouse,Office,391.75,3,UK,1175.25
6319,03/03/2024,1507,Mouse,Office,1289.04,4,Germany,5156.16
6320,12/04/2024,1649,Keyboard,Office,466.93,4,USA,1867.72
6321,07/05/2024,1880,Keyboard,Office,647.65,4,Canada,2590.6
6322,16/03/2024,1412,Desk Lamp,Accessories,323.86,1,USA,323.86
6323,31/01/2024,1935,Webcam,Accessories,1296.07,1,UK,1296.07
6324,12/04/2024,1245,USB Cable,Electronics,297.14,1,USA,297.14
6325,10/10/2022,1448,Laptop,Accessories,1289.22,4,Israel,5156.88
6326,14/01/2023,1020,Laptop,Office,686.14,1,Germany,686.14
6327,17/07/2022,1998,Mouse,Office,1253.45,1,France,1253.45
6328,11/10/2024,1407,USB Cable,Office,400.41,3,Germany,1201.23
6329,20/10/2024,1456,Laptop,Electronics,203.43,1,USA,203.43
6330,10/07/2023,1443,Desk Lamp,Electronics,834.67,2,Israel,1669.34
6331,22/12/2022,1921,Headphones,Electronics,766.61,1,Germany,766.61
6332,06/11/2024,1264,Monitor,Electronics,538.13,1,UK,538.13
6333,01/10/2023,1659,Laptop,Electronics,995.92,2,Israel,1991.84
6334,14/01/2023,1183,Laptop,Electronics,147.24,2,Canada,294.48
6335,11/11/2023,1226,Keyboard,Accessories,934.89,1,Germany,934.89
6336,21/05/2023,1803,Headphones,Office,321.58,3,USA,964.74
6337,17/06/2024,1547,Laptop,Accessories,197.79,4,UK,791.16
6338,17/03/2022,1245,Monitor,Electronics,1364.86,2,USA,2729.72
6339,19/08/2022,1072,Desk Lamp,Office,692.39,3,Canada,2077.17
6340,19/08/2024,1149,Laptop,Office,1146.31,1,USA,1146.31
6341,29/10/2022,1512,Mouse,Office,138.23,1,Canada,138.23
6342,27/12/2023,1068,Headphones,Accessories,90.91,2,UK,181.82
6343,03/08/2022,1968,Laptop,Office,744.8,2,Israel,1489.6
6344,10/03/2022,1804,USB Cable,Electronics,476.75,3,Germany,1430.25
6345,28/01/2023,1229,Headphones,Electronics,12.34,1,Israel,12.34
6346,24/09/2022,1722,Laptop,Accessories,279.03,2,Canada,558.06
6347,28/12/2024,1071,Monitor,Accessories,332.07,2,UK,664.14
6348,03/09/2023,1874,Desk Lamp,Electronics,436.32,4,Canada,1745.28
6349,05/10/2024,1607,Desk Lamp,Accessories,1316.92,2,Germany,2633.84
6350,19/08/2024,1396,Monitor,Office,633.8,3,UK,1901.4
6351,29/12/2023,1083,Headphones,Accessories,1020.75,1,France,1020.75
6352,04/11/2023,1739,Webcam,Office,32.5,2,France,65
6353,27/02/2023,1298,Keyboard,Office,1221.82,4,Israel,4887.28
6354,25/04/2022,1747,Keyboard,Office,364.29,2,UK,728.58
6355,08/08/2022,1292,Mouse,Office,467.01,2,Germany,934.02
6356,31/01/2022,1733,Webcam,Office,72.66,1,Israel,72.66
6357,09/09/2023,1969,Keyboard,Electronics,617.49,4,France,2469.96
6358,23/06/2023,1222,Headphones,Electronics,1279.6,3,France,3838.8
6359,09/01/2024,1792,Keyboard,Electronics,571.21,3,France,1713.63
6360,22/10/2024,1732,Mouse,Office,1363.36,1,Israel,1363.36
6361,20/05/2024,1215,Laptop,Accessories,1301.83,3,Germany,3905.49
6362,11/04/2022,1230,Keyboard,Accessories,97.63,3,France,292.89
6363,17/12/2024,1404,Headphones,Office,461.38,2,Israel,922.76
6364,23/11/2023,1168,Headphones,Accessories,1366.07,3,Israel,4098.21
6365,29/07/2024,1328,Mouse,Office,49.56,4,USA,198.24
6366,07/12/2022,1425,Desk Lamp,Accessories,1149.88,2,USA,2299.76
6367,10/05/2024,1553,USB Cable,Office,1360.11,3,Canada,4080.33
6368,09/11/2024,1769,Mouse,Accessories,1156.88,4,Germany,4627.52
6369,07/02/2022,1195,USB Cable,Accessories,1117,2,France,2234
6370,22/10/2023,1903,Monitor,Electronics,1265.82,4,USA,5063.28
6371,16/07/2024,1607,Monitor,Accessories,1000.36,1,Germany,1000.36
6372,15/11/2024,1828,Desk Lamp,Accessories,637.53,1,USA,637.53
6373,30/03/2023,1525,Monitor,Office,98.82,3,France,296.46
6374,07/01/2024,1624,USB Cable,Accessories,1183.01,4,Israel,4732.04
6375,29/03/2024,1076,Laptop,Accessories,1358.35,2,France,2716.7
6376,12/02/2024,1276,Headphones,Accessories,769.82,4,USA,3079.28
6377,13/01/2022,1919,Desk Lamp,Accessories,801.1,4,France,3204.4
6378,03/07/2024,1945,Monitor,Accessories,607.91,1,Israel,607.91
6379,09/07/2024,1465,Headphones,Electronics,1286.04,1,UK,1286.04
6380,04/04/2024,1940,Mouse,Accessories,27.13,3,Israel,81.39
6381,06/01/2023,1447,Desk Lamp,Office,938.7,4,USA,3754.8
6382,28/11/2022,1319,Laptop,Office,1361.58,4,Israel,5446.32
6383,18/09/2022,1999,Mouse,Accessories,159.32,2,Canada,318.64
6384,28/11/2023,1921,Headphones,Accessories,1438.95,2,Germany,2877.9
6385,18/11/2023,1159,Webcam,Accessories,1451.68,1,France,1451.68
6386,07/08/2024,1491,USB Cable,Electronics,1395.03,4,Canada,5580.12
6387,22/01/2023,1312,Webcam,Office,696.51,3,UK,2089.53
6388,31/03/2024,1630,Monitor,Electronics,577.54,1,UK,577.54
6389,13/04/2023,1948,Webcam,Electronics,1060.39,4,France,4241.56
6390,10/03/2022,1160,Mouse,Accessories,481.44,1,France,481.44
6391,19/07/2022,1307,Desk Lamp,Accessories,107.17,3,Germany,321.51
6392,04/08/2022,1862,USB Cable,Office,1352.63,4,Israel,5410.52
6393,31/07/2022,1145,Webcam,Accessories,954.11,3,UK,2862.33
6394,23/05/2023,1674,Keyboard,Office,314.7,4,USA,1258.8
6395,16/01/2022,1395,Laptop,Electronics,32.52,4,France,130.08
6396,02/06/2024,1690,Headphones,Office,1086.66,3,France,3259.98
6397,28/11/2022,1088,Desk Lamp,Office,1279.94,2,Canada,2559.88
6398,18/12/2023,1734,USB Cable,Office,611.44,3,Canada,1834.32
6399,05/07/2023,1777,Desk Lamp,Electronics,125.94,3,Canada,377.82
6400,30/07/2024,1750,Monitor,Electronics,974.69,1,UK,974.69
6401,13/09/2022,1307,Mouse,Accessories,448.91,3,Canada,1346.73
6402,18/09/2024,1545,Laptop,Accessories,220.2,3,France,660.6
6403,29/12/2023,1370,Monitor,Office,768.04,1,UK,768.04
6404,29/05/2024,1450,Mouse,Office,725.36,2,USA,1450.72
6405,25/03/2024,1166,Webcam,Electronics,777.57,3,USA,2332.71
6406,11/10/2023,1391,USB Cable,Electronics,1236.78,1,UK,1236.78
6407,26/09/2024,1636,Headphones,Electronics,729.4,2,France,1458.8
6408,16/04/2023,1735,USB Cable,Office,1351.31,2,Germany,2702.62
6409,21/11/2023,1490,Keyboard,Office,1263.51,3,Germany,3790.53
6410,01/12/2023,1924,Desk Lamp,Electronics,978.42,2,Israel,1956.84
6411,22/05/2023,1149,Keyboard,Office,89.99,3,Germany,269.97
6412,18/09/2024,1467,Desk Lamp,Electronics,1298.09,2,Canada,2596.18
6413,06/10/2024,1965,USB Cable,Accessories,1358.83,2,France,2717.66
6414,14/03/2024,1700,Webcam,Electronics,565.7,2,Germany,1131.4
6415,10/04/2024,1042,Headphones,Office,791.6,3,Israel,2374.8
6416,02/08/2022,1944,Laptop,Office,425.13,2,USA,850.26
6417,18/06/2022,1028,Headphones,Office,27,4,UK,108
6418,04/09/2024,1873,Webcam,Office,721.78,1,Germany,721.78
6419,26/05/2022,1631,Mouse,Electronics,198.39,1,UK,198.39
6420,31/05/2023,1848,USB Cable,Electronics,279.07,4,UK,1116.28
6421,29/03/2023,1030,USB Cable,Accessories,723.66,2,Canada,1447.32
6422,01/03/2022,1692,USB Cable,Electronics,1301.22,4,Canada,5204.88
6423,12/06/2023,1673,USB Cable,Accessories,1267.73,3,USA,3803.19
6424,20/10/2024,1127,Laptop,Electronics,1447.78,1,Israel,1447.78
6425,19/04/2023,1766,Keyboard,Electronics,726.61,2,France,1453.22
6426,27/01/2024,1293,Webcam,Office,830.25,1,France,830.25
6427,21/02/2024,1440,Mouse,Accessories,1234.06,4,France,4936.24
6428,09/03/2023,1868,Webcam,Office,1051.01,4,Israel,4204.04
6429,05/02/2023,1387,Monitor,Office,278.32,1,Canada,278.32
6430,26/02/2022,1765,Monitor,Electronics,600.27,1,Israel,600.27
6431,29/09/2024,1641,Monitor,Electronics,1394.09,1,Israel,1394.09
6432,05/07/2022,1523,Keyboard,Accessories,223.46,1,Germany,223.46
6433,02/02/2023,1546,Headphones,Accessories,317.99,4,UK,1271.96
6434,28/08/2023,1709,Laptop,Electronics,603.99,2,Israel,1207.98
6435,27/02/2024,1759,USB Cable,Accessories,1410.11,1,Israel,1410.11
6436,07/06/2022,1109,Keyboard,Electronics,175.16,2,Germany,350.32
6437,12/08/2023,1327,Desk Lamp,Electronics,1011.05,1,UK,1011.05
6438,11/04/2023,1404,Mouse,Electronics,202.52,3,Canada,607.56
6439,22/03/2023,1244,Mouse,Accessories,789.13,2,Canada,1578.26
6440,11/03/2024,1761,Monitor,Office,807.16,3,France,2421.48
6441,17/07/2024,1877,Desk Lamp,Accessories,68.73,4,USA,274.92
6442,17/01/2022,1828,Laptop,Office,1431.41,3,Israel,4294.23
6443,01/01/2024,1162,Monitor,Accessories,1210.9,4,Israel,4843.6
6444,22/11/2022,1559,Mouse,Office,457.77,1,USA,457.77
6445,21/09/2024,1398,Mouse,Office,200.28,4,Israel,801.12
6446,05/09/2023,1582,USB Cable,Accessories,521.71,1,Canada,521.71
6447,30/06/2023,1398,Headphones,Accessories,1341.94,1,Israel,1341.94
6448,19/08/2023,1492,USB Cable,Office,203.36,1,Israel,203.36
6449,09/07/2024,1645,Headphones,Electronics,527.23,4,USA,2108.92
6450,21/04/2024,1238,USB Cable,Office,743.99,1,Canada,743.99
6451,10/12/2022,1464,Headphones,Office,54.16,3,Germany,162.48
6452,08/05/2024,1579,Monitor,Electronics,405.71,3,Germany,1217.13
6453,21/03/2023,1789,Webcam,Office,895.47,1,USA,895.47
6454,10/08/2022,1031,Desk Lamp,Electronics,489.33,1,Germany,489.33
6455,15/08/2023,1122,Laptop,Electronics,1306.44,2,France,2612.88
6456,27/10/2024,1533,Headphones,Accessories,1405.46,4,France,5621.84
6457,14/10/2024,1666,Keyboard,Office,665.11,2,Canada,1330.22
6458,16/01/2022,1109,Headphones,Office,800.37,3,USA,2401.11
6459,08/06/2023,1270,Monitor,Electronics,948.06,4,UK,3792.24
6460,13/03/2024,1379,Laptop,Office,998.48,3,Canada,2995.44
6461,21/01/2022,1299,Headphones,Electronics,99.57,4,Israel,398.28
6462,16/08/2022,1626,USB Cable,Office,85.25,4,UK,341
6463,04/10/2024,1981,Laptop,Office,1299.05,4,Israel,5196.2
6464,19/03/2024,1731,Keyboard,Electronics,333.71,3,Canada,1001.13
6465,08/02/2023,1741,Mouse,Electronics,878.24,1,Germany,878.24
6466,25/12/2024,1763,USB Cable,Office,938.88,3,Germany,2816.64
6467,13/03/2023,1248,Laptop,Office,250.87,4,France,1003.48
6468,08/04/2024,1520,Webcam,Electronics,1143.59,3,UK,3430.77
6469,22/07/2024,1033,Headphones,Accessories,1299.59,3,USA,3898.77
6470,16/09/2022,1227,USB Cable,Accessories,431.64,2,Israel,863.28
6471,13/04/2022,1584,Monitor,Office,1317.37,4,Germany,5269.48
6472,19/09/2024,1398,Webcam,Office,126.15,3,Canada,378.45
6473,08/02/2024,1957,Desk Lamp,Office,1201.69,4,Israel,4806.76
6474,23/03/2024,1812,Desk Lamp,Electronics,961.97,3,USA,2885.91
6475,14/08/2022,1723,Webcam,Office,876.75,2,Israel,1753.5
6476,31/07/2024,1583,Monitor,Office,349.05,3,France,1047.15
6477,08/04/2023,1569,Monitor,Office,545.95,1,USA,545.95
6478,25/08/2022,1219,Desk Lamp,Accessories,1365.91,4,USA,5463.64
6479,15/11/2024,1370,Monitor,Office,701.28,2,Israel,1402.56
6480,21/05/2023,1786,Webcam,Office,893.6,3,Israel,2680.8
6481,24/03/2024,1760,Laptop,Electronics,1404.1,2,Germany,2808.2
6482,06/02/2024,1527,Monitor,Accessories,702.4,3,Israel,2107.2
6483,26/09/2023,1074,Mouse,Electronics,585.46,4,USA,2341.84
6484,17/09/2024,1617,Webcam,Office,1340.34,3,Canada,4021.02
6485,10/09/2023,1135,Webcam,Office,1366.78,2,Israel,2733.56
6486,30/09/2022,1928,Webcam,Office,535.18,1,Canada,535.18
6487,20/08/2022,1073,Keyboard,Office,890.02,2,Canada,1780.04
6488,07/02/2024,1253,Laptop,Office,1445.77,1,Germany,1445.77
6489,11/05/2023,1017,Laptop,Electronics,87.93,1,UK,87.93
6490,13/11/2024,1930,Monitor,Office,64.5,4,Canada,258
6491,17/05/2023,1042,Webcam,Office,777.29,2,France,1554.58
6492,25/01/2022,1049,USB Cable,Accessories,440.4,3,Canada,1321.2
6493,15/10/2022,1514,Webcam,Accessories,874.87,1,USA,874.87
6494,04/12/2022,1743,Monitor,Office,1087.82,2,Germany,2175.64
6495,26/11/2024,1730,Laptop,Office,108.27,4,France,433.08
6496,17/05/2022,1570,Desk Lamp,Office,1324.14,3,Israel,3972.42
6497,23/05/2023,1795,Monitor,Office,418.95,3,Canada,1256.85
6498,15/08/2022,1813,Desk Lamp,Office,575.11,3,Israel,1725.33
6499,16/11/2022,1575,Monitor,Office,508.87,2,UK,1017.74
6500,04/07/2024,1581,Monitor,Electronics,1260.55,2,Israel,2521.1
6501,27/03/2022,1302,Monitor,Electronics,260.13,3,France,780.39
6502,14/07/2024,1141,Monitor,Electronics,47.87,4,Germany,191.48
6503,22/02/2022,1902,Headphones,Accessories,1457.84,3,UK,4373.52
6504,09/05/2024,1201,Headphones,Office,1471.05,3,France,4413.15
6505,16/05/2024,1206,Webcam,Accessories,390.25,4,Germany,1561
6506,09/03/2023,1414,Webcam,Accessories,18.98,4,France,75.92
6507,25/09/2024,1220,USB Cable,Accessories,970.65,4,Israel,3882.6
6508,10/04/2022,1361,USB Cable,Electronics,974.45,3,France,2923.35
6509,16/09/2024,1757,Headphones,Office,1410.83,4,UK,5643.32
6510,22/08/2023,1080,Laptop,Office,451.21,2,France,902.42
6511,07/02/2023,1762,Keyboard,Accessories,288.31,4,USA,1153.24
6512,31/01/2023,1562,Laptop,Electronics,926.49,3,Israel,2779.47
6513,19/02/2023,1284,USB Cable,Accessories,847.69,1,France,847.69
6514,27/07/2024,1368,Webcam,Accessories,1078.02,1,Germany,1078.02
6515,08/11/2023,1491,Headphones,Office,1328.27,2,Israel,2656.54
6516,08/04/2023,1910,Laptop,Electronics,841.82,1,Canada,841.82
6517,25/06/2023,1895,Keyboard,Office,229.36,1,Germany,229.36
6518,25/03/2022,1345,Desk Lamp,Accessories,899.2,1,UK,899.2
6519,28/09/2022,1203,Monitor,Office,564.28,2,Canada,1128.56
6520,01/09/2022,1024,Mouse,Accessories,681.84,1,Canada,681.84
6521,23/01/2023,1956,Headphones,Electronics,1439.43,3,Canada,4318.29
6522,02/08/2022,1552,Headphones,Office,834.65,1,USA,834.65
6523,28/03/2024,1068,Keyboard,Office,228.72,4,France,914.88
6524,28/02/2022,1515,Monitor,Office,667.52,1,Israel,667.52
6525,01/06/2024,1491,Monitor,Office,346.5,1,France,346.5
6526,22/04/2024,1239,Mouse,Office,207.55,3,France,622.65
6527,12/07/2024,1360,Desk Lamp,Electronics,1069.79,2,Israel,2139.58
6528,03/05/2022,1440,Monitor,Electronics,944.71,2,Canada,1889.42
6529,15/03/2023,1030,Desk Lamp,Office,749.19,1,Canada,749.19
6530,18/10/2024,1898,Keyboard,Accessories,637.74,3,USA,1913.22
6531,16/07/2023,1628,Desk Lamp,Accessories,486.72,1,USA,486.72
6532,28/04/2022,1706,Webcam,Office,136.57,2,UK,273.14
6533,23/06/2024,1601,Monitor,Office,452.41,2,Israel,904.82
6534,30/01/2023,1689,Webcam,Electronics,1258.4,4,Israel,5033.6
6535,25/05/2024,1656,USB Cable,Electronics,1176.59,4,Germany,4706.36
6536,23/07/2024,1955,USB Cable,Office,1458.61,3,Germany,4375.83
6537,09/08/2024,1713,Webcam,Office,985.82,3,Germany,2957.46
6538,16/03/2022,1321,Keyboard,Accessories,832.69,2,USA,1665.38
6539,22/10/2022,1343,Headphones,Electronics,447.59,2,UK,895.18
6540,21/01/2022,1714,Headphones,Office,119.91,2,UK,239.82
6541,04/11/2024,1535,Headphones,Electronics,928.94,1,Canada,928.94
6542,14/07/2023,1354,Laptop,Office,734.8,4,France,2939.2
6543,07/01/2023,1470,Headphones,Office,1139.82,4,UK,4559.28
6544,28/03/2024,1927,Keyboard,Office,620.73,2,Germany,1241.46
6545,28/12/2024,1982,Mouse,Office,1478.4,2,Israel,2956.8
6546,25/04/2024,1993,USB Cable,Accessories,599.43,4,France,2397.72
6547,05/06/2023,1104,Monitor,Office,502.94,3,Canada,1508.82
6548,06/01/2023,1786,Headphones,Accessories,1307.12,2,USA,2614.24
6549,11/04/2022,1321,Laptop,Accessories,596.28,2,UK,1192.56
6550,23/10/2023,1571,USB Cable,Office,1306.99,3,Canada,3920.97
6551,25/08/2024,1882,Desk Lamp,Electronics,45.89,2,Israel,91.78
6552,31/08/2022,1961,USB Cable,Electronics,1040.43,4,Germany,4161.72
6553,23/01/2024,1526,Webcam,Office,112.42,4,USA,449.68
6554,27/05/2023,1503,Laptop,Office,226.61,3,USA,679.83
6555,28/04/2024,1084,Keyboard,Office,1051.61,4,UK,4206.44
6556,09/07/2023,1930,Mouse,Electronics,438.14,3,Israel,1314.42
6557,14/08/2022,1708,Headphones,Electronics,319.6,3,Germany,958.8
6558,02/08/2022,1234,Headphones,Office,1203.28,4,Germany,4813.12
6559,19/12/2023,1922,Laptop,Electronics,1419.64,3,Germany,4258.92
6560,08/03/2022,1855,Desk Lamp,Accessories,352.41,4,Germany,1409.64
6561,31/01/2023,1262,Keyboard,Electronics,479.21,3,UK,1437.63
6562,04/09/2023,1005,Laptop,Electronics,1072.54,3,Canada,3217.62
6563,01/11/2024,1493,Laptop,Office,1223.86,3,Canada,3671.58
6564,09/02/2024,1892,Mouse,Accessories,1498.75,4,Canada,5995
6565,11/02/2023,1288,Keyboard,Office,413.69,2,UK,827.38
6566,13/07/2024,1569,Mouse,Electronics,837.14,1,Israel,837.14
6567,09/10/2023,1944,Keyboard,Accessories,205.36,2,France,410.72
6568,10/08/2022,1656,Headphones,Office,499.61,3,UK,1498.83
6569,16/10/2023,1877,Monitor,Electronics,72.23,4,Germany,288.92
6570,04/03/2023,1553,Webcam,Accessories,320.2,3,Canada,960.6
6571,03/09/2024,1349,Monitor,Office,762.28,2,Canada,1524.56
6572,02/10/2024,1199,Desk Lamp,Accessories,249.82,1,Israel,249.82
6573,06/01/2023,1935,Desk Lamp,Electronics,1334.63,2,Germany,2669.26
6574,29/04/2024,1685,USB Cable,Office,1066.91,4,UK,4267.64
6575,05/05/2024,1966,Keyboard,Electronics,46.47,4,Canada,185.88
6576,17/08/2022,1965,Monitor,Accessories,1315.67,2,Israel,2631.34
6577,07/10/2022,1963,Laptop,Electronics,1466.09,2,Germany,2932.18
6578,06/12/2024,1896,Headphones,Accessories,755.28,1,Canada,755.28
6579,01/09/2024,1334,Desk Lamp,Office,475.34,3,France,1426.02
6580,28/01/2024,1606,Webcam,Electronics,398.88,4,USA,1595.52
6581,13/11/2024,1216,Webcam,Office,135.69,4,USA,542.76
6582,17/11/2022,1622,USB Cable,Office,739.96,1,Canada,739.96
6583,01/10/2022,1352,Webcam,Office,79.96,4,Germany,319.84
6584,10/07/2023,1691,Headphones,Office,758.24,4,Canada,3032.96
6585,23/04/2024,1674,Monitor,Electronics,382.56,2,USA,765.12
6586,30/10/2023,1630,Webcam,Electronics,717.27,2,Canada,1434.54
6587,26/09/2024,1324,Desk Lamp,Office,630.48,1,Canada,630.48
6588,15/01/2023,1900,Webcam,Office,461.15,4,France,1844.6
6589,12/12/2023,1227,Keyboard,Accessories,675.71,1,Canada,675.71
6590,16/01/2024,1144,Laptop,Office,713.68,3,France,2141.04
6591,06/11/2023,1948,Keyboard,Accessories,1251.37,3,Germany,3754.11
6592,26/04/2022,1307,Monitor,Accessories,1000.35,1,France,1000.35
6593,28/08/2023,1653,Headphones,Office,652.57,4,USA,2610.28
6594,01/12/2024,1633,Headphones,Electronics,1358.34,3,Germany,4075.02
6595,14/01/2023,1284,Keyboard,Accessories,1134.83,4,Canada,4539.32
6596,11/04/2023,1391,Mouse,Electronics,118.2,2,USA,236.4
6597,07/10/2022,1737,Keyboard,Office,234.85,1,France,234.85
6598,10/09/2023,1359,Desk Lamp,Office,127.09,3,France,381.27
6599,28/04/2022,1768,Mouse,Office,481.7,4,Israel,1926.8
6600,05/11/2022,1796,USB Cable,Office,656.29,2,UK,1312.58
6601,10/04/2022,1931,Keyboard,Accessories,758.85,1,Canada,758.85
6602,18/09/2022,1946,Mouse,Accessories,1277.86,3,UK,3833.58
6603,19/09/2024,1164,Mouse,Electronics,31.84,2,Germany,63.68
6604,13/10/2022,1732,Webcam,Electronics,645.29,1,USA,645.29
6605,24/11/2022,1580,USB Cable,Accessories,619.44,3,UK,1858.32
6606,04/03/2022,1820,Webcam,Office,1421.48,4,Germany,5685.92
6607,18/11/2023,1223,Mouse,Electronics,365.35,2,France,730.7
6608,08/01/2024,1123,Mouse,Accessories,188,2,UK,376
6609,27/10/2024,1947,Laptop,Electronics,217.68,4,USA,870.72
6610,01/10/2023,1343,Desk Lamp,Accessories,782.61,2,Israel,1565.22
6611,24/07/2024,1850,Mouse,Office,589.4,2,Israel,1178.8
6612,21/04/2023,1523,Desk Lamp,Accessories,1132.44,1,UK,1132.44
6613,22/02/2022,1051,Webcam,Electronics,488.16,4,Israel,1952.64
6614,24/01/2024,1128,Mouse,Accessories,196.3,2,Germany,392.6
6615,01/05/2023,1134,Headphones,Electronics,583.38,4,Canada,2333.52
6616,13/02/2023,1656,Laptop,Electronics,1325.14,1,USA,1325.14
6617,27/10/2024,1126,Mouse,Electronics,611.26,1,France,611.26
6618,30/10/2023,1737,Webcam,Office,1251.27,4,USA,5005.08
6619,14/04/2024,1938,Webcam,Office,560.44,4,France,2241.76
6620,25/05/2024,1070,Monitor,Accessories,425.67,3,Israel,1277.01
6621,02/01/2023,1272,Webcam,Accessories,1163.42,1,Germany,1163.42
6622,28/09/2024,1186,Desk Lamp,Electronics,317.81,2,France,635.62
6623,07/09/2022,1002,Laptop,Office,351.59,1,Israel,351.59
6624,15/01/2023,1284,Desk Lamp,Accessories,79.47,1,France,79.47
6625,21/05/2024,1021,Webcam,Accessories,285.83,3,UK,857.49
6626,14/04/2024,1165,Headphones,Office,571.33,4,USA,2285.32
6627,14/02/2024,1309,Keyboard,Electronics,602.36,1,Canada,602.36
6628,07/07/2024,1874,Headphones,Accessories,633.84,3,Canada,1901.52
6629,31/03/2023,1476,USB Cable,Electronics,722.14,4,Germany,2888.56
6630,01/01/2023,1497,Desk Lamp,Office,860.01,1,Israel,860.01
6631,07/02/2023,1433,Headphones,Office,288.2,3,Germany,864.6
6632,27/02/2022,1757,Laptop,Accessories,922.85,1,USA,922.85
6633,05/06/2023,1233,Laptop,Accessories,508.15,2,Canada,1016.3
6634,29/07/2022,1836,Monitor,Office,1102.35,4,France,4409.4
6635,30/11/2024,1669,Webcam,Electronics,838.02,4,France,3352.08
6636,26/03/2024,1662,Monitor,Electronics,833.63,1,Germany,833.63
6637,22/06/2022,1724,Laptop,Office,1029.8,3,France,3089.4
6638,22/08/2022,1375,Webcam,Accessories,502.86,3,France,1508.58
6639,03/03/2024,1729,Laptop,Office,646.7,2,France,1293.4
6640,03/03/2024,1245,Laptop,Accessories,876.43,2,UK,1752.86
6641,28/11/2024,1302,Keyboard,Electronics,635.23,3,Israel,1905.69
6642,29/04/2022,1404,Headphones,Accessories,669.16,4,Israel,2676.64
6643,01/12/2022,1787,Monitor,Electronics,412.37,2,Canada,824.74
6644,20/11/2022,1662,Desk Lamp,Office,434.64,1,USA,434.64
6645,07/10/2024,1707,Monitor,Accessories,1049.94,1,France,1049.94
6646,11/10/2022,1916,Mouse,Electronics,11.4,4,Germany,45.6
6647,01/08/2022,1020,USB Cable,Accessories,147.46,4,France,589.84
6648,17/07/2024,1256,Keyboard,Electronics,1423.47,2,USA,2846.94
6649,22/01/2024,1398,Laptop,Electronics,284.59,1,France,284.59
6650,05/12/2022,1528,Laptop,Office,630.09,4,UK,2520.36
6651,11/11/2024,1050,Keyboard,Office,1275.28,1,USA,1275.28
6652,15/04/2022,1446,Webcam,Accessories,5.15,2,Israel,10.3
6653,09/02/2024,1269,Monitor,Electronics,1388.14,4,Israel,5552.56
6654,17/12/2023,1826,Laptop,Office,84.97,3,UK,254.91
6655,02/02/2024,1594,USB Cable,Accessories,260.45,1,Israel,260.45
6656,14/01/2023,1817,Mouse,Office,48.51,4,Canada,194.04
6657,14/12/2023,1635,Monitor,Accessories,781.68,2,UK,1563.36
6658,13/08/2022,1801,Headphones,Office,1414.93,3,Israel,4244.79
6659,08/01/2024,1261,Desk Lamp,Office,1259.36,4,Israel,5037.44
6660,24/08/2022,1364,Desk Lamp,Electronics,961.42,1,Canada,961.42
6661,02/07/2022,1048,USB Cable,Electronics,282.31,1,France,282.31
6662,13/12/2023,1517,Keyboard,Office,1305.05,2,USA,2610.1
6663,20/03/2023,1628,Monitor,Electronics,1133.39,1,Israel,1133.39
6664,15/09/2023,1117,Desk Lamp,Office,403.94,3,USA,1211.82
6665,26/10/2024,1452,Headphones,Accessories,1208.61,2,USA,2417.22
6666,19/01/2024,1774,Mouse,Office,1316.34,2,Israel,2632.68
6667,04/06/2022,1864,Webcam,Office,1048.85,4,USA,4195.4
6668,14/09/2022,1972,Desk Lamp,Accessories,155.07,2,Canada,310.14
6669,23/08/2022,1946,Keyboard,Accessories,1476.45,4,UK,5905.8
6670,15/05/2023,1885,Webcam,Electronics,118.62,2,Canada,237.24
6671,16/10/2022,1640,Desk Lamp,Accessories,983.44,4,Germany,3933.76
6672,25/05/2023,1396,USB Cable,Electronics,170.24,4,UK,680.96
6673,10/12/2023,1682,Laptop,Office,1358.59,4,Israel,5434.36
6674,24/02/2024,1026,Webcam,Accessories,528.22,3,UK,1584.66
6675,12/06/2024,1710,Laptop,Office,769.7,4,Canada,3078.8
6676,15/02/2024,1371,USB Cable,Electronics,272.25,3,Germany,816.75
6677,25/10/2022,1898,Desk Lamp,Accessories,822.11,4,UK,3288.44
6678,17/05/2022,1825,Headphones,Electronics,1408.57,4,USA,5634.28
6679,11/01/2023,1856,Monitor,Electronics,1352.94,3,Israel,4058.82
6680,28/03/2022,1096,Mouse,Accessories,100.52,3,USA,301.56
6681,13/03/2023,1999,Headphones,Accessories,570.5,3,USA,1711.5
6682,03/02/2024,1528,Mouse,Electronics,404.81,3,Israel,1214.43
6683,03/12/2023,1684,Webcam,Accessories,724.64,4,Israel,2898.56
6684,30/07/2024,1973,Mouse,Electronics,1251.43,4,France,5005.72
6685,01/06/2022,1612,Webcam,Office,1109.58,2,Germany,2219.16
6686,28/10/2024,1185,Mouse,Office,519.25,2,USA,1038.5
6687,17/03/2024,1695,Keyboard,Accessories,577.09,4,Canada,2308.36
6688,23/08/2022,1949,Headphones,Accessories,983.11,2,USA,1966.22
6689,06/11/2023,1214,Desk Lamp,Office,295.37,3,Israel,886.11
6690,15/07/2023,1250,Desk Lamp,Electronics,158.58,2,Israel,317.16
6691,07/02/2022,1215,Keyboard,Electronics,367.67,3,UK,1103.01
6692,01/04/2024,1028,Monitor,Electronics,190.43,4,USA,761.72
6693,25/02/2023,1101,Desk Lamp,Accessories,531.22,2,USA,1062.44
6694,14/12/2022,1122,Monitor,Electronics,1406.66,3,Israel,4219.98
6695,18/01/2024,1053,Laptop,Accessories,184.85,4,Canada,739.4
6696,30/09/2022,1282,Desk Lamp,Accessories,1228.39,4,Canada,4913.56
6697,04/11/2022,1613,Laptop,Accessories,804.3,3,USA,2412.9
6698,02/09/2024,1116,Desk Lamp,Office,951.19,3,Germany,2853.57
6699,03/01/2024,1615,Desk Lamp,Electronics,259.27,4,France,1037.08
6700,29/10/2024,1556,Laptop,Accessories,231.3,1,Israel,231.3
6701,20/03/2023,1113,USB Cable,Electronics,248.3,1,Israel,248.3
6702,09/02/2023,1854,Monitor,Office,1002.26,3,USA,3006.78
6703,02/05/2024,1542,Mouse,Electronics,1122.94,2,Canada,2245.88
6704,17/02/2024,1675,Webcam,Office,1380.77,3,France,4142.31
6705,25/04/2022,1976,USB Cable,Accessories,600.3,4,France,2401.2
6706,06/03/2022,1700,Mouse,Accessories,695.64,3,Canada,2086.92
6707,04/04/2024,1292,Headphones,Office,707.04,1,Israel,707.04
6708,27/08/2022,1194,Monitor,Accessories,408.5,3,Israel,1225.5
6709,29/10/2022,1291,Desk Lamp,Electronics,495.71,1,Israel,495.71
6710,26/08/2024,1886,Desk Lamp,Electronics,1271,2,Germany,2542
6711,04/01/2023,1260,Desk Lamp,Office,518.86,2,USA,1037.72
6712,21/08/2022,1941,Webcam,Electronics,1304.3,2,Germany,2608.6
6713,14/07/2022,1206,Webcam,Accessories,461.38,3,Israel,1384.14
6714,25/06/2024,1563,Webcam,Accessories,513.13,1,France,513.13
6715,01/11/2024,1048,Laptop,Accessories,842.62,3,USA,2527.86
6716,09/07/2024,1005,Webcam,Electronics,159.17,2,USA,318.34
6717,20/11/2023,1378,Webcam,Accessories,1383.48,3,Canada,4150.44
6718,26/06/2022,1393,Monitor,Electronics,1231.5,1,Israel,1231.5
6719,05/08/2022,1885,Mouse,Office,1007.4,4,Israel,4029.6
6720,31/10/2024,1223,USB Cable,Accessories,1482.25,1,Israel,1482.25
6721,22/09/2023,1022,USB Cable,Office,28.92,2,Israel,57.84
6722,13/06/2022,1656,Desk Lamp,Electronics,619.54,2,Israel,1239.08
6723,22/02/2022,1109,Mouse,Electronics,1288.22,2,Israel,2576.44
6724,06/08/2022,1723,Keyboard,Office,652.36,3,USA,1957.08
6725,25/09/2024,1811,Keyboard,Accessories,12.84,1,Germany,12.84
6726,03/04/2024,1552,Headphones,Accessories,240.84,3,France,722.52
6727,20/01/2023,1398,Monitor,Accessories,653.94,2,Israel,1307.88
6728,25/02/2022,1171,Keyboard,Office,1003.58,1,France,1003.58
6729,28/04/2022,1697,Keyboard,Electronics,248.17,4,Canada,992.68
6730,18/06/2024,1725,Monitor,Office,674.82,2,USA,1349.64
6731,08/03/2024,1305,Mouse,Electronics,24.12,1,France,24.12
6732,19/02/2024,1563,Desk Lamp,Accessories,718.86,1,USA,718.86
6733,12/10/2024,1581,Headphones,Accessories,1344.41,2,UK,2688.82
6734,13/03/2024,1707,Headphones,Electronics,897.17,4,Germany,3588.68
6735,24/04/2024,1958,Headphones,Accessories,663.78,1,UK,663.78
6736,04/05/2024,1953,Keyboard,Office,247.58,1,USA,247.58
6737,09/12/2023,1150,Mouse,Electronics,307.62,4,Canada,1230.48
6738,22/01/2022,1427,Headphones,Accessories,119.38,2,UK,238.76
6739,22/04/2024,1620,Monitor,Accessories,1114.9,1,USA,1114.9
6740,11/07/2022,1466,Headphones,Accessories,120.32,2,UK,240.64
6741,15/10/2024,1629,USB Cable,Accessories,579,3,USA,1737
6742,31/01/2023,1876,Laptop,Electronics,1126.02,3,Germany,3378.06
6743,27/10/2024,1606,Mouse,Electronics,1070.67,4,Canada,4282.68
6744,02/10/2023,1767,Laptop,Accessories,868.41,2,Germany,1736.82
6745,15/10/2024,1555,Mouse,Office,859.11,1,Germany,859.11
6746,21/07/2023,1947,Webcam,Office,140.04,4,USA,560.16
6747,19/08/2022,1066,Monitor,Office,266.5,3,France,799.5
6748,23/05/2024,1155,Webcam,Office,804.44,2,UK,1608.88
6749,28/07/2023,1834,Keyboard,Electronics,525.38,4,UK,2101.52
6750,28/08/2022,1205,Keyboard,Electronics,33.31,4,UK,133.24
6751,31/03/2022,1785,Webcam,Office,1198.26,2,Canada,2396.52
6752,20/08/2022,1154,Mouse,Electronics,982.45,1,UK,982.45
6753,02/04/2023,1690,Headphones,Office,492.05,1,Germany,492.05
6754,21/08/2022,1508,Laptop,Accessories,151.82,1,France,151.82
6755,20/12/2022,1571,Monitor,Accessories,888.85,2,UK,1777.7
6756,01/10/2024,1073,Headphones,Office,526.08,3,France,1578.24
6757,15/03/2023,1048,Keyboard,Electronics,386.81,4,USA,1547.24
6758,11/12/2022,1782,Headphones,Office,1083.6,2,USA,2167.2
6759,26/10/2023,1466,Desk Lamp,Electronics,495.58,1,Canada,495.58
6760,19/10/2023,1584,Desk Lamp,Accessories,208.39,1,UK,208.39
6761,10/05/2022,1707,Webcam,Electronics,725.07,4,Israel,2900.28
6762,21/05/2022,1910,Desk Lamp,Office,1243.56,4,Canada,4974.24
6763,19/02/2023,1178,Webcam,Accessories,1275.24,4,Germany,5100.96
6764,18/09/2023,1047,USB Cable,Accessories,1274.77,4,Canada,5099.08
6765,11/10/2022,1071,USB Cable,Electronics,634.28,4,UK,2537.12
6766,11/08/2022,1112,Laptop,Accessories,1187.45,2,Germany,2374.9
6767,14/01/2024,1756,Desk Lamp,Accessories,1276.09,1,UK,1276.09
6768,08/04/2023,1896,Keyboard,Electronics,692.01,1,Germany,692.01
6769,23/12/2022,1902,Mouse,Accessories,481.52,2,Israel,963.04
6770,12/11/2024,1820,Desk Lamp,Office,1054.44,3,Israel,3163.32
6771,08/05/2024,1158,Monitor,Electronics,1357.18,1,Canada,1357.18
6772,27/10/2023,1785,Webcam,Electronics,1458.37,3,USA,4375.11
6773,11/10/2024,1779,Desk Lamp,Electronics,438.89,3,Canada,1316.67
6774,26/03/2022,1815,Monitor,Electronics,1434.48,3,UK,4303.44
6775,13/09/2023,1029,Keyboard,Office,751.43,3,Israel,2254.29
6776,20/11/2024,1096,Mouse,Electronics,462.52,1,Israel,462.52
6777,28/08/2022,1250,USB Cable,Office,1482.66,1,Canada,1482.66
6778,29/12/2022,1518,Webcam,Electronics,1317.32,2,UK,2634.64
6779,01/04/2024,1091,Laptop,Electronics,1040.16,1,Canada,1040.16
6780,30/10/2023,1112,Monitor,Accessories,1342.94,2,Canada,2685.88
6781,09/04/2022,1258,Desk Lamp,Accessories,1023.82,3,Canada,3071.46
6782,16/02/2022,1106,Keyboard,Office,663.4,2,UK,1326.8
6783,18/04/2024,1574,Monitor,Accessories,1422.33,2,USA,2844.66
6784,26/02/2023,1389,Desk Lamp,Electronics,1445.06,1,Israel,1445.06
6785,03/03/2022,1990,USB Cable,Office,474.69,2,Germany,949.38
6786,06/10/2024,1357,USB Cable,Accessories,534.82,3,UK,1604.46
6787,21/08/2023,1782,Mouse,Electronics,577.17,1,UK,577.17
6788,27/01/2023,1198,Laptop,Accessories,1234.11,1,UK,1234.11
6789,03/09/2024,1426,USB Cable,Accessories,1187.76,1,Canada,1187.76
6790,11/12/2024,1477,Mouse,Accessories,1474.76,4,Canada,5899.04
6791,26/08/2023,1858,USB Cable,Accessories,700.49,3,UK,2101.47
6792,03/12/2022,1848,Webcam,Electronics,1106.47,2,Israel,2212.94
6793,20/03/2024,1502,Headphones,Accessories,1285.8,4,Germany,5143.2
6794,22/01/2024,1657,Mouse,Office,335.74,1,USA,335.74
6795,30/05/2024,1917,Mouse,Office,932.73,4,France,3730.92
6796,27/09/2023,1572,Monitor,Accessories,823.82,4,Israel,3295.28
6797,11/09/2022,1119,USB Cable,Office,1115.53,2,Israel,2231.06
6798,20/01/2022,1572,Mouse,Accessories,1044.66,3,France,3133.98
6799,12/06/2023,1308,Keyboard,Electronics,1220.12,4,France,4880.48
6800,11/01/2023,1537,Webcam,Electronics,470.16,3,UK,1410.48
6801,15/06/2022,1626,Monitor,Office,328.45,3,Germany,985.35
6802,10/05/2024,1474,Monitor,Office,1208.77,1,Israel,1208.77
6803,09/09/2023,1551,Headphones,Accessories,544.04,1,Israel,544.04
6804,04/09/2023,1343,Webcam,Accessories,434.92,2,USA,869.84
6805,18/05/2023,1627,Desk Lamp,Accessories,508.54,2,France,1017.08
6806,01/07/2024,1135,Keyboard,Electronics,104.2,4,France,416.8
6807,20/03/2022,1276,Webcam,Accessories,1160.85,1,Israel,1160.85
6808,08/08/2023,1988,Mouse,Electronics,1074.16,3,France,3222.48
6809,19/11/2023,1810,Headphones,Office,831.28,3,UK,2493.84
6810,31/01/2023,1532,Keyboard,Electronics,1075.55,4,USA,4302.2
6811,06/02/2023,1898,Headphones,Office,562.83,1,Israel,562.83
6812,01/09/2024,1030,Webcam,Electronics,446.58,2,Canada,893.16
6813,12/08/2022,1246,Laptop,Electronics,1294.14,4,USA,5176.56
6814,02/06/2023,1410,Webcam,Accessories,636.57,3,Canada,1909.71
6815,26/09/2023,1026,Mouse,Office,297.89,1,UK,297.89
6816,24/08/2022,1072,Headphones,Electronics,1124.82,2,USA,2249.64
6817,26/04/2022,1952,Laptop,Electronics,507.13,2,Canada,1014.26
6818,14/08/2022,1096,Mouse,Office,321.72,3,France,965.16
6819,18/08/2022,1672,Headphones,Electronics,45.69,3,Israel,137.07
6820,01/07/2022,1345,Headphones,Office,1456.05,3,USA,4368.15
6821,29/07/2022,1475,Webcam,Office,703.6,3,Germany,2110.8
6822,06/04/2022,1299,USB Cable,Office,246.83,2,Israel,493.66
6823,12/06/2024,1298,Headphones,Electronics,1137.93,1,USA,1137.93
6824,26/01/2024,1286,Headphones,Electronics,1332.04,2,Israel,2664.08
6825,19/02/2023,1884,Monitor,Accessories,794.31,3,Canada,2382.93
6826,29/01/2023,1448,USB Cable,Office,47.4,1,USA,47.4
6827,27/11/2023,1211,Headphones,Electronics,550.89,2,USA,1101.78
6828,23/04/2024,1075,Webcam,Electronics,368.44,1,France,368.44
6829,27/08/2023,1400,Monitor,Office,956.41,2,USA,1912.82
6830,05/08/2023,1654,Monitor,Office,780.69,1,Germany,780.69
6831,13/05/2022,1033,Desk Lamp,Office,536.83,2,France,1073.66
6832,01/03/2024,1497,Laptop,Accessories,974.52,2,Germany,1949.04
6833,11/10/2023,1847,Mouse,Accessories,878.72,4,Canada,3514.88
6834,09/08/2022,1515,Monitor,Accessories,1360.2,3,Germany,4080.6
6835,02/09/2024,1327,Keyboard,Office,897.22,4,UK,3588.88
6836,05/12/2024,1097,Monitor,Electronics,764.03,2,Germany,1528.06
6837,27/02/2024,1365,Desk Lamp,Office,1236.39,3,USA,3709.17
6838,22/11/2023,1728,Keyboard,Electronics,307.62,2,Israel,615.24
6839,08/02/2022,1462,Desk Lamp,Accessories,369.13,4,France,1476.52
6840,21/11/2023,1027,Desk Lamp,Accessories,1176.44,1,France,1176.44
6841,11/06/2022,1712,USB Cable,Accessories,666.31,1,France,666.31
6842,10/06/2022,1385,Laptop,Electronics,616.81,3,Israel,1850.43
6843,13/12/2024,1272,Keyboard,Electronics,1331.18,4,Germany,5324.72
6844,23/11/2024,1825,Laptop,Office,917.11,4,Canada,3668.44
6845,30/08/2022,1126,Laptop,Office,1205.35,2,UK,2410.7
6846,24/08/2024,1201,Laptop,Office,1215.71,3,USA,3647.13
6847,08/06/2024,1520,Keyboard,Accessories,184.44,1,Canada,184.44
6848,23/04/2022,1286,Keyboard,Office,982.29,4,France,3929.16
6849,10/10/2024,1449,Laptop,Accessories,1429.01,2,USA,2858.02
6850,14/11/2022,1087,USB Cable,Electronics,722.64,3,Germany,2167.92
6851,23/01/2022,1317,Laptop,Accessories,1099.61,4,Canada,4398.44
6852,03/04/2024,1018,USB Cable,Accessories,852.27,4,UK,3409.08
6853,02/12/2023,1592,Mouse,Accessories,311.24,1,France,311.24
6854,15/10/2024,1106,USB Cable,Electronics,296.81,4,Germany,1187.24
6855,03/12/2024,1457,USB Cable,Electronics,653.58,1,Canada,653.58
6856,08/05/2022,1310,USB Cable,Office,727.07,4,UK,2908.28
6857,25/05/2024,1411,Laptop,Office,757.18,2,Canada,1514.36
6858,07/06/2022,1741,Headphones,Office,1432.73,2,France,2865.46
6859,06/04/2024,1623,Mouse,Electronics,154.88,2,Germany,309.76
6860,01/05/2024,1731,Mouse,Electronics,573.89,3,USA,1721.67
6861,27/05/2023,1634,Desk Lamp,Electronics,774.25,3,Canada,2322.75
6862,14/02/2022,1497,Mouse,Electronics,1444.85,2,Israel,2889.7
6863,07/08/2022,1243,Headphones,Electronics,758.95,2,France,1517.9
6864,19/03/2023,1689,Mouse,Accessories,1164.04,2,UK,2328.08
6865,11/11/2022,1576,Mouse,Office,1125.17,1,UK,1125.17
6866,26/06/2022,1379,Keyboard,Accessories,851.83,2,Israel,1703.66
6867,16/08/2022,1514,Webcam,Office,200.4,3,Israel,601.2
6868,24/09/2022,1206,Desk Lamp,Accessories,332.04,1,Germany,332.04
6869,19/05/2024,1947,Keyboard,Electronics,364.01,2,Israel,728.02
6870,17/04/2024,1393,Laptop,Office,62.8,3,France,188.4
6871,04/05/2023,1020,Desk Lamp,Accessories,571.93,1,Canada,571.93
6872,03/12/2023,1804,Laptop,Office,917.72,1,Israel,917.72
6873,18/11/2023,1526,Desk Lamp,Electronics,220.68,3,France,662.04
6874,22/09/2024,1342,USB Cable,Electronics,266.68,3,USA,800.04
6875,23/12/2022,1717,Monitor,Office,1061.94,1,Israel,1061.94
6876,21/05/2024,1974,Desk Lamp,Office,258.03,3,USA,774.09
6877,23/07/2022,1201,Webcam,Electronics,207.33,1,Canada,207.33
6878,06/07/2023,1119,Headphones,Electronics,1466.87,1,UK,1466.87
6879,19/11/2022,1648,Keyboard,Electronics,27.03,1,Canada,27.03
6880,17/08/2023,1811,Desk Lamp,Accessories,491.49,1,Israel,491.49
6881,30/06/2022,1806,Laptop,Office,57.23,2,UK,114.46
6882,14/05/2023,1388,Headphones,Electronics,1257.88,3,Canada,3773.64
6883,24/03/2022,1536,Mouse,Office,877.39,2,USA,1754.78
6884,30/10/2022,1823,Headphones,Accessories,76.69,2,UK,153.38
6885,19/09/2022,1233,Keyboard,Accessories,924.97,2,USA,1849.94
6886,23/02/2024,1632,Webcam,Electronics,189.03,2,Germany,378.06
6887,02/07/2024,1601,Monitor,Office,746.12,1,Canada,746.12
6888,23/11/2023,1319,USB Cable,Accessories,1005.77,1,Canada,1005.77
6889,01/08/2024,1711,Keyboard,Office,227.02,1,USA,227.02
6890,14/11/2023,1981,USB Cable,Office,748.09,4,Germany,2992.36
6891,20/11/2023,1179,Webcam,Electronics,688.83,1,UK,688.83
6892,31/01/2023,1856,Laptop,Accessories,1374.05,2,USA,2748.1
6893,18/04/2024,1367,USB Cable,Accessories,1493.57,4,Germany,5974.28
6894,27/05/2024,1075,Laptop,Accessories,983.44,4,USA,3933.76
6895,02/04/2024,1648,Headphones,Office,1283.01,4,France,5132.04
6896,18/02/2022,1649,Keyboard,Accessories,972.09,1,Canada,972.09
6897,28/02/2024,1495,Laptop,Accessories,1315.05,2,France,2630.1
6898,20/10/2022,1521,Mouse,Office,652.74,1,UK,652.74
6899,20/06/2023,1200,Mouse,Accessories,913.94,3,France,2741.82
6900,07/11/2022,1829,Monitor,Accessories,1268.53,4,Canada,5074.12
6901,21/06/2023,1345,Headphones,Office,1377.54,3,Israel,4132.62
6902,01/10/2023,1482,Laptop,Accessories,41.9,4,Germany,167.6
6903,22/08/2022,1218,Monitor,Electronics,160.41,4,Canada,641.64
6904,28/08/2023,1059,Mouse,Office,1397.1,3,Canada,4191.3
6905,04/04/2022,1990,Monitor,Accessories,854.92,3,Israel,2564.76
6906,23/11/2022,1658,Desk Lamp,Electronics,1485.34,1,France,1485.34
6907,13/08/2022,1618,Monitor,Office,1189.99,3,UK,3569.97
6908,24/08/2024,1549,Laptop,Accessories,1228.12,3,Israel,3684.36
6909,08/06/2024,1645,Laptop,Office,582.25,2,Canada,1164.5
6910,11/01/2022,1910,Laptop,Electronics,390.02,3,UK,1170.06
6911,01/11/2024,1220,Headphones,Office,899.4,1,USA,899.4
6912,04/02/2022,1814,USB Cable,Accessories,1319.15,4,Canada,5276.6
6913,23/03/2023,1940,Monitor,Electronics,1089.92,4,Israel,4359.68
6914,17/03/2023,1501,Monitor,Office,710.9,2,USA,1421.8
6915,15/10/2023,1132,Headphones,Accessories,1131.03,1,Israel,1131.03
6916,18/08/2023,1845,Mouse,Accessories,1037.14,4,Germany,4148.56
6917,17/08/2022,1052,Keyboard,Electronics,1370.01,2,UK,2740.02
6918,10/12/2022,1449,USB Cable,Electronics,399.02,4,USA,1596.08
6919,15/09/2024,1061,Mouse,Office,183.37,1,France,183.37
6920,27/06/2024,1022,Headphones,Accessories,707.73,3,Israel,2123.19
6921,11/06/2023,1043,USB Cable,Electronics,544.82,2,Canada,1089.64
6922,16/03/2022,1819,USB Cable,Accessories,1462.42,3,USA,4387.26
6923,15/07/2022,1557,Monitor,Office,16.22,1,Israel,16.22
6924,29/01/2022,1658,Monitor,Electronics,1400.41,1,Israel,1400.41
6925,07/12/2023,1727,Laptop,Office,1432.84,4,Israel,5731.36
6926,17/10/2024,1851,Laptop,Office,81.18,4,USA,324.72
6927,16/01/2022,1046,Desk Lamp,Electronics,1334.91,2,USA,2669.82
6928,15/03/2024,1858,Monitor,Office,708.81,4,Israel,2835.24
6929,28/07/2024,1819,Monitor,Accessories,1150.4,4,France,4601.6
6930,24/08/2024,1023,Webcam,Electronics,123.49,1,Canada,123.49
6931,17/08/2022,1656,USB Cable,Accessories,1433.03,1,UK,1433.03
6932,19/08/2024,1088,Laptop,Office,913.28,2,Israel,1826.56
6933,16/12/2023,1173,Laptop,Electronics,1348.55,3,France,4045.65
6934,10/09/2024,1575,Mouse,Accessories,1011.08,2,UK,2022.16
6935,27/07/2023,1118,Monitor,Accessories,807.53,1,Israel,807.53
6936,07/09/2023,1734,USB Cable,Accessories,262.88,1,UK,262.88
6937,22/11/2022,1667,Monitor,Accessories,271.04,2,Israel,542.08
6938,24/05/2024,1177,Headphones,Accessories,711.49,2,USA,1422.98
6939,25/12/2022,1831,Mouse,Office,1306.31,3,Israel,3918.93
6940,20/11/2022,1923,Keyboard,Office,177.25,1,Israel,177.25
6941,14/06/2022,1341,Keyboard,Office,1497.59,4,Israel,5990.36
6942,08/03/2024,1567,Keyboard,Office,1314.49,1,Israel,1314.49
6943,31/03/2023,1058,USB Cable,Office,591.88,4,France,2367.52
6944,12/07/2022,1900,Webcam,Office,383.41,4,Germany,1533.64
6945,19/09/2023,1437,Laptop,Office,1383.38,4,France,5533.52
6946,14/06/2023,1427,USB Cable,Accessories,189.2,3,France,567.6
6947,30/10/2024,1425,Keyboard,Office,524.2,2,USA,1048.4
6948,02/04/2022,1967,Headphones,Accessories,130.45,4,Israel,521.8
6949,19/05/2022,1380,Desk Lamp,Electronics,1430.43,2,France,2860.86
6950,26/04/2023,1485,USB Cable,Office,928.35,4,UK,3713.4
6951,25/03/2023,1731,USB Cable,Accessories,507.59,3,Israel,1522.77
6952,18/05/2024,1184,Desk Lamp,Electronics,416.85,4,USA,1667.4
6953,06/12/2022,1558,Laptop,Electronics,668.92,2,Canada,1337.84
6954,11/12/2024,1459,Laptop,Accessories,141.61,3,Canada,424.83
6955,11/04/2023,1888,Keyboard,Accessories,1334.58,2,USA,2669.16
6956,19/12/2023,1920,Laptop,Accessories,768.86,2,UK,1537.72
6957,09/03/2024,1101,Desk Lamp,Office,1089.02,2,Canada,2178.04
6958,20/04/2023,1555,Mouse,Electronics,354.45,4,USA,1417.8
6959,05/02/2023,1014,Desk Lamp,Office,758.11,3,Canada,2274.33
6960,28/08/2023,1747,Desk Lamp,Office,320.57,3,Israel,961.71
6961,20/07/2024,1872,Mouse,Office,1225.06,3,Germany,3675.18
6962,23/09/2024,1050,Desk Lamp,Electronics,1164.04,1,Germany,1164.04
6963,10/07/2024,1308,Keyboard,Electronics,226.56,1,France,226.56
6964,31/03/2024,1033,USB Cable,Electronics,116.39,3,USA,349.17
6965,19/10/2023,1635,Headphones,Accessories,1237.17,4,Israel,4948.68
6966,21/08/2023,1588,Laptop,Office,168.92,1,UK,168.92
6967,29/05/2023,1903,Monitor,Accessories,824.98,4,UK,3299.92
6968,26/10/2024,1634,USB Cable,Accessories,804.06,4,Israel,3216.24
6969,15/05/2023,1204,Keyboard,Office,308.4,1,Israel,308.4
6970,18/12/2023,1739,Webcam,Electronics,889.08,2,UK,1778.16
6971,24/08/2023,1069,Laptop,Office,756.62,2,USA,1513.24
6972,28/10/2023,1229,Keyboard,Accessories,766.24,2,Canada,1532.48
6973,13/04/2023,1479,Desk Lamp,Electronics,542.75,1,France,542.75
6974,10/06/2022,1532,Keyboard,Electronics,1258.45,4,France,5033.8
6975,27/09/2022,1107,Headphones,Accessories,131.13,1,France,131.13
6976,15/12/2024,1875,Monitor,Electronics,660.74,3,Israel,1982.22
6977,16/08/2022,1240,Laptop,Electronics,393.43,4,UK,1573.72
6978,28/04/2024,1250,Keyboard,Office,1273.41,1,UK,1273.41
6979,29/05/2022,1134,Keyboard,Office,341.5,4,UK,1366
6980,05/12/2024,1089,USB Cable,Accessories,1151.7,1,Canada,1151.7
6981,24/09/2023,1590,Laptop,Accessories,919.22,3,UK,2757.66
6982,17/02/2023,1439,Desk Lamp,Accessories,1312.81,3,UK,3938.43
6983,04/06/2023,1688,Keyboard,Electronics,892.72,3,Germany,2678.16
6984,22/01/2023,1297,Keyboard,Accessories,836.94,2,Canada,1673.88
6985,02/10/2022,1406,Keyboard,Office,1202.69,3,Israel,3608.07
6986,19/12/2022,1307,Mouse,Electronics,845.92,2,Canada,1691.84
6987,25/12/2024,1101,Mouse,Accessories,1267.59,4,Israel,5070.36
6988,21/08/2023,1360,Monitor,Electronics,78.73,4,Germany,314.92
6989,12/07/2023,1846,Headphones,Electronics,745.25,4,France,2981
6990,23/04/2022,1623,USB Cable,Electronics,1219.97,1,USA,1219.97
6991,21/05/2022,1692,USB Cable,Accessories,1273.31,1,Canada,1273.31
6992,31/12/2023,1615,Laptop,Electronics,1251.91,2,Israel,2503.82
6993,12/08/2023,1527,Headphones,Electronics,908.55,2,Israel,1817.1
6994,15/02/2023,1607,Desk Lamp,Electronics,1490.99,2,Germany,2981.98
6995,12/01/2023,1292,Headphones,Office,276.17,1,Israel,276.17
6996,21/01/2024,1145,USB Cable,Accessories,265.81,1,Israel,265.81
6997,19/09/2023,1403,Desk Lamp,Office,54.07,4,France,216.28
6998,21/09/2024,1813,Mouse,Electronics,1484.06,3,Germany,4452.18
6999,04/12/2023,1001,Monitor,Electronics,525.29,3,Canada,1575.87
7000,07/04/2023,1118,Desk Lamp,Office,1144.27,1,Israel,1144.27
7001,12/01/2022,1854,Desk Lamp,Electronics,94.27,3,UK,282.81
7002,22/04/2023,1605,Headphones,Office,451.54,4,Germany,1806.16
7003,27/07/2024,1190,USB Cable,Electronics,937.65,3,France,2812.95
7004,05/02/2023,1002,Headphones,Electronics,789.55,2,Canada,1579.1
7005,18/03/2024,1941,Keyboard,Electronics,315.58,4,USA,1262.32
7006,26/06/2022,1486,Laptop,Electronics,695.08,1,Israel,695.08
7007,26/02/2022,1622,Monitor,Accessories,167.63,2,UK,335.26
7008,24/03/2023,1176,USB Cable,Accessories,816.34,1,UK,816.34
7009,22/07/2022,1256,Laptop,Accessories,149.93,1,USA,149.93
7010,08/01/2024,1872,Desk Lamp,Office,955.72,2,Germany,1911.44
7011,21/07/2022,1533,Mouse,Office,237.26,4,France,949.04
7012,29/12/2022,1476,Headphones,Office,822.89,1,Israel,822.89
7013,10/06/2024,1397,Headphones,Office,198.04,2,Israel,396.08
7014,30/03/2023,1495,Webcam,Accessories,604.06,2,Canada,1208.12
7015,22/12/2022,1219,Laptop,Office,530.99,1,Israel,530.99
7016,04/08/2022,1980,Mouse,Office,1135.83,1,UK,1135.83
7017,29/08/2024,1172,USB Cable,Office,963.54,4,Germany,3854.16
7018,09/07/2023,1735,Webcam,Electronics,1405.95,2,USA,2811.9
7019,05/06/2024,1389,Desk Lamp,Office,1383.26,3,Germany,4149.78
7020,23/01/2022,1501,Webcam,Electronics,1088.87,3,France,3266.61
7021,04/06/2022,1576,Keyboard,Office,1157.03,1,France,1157.03
7022,06/09/2022,1788,Webcam,Office,939.24,1,USA,939.24
7023,19/01/2024,1760,Webcam,Electronics,1039.04,4,UK,4156.16
7024,15/03/2024,1259,Keyboard,Office,927.75,3,Canada,2783.25
7025,14/05/2022,1130,Headphones,Electronics,471.09,1,USA,471.09
7026,17/11/2022,1112,Headphones,Office,529.28,1,Canada,529.28
7027,25/01/2023,1797,Desk Lamp,Office,864.23,3,France,2592.69
7028,10/03/2023,1798,Monitor,Electronics,1081.66,1,UK,1081.66
7029,11/11/2024,1929,Webcam,Accessories,612.15,3,Germany,1836.45
7030,22/05/2024,1722,Laptop,Electronics,218.29,3,France,654.87
7031,07/05/2024,1019,Headphones,Accessories,691.83,4,UK,2767.32
7032,20/02/2022,1214,Mouse,Electronics,1444.97,3,UK,4334.91
7033,25/06/2022,1309,USB Cable,Accessories,325.06,1,Israel,325.06
7034,19/05/2024,1250,Laptop,Office,975.36,2,Germany,1950.72
7035,10/09/2022,1487,Monitor,Accessories,1473.9,2,UK,2947.8
7036,23/08/2024,1381,Webcam,Office,567.48,2,USA,1134.96
7037,09/01/2024,1408,Keyboard,Electronics,1332.39,4,Canada,5329.56
7038,29/10/2022,1270,Monitor,Accessories,1296.69,1,Germany,1296.69
7039,02/07/2023,1933,Laptop,Office,511.87,4,Germany,2047.48
7040,17/12/2023,1406,Keyboard,Electronics,152.28,4,France,609.12
7041,18/02/2024,1691,Desk Lamp,Accessories,271.92,4,Germany,1087.68
7042,25/09/2022,1193,Mouse,Office,551.8,1,Germany,551.8
7043,06/10/2024,1440,Keyboard,Accessories,1438.91,1,Israel,1438.91
7044,05/07/2023,1312,Keyboard,Accessories,415.3,1,Germany,415.3
7045,10/11/2022,1078,Mouse,Office,1390.66,2,Canada,2781.32
7046,03/07/2022,1179,Headphones,Office,276.14,3,Canada,828.42
7047,14/12/2023,1674,Headphones,Electronics,1454.87,1,Canada,1454.87
7048,08/05/2022,1713,Keyboard,Office,443.94,1,UK,443.94
7049,01/12/2023,1013,USB Cable,Office,951.47,4,USA,3805.88
7050,21/01/2023,1858,Keyboard,Accessories,109.19,1,Canada,109.19
7051,28/09/2022,1245,Monitor,Office,453,3,Israel,1359
7052,21/03/2024,1013,USB Cable,Accessories,320.01,2,Israel,640.02
7053,19/02/2023,1098,Headphones,Accessories,10.11,1,Israel,10.11
7054,17/07/2022,1032,Mouse,Office,239.37,2,Israel,478.74
7055,15/12/2024,1435,Webcam,Office,891.69,1,France,891.69
7056,10/04/2024,1256,Webcam,Office,587.93,2,Israel,1175.86
7057,20/09/2023,1033,Keyboard,Office,1085.24,1,France,1085.24
7058,27/08/2023,1018,Keyboard,Electronics,1008.26,4,France,4033.04
7059,16/12/2024,1663,Webcam,Accessories,1199.95,2,Germany,2399.9
7060,06/10/2024,1259,Monitor,Electronics,1301.2,4,USA,5204.8
7061,12/03/2022,1675,Monitor,Electronics,1230.64,4,Germany,4922.56
7062,29/06/2024,1588,Monitor,Accessories,674.85,1,France,674.85
7063,17/08/2023,1825,Desk Lamp,Electronics,466.55,4,Germany,1866.2
7064,23/08/2023,1415,Laptop,Office,755.94,4,UK,3023.76
7065,29/05/2023,1136,Mouse,Office,805.02,1,Israel,805.02
7066,25/03/2022,1358,Laptop,Office,473.2,4,Israel,1892.8
7067,20/09/2024,1719,Keyboard,Office,812.31,2,France,1624.62
7068,02/12/2024,1753,Monitor,Accessories,163.14,2,Germany,326.28
7069,18/04/2024,1578,Monitor,Office,350.41,3,UK,1051.23
7070,29/08/2023,1115,Webcam,Accessories,1120.34,3,UK,3361.02
7071,20/03/2024,1403,Desk Lamp,Accessories,278.33,3,Canada,834.99
7072,13/05/2022,1201,Webcam,Accessories,212.86,3,UK,638.58
7073,24/12/2024,1375,USB Cable,Accessories,434.58,4,France,1738.32
7074,17/10/2022,1249,Monitor,Electronics,559.72,2,Canada,1119.44
7075,11/01/2023,1445,Desk Lamp,Electronics,496.18,3,Germany,1488.54
7076,08/02/2024,1953,Headphones,Office,565.04,4,UK,2260.16
7077,12/04/2023,1277,Webcam,Accessories,214.17,1,UK,214.17
7078,16/04/2023,1111,Mouse,Office,252.27,2,Germany,504.54
7079,29/05/2022,1962,Desk Lamp,Office,357.57,1,Germany,357.57
7080,29/03/2022,1842,Laptop,Office,605.98,3,Israel,1817.94
7081,31/01/2023,1472,Desk Lamp,Office,507.17,3,USA,1521.51
7082,29/02/2024,1745,Mouse,Accessories,1188.05,3,USA,3564.15
7083,14/05/2024,1687,Webcam,Accessories,790.65,2,UK,1581.3
7084,24/01/2022,1391,Monitor,Electronics,865.67,1,Germany,865.67
7085,13/08/2024,1968,Keyboard,Accessories,843.09,1,Israel,843.09
7086,07/11/2022,1142,Desk Lamp,Accessories,601.17,2,France,1202.34
7087,26/10/2023,1031,Headphones,Office,1470.82,3,USA,4412.46
7088,14/03/2023,1180,Webcam,Accessories,60.81,3,Canada,182.43
7089,07/12/2023,1578,Mouse,Office,327.68,4,USA,1310.72
7090,26/02/2023,1515,Desk Lamp,Accessories,430.56,2,Germany,861.12
7091,17/11/2022,1797,Keyboard,Electronics,1322.54,1,France,1322.54
7092,10/08/2023,1268,Webcam,Office,1378.71,4,USA,5514.84
7093,04/08/2024,1235,Monitor,Accessories,1269.93,1,Israel,1269.93
7094,28/04/2024,1276,USB Cable,Accessories,628.34,1,USA,628.34
7095,11/02/2022,1552,Monitor,Office,1372.36,4,Germany,5489.44
7096,27/07/2024,1632,Monitor,Electronics,152.27,1,Germany,152.27
7097,22/01/2023,1274,Monitor,Electronics,980.39,4,Canada,3921.56
7098,28/06/2024,1742,Webcam,Accessories,1406.15,4,Canada,5624.6
7099,17/12/2023,1815,USB Cable,Accessories,1133.58,4,France,4534.32
7100,07/03/2023,1085,Headphones,Accessories,420.41,3,USA,1261.23
7101,08/07/2023,1062,Headphones,Office,1077.67,3,France,3233.01
7102,10/03/2024,1403,Mouse,Office,445.67,2,USA,891.34
7103,02/03/2023,1191,Webcam,Office,171.82,2,UK,343.64
7104,26/01/2022,1292,Desk Lamp,Accessories,1077.25,4,USA,4309
7105,20/01/2023,1030,Desk Lamp,Electronics,272.94,2,Germany,545.88
7106,25/02/2022,1329,USB Cable,Office,171.04,3,Germany,513.12
7107,26/09/2023,1657,Desk Lamp,Electronics,829.88,3,UK,2489.64
7108,16/04/2022,1106,USB Cable,Accessories,932.83,4,USA,3731.32
7109,28/04/2024,1870,Monitor,Office,81.33,3,USA,243.99
7110,01/11/2023,1621,Desk Lamp,Office,11.68,4,Germany,46.72
7111,11/01/2023,1275,Headphones,Office,1323.7,2,UK,2647.4
7112,13/01/2024,1721,Webcam,Accessories,177.3,3,Germany,531.9
7113,24/08/2024,1650,Keyboard,Accessories,877.93,4,UK,3511.72
7114,04/11/2022,1597,Headphones,Accessories,1430.55,4,Germany,5722.2
7115,01/04/2022,1555,Desk Lamp,Electronics,770.31,1,Israel,770.31
7116,12/03/2024,1081,Headphones,Electronics,214,4,USA,856
7117,20/04/2022,1063,USB Cable,Office,593.26,4,France,2373.04
7118,08/08/2023,1889,Mouse,Office,937.94,3,Israel,2813.82
7119,06/12/2022,1929,Headphones,Accessories,1145.45,1,Germany,1145.45
7120,05/09/2024,1854,Keyboard,Accessories,912.37,1,UK,912.37
7121,22/12/2022,1832,Monitor,Accessories,56.3,1,France,56.3
7122,17/06/2022,1566,Laptop,Office,218.94,3,UK,656.82
7123,11/07/2023,1585,Mouse,Accessories,560.84,2,Canada,1121.68
7124,23/06/2024,1884,Keyboard,Electronics,1060.04,4,UK,4240.16
7125,15/04/2022,1128,Mouse,Electronics,878.57,1,Canada,878.57
7126,30/05/2022,1255,Desk Lamp,Office,71.82,1,Canada,71.82
7127,26/05/2022,1933,Webcam,Office,1196.34,3,USA,3589.02
7128,17/12/2023,1230,Desk Lamp,Electronics,909.66,3,Germany,2728.98
7129,23/05/2024,1496,Monitor,Accessories,1331.29,1,USA,1331.29
7130,26/10/2022,1136,Headphones,Office,629.39,2,Canada,1258.78
7131,08/10/2023,1862,Desk Lamp,Office,737.85,3,UK,2213.55
7132,24/12/2023,1454,Webcam,Office,611.3,1,USA,611.3
7133,07/12/2024,1912,Headphones,Electronics,1085.07,2,Israel,2170.14
7134,30/09/2023,1354,Desk Lamp,Office,1129.44,3,Canada,3388.32
7135,27/08/2022,1623,USB Cable,Electronics,1086.25,2,UK,2172.5
7136,27/10/2024,1484,Keyboard,Electronics,440.94,1,UK,440.94
7137,09/04/2023,1819,Monitor,Accessories,955.87,2,Israel,1911.74
7138,29/03/2023,1145,Laptop,Accessories,511.1,1,UK,511.1
7139,23/02/2024,1958,Laptop,Accessories,1252.13,3,France,3756.39
7140,15/06/2024,1032,Headphones,Office,87.4,4,France,349.6
7141,06/01/2023,1259,Webcam,Electronics,61.39,4,Germany,245.56
7142,02/05/2023,1086,USB Cable,Office,157.05,1,Germany,157.05
7143,14/06/2022,1842,Monitor,Electronics,307.53,4,USA,1230.12
7144,11/07/2022,1947,Monitor,Office,61.26,1,USA,61.26
7145,31/12/2023,1264,Keyboard,Electronics,112.07,4,Israel,448.28
7146,02/08/2022,1831,Webcam,Accessories,462.55,4,Israel,1850.2
7147,28/07/2023,1541,Laptop,Accessories,154.19,3,Canada,462.57
7148,14/08/2024,1391,Keyboard,Office,1204.1,1,UK,1204.1
7149,16/01/2023,1231,Desk Lamp,Electronics,85.53,2,Germany,171.06
7150,04/11/2023,1900,Mouse,Accessories,1362.35,3,Canada,4087.05
7151,08/03/2024,1587,Monitor,Electronics,1306.91,2,Germany,2613.82
7152,27/08/2022,1446,Laptop,Office,316.53,3,Germany,949.59
7153,01/12/2023,1128,Keyboard,Accessories,111.93,1,Germany,111.93
7154,20/05/2023,1270,Headphones,Office,162.77,2,USA,325.54
7155,21/07/2022,1088,Mouse,Office,840.84,3,France,2522.52
7156,08/07/2024,1465,Keyboard,Electronics,903.37,4,Canada,3613.48
7157,06/02/2022,1933,Headphones,Office,476.8,2,Israel,953.6
7158,06/10/2023,1169,Laptop,Office,448.77,3,Israel,1346.31
7159,04/02/2024,1127,Laptop,Electronics,799.59,3,Germany,2398.77
7160,07/12/2023,1173,Mouse,Electronics,461.91,2,Germany,923.82
7161,29/06/2023,1948,Headphones,Office,1401.81,4,USA,5607.24
7162,24/06/2023,1025,Monitor,Accessories,577.03,2,USA,1154.06
7163,13/10/2024,1572,USB Cable,Accessories,333.62,2,Israel,667.24
7164,29/01/2023,1510,USB Cable,Electronics,223.22,2,Germany,446.44
7165,12/04/2024,1487,Laptop,Office,949.4,3,Germany,2848.2
7166,01/12/2024,1890,Webcam,Accessories,493.36,4,Canada,1973.44
7167,20/08/2023,1578,Monitor,Electronics,287.25,2,Israel,574.5
7168,28/01/2023,1949,Monitor,Electronics,417.34,2,USA,834.68
7169,01/12/2023,1405,USB Cable,Electronics,465.28,2,Canada,930.56
7170,17/03/2023,1025,Keyboard,Office,940.62,2,Israel,1881.24
7171,06/07/2024,1082,Desk Lamp,Electronics,266.15,2,USA,532.3
7172,16/11/2022,1363,Keyboard,Accessories,1100.54,2,USA,2201.08
7173,07/07/2023,1366,Laptop,Office,460.8,4,Canada,1843.2
7174,30/12/2024,1059,Monitor,Accessories,735.02,4,Canada,2940.08
7175,22/07/2023,1550,Keyboard,Accessories,983.98,4,USA,3935.92
7176,07/07/2024,1634,Headphones,Accessories,817.71,1,Germany,817.71
7177,24/08/2022,1291,Headphones,Office,995.04,1,Israel,995.04
7178,13/09/2024,1788,Desk Lamp,Accessories,487.28,3,USA,1461.84
7179,29/10/2024,1936,Headphones,Electronics,1445.36,4,France,5781.44
7180,01/03/2022,1885,Desk Lamp,Electronics,691.19,4,USA,2764.76
7181,11/06/2024,1815,Headphones,Accessories,486.29,4,USA,1945.16
7182,13/08/2022,1793,Desk Lamp,Electronics,448.11,2,Canada,896.22
7183,01/12/2023,1190,Desk Lamp,Office,68.83,2,USA,137.66
7184,05/08/2023,1460,Desk Lamp,Office,1028.78,3,UK,3086.34
7185,20/09/2024,1803,Monitor,Electronics,397.46,4,Canada,1589.84
7186,18/06/2022,1663,Headphones,Electronics,1438.6,2,France,2877.2
7187,21/12/2024,1895,Monitor,Office,319.61,4,Germany,1278.44
7188,14/01/2022,1232,USB Cable,Accessories,796.59,4,Canada,3186.36
7189,13/06/2022,1473,Laptop,Office,1104.53,2,Israel,2209.06
7190,27/01/2024,1404,Desk Lamp,Accessories,1305.82,2,Israel,2611.64
7191,17/11/2024,1657,Laptop,Electronics,238.91,1,Canada,238.91
7192,22/03/2023,1270,Headphones,Electronics,1478.18,2,Israel,2956.36
7193,17/12/2023,1846,Headphones,Accessories,1360.59,1,Canada,1360.59
7194,02/09/2024,1133,Headphones,Accessories,1444.46,2,Germany,2888.92
7195,29/03/2024,1170,Desk Lamp,Office,1279.74,4,USA,5118.96
7196,14/04/2022,1414,Laptop,Accessories,1317.12,2,France,2634.24
7197,12/01/2024,1027,Keyboard,Electronics,900.25,3,Israel,2700.75
7198,02/03/2023,1135,Laptop,Electronics,1268.74,4,UK,5074.96
7199,01/10/2023,1924,Headphones,Electronics,803.35,3,UK,2410.05
7200,29/04/2024,1404,Keyboard,Accessories,809.63,4,France,3238.52
7201,08/02/2024,1976,Desk Lamp,Accessories,846.06,2,Israel,1692.12
7202,04/10/2022,1887,Keyboard,Electronics,1494.5,2,USA,2989
7203,24/12/2024,1504,Mouse,Accessories,161.07,2,Israel,322.14
7204,18/06/2024,1240,USB Cable,Office,1209.39,1,USA,1209.39
7205,07/07/2022,1855,Monitor,Office,413.6,2,Israel,827.2
7206,15/04/2022,1953,USB Cable,Accessories,545.03,3,UK,1635.09
7207,30/06/2023,1443,Headphones,Accessories,125.4,1,Germany,125.4
7208,15/01/2023,1433,Monitor,Electronics,530.6,2,Canada,1061.2
7209,20/04/2022,1227,Mouse,Accessories,1486.19,1,France,1486.19
7210,29/06/2023,1508,Monitor,Electronics,598.62,1,USA,598.62
7211,20/12/2022,1798,Headphones,Office,1006.18,4,Germany,4024.72
7212,13/01/2024,1302,Mouse,Accessories,185.47,1,USA,185.47
7213,13/11/2022,1033,Monitor,Office,1384.13,1,France,1384.13
7214,24/12/2024,1001,Desk Lamp,Accessories,1242.48,4,Germany,4969.92
7215,29/11/2022,1361,Laptop,Accessories,582.51,2,Germany,1165.02
7216,15/08/2023,1194,Keyboard,Electronics,525.95,3,Canada,1577.85
7217,22/02/2024,1605,USB Cable,Electronics,651.24,1,Canada,651.24
7218,24/06/2023,1839,Mouse,Accessories,604.88,3,France,1814.64
7219,05/01/2024,1307,Laptop,Accessories,390.79,1,France,390.79
7220,13/09/2023,1646,Headphones,Electronics,1486.32,3,USA,4458.96
7221,11/09/2023,1715,Keyboard,Office,1216.77,4,Germany,4867.08
7222,27/06/2024,1249,USB Cable,Accessories,405.55,1,France,405.55
7223,18/09/2024,1146,Mouse,Electronics,1472.68,1,Canada,1472.68
7224,09/04/2022,1345,Keyboard,Accessories,28.22,2,USA,56.44
7225,13/11/2022,1347,Webcam,Electronics,659.66,2,Israel,1319.32
7226,03/05/2022,1253,Desk Lamp,Office,856.38,1,Canada,856.38
7227,09/03/2024,1398,Webcam,Accessories,61.19,4,France,244.76
7228,02/04/2023,1333,Mouse,Accessories,245.75,3,Canada,737.25
7229,06/06/2023,1175,Mouse,Office,390.91,2,Canada,781.82
7230,04/06/2023,1124,Monitor,Accessories,1081.74,2,Germany,2163.48
7231,05/07/2024,1762,Keyboard,Accessories,1409.92,2,Israel,2819.84
7232,18/12/2023,1397,Webcam,Accessories,938.68,2,France,1877.36
7233,11/11/2022,1130,USB Cable,Electronics,846.18,4,UK,3384.72
7234,10/12/2023,1561,Webcam,Electronics,807.45,1,Germany,807.45
7235,11/12/2023,1604,Keyboard,Accessories,529.3,3,Canada,1587.9
7236,09/11/2024,1891,Webcam,Office,1242.43,2,Germany,2484.86
7237,14/07/2023,1821,USB Cable,Office,813.45,4,USA,3253.8
7238,26/08/2024,1901,Laptop,Accessories,349,4,UK,1396
7239,22/12/2022,1944,Desk Lamp,Electronics,209.56,2,France,419.12
7240,13/12/2024,1406,Webcam,Electronics,1478.34,3,UK,4435.02
7241,08/06/2024,1731,Desk Lamp,Accessories,31.12,2,Canada,62.24
7242,03/03/2024,1845,Webcam,Electronics,1400.49,4,France,5601.96
7243,22/09/2022,1333,Headphones,Electronics,331.36,3,USA,994.08
7244,08/09/2024,1019,Laptop,Office,988.04,4,Canada,3952.16
7245,12/03/2024,1204,Monitor,Accessories,455.79,1,Canada,455.79
7246,12/02/2022,1602,Mouse,Electronics,1290.42,4,Israel,5161.68
7247,11/05/2024,1955,USB Cable,Electronics,817.45,2,UK,1634.9
7248,16/12/2022,1354,Webcam,Electronics,215.88,3,Germany,647.64
7249,30/06/2024,1172,USB Cable,Accessories,408.4,2,France,816.8
7250,01/01/2022,1188,Monitor,Accessories,483.88,1,UK,483.88
7251,07/08/2023,1823,Monitor,Electronics,1329.45,3,France,3988.35
7252,08/03/2023,1001,Laptop,Office,1151.27,3,UK,3453.81
7253,22/02/2022,1872,USB Cable,Office,1245.23,3,Germany,3735.69
7254,28/07/2024,1940,Mouse,Accessories,83.12,4,France,332.48
7255,04/06/2023,1167,Headphones,Office,870.28,2,France,1740.56
7256,27/05/2022,1367,Monitor,Electronics,1498.77,3,Israel,4496.31
7257,21/09/2023,1535,Headphones,Accessories,1178.87,3,USA,3536.61
7258,26/10/2022,1924,Mouse,Accessories,185.46,3,UK,556.38
7259,28/02/2024,1962,Mouse,Office,1019.83,1,Germany,1019.83
7260,29/04/2024,1876,Desk Lamp,Accessories,1119.26,3,Israel,3357.78
7261,27/06/2022,1579,Laptop,Office,773.8,4,Israel,3095.2
7262,21/04/2024,1369,USB Cable,Office,122.74,4,USA,490.96
7263,27/05/2024,1705,Keyboard,Electronics,56.86,3,Germany,170.58
7264,29/01/2024,1595,USB Cable,Office,1407.03,4,Canada,5628.12
7265,27/12/2024,1949,Webcam,Office,389.98,4,UK,1559.92
7266,21/03/2023,1436,Laptop,Accessories,571.56,3,France,1714.68
7267,09/12/2023,1206,USB Cable,Electronics,1193.94,4,USA,4775.76
7268,25/08/2023,1048,Headphones,Electronics,1035.44,1,France,1035.44
7269,25/05/2022,1543,Desk Lamp,Office,1453.01,3,Israel,4359.03
7270,02/10/2022,1828,USB Cable,Accessories,143.79,2,France,287.58
7271,24/05/2023,1681,Laptop,Accessories,1061.84,4,UK,4247.36
7272,23/01/2024,1128,Mouse,Accessories,127.93,3,Canada,383.79
7273,22/04/2023,1446,Desk Lamp,Electronics,5.25,2,UK,10.5
7274,28/10/2023,1613,Monitor,Electronics,184.74,1,Canada,184.74
7275,22/07/2023,1034,Desk Lamp,Office,927.01,1,France,927.01
7276,15/06/2023,1818,Desk Lamp,Office,1015.91,3,France,3047.73
7277,08/06/2022,1198,Webcam,Accessories,660.32,3,USA,1980.96
7278,12/11/2023,1812,Webcam,Office,73.88,1,Canada,73.88
7279,23/01/2022,1076,Keyboard,Accessories,952.92,1,UK,952.92
7280,06/12/2024,1368,Mouse,Electronics,133.3,1,France,133.3
7281,09/06/2023,1832,Webcam,Office,216.88,2,Germany,433.76
7282,30/12/2023,1525,Desk Lamp,Accessories,771.3,2,USA,1542.6
7283,24/05/2022,1348,Webcam,Electronics,513.86,3,USA,1541.58
7284,30/10/2023,1505,Monitor,Accessories,699.81,2,USA,1399.62
7285,12/11/2023,1642,Headphones,Office,954.44,4,USA,3817.76
7286,30/08/2024,1237,Headphones,Accessories,244.21,1,Canada,244.21
7287,09/03/2024,1279,Headphones,Electronics,1340.16,3,Canada,4020.48
7288,26/03/2022,1576,Laptop,Office,841.42,2,France,1682.84
7289,20/02/2023,1431,Headphones,Electronics,38.03,3,Israel,114.09
7290,25/11/2023,1137,Headphones,Office,944.54,2,Germany,1889.08
7291,27/04/2023,1268,Laptop,Accessories,697.45,3,Israel,2092.35
7292,01/04/2023,1739,Desk Lamp,Electronics,1053.95,1,Israel,1053.95
7293,06/04/2024,1200,Desk Lamp,Electronics,1177.13,1,France,1177.13
7294,24/10/2022,1141,Desk Lamp,Accessories,1408.57,1,USA,1408.57
7295,07/08/2024,1611,Monitor,Electronics,1497.53,2,USA,2995.06
7296,11/11/2023,1649,Mouse,Electronics,826.68,3,France,2480.04
7297,13/01/2023,1679,Webcam,Electronics,844.45,3,France,2533.35
7298,25/02/2023,1918,Keyboard,Electronics,38.56,3,Canada,115.68
7299,15/04/2022,1610,Webcam,Accessories,1298.43,4,UK,5193.72
7300,26/11/2022,1822,Desk Lamp,Electronics,47.93,2,USA,95.86
7301,15/03/2023,1830,Desk Lamp,Electronics,950.83,1,Germany,950.83
7302,17/01/2023,1838,Headphones,Electronics,152.37,1,UK,152.37
7303,18/05/2022,1937,Headphones,Office,432.33,3,Israel,1296.99
7304,31/07/2024,1354,USB Cable,Office,214.79,3,Canada,644.37
7305,22/04/2024,1577,Webcam,Accessories,210.4,4,Canada,841.6
7306,27/09/2022,1846,Desk Lamp,Accessories,116.53,2,USA,233.06
7307,31/01/2023,1328,Webcam,Accessories,480.23,3,France,1440.69
7308,01/07/2024,1558,USB Cable,Electronics,638.36,3,France,1915.08
7309,09/04/2023,1848,Headphones,Office,699.39,2,France,1398.78
7310,26/03/2023,1893,Desk Lamp,Office,662.36,3,USA,1987.08
7311,20/01/2022,1230,Laptop,Accessories,787.92,1,Canada,787.92
7312,27/08/2022,1307,Desk Lamp,Office,1290.38,2,Germany,2580.76
7313,22/02/2023,1657,Laptop,Accessories,949.54,1,France,949.54
7314,20/11/2024,1718,Laptop,Electronics,30.84,4,Canada,123.36
7315,05/07/2022,1145,Keyboard,Office,263.56,3,USA,790.68
7316,10/09/2022,1151,Mouse,Electronics,526.68,3,Israel,1580.04
7317,19/01/2022,1790,Headphones,Electronics,1423.82,2,UK,2847.64
7318,13/12/2023,1139,Monitor,Office,121.73,4,USA,486.92
7319,11/08/2022,1662,Webcam,Accessories,1066.63,2,USA,2133.26
7320,03/01/2022,1020,Webcam,Office,54.47,4,Canada,217.88
7321,03/05/2024,1253,Headphones,Electronics,546.99,2,France,1093.98
7322,16/08/2022,1063,Headphones,Accessories,1156.37,2,UK,2312.74
7323,01/07/2024,1217,Headphones,Electronics,519.17,3,UK,1557.51
7324,14/05/2023,1071,Webcam,Accessories,648.27,3,France,1944.81
7325,05/06/2023,1989,USB Cable,Office,1358.43,4,Germany,5433.72
7326,03/12/2023,1161,Headphones,Electronics,103.92,1,USA,103.92
7327,05/07/2024,1129,Webcam,Accessories,793.86,1,France,793.86
7328,18/10/2022,1580,Mouse,Accessories,552.53,2,Canada,1105.06
7329,12/12/2024,1926,Monitor,Office,1445.9,3,Germany,4337.7
7330,16/12/2023,1224,Laptop,Accessories,1191.57,2,France,2383.14
7331,05/08/2024,1757,USB Cable,Accessories,187.5,4,Israel,750
7332,10/10/2023,1579,Monitor,Electronics,1391.48,2,Germany,2782.96
7333,24/10/2024,1453,Headphones,Office,320.76,2,Canada,641.52
7334,15/11/2023,1982,Monitor,Office,131.8,2,Germany,263.6
7335,19/05/2024,1914,Headphones,Electronics,814.68,4,UK,3258.72
7336,06/12/2024,1383,Monitor,Electronics,1106.26,4,USA,4425.04
7337,04/04/2022,1106,Keyboard,Electronics,1075.5,2,France,2151
7338,28/07/2024,1620,Desk Lamp,Accessories,803.41,3,Canada,2410.23
7339,14/07/2023,1839,Monitor,Office,741.64,4,Canada,2966.56
7340,01/08/2022,1102,Desk Lamp,Office,1454.47,1,France,1454.47
7341,12/03/2023,1140,Laptop,Office,1231.74,2,USA,2463.48
7342,01/05/2024,1576,Laptop,Accessories,1049.47,3,Canada,3148.41
7343,23/05/2023,1133,USB Cable,Office,296.84,4,Canada,1187.36
7344,15/04/2024,1198,Monitor,Office,1230.56,2,USA,2461.12
7345,13/10/2023,1879,Webcam,Office,1125.92,3,Canada,3377.76
7346,24/07/2022,1509,Desk Lamp,Office,1488.08,1,Canada,1488.08
7347,16/01/2023,1666,Webcam,Electronics,203.83,4,Canada,815.32
7348,18/03/2022,1078,Webcam,Accessories,1074.37,4,UK,4297.48
7349,26/03/2024,1947,Monitor,Office,1468.73,1,USA,1468.73
7350,07/02/2024,1893,Webcam,Office,696.58,4,Israel,2786.32
7351,14/02/2023,1481,Mouse,Office,1101.45,3,UK,3304.35
7352,16/04/2022,1511,Monitor,Office,1463.18,4,Germany,5852.72
7353,05/07/2023,1249,Laptop,Office,823.49,2,USA,1646.98
7354,05/04/2024,1888,Desk Lamp,Electronics,1050.07,1,Germany,1050.07
7355,29/03/2022,1598,USB Cable,Electronics,35.03,2,UK,70.06
7356,30/05/2024,1815,Webcam,Accessories,781.9,4,Canada,3127.6
7357,24/06/2023,1752,Keyboard,Accessories,387.42,2,Israel,774.84
7358,02/09/2022,1599,Webcam,Office,201.21,3,Israel,603.63
7359,01/08/2023,1974,Laptop,Office,1064.35,2,USA,2128.7
7360,08/09/2024,1482,Mouse,Electronics,63.44,3,Israel,190.32
7361,18/12/2023,1835,Monitor,Accessories,1357.77,3,Canada,4073.31
7362,22/05/2022,1171,Webcam,Office,779.07,3,France,2337.21
7363,11/06/2024,1868,Keyboard,Office,974.1,1,Canada,974.1
7364,18/12/2022,1016,Desk Lamp,Office,383.89,2,UK,767.78
7365,29/06/2023,1734,USB Cable,Accessories,277.38,3,Canada,832.14
7366,01/07/2024,1293,Laptop,Electronics,369.41,3,Israel,1108.23
7367,01/06/2022,1393,USB Cable,Electronics,352.28,2,UK,704.56
7368,15/10/2023,1821,USB Cable,Office,1297.43,4,UK,5189.72
7369,15/08/2024,1497,Keyboard,Office,1182.07,1,Canada,1182.07
7370,02/02/2024,1218,Desk Lamp,Office,1279.84,3,Canada,3839.52
7371,16/09/2023,1233,Headphones,Office,1103.63,4,France,4414.52
7372,18/10/2023,1389,Laptop,Office,967.11,4,Canada,3868.44
7373,26/03/2023,1247,Headphones,Accessories,794.17,4,Canada,3176.68
7374,22/12/2023,1901,Keyboard,Electronics,401.9,3,USA,1205.7
7375,12/02/2022,1051,Monitor,Accessories,1059.52,3,UK,3178.56
7376,21/09/2022,1014,Monitor,Accessories,209.19,3,France,627.57
7377,23/10/2024,1323,Monitor,Office,769.04,2,Israel,1538.08
7378,19/08/2023,1440,USB Cable,Accessories,296.94,3,Germany,890.82
7379,05/11/2024,1111,Headphones,Electronics,759.62,1,USA,759.62
7380,18/12/2024,1695,USB Cable,Office,444.39,2,Canada,888.78
7381,09/10/2024,1871,Monitor,Electronics,84.95,1,Germany,84.95
7382,26/06/2022,1006,USB Cable,Accessories,758.04,4,France,3032.16
7383,04/03/2022,1562,Mouse,Office,276.84,2,UK,553.68
7384,15/08/2024,1825,Laptop,Electronics,245.93,2,France,491.86
7385,29/09/2024,1752,Laptop,Electronics,579.63,2,USA,1159.26
7386,15/07/2023,1244,Desk Lamp,Office,545.87,1,USA,545.87
7387,12/08/2024,1447,USB Cable,Electronics,1301.1,1,Israel,1301.1
7388,29/04/2024,1364,Desk Lamp,Office,849.13,4,France,3396.52
7389,27/08/2023,1366,Keyboard,Office,1282.58,3,USA,3847.74
7390,29/08/2023,1921,Webcam,Accessories,224.52,1,France,224.52
7391,09/04/2024,1697,Headphones,Electronics,539.18,4,Israel,2156.72
7392,16/01/2024,1286,Laptop,Office,835.22,3,Israel,2505.66
7393,12/07/2023,1961,USB Cable,Accessories,233.93,2,France,467.86
7394,05/03/2022,1603,Headphones,Accessories,196.45,3,Canada,589.35
7395,30/07/2024,1105,Keyboard,Office,993.8,1,USA,993.8
7396,06/09/2022,1012,Monitor,Office,982.48,4,UK,3929.92
7397,28/07/2024,1145,Webcam,Electronics,355.07,2,Canada,710.14
7398,06/06/2022,1477,Keyboard,Electronics,344.55,2,UK,689.1
7399,05/01/2024,1630,Mouse,Electronics,1119.44,3,Canada,3358.32
7400,11/09/2024,1714,Monitor,Office,179.9,3,Israel,539.7
7401,25/12/2024,1652,Monitor,Accessories,1385.28,1,USA,1385.28
7402,24/10/2023,1114,Monitor,Accessories,1415.89,2,Israel,2831.78
7403,09/11/2024,1508,Keyboard,Office,1307.13,3,Israel,3921.39
7404,02/02/2022,1151,Mouse,Electronics,319.96,2,Israel,639.92
7405,12/07/2023,1056,Webcam,Accessories,30.12,4,Israel,120.48
7406,14/03/2022,1381,Headphones,Accessories,1405.35,4,France,5621.4
7407,04/04/2024,1156,Keyboard,Electronics,519.24,1,France,519.24
7408,14/12/2024,1951,Laptop,Accessories,469.06,2,USA,938.12
7409,02/03/2022,1821,Laptop,Electronics,396.21,3,Canada,1188.63
7410,29/09/2022,1132,Keyboard,Accessories,370.58,4,USA,1482.32
7411,03/09/2022,1162,Headphones,Accessories,1103.16,4,Germany,4412.64
7412,20/09/2023,1274,Laptop,Accessories,1362.3,1,UK,1362.3
7413,06/12/2023,1694,Headphones,Electronics,1180.15,4,France,4720.6
7414,24/10/2023,1076,Monitor,Accessories,1012.79,1,USA,1012.79
7415,06/11/2022,1836,Keyboard,Accessories,435.2,2,Canada,870.4
7416,10/05/2023,1043,Monitor,Accessories,822.71,3,Israel,2468.13
7417,04/12/2022,1717,Laptop,Office,359.27,2,France,718.54
7418,02/08/2023,1549,Headphones,Accessories,171.7,2,UK,343.4
7419,10/01/2022,1317,Monitor,Accessories,184.84,2,France,369.68
7420,18/02/2022,1533,Laptop,Electronics,907.63,3,Canada,2722.89
7421,15/09/2023,1584,USB Cable,Electronics,62.53,2,UK,125.06
7422,01/01/2024,1752,Mouse,Office,1460.02,2,Germany,2920.04
7423,05/03/2024,1935,Monitor,Electronics,1493.22,1,USA,1493.22
7424,28/08/2024,1153,Mouse,Electronics,228.39,1,Canada,228.39
7425,13/05/2022,1236,Mouse,Electronics,643.82,1,UK,643.82
7426,24/03/2022,1892,Webcam,Office,1153.27,3,Germany,3459.81
7427,26/02/2022,1516,Desk Lamp,Office,1432.82,4,Canada,5731.28
7428,11/01/2023,1220,Laptop,Accessories,1337.53,4,Canada,5350.12
7429,15/12/2022,1309,Keyboard,Accessories,385.86,2,France,771.72
7430,28/09/2022,1597,Headphones,Electronics,132.37,4,USA,529.48
7431,21/04/2022,1176,USB Cable,Accessories,436.65,2,UK,873.3
7432,18/05/2024,1770,Laptop,Accessories,658.67,1,Canada,658.67
7433,05/06/2024,1219,Webcam,Office,543.11,2,Canada,1086.22
7434,17/03/2022,1037,Webcam,Office,1161.93,3,UK,3485.79
7435,25/11/2022,1653,USB Cable,Accessories,390.39,4,Canada,1561.56
7436,02/05/2022,1430,Monitor,Accessories,1288.66,2,USA,2577.32
7437,10/02/2022,1909,Headphones,Accessories,342.32,1,Canada,342.32
7438,10/07/2024,1746,Webcam,Electronics,545.22,3,France,1635.66
7439,04/10/2023,1202,Keyboard,Office,674.47,2,France,1348.94
7440,12/11/2024,1840,Laptop,Accessories,440.37,2,Israel,880.74
7441,06/10/2022,1805,Keyboard,Accessories,1150.73,2,Canada,2301.46
7442,02/02/2024,1447,Monitor,Electronics,617.27,3,France,1851.81
7443,14/04/2023,1494,Desk Lamp,Office,1331.1,2,USA,2662.2
7444,09/01/2022,1683,Laptop,Electronics,1445.57,1,Germany,1445.57
7445,13/01/2022,1124,Monitor,Electronics,1290.41,1,USA,1290.41
7446,12/07/2024,1837,Headphones,Accessories,786.32,1,UK,786.32
7447,11/07/2024,1064,Headphones,Electronics,767.16,1,Canada,767.16
7448,11/12/2024,1792,Desk Lamp,Electronics,327.73,3,Israel,983.19
7449,10/12/2024,1783,Keyboard,Accessories,890.46,1,Israel,890.46
7450,15/10/2023,1243,Keyboard,Office,1429.32,1,Germany,1429.32
7451,13/09/2023,1526,Headphones,Accessories,125.51,4,Canada,502.04
7452,15/07/2022,1225,Mouse,Office,1129.92,1,UK,1129.92
7453,21/02/2023,1464,Headphones,Electronics,1304.96,3,France,3914.88
7454,26/10/2023,1642,USB Cable,Electronics,1480.12,4,France,5920.48
7455,28/05/2022,1706,Laptop,Accessories,505.46,4,France,2021.84
7456,27/09/2024,1292,USB Cable,Accessories,536.58,3,USA,1609.74
7457,30/12/2022,1720,Monitor,Accessories,348.51,4,France,1394.04
7458,06/02/2023,1950,Headphones,Electronics,1184.65,2,UK,2369.3
7459,29/08/2023,1380,Headphones,Electronics,214.36,1,Israel,214.36
7460,17/08/2022,1624,Desk Lamp,Office,405.31,2,USA,810.62
7461,21/06/2023,1755,Desk Lamp,Accessories,446.42,3,France,1339.26
7462,25/09/2022,1165,Webcam,Electronics,565.52,2,UK,1131.04
7463,31/10/2024,1702,Monitor,Office,635.39,3,Germany,1906.17
7464,06/05/2022,1768,Webcam,Accessories,840.74,2,UK,1681.48
7465,02/11/2022,1838,Monitor,Accessories,1422.82,1,Israel,1422.82
7466,20/09/2023,1217,USB Cable,Office,374.68,3,UK,1124.04
7467,20/11/2023,1870,Laptop,Office,1169.93,3,UK,3509.79
7468,03/11/2024,1274,Monitor,Office,1016.2,3,USA,3048.6
7469,08/10/2022,1051,Keyboard,Electronics,178.5,4,Israel,714
7470,19/03/2023,1373,Desk Lamp,Accessories,1216.51,1,France,1216.51
7471,16/04/2024,1669,Headphones,Accessories,140.46,4,Israel,561.84
7472,24/01/2023,1362,Desk Lamp,Office,1109.69,4,Germany,4438.76
7473,09/09/2023,1566,Monitor,Electronics,1075.1,1,Canada,1075.1
7474,27/05/2022,1013,Laptop,Office,1035.66,3,Israel,3106.98
7475,05/06/2023,1780,Monitor,Electronics,418.66,4,USA,1674.64
7476,22/09/2023,1339,Headphones,Accessories,862.18,4,France,3448.72
7477,10/03/2023,1601,Mouse,Accessories,1143.56,3,Israel,3430.68
7478,24/05/2022,1538,Monitor,Electronics,958.2,1,Canada,958.2
7479,16/10/2022,1088,Keyboard,Accessories,1207.44,1,France,1207.44
7480,14/01/2022,1904,Desk Lamp,Accessories,1033.38,1,USA,1033.38
7481,14/09/2022,1040,Headphones,Office,415.3,4,UK,1661.2
7482,07/05/2024,1303,Laptop,Electronics,233.82,1,Canada,233.82
7483,31/07/2024,1267,USB Cable,Accessories,949.81,1,Germany,949.81
7484,09/04/2023,1137,USB Cable,Accessories,1140.84,4,Israel,4563.36
7485,27/09/2022,1005,Headphones,Electronics,217.77,1,France,217.77
7486,15/09/2023,1241,Webcam,Accessories,266.36,2,Israel,532.72
7487,13/03/2022,1161,Mouse,Electronics,23.04,1,USA,23.04
7488,15/03/2022,1691,Laptop,Electronics,799.97,1,UK,799.97
7489,21/12/2022,1808,Mouse,Office,815.73,3,USA,2447.19
7490,12/05/2023,1978,USB Cable,Electronics,752.61,4,Canada,3010.44
7491,14/09/2024,1517,Mouse,Office,477.43,3,France,1432.29
7492,03/08/2023,1897,Keyboard,Accessories,644.58,2,Israel,1289.16
7493,28/06/2024,1782,Desk Lamp,Electronics,1150.52,1,France,1150.52
7494,08/01/2023,1400,USB Cable,Office,276.79,3,Canada,830.37
7495,28/12/2022,1783,Monitor,Electronics,306.31,3,Canada,918.93
7496,03/04/2022,1155,Keyboard,Accessories,1002.13,2,USA,2004.26
7497,20/11/2022,1084,Keyboard,Office,1301.02,1,Israel,1301.02
7498,19/01/2023,1711,Webcam,Office,513.89,3,France,1541.67
7499,29/07/2023,1009,Keyboard,Office,1399.45,1,Israel,1399.45
7500,06/01/2024,1137,Laptop,Accessories,91.23,2,Germany,182.46
7501,07/01/2024,1753,Monitor,Office,182.19,2,USA,364.38
7502,12/12/2022,1905,Monitor,Accessories,692.64,1,USA,692.64
7503,20/12/2023,1712,USB Cable,Accessories,1086.61,2,Germany,2173.22
7504,20/02/2024,1155,Laptop,Electronics,559.4,4,UK,2237.6
7505,16/10/2024,1407,Keyboard,Accessories,834.35,3,Canada,2503.05
7506,26/10/2023,1786,Keyboard,Office,47.71,4,France,190.84
7507,23/08/2023,1224,Mouse,Office,695.44,4,UK,2781.76
7508,11/01/2022,1579,USB Cable,Accessories,367.65,2,Israel,735.3
7509,06/07/2022,1183,USB Cable,Accessories,776.97,2,France,1553.94
7510,27/12/2023,1194,Mouse,Electronics,791.12,1,France,791.12
7511,04/11/2024,1553,Webcam,Electronics,1130.97,4,Canada,4523.88
7512,17/02/2024,1395,Headphones,Office,812.06,3,France,2436.18
7513,15/02/2023,1913,Mouse,Accessories,923.33,1,Germany,923.33
7514,13/08/2024,1662,Monitor,Office,796.82,1,USA,796.82
7515,08/08/2023,1595,Desk Lamp,Accessories,1485.61,1,Germany,1485.61
7516,11/12/2024,1133,Laptop,Office,1188.47,2,Germany,2376.94
7517,17/11/2024,1308,Keyboard,Office,1134.69,2,Germany,2269.38
7518,31/07/2023,1865,Headphones,Office,942.75,1,UK,942.75
7519,06/11/2024,1809,Mouse,Accessories,794.91,2,Germany,1589.82
7520,15/09/2024,1961,USB Cable,Electronics,520.41,2,USA,1040.82
7521,13/01/2024,1541,Headphones,Electronics,1177.03,1,France,1177.03
7522,23/07/2022,1008,Laptop,Accessories,288.47,3,UK,865.41
7523,12/12/2024,1986,Desk Lamp,Electronics,59.64,3,Canada,178.92
7524,31/08/2024,1169,Laptop,Office,1048.77,2,Germany,2097.54
7525,28/07/2024,1289,USB Cable,Accessories,221.55,3,Germany,664.65
7526,13/12/2024,1167,Headphones,Accessories,1356.22,3,France,4068.66
7527,20/11/2024,1343,Headphones,Electronics,1157.17,2,France,2314.34
7528,17/12/2024,1496,Webcam,Electronics,905.36,3,Canada,2716.08
7529,15/04/2022,1144,Headphones,Office,474.32,2,UK,948.64
7530,10/09/2022,1412,Keyboard,Accessories,958.72,4,Canada,3834.88
7531,22/10/2022,1739,Desk Lamp,Electronics,717.9,1,Canada,717.9
7532,30/10/2023,1817,Desk Lamp,Accessories,440.27,3,USA,1320.81
7533,03/07/2023,1587,Desk Lamp,Office,1417.89,1,UK,1417.89
7534,23/09/2023,1734,Monitor,Office,247.02,1,France,247.02
7535,26/12/2024,1688,Mouse,Office,1131.31,2,USA,2262.62
7536,26/10/2022,1456,USB Cable,Accessories,1201.06,3,Germany,3603.18
7537,11/04/2022,1700,Mouse,Accessories,1427.93,3,Canada,4283.79
7538,15/12/2024,1978,Desk Lamp,Accessories,826.38,4,Germany,3305.52
7539,28/11/2022,1301,Mouse,Accessories,804.64,3,Israel,2413.92
7540,15/04/2024,1045,Headphones,Accessories,1380.83,3,France,4142.49
7541,28/01/2023,1893,USB Cable,Office,1202.63,2,Israel,2405.26
7542,23/05/2024,1016,Headphones,Office,1146.64,1,UK,1146.64
7543,16/01/2023,1577,Webcam,Office,1184.76,4,UK,4739.04
7544,02/04/2022,1359,Headphones,Electronics,742.31,3,Canada,2226.93
7545,23/03/2023,1260,Webcam,Office,66.92,3,USA,200.76
7546,19/04/2022,1122,Webcam,Accessories,301.41,4,Canada,1205.64
7547,13/11/2022,1230,Keyboard,Office,966.27,2,France,1932.54
7548,18/03/2023,1949,Keyboard,Electronics,597.27,3,USA,1791.81
7549,06/08/2022,1636,Keyboard,Electronics,912.12,3,USA,2736.36
7550,04/11/2023,1111,Desk Lamp,Electronics,829.76,4,UK,3319.04
7551,05/10/2022,1783,Keyboard,Electronics,660.8,1,UK,660.8
7552,05/10/2024,1592,Laptop,Electronics,355.92,3,Canada,1067.76
7553,23/07/2023,1245,Keyboard,Accessories,1079.85,3,France,3239.55
7554,06/10/2024,1858,Keyboard,Office,1364.02,1,UK,1364.02
7555,24/05/2024,1390,Keyboard,Accessories,1156.1,3,France,3468.3
7556,11/04/2023,1391,Webcam,Accessories,184.46,1,Israel,184.46
7557,18/04/2024,1327,Mouse,Electronics,809.23,2,Canada,1618.46
7558,24/01/2024,1214,USB Cable,Office,1253.87,1,Germany,1253.87
7559,17/04/2024,1863,Mouse,Office,888.52,1,Canada,888.52
7560,30/01/2022,1746,Mouse,Office,662.16,3,Israel,1986.48
7561,25/12/2022,1366,Monitor,Electronics,430.4,3,UK,1291.2
7562,27/03/2022,1081,Laptop,Accessories,498.93,4,Germany,1995.72
7563,17/01/2024,1805,Webcam,Office,367.02,3,Germany,1101.06
7564,09/11/2022,1821,Headphones,Accessories,297.61,3,Canada,892.83
7565,31/12/2022,1075,Webcam,Office,885.35,1,Canada,885.35
7566,23/06/2024,1526,Keyboard,Office,766.53,2,USA,1533.06
7567,29/11/2023,1731,Mouse,Office,1103.58,3,Germany,3310.74
7568,11/05/2022,1502,Webcam,Office,465.35,1,France,465.35
7569,13/03/2024,1741,Laptop,Electronics,693.93,4,UK,2775.72
7570,28/02/2024,1945,Keyboard,Electronics,1022.15,4,UK,4088.6
7571,17/12/2022,1951,Monitor,Accessories,1445.03,2,USA,2890.06
7572,29/06/2022,1478,Headphones,Electronics,526.56,2,Canada,1053.12
7573,13/02/2024,1371,Keyboard,Office,450.82,2,Canada,901.64
7574,25/05/2023,1264,USB Cable,Accessories,676.69,1,USA,676.69
7575,31/12/2022,1263,Headphones,Accessories,1087.19,3,UK,3261.57
7576,07/09/2024,1109,Webcam,Accessories,1442.52,1,USA,1442.52
7577,19/12/2022,1914,Keyboard,Office,807.12,4,Germany,3228.48
7578,10/03/2024,1306,Monitor,Office,1219.6,4,Germany,4878.4
7579,16/02/2023,1199,Webcam,Accessories,699.28,3,France,2097.84
7580,05/01/2024,1225,Laptop,Electronics,64.59,2,Canada,129.18
7581,07/09/2024,1184,Headphones,Office,1341.85,4,USA,5367.4
7582,28/04/2022,1963,Headphones,Office,438.37,2,UK,876.74
7583,27/04/2023,1030,Laptop,Electronics,212.31,1,Canada,212.31
7584,11/07/2022,1613,Desk Lamp,Accessories,1494.26,2,Canada,2988.52
7585,14/08/2023,1770,Desk Lamp,Electronics,524.36,1,Israel,524.36
7586,13/08/2023,1098,USB Cable,Office,209.12,3,UK,627.36
7587,21/10/2023,1338,Desk Lamp,Accessories,470.76,2,Canada,941.52
7588,17/04/2022,1810,Headphones,Accessories,773.19,3,Israel,2319.57
7589,17/01/2023,1796,Desk Lamp,Electronics,136.5,2,Israel,273
7590,22/02/2024,1265,Webcam,Office,532.17,4,France,2128.68
7591,25/01/2023,1651,Mouse,Office,1004.94,3,Israel,3014.82
7592,01/09/2022,1813,USB Cable,Accessories,1374.32,2,Germany,2748.64
7593,08/08/2023,1797,Laptop,Office,599.17,3,Germany,1797.51
7594,18/05/2024,1349,Monitor,Accessories,849.02,2,Canada,1698.04
7595,13/04/2023,1977,USB Cable,Accessories,955.91,1,France,955.91
7596,15/05/2024,1727,Keyboard,Accessories,110.78,3,UK,332.34
7597,22/07/2024,1543,Desk Lamp,Office,516.63,4,UK,2066.52
7598,27/08/2023,1456,Keyboard,Electronics,1027.96,3,Canada,3083.88
7599,11/10/2024,1814,Laptop,Accessories,1104.81,1,Canada,1104.81
7600,09/05/2024,1087,Desk Lamp,Electronics,537.15,1,UK,537.15
7601,13/01/2022,1062,Mouse,Electronics,15.07,4,UK,60.28
7602,26/10/2022,1921,Webcam,Electronics,15.26,1,Germany,15.26
7603,10/12/2024,1386,Monitor,Electronics,809.49,4,Germany,3237.96
7604,26/02/2024,1790,Keyboard,Electronics,829.47,2,France,1658.94
7605,29/05/2022,1458,Keyboard,Accessories,835.8,1,France,835.8
7606,02/05/2022,1585,Webcam,Office,1084.02,2,France,2168.04
7607,22/06/2023,1817,Mouse,Electronics,1382.3,2,UK,2764.6
7608,11/01/2023,1931,Headphones,Office,1485.3,1,UK,1485.3
7609,23/03/2022,1635,USB Cable,Office,1053.09,4,Germany,4212.36
7610,07/05/2023,1268,Laptop,Accessories,773.43,4,Germany,3093.72
7611,22/12/2022,1893,Mouse,Electronics,215.79,4,USA,863.16
7612,13/07/2024,1796,Mouse,Office,579.34,1,USA,579.34
7613,03/12/2024,1933,Mouse,Office,860.82,2,Canada,1721.64
7614,01/10/2024,1972,Mouse,Electronics,1499.71,3,UK,4499.13
7615,03/05/2022,1632,Headphones,Accessories,194.84,3,Canada,584.52
7616,09/12/2023,1345,Webcam,Accessories,1190.65,1,Germany,1190.65
7617,26/11/2022,1723,Monitor,Electronics,1498.42,3,UK,4495.26
7618,17/09/2024,1900,USB Cable,Office,1208.91,2,Canada,2417.82
7619,19/11/2022,1659,Mouse,Accessories,1151.88,3,Canada,3455.64
7620,09/02/2024,1077,USB Cable,Accessories,391.73,4,Israel,1566.92
7621,09/03/2023,1364,Mouse,Office,10.03,2,USA,20.06
7622,11/12/2023,1013,Laptop,Office,342.85,1,France,342.85
7623,04/03/2024,1135,Keyboard,Office,1185.75,1,UK,1185.75
7624,13/12/2023,1303,Headphones,Office,165.39,4,Israel,661.56
7625,23/06/2023,1396,Mouse,Electronics,447.7,3,France,1343.1
7626,24/08/2023,1791,Desk Lamp,Office,845.95,1,Canada,845.95
7627,14/09/2022,1078,Monitor,Accessories,871.82,1,Israel,871.82
7628,20/05/2024,1754,Monitor,Office,816.77,2,Germany,1633.54
7629,17/06/2024,1704,Monitor,Office,1471.42,2,Germany,2942.84
7630,19/03/2024,1981,Desk Lamp,Electronics,23.37,2,Germany,46.74
7631,08/11/2023,1417,Laptop,Electronics,733.96,2,Canada,1467.92
7632,28/09/2022,1241,Monitor,Office,759.11,1,France,759.11
7633,04/07/2023,1050,Webcam,Electronics,443.52,2,France,887.04
7634,22/07/2023,1743,Laptop,Electronics,789.98,4,Germany,3159.92
7635,12/09/2024,1770,Headphones,Electronics,1011.55,4,Canada,4046.2
7636,25/12/2022,1383,Monitor,Electronics,1010.77,2,France,2021.54
7637,08/03/2024,1374,Keyboard,Office,136.35,2,Germany,272.7
7638,05/06/2024,1729,Mouse,Electronics,1204.68,3,UK,3614.04
7639,30/07/2022,1205,Headphones,Electronics,1396.41,2,Germany,2792.82
7640,14/10/2022,1825,Webcam,Accessories,189.8,1,Canada,189.8
7641,13/01/2024,1488,Keyboard,Office,627.88,4,USA,2511.52
7642,12/11/2024,1380,Headphones,Electronics,770.07,4,UK,3080.28
7643,23/10/2022,1967,Webcam,Accessories,206.56,1,Canada,206.56
7644,06/01/2022,1880,Monitor,Electronics,757.56,2,Germany,1515.12
7645,04/07/2023,1310,Headphones,Office,314.25,3,USA,942.75
7646,12/11/2023,1374,Headphones,Accessories,1403.36,4,Germany,5613.44
7647,05/03/2024,1631,Headphones,Accessories,675.46,3,UK,2026.38
7648,22/07/2022,1591,Laptop,Office,1492.38,4,Germany,5969.52
7649,21/11/2022,1041,Desk Lamp,Accessories,74.53,3,France,223.59
7650,04/04/2024,1532,Keyboard,Accessories,195.73,4,Germany,782.92
7651,01/09/2022,1521,USB Cable,Electronics,667.6,3,UK,2002.8
7652,23/11/2022,1824,Webcam,Accessories,1312.17,2,Israel,2624.34
7653,13/09/2024,1152,Desk Lamp,Office,835.06,2,Germany,1670.12
7654,06/12/2024,1311,Monitor,Electronics,1099.85,1,France,1099.85
7655,31/01/2024,1293,Mouse,Accessories,638.23,1,UK,638.23
7656,02/11/2024,1597,Monitor,Electronics,65.57,3,USA,196.71
7657,25/06/2024,1112,Monitor,Office,973.48,3,Israel,2920.44
7658,31/12/2022,1700,Laptop,Accessories,952.83,4,Canada,3811.32
7659,14/03/2022,1111,Laptop,Office,111.78,1,Germany,111.78
7660,05/12/2024,1174,Headphones,Office,260.47,1,UK,260.47
7661,01/10/2022,1821,Desk Lamp,Accessories,716.85,4,France,2867.4
7662,27/07/2022,1301,Monitor,Accessories,672.72,3,France,2018.16
7663,04/05/2022,1963,Keyboard,Electronics,1129.86,1,UK,1129.86
7664,30/10/2024,1515,Laptop,Office,584.18,3,France,1752.54
7665,27/06/2023,1733,Webcam,Accessories,996.63,2,Canada,1993.26
7666,01/03/2022,1961,Desk Lamp,Office,1058.11,3,Israel,3174.33
7667,17/06/2024,1220,Laptop,Accessories,969.28,2,USA,1938.56
7668,04/06/2024,1170,Keyboard,Office,896.21,2,France,1792.42
7669,21/02/2024,1317,Laptop,Electronics,1209.5,4,France,4838
7670,18/03/2023,1995,USB Cable,Office,987.37,4,USA,3949.48
7671,29/06/2024,1212,Keyboard,Accessories,1252.11,2,Israel,2504.22
7672,22/10/2024,1252,Desk Lamp,Electronics,956.84,4,Israel,3827.36
7673,11/04/2024,1123,USB Cable,Electronics,242.66,1,Israel,242.66
7674,04/10/2024,1639,USB Cable,Accessories,467.62,1,Canada,467.62
7675,18/09/2023,1212,Mouse,Electronics,498.88,3,France,1496.64
7676,24/09/2024,1623,Keyboard,Office,145.4,2,France,290.8
7677,04/01/2024,1084,Mouse,Office,1040,3,Israel,3120
7678,01/04/2022,1515,Webcam,Accessories,894.69,2,France,1789.38
7679,16/06/2022,1064,Headphones,Office,886.68,2,Germany,1773.36
7680,16/08/2024,1317,Headphones,Accessories,720.38,3,France,2161.14
7681,26/07/2022,1345,Desk Lamp,Electronics,816.97,3,Canada,2450.91
7682,24/12/2024,1631,Desk Lamp,Office,17.09,3,Israel,51.27
7683,31/05/2023,1242,Desk Lamp,Accessories,148.89,3,UK,446.67
7684,17/01/2024,1897,USB Cable,Office,1026.61,1,Israel,1026.61
7685,02/11/2022,1136,Laptop,Electronics,395.89,2,UK,791.78
7686,30/01/2023,1246,Keyboard,Electronics,166.33,4,France,665.32
7687,06/07/2022,1440,Laptop,Office,496.34,2,France,992.68
7688,15/09/2023,1044,Keyboard,Electronics,385.45,1,Canada,385.45
7689,31/12/2023,1657,Desk Lamp,Accessories,48.91,2,UK,97.82
7690,28/08/2022,1879,Laptop,Office,618.78,1,Israel,618.78
7691,17/06/2023,1687,Headphones,Office,45.41,2,USA,90.82
7692,21/05/2022,1553,Webcam,Electronics,5.58,1,USA,5.58
7693,19/05/2022,1808,Headphones,Accessories,1189.75,4,Israel,4759
7694,04/04/2023,1970,Laptop,Office,475.88,4,France,1903.52
7695,11/03/2022,1088,Keyboard,Office,853.54,4,UK,3414.16
7696,20/01/2023,1729,Monitor,Electronics,450.14,4,UK,1800.56
7697,22/09/2023,1953,Webcam,Electronics,1395.39,1,Israel,1395.39
7698,17/07/2022,1227,Keyboard,Accessories,1095.13,2,Israel,2190.26
7699,24/07/2022,1809,Laptop,Accessories,556.91,4,Germany,2227.64
7700,22/07/2023,1290,Keyboard,Electronics,319.89,4,Canada,1279.56
7701,08/09/2024,1421,Desk Lamp,Accessories,211.02,2,UK,422.04
7702,15/03/2024,1066,Mouse,Electronics,1144.82,2,Canada,2289.64
7703,08/05/2024,1250,Keyboard,Office,682.29,3,Germany,2046.87
7704,31/05/2024,1040,Headphones,Electronics,351.79,2,France,703.58
7705,31/08/2024,1098,USB Cable,Electronics,1379.84,2,UK,2759.68
7706,02/10/2023,1305,Headphones,Electronics,588.19,2,Canada,1176.38
7707,21/11/2022,1871,Mouse,Office,817.52,3,Israel,2452.56
7708,18/03/2023,1853,Webcam,Accessories,1287.41,2,Israel,2574.82
7709,14/03/2024,1455,Keyboard,Accessories,1250.9,1,France,1250.9
7710,15/10/2022,1590,Webcam,Accessories,958.74,4,Canada,3834.96
7711,14/08/2022,1300,Monitor,Electronics,1333.49,1,Canada,1333.49
7712,23/12/2024,1198,Keyboard,Electronics,1428.39,3,USA,4285.17
7713,24/08/2024,1658,Headphones,Accessories,1403,3,Germany,4209
7714,26/07/2024,1487,USB Cable,Office,526.77,3,Israel,1580.31
7715,14/07/2023,1105,Headphones,Office,598.77,3,Canada,1796.31
7716,15/12/2023,1400,Webcam,Office,364.55,3,UK,1093.65
7717,13/05/2023,1704,Laptop,Office,1256.06,4,Canada,5024.24
7718,28/04/2024,1476,Headphones,Electronics,187.13,2,UK,374.26
7719,14/07/2024,1121,Laptop,Accessories,535.85,1,UK,535.85
7720,01/03/2022,1076,Headphones,Office,19.55,1,France,19.55
7721,14/09/2022,1311,Desk Lamp,Electronics,894,2,USA,1788
7722,31/07/2023,1111,Headphones,Electronics,989.28,3,Germany,2967.84
7723,27/08/2022,1860,USB Cable,Electronics,377.24,2,UK,754.48
7724,07/02/2022,1808,Monitor,Accessories,1106.41,3,UK,3319.23
7725,25/01/2022,1681,Laptop,Electronics,575.4,4,Israel,2301.6
7726,14/02/2023,1517,Laptop,Accessories,471.01,1,USA,471.01
7727,06/04/2023,1196,Headphones,Accessories,1434.47,1,Israel,1434.47
7728,14/09/2024,1097,Desk Lamp,Accessories,885.1,4,France,3540.4
7729,23/12/2022,1458,Laptop,Accessories,382.22,4,France,1528.88
7730,18/01/2023,1840,Headphones,Electronics,1474.95,3,Germany,4424.85
7731,23/07/2023,1229,Headphones,Electronics,584.39,2,France,1168.78
7732,07/12/2024,1167,Webcam,Electronics,973.51,3,Germany,2920.53
7733,09/03/2023,1808,Keyboard,Office,1087.16,3,Israel,3261.48
7734,25/02/2022,1776,Laptop,Office,636.33,1,UK,636.33
7735,31/07/2023,1007,USB Cable,Accessories,806.2,3,UK,2418.6
7736,25/09/2022,1171,Mouse,Accessories,363.47,2,USA,726.94
7737,10/03/2022,1953,Webcam,Accessories,701.4,3,France,2104.2
7738,20/06/2024,1359,Laptop,Accessories,469.65,1,USA,469.65
7739,03/03/2024,1194,USB Cable,Accessories,823.45,2,USA,1646.9
7740,14/09/2022,1268,Desk Lamp,Office,1006.49,2,UK,2012.98
7741,03/11/2023,1018,Laptop,Accessories,922.94,1,France,922.94
7742,05/05/2023,1353,Monitor,Electronics,1166.19,1,UK,1166.19
7743,16/01/2024,1863,Mouse,Accessories,67.09,3,Canada,201.27
7744,18/02/2022,1048,Mouse,Electronics,122.5,1,USA,122.5
7745,12/11/2022,1463,USB Cable,Electronics,311.94,4,France,1247.76
7746,17/02/2023,1355,Monitor,Electronics,1478.77,1,Canada,1478.77
7747,10/03/2023,1849,Monitor,Electronics,1201.4,4,Canada,4805.6
7748,22/10/2024,1973,Laptop,Accessories,1386.56,1,Canada,1386.56
7749,24/02/2023,1157,Keyboard,Accessories,411.78,4,UK,1647.12
7750,23/04/2024,1065,USB Cable,Accessories,862.92,4,Germany,3451.68
7751,04/07/2024,1972,Monitor,Accessories,834.55,1,Canada,834.55
7752,10/03/2023,1858,Mouse,Accessories,856.43,2,Germany,1712.86
7753,05/10/2023,1570,USB Cable,Office,1077.76,2,Israel,2155.52
7754,26/02/2022,1820,Mouse,Electronics,594,4,Israel,2376
7755,21/08/2024,1307,Laptop,Electronics,1017.43,2,France,2034.86
7756,03/09/2024,1336,USB Cable,Office,1183.71,1,Israel,1183.71
7757,15/02/2022,1670,Keyboard,Office,437.16,4,France,1748.64
7758,21/02/2023,1782,Headphones,Accessories,1418.89,3,USA,4256.67
7759,27/04/2024,1120,USB Cable,Accessories,779.48,4,Germany,3117.92
7760,19/05/2022,1765,Monitor,Electronics,1100.48,3,France,3301.44
7761,04/09/2022,1403,Monitor,Accessories,1094.74,3,USA,3284.22
7762,18/08/2022,1772,Laptop,Electronics,850.04,4,Germany,3400.16
7763,02/03/2024,1646,Webcam,Accessories,487.41,3,UK,1462.23
7764,29/09/2023,1785,Webcam,Accessories,1002.07,2,USA,2004.14
7765,09/01/2023,1567,Keyboard,Electronics,135.49,3,UK,406.47
7766,08/01/2024,1842,Mouse,Office,1472.25,2,Israel,2944.5
7767,24/12/2024,1095,Mouse,Office,280.08,4,France,1120.32
7768,29/03/2022,1113,Headphones,Accessories,416.76,3,Germany,1250.28
7769,14/12/2023,1986,Mouse,Office,1431.89,3,Israel,4295.67
7770,24/08/2023,1985,Webcam,Accessories,283.88,2,USA,567.76
7771,23/06/2023,1868,Webcam,Office,259.29,2,Israel,518.58
7772,02/08/2022,1428,Desk Lamp,Office,1207.78,4,UK,4831.12
7773,15/03/2022,1539,Monitor,Electronics,380.68,4,UK,1522.72
7774,02/03/2022,1817,Headphones,Office,146.62,3,Canada,439.86
7775,29/11/2023,1001,Keyboard,Accessories,343.83,1,France,343.83
7776,12/01/2022,1211,Headphones,Electronics,1333.12,3,Israel,3999.36
7777,24/03/2024,1579,USB Cable,Office,424.08,3,Canada,1272.24
7778,01/02/2022,1639,Keyboard,Electronics,1044.12,4,Germany,4176.48
7779,27/09/2024,1332,Webcam,Office,595.73,4,UK,2382.92
7780,25/08/2022,1023,Mouse,Accessories,396.87,3,USA,1190.61
7781,12/07/2023,1764,Laptop,Accessories,220.35,2,Israel,440.7
7782,09/10/2023,1367,Headphones,Electronics,1458.43,4,Germany,5833.72
7783,13/09/2024,1741,Headphones,Office,784.07,3,Germany,2352.21
7784,30/03/2024,1505,Monitor,Office,176.56,1,Germany,176.56
7785,18/04/2023,1999,Desk Lamp,Electronics,302.23,3,Germany,906.69
7786,22/04/2022,1175,Desk Lamp,Electronics,613.91,1,Canada,613.91
7787,18/01/2023,1428,Desk Lamp,Accessories,818.53,1,UK,818.53
7788,17/01/2022,1886,Monitor,Electronics,276.79,1,France,276.79
7789,08/05/2023,1732,Webcam,Office,420.2,3,Israel,1260.6
7790,14/07/2024,1441,Keyboard,Electronics,1176.64,4,UK,4706.56
7791,27/04/2022,1547,Desk Lamp,Accessories,629.13,2,France,1258.26
7792,29/05/2024,1513,Laptop,Electronics,7.1,2,Germany,14.2
7793,25/04/2022,1894,USB Cable,Office,85.64,3,USA,256.92
7794,24/03/2024,1360,Monitor,Electronics,661.8,3,Germany,1985.4
7795,06/10/2023,1273,Monitor,Electronics,94.88,1,France,94.88
7796,02/12/2022,1176,Mouse,Electronics,264.99,4,France,1059.96
7797,10/07/2024,1263,Mouse,Accessories,1093.18,3,USA,3279.54
7798,27/05/2022,1185,Webcam,Accessories,723.17,2,Canada,1446.34
7799,02/05/2022,1526,Desk Lamp,Accessories,726.28,3,UK,2178.84
7800,22/03/2022,1912,Webcam,Accessories,899.34,4,Canada,3597.36
7801,16/11/2023,1278,Monitor,Office,1183.84,4,USA,4735.36
7802,24/10/2023,1705,Keyboard,Office,242.09,3,Germany,726.27
7803,10/01/2023,1197,USB Cable,Accessories,263.71,3,Israel,791.13
7804,04/03/2022,1348,Desk Lamp,Accessories,186.5,4,UK,746
7805,19/05/2023,1922,Laptop,Accessories,1405.56,4,Israel,5622.24
7806,30/10/2023,1420,Monitor,Electronics,868.05,1,Israel,868.05
7807,25/03/2023,1304,Keyboard,Office,143.5,3,UK,430.5
7808,17/05/2024,1063,Keyboard,Electronics,334.87,3,Germany,1004.61
7809,11/11/2023,1289,Desk Lamp,Accessories,1089.76,3,Canada,3269.28
7810,06/04/2023,1017,Monitor,Office,48.34,2,France,96.68
7811,04/04/2023,1063,Desk Lamp,Accessories,1089.86,1,Germany,1089.86
7812,09/04/2023,1873,Keyboard,Electronics,1367.64,4,Canada,5470.56
7813,30/06/2024,1329,Headphones,Office,89.29,1,France,89.29
7814,14/01/2023,1869,Desk Lamp,Electronics,283.7,2,France,567.4
7815,22/10/2024,1762,Keyboard,Office,8.56,1,UK,8.56
7816,30/12/2022,1939,Monitor,Accessories,168,2,UK,336
7817,13/03/2022,1016,Keyboard,Office,927.4,1,USA,927.4
7818,30/09/2023,1442,Desk Lamp,Electronics,72,1,Canada,72
7819,03/12/2022,1140,USB Cable,Electronics,641.62,1,Israel,641.62
7820,14/07/2022,1307,Monitor,Electronics,757.59,3,Israel,2272.77
7821,08/10/2024,1443,Mouse,Electronics,1360.41,4,Israel,5441.64
7822,15/10/2023,1495,Monitor,Accessories,714.06,1,Israel,714.06
7823,07/01/2022,1425,Keyboard,Electronics,218.11,3,USA,654.33
7824,23/06/2024,1474,Monitor,Accessories,437.49,3,France,1312.47
7825,05/09/2024,1831,Laptop,Office,1009.93,3,USA,3029.79
7826,20/07/2023,1244,Monitor,Electronics,172.61,2,Canada,345.22
7827,08/09/2023,1449,Monitor,Office,351.46,1,UK,351.46
7828,27/07/2023,1801,Desk Lamp,Office,1493.69,4,Germany,5974.76
7829,22/08/2023,1350,Laptop,Accessories,13.27,1,France,13.27
7830,09/02/2024,1598,Laptop,Electronics,232.51,1,France,232.51
7831,30/08/2022,1710,Laptop,Accessories,1266.31,4,USA,5065.24
7832,05/02/2024,1869,Webcam,Electronics,156.57,3,UK,469.71
7833,19/01/2023,1959,Headphones,Office,55.29,1,UK,55.29
7834,26/01/2023,1160,Webcam,Accessories,186.36,3,Canada,559.08
7835,14/06/2024,1139,Monitor,Electronics,1041.93,3,France,3125.79
7836,19/11/2023,1492,Webcam,Office,1489.7,3,USA,4469.1
7837,16/02/2022,1587,Desk Lamp,Accessories,888,4,Israel,3552
7838,11/09/2023,1530,Webcam,Accessories,190.85,3,France,572.55
7839,09/04/2023,1392,Laptop,Accessories,279.75,1,Israel,279.75
7840,03/05/2022,1841,Laptop,Accessories,808.83,3,Germany,2426.49
7841,14/05/2022,1400,Mouse,Office,1074.91,2,UK,2149.82
7842,20/04/2024,1049,Webcam,Office,996.05,2,France,1992.1
7843,28/04/2024,1743,Headphones,Office,864.22,2,Germany,1728.44
7844,30/08/2023,1294,Desk Lamp,Office,1479.47,3,Israel,4438.41
7845,23/01/2022,1424,Desk Lamp,Electronics,301.06,1,France,301.06
7846,20/07/2023,1905,Desk Lamp,Office,263.49,1,Germany,263.49
7847,05/02/2024,1011,Monitor,Accessories,1289.3,3,France,3867.9
7848,22/08/2024,1334,USB Cable,Accessories,439.78,3,Germany,1319.34
7849,23/08/2022,1990,Desk Lamp,Accessories,502.13,4,Germany,2008.52
7850,22/09/2024,1014,USB Cable,Accessories,825.26,3,Israel,2475.78
7851,18/12/2024,1027,Keyboard,Electronics,575.01,2,UK,1150.02
7852,05/04/2024,1387,Headphones,Accessories,435.02,4,USA,1740.08
7853,04/08/2022,1291,Headphones,Accessories,1376.18,4,Germany,5504.72
7854,19/10/2023,1886,Mouse,Accessories,198.26,3,UK,594.78
7855,23/07/2024,1832,Monitor,Office,609.41,3,Canada,1828.23
7856,07/11/2022,1249,Monitor,Office,9.44,4,USA,37.76
7857,11/07/2023,1504,Laptop,Electronics,1212.14,4,Israel,4848.56
7858,29/08/2024,1097,Laptop,Electronics,256.79,4,France,1027.16
7859,14/09/2022,1814,Headphones,Electronics,1160.62,4,UK,4642.48
7860,17/06/2023,1336,Mouse,Accessories,227.16,4,France,908.64
7861,21/02/2022,1038,Monitor,Electronics,628.02,1,France,628.02
7862,26/12/2024,1037,Mouse,Office,1093.64,4,USA,4374.56
7863,27/10/2022,1299,Keyboard,Office,409.86,4,Canada,1639.44
7864,03/11/2023,1178,USB Cable,Office,474.31,1,UK,474.31
7865,17/02/2024,1608,Monitor,Accessories,1002.65,2,Germany,2005.3
7866,11/04/2024,1891,Laptop,Accessories,285.61,2,Canada,571.22
7867,20/08/2022,1468,Headphones,Electronics,1427.92,2,USA,2855.84
7868,01/09/2024,1281,Mouse,Electronics,287.24,2,UK,574.48
7869,27/12/2024,1749,USB Cable,Electronics,1126.24,3,Germany,3378.72
7870,28/01/2022,1163,USB Cable,Electronics,1204.89,3,France,3614.67
7871,10/12/2024,1452,Desk Lamp,Accessories,564.68,4,Israel,2258.72
7872,14/08/2023,1096,USB Cable,Office,238.58,4,Israel,954.32
7873,24/02/2024,1768,Laptop,Accessories,253.03,2,USA,506.06
7874,12/09/2023,1308,Headphones,Electronics,1478.25,2,Canada,2956.5
7875,09/08/2023,1261,Laptop,Accessories,1089.49,1,Germany,1089.49
7876,28/09/2024,1292,Monitor,Office,677.82,1,Germany,677.82
7877,03/07/2022,1769,Mouse,Accessories,389.74,1,Israel,389.74
7878,12/11/2024,1248,Keyboard,Office,33.27,2,Germany,66.54
7879,09/05/2022,1244,Desk Lamp,Electronics,1007.34,1,UK,1007.34
7880,18/10/2022,1250,Webcam,Accessories,1435.59,4,UK,5742.36
7881,16/05/2023,1122,Desk Lamp,Electronics,164.73,2,Israel,329.46
7882,05/07/2022,1324,USB Cable,Electronics,1132.96,3,France,3398.88
7883,24/04/2023,1985,Laptop,Office,234.09,2,France,468.18
7884,07/05/2023,1680,Webcam,Office,1189.2,3,France,3567.6
7885,28/05/2023,1946,Mouse,Electronics,559.01,3,Israel,1677.03
7886,26/12/2024,1500,Monitor,Office,1069.53,2,USA,2139.06
7887,12/04/2023,1686,Desk Lamp,Office,1389.79,1,Germany,1389.79
7888,12/10/2022,1780,Laptop,Electronics,932.11,4,UK,3728.44
7889,24/08/2023,1715,Monitor,Electronics,1381.45,2,Canada,2762.9
7890,08/07/2022,1836,Keyboard,Office,356.36,1,UK,356.36
7891,15/09/2024,1065,USB Cable,Electronics,1467.31,3,Canada,4401.93
7892,08/06/2024,1826,Keyboard,Electronics,1309.91,3,USA,3929.73
7893,23/01/2023,1835,USB Cable,Office,165.82,3,Germany,497.46
7894,29/08/2022,1058,Headphones,Accessories,623.24,3,France,1869.72
7895,21/02/2023,1730,Headphones,Accessories,1390.91,2,Canada,2781.82
7896,25/06/2022,1497,Headphones,Electronics,121.78,4,UK,487.12
7897,22/01/2023,1372,Monitor,Office,683.38,3,France,2050.14
7898,02/05/2024,1265,Headphones,Electronics,1086.77,1,France,1086.77
7899,25/10/2023,1652,Mouse,Office,55,1,Israel,55
7900,28/03/2023,1235,Webcam,Electronics,1130.48,4,Israel,4521.92
7901,04/10/2022,1897,Webcam,Electronics,545,4,Germany,2180
7902,01/08/2022,1217,Monitor,Office,377.81,4,UK,1511.24
7903,10/02/2022,1526,Monitor,Electronics,866.08,3,Israel,2598.24
7904,21/10/2022,1813,Headphones,Accessories,818.78,2,Germany,1637.56
7905,23/08/2023,1440,USB Cable,Accessories,1311.54,3,USA,3934.62
7906,25/06/2023,1649,Webcam,Office,1015.62,3,France,3046.86
7907,27/03/2023,1405,Desk Lamp,Electronics,635.69,1,UK,635.69
7908,20/12/2024,1743,Webcam,Accessories,976.96,2,UK,1953.92
7909,29/02/2024,1600,Headphones,Office,1126.47,2,Germany,2252.94
7910,30/11/2022,1974,Monitor,Office,1406.31,1,Israel,1406.31
7911,09/06/2024,1588,Keyboard,Office,1057.87,1,France,1057.87
7912,13/02/2022,1647,USB Cable,Accessories,818.09,1,France,818.09
7913,24/05/2022,1916,Desk Lamp,Accessories,562.61,4,UK,2250.44
7914,29/11/2022,1468,Keyboard,Accessories,1337.77,2,UK,2675.54
7915,24/09/2024,1917,Headphones,Accessories,1189.82,1,France,1189.82
7916,24/02/2022,1109,Keyboard,Electronics,120.39,1,USA,120.39
7917,19/05/2024,1352,Mouse,Accessories,1050.81,1,Germany,1050.81
7918,07/03/2024,1812,Mouse,Office,810.43,3,USA,2431.29
7919,21/11/2022,1090,Mouse,Electronics,159.95,2,Israel,319.9
7920,21/03/2022,1935,Monitor,Accessories,849.62,2,USA,1699.24
7921,20/11/2024,1881,Monitor,Electronics,292.8,4,USA,1171.2
7922,11/09/2024,1917,Monitor,Office,1063.68,3,Israel,3191.04
7923,12/07/2023,1413,Monitor,Accessories,421.3,2,Canada,842.6
7924,14/05/2024,1701,Monitor,Electronics,229.76,4,Canada,919.04
7925,18/12/2023,1072,Headphones,Accessories,127.55,4,Germany,510.2
7926,17/04/2023,1684,Desk Lamp,Electronics,738.75,1,France,738.75
7927,15/03/2022,1546,Keyboard,Electronics,303.45,4,USA,1213.8
7928,12/08/2023,1721,Headphones,Office,1283.42,4,Germany,5133.68
7929,18/07/2023,1297,Desk Lamp,Office,9.49,3,Israel,28.47
7930,12/04/2023,1644,Keyboard,Accessories,1266.24,1,Canada,1266.24
7931,22/08/2023,1282,Headphones,Accessories,784.03,1,Germany,784.03
7932,18/09/2024,1504,Mouse,Electronics,1383.61,1,Canada,1383.61
7933,07/01/2024,1197,Laptop,Office,310.89,4,USA,1243.56
7934,20/09/2024,1957,Monitor,Office,157.9,1,France,157.9
7935,05/09/2022,1031,Laptop,Electronics,939.31,2,Israel,1878.62
7936,08/03/2022,1647,Laptop,Office,1061.56,3,Israel,3184.68
7937,27/07/2023,1759,Mouse,Office,562.01,3,USA,1686.03
7938,04/12/2023,1870,Laptop,Electronics,25.45,4,Canada,101.8
7939,15/04/2023,1340,Laptop,Accessories,613.41,1,Germany,613.41
7940,08/05/2023,1657,Mouse,Accessories,354.51,3,France,1063.53
7941,25/10/2023,1333,Desk Lamp,Accessories,524.47,4,Israel,2097.88
7942,13/10/2022,1142,Keyboard,Electronics,762.6,4,USA,3050.4
7943,08/11/2022,1745,Headphones,Accessories,1055,3,USA,3165
7944,05/11/2022,1409,Webcam,Electronics,1445.02,1,UK,1445.02
7945,14/02/2024,1948,Laptop,Electronics,220.28,1,Canada,220.28
7946,22/08/2024,1043,Desk Lamp,Office,1021.45,2,UK,2042.9
7947,01/04/2023,1031,Monitor,Office,353.65,2,Germany,707.3
7948,12/05/2022,1742,Mouse,Accessories,334.95,1,USA,334.95
7949,18/07/2024,1027,USB Cable,Electronics,952.16,2,Canada,1904.32
7950,22/08/2024,1422,USB Cable,Accessories,1165.12,2,Germany,2330.24
7951,17/07/2024,1490,Laptop,Accessories,1466.79,3,Germany,4400.37
7952,01/05/2022,1159,Webcam,Office,1154.4,1,France,1154.4
7953,26/09/2023,1844,Keyboard,Accessories,240.19,3,UK,720.57
7954,15/06/2024,1206,Desk Lamp,Accessories,341.98,3,Germany,1025.94
7955,11/02/2024,1017,Keyboard,Office,1143.28,4,France,4573.12
7956,28/11/2024,1102,Webcam,Accessories,792.85,1,France,792.85
7957,20/07/2023,1581,Monitor,Accessories,446.63,3,Canada,1339.89
7958,27/05/2023,1630,Laptop,Electronics,710.32,2,UK,1420.64
7959,16/10/2022,1650,Monitor,Accessories,1372.76,4,UK,5491.04
7960,19/07/2022,1671,Keyboard,Office,1134.62,2,USA,2269.24
7961,12/06/2023,1231,USB Cable,Office,678.79,4,Germany,2715.16
7962,05/07/2024,1659,Keyboard,Electronics,1470.93,2,France,2941.86
7963,21/12/2024,1864,Headphones,Office,1193.34,2,USA,2386.68
7964,09/03/2024,1423,Keyboard,Office,13.78,2,Canada,27.56
7965,01/12/2024,1903,Mouse,Office,172.99,3,Germany,518.97
7966,12/01/2022,1754,Headphones,Accessories,833.18,1,Germany,833.18
7967,12/04/2024,1546,Monitor,Electronics,528.18,4,USA,2112.72
7968,20/04/2024,1836,Keyboard,Electronics,1219.78,3,France,3659.34
7969,05/10/2023,1893,Webcam,Electronics,1344.05,4,USA,5376.2
7970,16/04/2022,1866,Mouse,Electronics,364.77,3,Germany,1094.31
7971,22/11/2023,1238,Headphones,Office,1146.11,4,USA,4584.44
7972,12/06/2023,1333,Mouse,Accessories,805.42,4,USA,3221.68
7973,25/04/2024,1148,Headphones,Office,590.99,2,Canada,1181.98
7974,11/06/2024,1622,Headphones,Office,1181.24,4,Germany,4724.96
7975,22/01/2023,1407,Headphones,Office,849.56,4,UK,3398.24
7976,26/04/2023,1016,Desk Lamp,Office,954.75,2,Canada,1909.5
7977,12/02/2023,1913,Desk Lamp,Electronics,98.07,3,France,294.21
7978,16/06/2024,1225,Webcam,Electronics,880.89,3,Germany,2642.67
7979,12/12/2023,1651,Monitor,Accessories,454.56,1,Canada,454.56
7980,01/10/2023,1655,Headphones,Office,742.47,1,Canada,742.47
7981,10/11/2024,1259,Headphones,Electronics,336.91,1,UK,336.91
7982,25/03/2024,1728,Desk Lamp,Accessories,923.64,1,USA,923.64
7983,06/07/2024,1673,Mouse,Office,225.47,4,UK,901.88
7984,22/07/2022,1603,Headphones,Office,188.74,4,Germany,754.96
7985,21/02/2023,1173,Monitor,Electronics,286.68,1,Canada,286.68
7986,20/02/2023,1842,USB Cable,Office,1227.11,2,Canada,2454.22
7987,26/03/2022,1204,Webcam,Office,55.13,1,Germany,55.13
7988,16/06/2022,1414,Webcam,Electronics,1095.72,3,USA,3287.16
7989,19/01/2023,1507,Mouse,Accessories,89.48,4,Canada,357.92
7990,13/04/2023,1152,USB Cable,Accessories,889.83,2,Germany,1779.66
7991,31/12/2024,1102,Headphones,Electronics,1161.47,3,Israel,3484.41
7992,20/03/2024,1713,Mouse,Electronics,350.45,2,UK,700.9
7993,23/09/2024,1791,Desk Lamp,Accessories,297.94,2,Israel,595.88
7994,18/04/2023,1064,Webcam,Accessories,437.32,1,Israel,437.32
7995,19/09/2024,1116,Monitor,Electronics,1050.92,3,UK,3152.76
7996,02/10/2022,1664,Mouse,Electronics,385.97,1,Germany,385.97
7997,09/11/2024,1155,Monitor,Electronics,755.15,3,UK,2265.45
7998,05/05/2023,1675,Desk Lamp,Office,206.03,4,USA,824.12
7999,22/11/2022,1081,Desk Lamp,Electronics,694.49,3,Israel,2083.47
8000,13/06/2023,1517,USB Cable,Office,938.97,4,Canada,3755.88
8001,10/06/2024,1833,USB Cable,Accessories,112.37,4,Israel,449.48
8002,30/03/2022,1066,Keyboard,Accessories,1224.06,1,Germany,1224.06
8003,01/05/2023,1237,Headphones,Electronics,1406.47,4,UK,5625.88
8004,09/12/2023,1583,Monitor,Electronics,294.35,1,Canada,294.35
8005,16/12/2022,1606,Headphones,Accessories,1140.35,2,France,2280.7
8006,22/01/2023,1815,USB Cable,Accessories,473.63,2,Canada,947.26
8007,28/03/2022,1978,Monitor,Accessories,1016.7,2,Germany,2033.4
8008,03/11/2022,1325,Laptop,Accessories,463.48,3,Germany,1390.44
8009,16/03/2023,1589,USB Cable,Electronics,1294.2,4,Germany,5176.8
8010,10/01/2024,1066,Laptop,Office,523.93,1,UK,523.93
8011,21/09/2022,1175,Laptop,Accessories,1274,2,Germany,2548
8012,03/09/2024,1832,USB Cable,Accessories,1150.38,1,USA,1150.38
8013,05/01/2024,1683,Monitor,Office,298.5,2,USA,597
8014,25/02/2023,1477,Webcam,Electronics,239.64,4,Israel,958.56
8015,08/05/2023,1254,Webcam,Office,1170.59,2,Israel,2341.18
8016,25/09/2023,1062,Headphones,Electronics,588.5,1,UK,588.5
8017,19/09/2024,1813,Laptop,Electronics,1424.34,2,France,2848.68
8018,15/02/2023,1402,Headphones,Electronics,1414.71,1,Israel,1414.71
8019,22/06/2022,1757,Monitor,Electronics,1041.75,2,Israel,2083.5
8020,04/01/2022,1191,Headphones,Electronics,753.37,1,Israel,753.37
8021,03/05/2024,1978,Headphones,Accessories,296.48,2,Canada,592.96
8022,12/09/2024,1328,Laptop,Electronics,1324.18,4,Israel,5296.72
8023,26/11/2024,1070,USB Cable,Accessories,127.59,2,Germany,255.18
8024,06/08/2023,1877,Webcam,Electronics,558.68,3,Israel,1676.04
8025,20/11/2024,1740,Mouse,Accessories,482.23,1,Canada,482.23
8026,16/01/2023,1945,Keyboard,Office,1437.85,2,UK,2875.7
8027,31/10/2024,1062,Monitor,Office,181.58,3,Canada,544.74
8028,10/12/2022,1296,Monitor,Accessories,1335.77,1,Germany,1335.77
8029,15/06/2022,1244,Monitor,Electronics,687.37,2,Canada,1374.74
8030,01/12/2023,1518,Keyboard,Accessories,76.01,2,Germany,152.02
8031,08/12/2022,1392,Mouse,Accessories,1094.66,4,UK,4378.64
8032,08/11/2024,1771,Webcam,Electronics,155.81,2,France,311.62
8033,06/09/2024,1600,Headphones,Office,359.32,1,Israel,359.32
8034,29/06/2023,1176,Webcam,Accessories,1200.59,3,USA,3601.77
8035,30/10/2024,1203,Desk Lamp,Office,236.32,2,France,472.64
8036,11/07/2022,1645,Monitor,Office,491.58,3,Israel,1474.74
8037,16/11/2022,1593,Headphones,Office,544.69,1,USA,544.69
8038,03/08/2023,1999,Laptop,Accessories,885.26,1,Germany,885.26
8039,20/04/2023,1532,Webcam,Accessories,1185.95,2,Canada,2371.9
8040,29/09/2023,1910,Laptop,Electronics,350.06,4,Germany,1400.24
8041,03/03/2023,1127,Laptop,Electronics,312.65,2,Germany,625.3
8042,18/12/2024,1194,USB Cable,Accessories,336.74,4,Israel,1346.96
8043,07/04/2022,1193,Webcam,Electronics,575.51,2,UK,1151.02
8044,11/05/2023,1183,Monitor,Office,804.98,3,Germany,2414.94
8045,23/10/2023,1246,Keyboard,Office,25.1,4,Germany,100.4
8046,09/01/2022,1872,Monitor,Accessories,1171.54,4,Germany,4686.16
8047,02/04/2023,1871,Laptop,Office,1390.44,3,Canada,4171.32
8048,30/09/2022,1323,Laptop,Accessories,1266.06,2,Israel,2532.12
8049,28/07/2024,1159,Monitor,Accessories,60.59,1,USA,60.59
8050,28/10/2024,1705,Keyboard,Accessories,789.13,1,France,789.13
8051,27/07/2022,1621,Keyboard,Office,1221.97,2,Germany,2443.94
8052,22/11/2024,1924,USB Cable,Accessories,519.45,3,France,1558.35
8053,23/07/2022,1065,Headphones,Accessories,1346.07,1,UK,1346.07
8054,02/06/2023,1929,Mouse,Electronics,1330.89,3,UK,3992.67
8055,01/06/2023,1253,Laptop,Office,216.85,2,UK,433.7
8056,19/03/2023,1282,Desk Lamp,Accessories,742.98,3,Germany,2228.94
8057,20/11/2023,1059,Keyboard,Electronics,43.37,3,France,130.11
8058,29/04/2024,1117,Webcam,Accessories,426.38,3,USA,1279.14
8059,12/04/2024,1422,USB Cable,Office,1218.75,1,Israel,1218.75
8060,05/12/2022,1555,Laptop,Electronics,1462.84,3,France,4388.52
8061,22/01/2023,1997,Mouse,Electronics,1370.42,4,Israel,5481.68
8062,14/11/2024,1721,Webcam,Accessories,68.66,3,France,205.98
8063,21/05/2023,1035,Laptop,Accessories,1390.46,3,Germany,4171.38
8064,11/11/2023,1530,USB Cable,Office,1234.86,2,USA,2469.72
8065,21/11/2023,1090,USB Cable,Office,1302.22,3,Germany,3906.66
8066,03/06/2024,1300,Keyboard,Accessories,1372.67,3,UK,4118.01
8067,15/09/2023,1723,Headphones,Electronics,734.83,1,USA,734.83
8068,11/06/2024,1916,Monitor,Office,320.77,4,Canada,1283.08
8069,10/08/2024,1918,Desk Lamp,Office,36.43,2,Canada,72.86
8070,23/02/2024,1733,USB Cable,Electronics,40.2,4,France,160.8
8071,10/05/2023,1216,Webcam,Accessories,965.55,3,Germany,2896.65
8072,27/11/2024,1734,Monitor,Office,509.23,1,Israel,509.23
8073,17/01/2024,1922,Keyboard,Electronics,746.37,4,Germany,2985.48
8074,13/03/2023,1097,Desk Lamp,Office,201.35,4,Germany,805.4
8075,11/12/2022,1455,Keyboard,Electronics,1463.39,4,France,5853.56
8076,04/07/2023,1530,Desk Lamp,Office,199.26,4,France,797.04
8077,30/03/2024,1808,Desk Lamp,Accessories,669.99,4,UK,2679.96
8078,25/06/2023,1537,Webcam,Electronics,667.81,1,USA,667.81
8079,24/05/2022,1027,Mouse,Office,17.91,3,Germany,53.73
8080,11/08/2023,1575,Desk Lamp,Office,1003.36,1,Israel,1003.36
8081,19/10/2023,1323,USB Cable,Electronics,809.62,1,Canada,809.62
8082,11/12/2022,1222,Webcam,Electronics,748.76,1,Canada,748.76
8083,27/11/2023,1079,Laptop,Accessories,1228.04,1,France,1228.04
8084,25/09/2022,1562,Mouse,Electronics,365.5,3,France,1096.5
8085,18/06/2022,1457,Desk Lamp,Office,1292.34,3,UK,3877.02
8086,02/02/2022,1613,Monitor,Accessories,1297.84,1,USA,1297.84
8087,12/01/2023,1175,Laptop,Electronics,1241.16,4,Canada,4964.64
8088,28/01/2023,1521,Mouse,Office,515.39,3,UK,1546.17
8089,04/05/2023,1748,Monitor,Electronics,248.02,3,France,744.06
8090,23/12/2023,1456,Laptop,Office,715.39,1,Israel,715.39
8091,03/08/2024,1422,Headphones,Office,393.46,4,UK,1573.84
8092,18/11/2024,1099,USB Cable,Accessories,83.01,4,Germany,332.04
8093,08/02/2022,1889,Webcam,Accessories,422.81,1,France,422.81
8094,06/11/2024,1739,Webcam,Electronics,706.35,1,France,706.35
8095,15/12/2024,1402,Webcam,Accessories,173.54,3,UK,520.62
8096,14/08/2022,1575,Desk Lamp,Electronics,1416.78,3,Israel,4250.34
8097,08/03/2022,1379,Headphones,Accessories,985.87,2,UK,1971.74
8098,14/04/2024,1530,USB Cable,Accessories,208.83,2,Israel,417.66
8099,12/11/2024,1331,Mouse,Electronics,1219.04,1,France,1219.04
8100,25/09/2024,1317,USB Cable,Accessories,1392.49,2,UK,2784.98
8101,25/08/2022,1652,Keyboard,Accessories,397.86,4,USA,1591.44
8102,14/08/2024,1536,Laptop,Accessories,219.16,4,Canada,876.64
8103,07/07/2024,1739,Mouse,Accessories,487.1,4,UK,1948.4
8104,18/04/2023,1088,Keyboard,Electronics,1249.21,3,UK,3747.63
8105,07/07/2023,1603,Webcam,Office,266.77,2,USA,533.54
8106,26/11/2023,1510,Webcam,Electronics,1170.12,2,USA,2340.24
8107,13/11/2022,1041,Webcam,Electronics,1075.81,1,Germany,1075.81
8108,21/08/2023,1884,Keyboard,Electronics,978.79,3,USA,2936.37
8109,07/02/2024,1806,Laptop,Accessories,652.81,3,Israel,1958.43
8110,04/06/2024,1925,Laptop,Accessories,553.32,3,Canada,1659.96
8111,15/07/2023,1388,Keyboard,Office,132.46,4,Canada,529.84
8112,15/09/2022,1080,Monitor,Accessories,539.25,3,Germany,1617.75
8113,27/01/2024,1401,Webcam,Office,904.75,2,Israel,1809.5
8114,03/05/2022,1106,Mouse,Office,1347.82,1,Germany,1347.82
8115,08/12/2022,1110,Laptop,Accessories,1250.52,2,Germany,2501.04
8116,18/12/2024,1276,USB Cable,Office,53.16,3,Canada,159.48
8117,17/09/2022,1213,Keyboard,Electronics,212.6,1,Israel,212.6
8118,05/04/2022,1742,Desk Lamp,Electronics,1273.49,4,France,5093.96
8119,10/02/2022,1817,Monitor,Electronics,1409.28,1,Canada,1409.28
8120,11/09/2022,1505,Headphones,Office,88.43,3,France,265.29
8121,07/01/2022,1120,Desk Lamp,Office,1053.37,3,UK,3160.11
8122,29/12/2023,1133,Desk Lamp,Electronics,551.77,1,France,551.77
8123,10/03/2022,1817,Keyboard,Accessories,549.61,3,Canada,1648.83
8124,26/06/2023,1719,USB Cable,Electronics,965.79,3,UK,2897.37
8125,30/03/2022,1961,Monitor,Accessories,1216.27,3,France,3648.81
8126,01/08/2022,1370,Headphones,Accessories,415.88,3,UK,1247.64
8127,13/04/2024,1256,Monitor,Office,1059.5,1,Canada,1059.5
8128,23/09/2022,1696,Laptop,Office,955.64,1,UK,955.64
8129,30/06/2024,1797,Desk Lamp,Accessories,778.39,2,Canada,1556.78
8130,20/10/2022,1953,Keyboard,Accessories,905.63,4,USA,3622.52
8131,29/11/2022,1874,USB Cable,Accessories,31.99,4,Canada,127.96
8132,01/10/2024,1179,Headphones,Office,11.08,2,UK,22.16
8133,16/02/2022,1932,Monitor,Electronics,827.91,1,Canada,827.91
8134,14/09/2023,1047,Desk Lamp,Accessories,788.54,2,Canada,1577.08
8135,03/03/2023,1598,Headphones,Office,111.65,3,Israel,334.95
8136,29/07/2022,1896,Desk Lamp,Electronics,740.58,3,Israel,2221.74
8137,06/06/2024,1018,Mouse,Office,1137.51,4,UK,4550.04
8138,03/06/2022,1045,USB Cable,Electronics,814.1,1,Israel,814.1
8139,19/02/2023,1450,Keyboard,Office,778.83,4,France,3115.32
8140,08/02/2024,1897,Laptop,Electronics,1078.27,2,Israel,2156.54
8141,09/09/2024,1055,Desk Lamp,Accessories,261.91,4,USA,1047.64
8142,02/08/2023,1740,Headphones,Office,688.93,4,Israel,2755.72
8143,10/01/2024,1656,Webcam,Electronics,226.33,3,France,678.99
8144,12/06/2022,1091,Monitor,Electronics,788.14,4,Canada,3152.56
8145,04/11/2024,1081,Webcam,Electronics,889.95,2,France,1779.9
8146,14/07/2022,1736,Headphones,Accessories,186.9,1,UK,186.9
8147,26/06/2023,1078,USB Cable,Office,117.9,4,Germany,471.6
8148,25/12/2022,1661,Webcam,Electronics,254.27,1,France,254.27
8149,29/04/2024,1872,Monitor,Accessories,881.57,2,UK,1763.14
8150,03/03/2023,1282,Headphones,Accessories,288.48,4,UK,1153.92
8151,12/05/2023,1310,Laptop,Accessories,416.49,1,Israel,416.49
8152,07/04/2024,1996,Laptop,Accessories,1055.31,3,Israel,3165.93
8153,01/05/2023,1159,Keyboard,Accessories,376.28,3,UK,1128.84
8154,26/11/2022,1315,Laptop,Accessories,599.3,2,Canada,1198.6
8155,07/06/2024,1876,Headphones,Accessories,1393.62,4,USA,5574.48
8156,17/09/2024,1978,USB Cable,Office,1238.37,2,Canada,2476.74
8157,16/09/2022,1667,Headphones,Office,386.93,1,UK,386.93
8158,19/10/2022,1155,Laptop,Accessories,898.38,1,Israel,898.38
8159,23/05/2022,1887,Mouse,Electronics,1000.38,2,France,2000.76
8160,17/01/2024,1713,Headphones,Electronics,1350.86,1,USA,1350.86
8161,19/09/2023,1467,Keyboard,Electronics,823.46,2,Germany,1646.92
8162,31/03/2022,1920,Mouse,Accessories,844.12,2,Canada,1688.24
8163,21/12/2023,1852,Laptop,Electronics,1333.23,3,France,3999.69
8164,26/04/2023,1461,USB Cable,Office,86.3,1,Israel,86.3
8165,25/03/2022,1853,Monitor,Office,944.07,2,France,1888.14
8166,04/11/2023,1116,Headphones,Office,627.89,3,France,1883.67
8167,01/06/2023,1665,Monitor,Office,1365.1,2,Israel,2730.2
8168,30/04/2023,1363,Webcam,Accessories,1441.01,1,France,1441.01
8169,21/02/2024,1842,Keyboard,Office,259.52,3,UK,778.56
8170,14/04/2022,1630,Mouse,Electronics,425.8,1,Canada,425.8
8171,05/12/2022,1710,Desk Lamp,Electronics,413.82,4,USA,1655.28
8172,18/11/2023,1912,Monitor,Office,155.44,4,Canada,621.76
8173,18/06/2024,1465,Desk Lamp,Office,727,4,Israel,2908
8174,30/08/2023,1774,Keyboard,Office,772.06,4,USA,3088.24
8175,11/08/2022,1183,Monitor,Electronics,861.6,3,UK,2584.8
8176,29/10/2024,1959,Monitor,Electronics,996.12,1,Israel,996.12
8177,12/12/2024,1659,Keyboard,Office,99.06,2,UK,198.12
8178,18/05/2023,1165,Desk Lamp,Electronics,935.61,2,Germany,1871.22
8179,01/04/2024,1074,Headphones,Electronics,1371.14,2,Germany,2742.28
8180,16/09/2023,1747,Monitor,Accessories,685.21,1,Germany,685.21
8181,14/06/2022,1825,Keyboard,Office,164.54,3,USA,493.62
8182,16/11/2024,1271,Monitor,Office,133.49,1,Canada,133.49
8183,29/12/2024,1690,USB Cable,Accessories,426.22,4,Canada,1704.88
8184,19/01/2022,1502,Desk Lamp,Accessories,1130.02,2,Germany,2260.04
8185,11/11/2024,1794,Headphones,Electronics,395.19,1,Germany,395.19
8186,15/09/2024,1562,USB Cable,Accessories,1222.42,4,UK,4889.68
8187,26/03/2023,1586,USB Cable,Office,1230.39,4,France,4921.56
8188,06/07/2023,1655,Keyboard,Office,688.38,3,France,2065.14
8189,07/12/2024,1342,USB Cable,Office,454.68,2,Canada,909.36
8190,26/11/2023,1699,Monitor,Electronics,898.51,1,Canada,898.51
8191,10/08/2023,1634,Desk Lamp,Electronics,1216.74,4,Germany,4866.96
8192,22/12/2023,1843,Laptop,Office,101.53,4,Canada,406.12
8193,17/04/2022,1250,Headphones,Office,1430.37,2,France,2860.74
8194,15/02/2024,1807,Monitor,Electronics,970.62,1,Germany,970.62
8195,16/06/2024,1834,Mouse,Electronics,600.23,1,Germany,600.23
8196,02/12/2022,1129,Keyboard,Accessories,761.5,2,USA,1523
8197,30/08/2023,1763,Monitor,Electronics,581.46,4,Israel,2325.84
8198,17/04/2024,1357,Headphones,Electronics,621.85,3,France,1865.55
8199,25/08/2023,1943,USB Cable,Office,895.45,2,Germany,1790.9
8200,07/02/2023,1691,Headphones,Office,95.06,4,France,380.24
8201,24/06/2023,1407,Mouse,Office,267.19,3,USA,801.57
8202,31/12/2024,1860,USB Cable,Accessories,344.42,2,USA,688.84
8203,24/01/2022,1494,Mouse,Electronics,614.23,2,Germany,1228.46
8204,16/09/2023,1621,Webcam,Accessories,559.73,4,France,2238.92
8205,15/12/2024,1481,Webcam,Electronics,1084.7,2,France,2169.4
8206,12/09/2024,1979,Monitor,Electronics,392.47,1,France,392.47
8207,11/08/2022,1849,Laptop,Office,90.32,1,USA,90.32
8208,28/06/2022,1077,USB Cable,Electronics,87.89,3,UK,263.67
8209,10/03/2024,1977,Desk Lamp,Accessories,21.91,2,UK,43.82
8210,10/03/2023,1513,Headphones,Office,61.85,1,France,61.85
8211,03/03/2024,1320,Desk Lamp,Accessories,1288.7,4,France,5154.8
8212,02/06/2024,1787,Laptop,Accessories,1047.38,4,Israel,4189.52
8213,07/05/2023,1289,USB Cable,Office,1493.92,4,Germany,5975.68
8214,20/03/2024,1296,USB Cable,Electronics,35.37,1,USA,35.37
8215,18/08/2024,1680,USB Cable,Accessories,1274.26,2,Israel,2548.52
8216,24/02/2023,1751,USB Cable,Electronics,1045.6,2,France,2091.2
8217,11/10/2023,1970,Laptop,Office,962.31,2,Canada,1924.62
8218,21/04/2023,1474,Monitor,Electronics,538.02,3,UK,1614.06
8219,19/06/2022,1022,Keyboard,Electronics,568.21,2,UK,1136.42
8220,23/06/2022,1805,Keyboard,Office,1269.11,1,Israel,1269.11
8221,15/04/2023,1171,Keyboard,Electronics,1071.66,1,UK,1071.66
8222,11/12/2022,1834,Mouse,Accessories,1007.12,2,UK,2014.24
8223,21/03/2023,1317,USB Cable,Accessories,50.82,4,Canada,203.28
8224,07/11/2024,1907,USB Cable,Accessories,280.56,3,Germany,841.68
8225,29/12/2024,1797,Headphones,Electronics,1444.12,3,France,4332.36
8226,20/09/2023,1990,Mouse,Accessories,684.29,1,Israel,684.29
8227,15/08/2023,1854,Headphones,Electronics,1173.18,3,Canada,3519.54
8228,11/06/2023,1192,Desk Lamp,Electronics,587.04,4,USA,2348.16
8229,01/04/2023,1680,Webcam,Electronics,1147.66,2,USA,2295.32
8230,21/03/2024,1915,Headphones,Electronics,183.22,3,Canada,549.66
8231,07/07/2022,1117,Headphones,Office,67.98,3,France,203.94
8232,17/10/2024,1005,Desk Lamp,Accessories,701.93,1,USA,701.93
8233,12/12/2023,1842,Monitor,Accessories,889.51,4,Canada,3558.04
8234,13/06/2023,1482,Keyboard,Electronics,488.93,1,UK,488.93
8235,10/03/2023,1131,USB Cable,Office,1075.43,1,Germany,1075.43
8236,15/10/2022,1092,Mouse,Electronics,746.25,3,Israel,2238.75
8237,14/05/2023,1762,Webcam,Accessories,1392.83,1,Israel,1392.83
8238,30/10/2022,1521,Desk Lamp,Accessories,132.06,1,UK,132.06
8239,28/03/2022,1562,Mouse,Office,104.52,3,France,313.56
8240,09/04/2024,1860,USB Cable,Electronics,1358.16,3,Germany,4074.48
8241,14/03/2023,1293,Monitor,Office,1005.32,3,USA,3015.96
8242,25/06/2023,1640,Headphones,Electronics,1008.32,2,Israel,2016.64
8243,11/11/2024,1999,Desk Lamp,Office,46.2,4,Israel,184.8
8244,12/04/2024,1391,Webcam,Accessories,1406.82,2,France,2813.64
8245,07/03/2024,1248,Keyboard,Office,1158.88,3,Germany,3476.64
8246,14/07/2023,1613,USB Cable,Accessories,1147.65,4,Canada,4590.6
8247,01/02/2024,1848,Laptop,Accessories,1368.33,1,USA,1368.33
8248,12/04/2023,1594,Laptop,Electronics,869.34,4,Israel,3477.36
8249,06/11/2023,1702,Monitor,Office,595.03,3,Israel,1785.09
8250,16/11/2023,1416,Keyboard,Office,723.62,2,USA,1447.24
8251,18/05/2022,1142,Laptop,Office,1166.97,4,Germany,4667.88
8252,01/08/2023,1236,Laptop,Office,1154.25,1,Germany,1154.25
8253,11/12/2023,1286,Desk Lamp,Electronics,916.33,2,Germany,1832.66
8254,16/08/2022,1276,Desk Lamp,Electronics,331.03,2,Israel,662.06
8255,08/10/2022,1386,USB Cable,Electronics,1229.23,2,Canada,2458.46
8256,15/11/2023,1381,Webcam,Accessories,972.63,2,UK,1945.26
8257,07/04/2024,1449,Webcam,Accessories,335.79,1,Israel,335.79
8258,07/03/2023,1290,USB Cable,Accessories,723.56,3,France,2170.68
8259,29/11/2024,1168,Mouse,Electronics,1495.82,1,France,1495.82
8260,29/10/2022,1442,USB Cable,Accessories,495.93,3,Canada,1487.79
8261,17/06/2023,1655,Keyboard,Office,179.26,3,Israel,537.78
8262,08/02/2024,1183,Laptop,Accessories,37.39,4,Israel,149.56
8263,20/03/2023,1044,Webcam,Electronics,281.03,1,USA,281.03
8264,22/11/2024,1754,USB Cable,Electronics,284.51,3,Germany,853.53
8265,17/09/2022,1826,Webcam,Electronics,1287.81,1,Canada,1287.81
8266,09/01/2024,1945,Webcam,Electronics,238.45,1,USA,238.45
8267,06/03/2024,1980,Desk Lamp,Office,1294.66,3,Canada,3883.98
8268,11/03/2022,1267,Mouse,Accessories,134.64,3,France,403.92
8269,09/09/2024,1475,Keyboard,Accessories,1360.43,2,France,2720.86
8270,26/04/2023,1252,Headphones,Electronics,388.25,4,UK,1553
8271,24/01/2022,1395,Webcam,Accessories,919.19,3,Germany,2757.57
8272,22/08/2024,1288,Keyboard,Office,243.79,3,Germany,731.37
8273,16/01/2024,1211,Monitor,Electronics,588.13,3,Canada,1764.39
8274,24/04/2024,1999,Mouse,Accessories,133.22,4,France,532.88
8275,21/11/2022,1688,Headphones,Accessories,871.39,1,USA,871.39
8276,08/03/2024,1020,Webcam,Accessories,522.09,2,Israel,1044.18
8277,18/01/2022,1315,USB Cable,Accessories,1278.96,2,Germany,2557.92
8278,13/02/2022,1563,Webcam,Electronics,276.82,1,Israel,276.82
8279,04/06/2022,1437,Mouse,Electronics,423.58,4,France,1694.32
8280,16/05/2024,1422,Desk Lamp,Office,270,4,UK,1080
8281,10/07/2024,1232,Mouse,Electronics,847.92,3,France,2543.76
8282,13/01/2024,1944,Laptop,Accessories,172.06,4,Israel,688.24
8283,13/08/2022,1122,Webcam,Accessories,288.09,4,France,1152.36
8284,05/08/2022,1873,Desk Lamp,Accessories,1019.34,3,Germany,3058.02
8285,31/01/2022,1959,Keyboard,Office,116.25,1,Canada,116.25
8286,18/12/2024,1611,Mouse,Electronics,1116.03,2,Canada,2232.06
8287,16/06/2024,1213,Mouse,Electronics,160.98,1,Israel,160.98
8288,23/07/2024,1921,Monitor,Electronics,880.31,1,Israel,880.31
8289,21/03/2023,1838,Monitor,Accessories,1496.73,3,UK,4490.19
8290,14/06/2023,1646,Monitor,Accessories,264.97,1,Germany,264.97
8291,08/01/2024,1967,Mouse,Accessories,395.32,4,USA,1581.28
8292,23/05/2024,1829,Headphones,Office,1348.15,1,UK,1348.15
8293,20/07/2023,1729,Desk Lamp,Office,941.3,1,Germany,941.3
8294,17/03/2022,1599,Keyboard,Accessories,741.33,3,Canada,2223.99
8295,01/07/2023,1791,Mouse,Office,846.24,3,USA,2538.72
8296,24/09/2022,1039,USB Cable,Office,446.77,2,Canada,893.54
8297,13/11/2022,1751,USB Cable,Office,1283.71,4,Israel,5134.84
8298,25/01/2022,1331,Laptop,Electronics,1119.18,4,Canada,4476.72
8299,09/06/2022,1942,USB Cable,Office,965.49,2,UK,1930.98
8300,19/08/2023,1647,Desk Lamp,Accessories,1397.96,2,Israel,2795.92
8301,18/06/2024,1181,Desk Lamp,Electronics,869.28,3,Israel,2607.84
8302,17/05/2023,1264,Webcam,Office,770.26,2,Israel,1540.52
8303,09/10/2024,1770,Headphones,Accessories,1463.66,1,Germany,1463.66
8304,04/12/2023,1693,Headphones,Office,312.99,2,USA,625.98
8305,01/01/2022,1532,Keyboard,Accessories,217.24,1,Germany,217.24
8306,11/01/2024,1862,Headphones,Accessories,247.61,2,Israel,495.22
8307,16/11/2022,1431,Keyboard,Office,1484.22,3,UK,4452.66
8308,17/01/2023,1942,USB Cable,Office,980.12,4,Canada,3920.48
8309,16/06/2024,1983,Headphones,Electronics,462.35,1,Israel,462.35
8310,18/12/2023,1195,Webcam,Office,377.22,4,USA,1508.88
8311,03/11/2022,1723,Keyboard,Accessories,89.67,1,Germany,89.67
8312,26/01/2023,1508,Monitor,Electronics,202.26,4,USA,809.04
8313,16/09/2024,1446,Monitor,Accessories,1362.72,3,Germany,4088.16
8314,25/10/2022,1527,Headphones,Accessories,1122.27,1,Canada,1122.27
8315,21/08/2022,1201,Headphones,Office,1412.63,2,USA,2825.26
8316,28/09/2022,1874,USB Cable,Accessories,638.48,3,USA,1915.44
8317,19/12/2024,1729,Keyboard,Office,903.85,4,Germany,3615.4
8318,08/11/2023,1604,Desk Lamp,Accessories,728.09,1,Germany,728.09
8319,07/12/2023,1132,USB Cable,Electronics,1322.67,3,Germany,3968.01
8320,22/08/2022,1138,Desk Lamp,Office,1487.12,4,France,5948.48
8321,24/04/2024,1668,Keyboard,Electronics,1399.5,1,Canada,1399.5
8322,06/05/2023,1492,Webcam,Office,899.09,1,USA,899.09
8323,18/05/2023,1846,Mouse,Electronics,97.39,3,France,292.17
8324,08/06/2024,1069,Monitor,Office,928.2,4,France,3712.8
8325,15/08/2023,1815,Mouse,Electronics,150.09,4,Israel,600.36
8326,16/01/2024,1014,Mouse,Electronics,212.54,1,France,212.54
8327,04/03/2023,1746,Laptop,Office,291.06,4,France,1164.24
8328,28/11/2023,1211,Keyboard,Office,548.42,2,Germany,1096.84
8329,08/10/2023,1801,Laptop,Accessories,889.72,2,Germany,1779.44
8330,02/01/2024,1059,Desk Lamp,Accessories,503.66,1,UK,503.66
8331,10/03/2024,1251,Laptop,Office,681.14,4,Canada,2724.56
8332,30/12/2022,1445,Desk Lamp,Office,75.7,1,USA,75.7
8333,21/07/2022,1001,Mouse,Electronics,931.54,2,Canada,1863.08
8334,31/05/2024,1747,Laptop,Electronics,987.26,1,France,987.26
8335,26/05/2022,1335,Webcam,Accessories,153.59,1,France,153.59
8336,15/04/2024,1018,Keyboard,Accessories,1178.75,3,USA,3536.25
8337,01/10/2023,1993,Mouse,Accessories,972.95,3,Canada,2918.85
8338,15/05/2022,1560,Keyboard,Electronics,737.15,2,Germany,1474.3
8339,18/09/2023,1077,Webcam,Electronics,831.53,4,Germany,3326.12
8340,05/03/2022,1471,Headphones,Electronics,757.05,2,USA,1514.1
8341,06/05/2023,1027,Laptop,Accessories,85.42,4,USA,341.68
8342,10/02/2022,1559,Mouse,Office,1104.05,4,Germany,4416.2
8343,23/10/2024,1607,Desk Lamp,Accessories,770.16,3,USA,2310.48
8344,01/07/2024,1164,Monitor,Electronics,263.37,3,Canada,790.11
8345,01/09/2024,1457,Keyboard,Accessories,1022.69,2,Germany,2045.38
8346,03/01/2023,1944,USB Cable,Accessories,1044.12,2,USA,2088.24
8347,06/07/2024,1876,Webcam,Accessories,324.18,2,Germany,648.36
8348,24/10/2024,1175,Laptop,Accessories,1195.76,3,UK,3587.28
8349,01/09/2022,1584,Keyboard,Electronics,687.47,3,Germany,2062.41
8350,20/06/2024,1983,Webcam,Accessories,275.01,1,Germany,275.01
8351,15/06/2022,1867,Keyboard,Electronics,988.14,2,France,1976.28
8352,15/11/2024,1028,Headphones,Accessories,897.11,1,Canada,897.11
8353,06/11/2024,1955,USB Cable,Electronics,259.76,4,Germany,1039.04
8354,29/12/2023,1668,Webcam,Office,1309.16,2,USA,2618.32
8355,28/04/2023,1825,Keyboard,Electronics,1282.53,3,Israel,3847.59
8356,27/06/2023,1815,Desk Lamp,Electronics,1255.19,2,USA,2510.38
8357,19/07/2024,1278,USB Cable,Office,601.85,2,France,1203.7
8358,04/02/2023,1282,Headphones,Office,1237.81,3,USA,3713.43
8359,11/09/2023,1478,Headphones,Office,1267.97,3,UK,3803.91
8360,28/05/2024,1518,Headphones,Office,1494.83,4,Israel,5979.32
8361,11/04/2022,1304,Laptop,Office,1436.62,2,Israel,2873.24
8362,29/05/2024,1693,Webcam,Office,577.36,2,Canada,1154.72
8363,09/04/2024,1108,Keyboard,Accessories,301.32,2,France,602.64
8364,29/01/2024,1323,Keyboard,Accessories,442.23,2,Canada,884.46
8365,12/06/2022,1205,USB Cable,Office,744.7,4,Israel,2978.8
8366,17/05/2023,1233,USB Cable,Electronics,1209.16,2,Germany,2418.32
8367,01/07/2023,1937,Webcam,Electronics,1085.86,4,France,4343.44
8368,16/01/2023,1457,Headphones,Office,1182.63,4,Canada,4730.52
8369,19/05/2024,1186,Keyboard,Accessories,572.99,3,UK,1718.97
8370,23/06/2024,1939,Keyboard,Accessories,374.12,2,Israel,748.24
8371,28/09/2024,1481,Headphones,Electronics,41.07,3,Israel,123.21
8372,01/09/2023,1921,Monitor,Office,941.14,4,France,3764.56
8373,03/11/2022,1406,Monitor,Accessories,1193.58,1,Israel,1193.58
8374,24/02/2022,1840,Headphones,Office,1334.27,1,Israel,1334.27
8375,09/09/2024,1508,USB Cable,Office,716.98,2,UK,1433.96
8376,29/11/2022,1868,Laptop,Electronics,1391.83,1,UK,1391.83
8377,07/05/2022,1519,USB Cable,Office,307.61,3,France,922.83
8378,06/12/2023,1052,USB Cable,Office,774,1,Israel,774
8379,31/08/2022,1397,Desk Lamp,Electronics,324.58,1,Canada,324.58
8380,23/08/2023,1198,Desk Lamp,Accessories,286.17,4,USA,1144.68
8381,18/05/2023,1390,Keyboard,Office,1430.32,3,France,4290.96
8382,27/08/2023,1648,USB Cable,Electronics,1227.52,2,Canada,2455.04
8383,30/10/2022,1770,Keyboard,Accessories,22.64,3,UK,67.92
8384,23/08/2022,1845,Monitor,Office,406.43,3,USA,1219.29
8385,27/11/2024,1912,USB Cable,Accessories,311.68,2,Canada,623.36
8386,19/05/2022,1497,Headphones,Electronics,224.97,3,Canada,674.91
8387,14/07/2022,1171,Webcam,Office,1047.63,4,Israel,4190.52
8388,09/10/2023,1085,Webcam,Electronics,852.42,2,France,1704.84
8389,01/01/2022,1557,USB Cable,Electronics,683.63,4,France,2734.52
8390,15/07/2023,1857,Laptop,Office,288.3,3,UK,864.9
8391,14/12/2023,1185,USB Cable,Electronics,420.04,1,Germany,420.04
8392,17/02/2023,1155,Headphones,Accessories,537.37,2,Germany,1074.74
8393,22/06/2023,1492,Monitor,Electronics,1179.3,2,Germany,2358.6
8394,05/03/2023,1909,Monitor,Office,1483.84,1,France,1483.84
8395,23/08/2022,1520,USB Cable,Office,280.05,1,UK,280.05
8396,15/12/2022,1626,Desk Lamp,Accessories,515.58,2,UK,1031.16
8397,31/01/2023,1665,Keyboard,Office,423.9,1,Germany,423.9
8398,20/02/2023,1129,Mouse,Electronics,70.88,4,USA,283.52
8399,04/07/2024,1842,Laptop,Electronics,332.73,3,Germany,998.19
8400,10/12/2024,1080,Laptop,Office,1352.91,4,France,5411.64
8401,22/03/2022,1383,Mouse,Accessories,1265.07,3,USA,3795.21
8402,05/02/2022,1801,Webcam,Accessories,255.56,3,UK,766.68
8403,26/12/2024,1658,Webcam,Office,552.41,1,Israel,552.41
8404,03/10/2023,1294,Webcam,Electronics,469.65,1,Canada,469.65
8405,31/05/2024,1977,Monitor,Office,225.87,4,USA,903.48
8406,27/01/2024,1268,Headphones,Office,935.2,1,UK,935.2
8407,15/09/2023,1644,Laptop,Accessories,838.16,4,USA,3352.64
8408,13/04/2023,1561,Mouse,Electronics,643.35,2,Germany,1286.7
8409,22/12/2022,1534,Keyboard,Accessories,1283.97,4,USA,5135.88
8410,10/12/2023,1377,USB Cable,Accessories,931.47,3,USA,2794.41
8411,16/10/2024,1375,Keyboard,Electronics,392.61,2,USA,785.22
8412,20/06/2024,1087,USB Cable,Electronics,563.69,4,France,2254.76
8413,04/11/2023,1924,Monitor,Electronics,229.48,4,Canada,917.92
8414,15/03/2023,1623,Laptop,Office,889.1,2,France,1778.2
8415,15/06/2023,1110,Headphones,Electronics,882.01,2,Canada,1764.02
8416,07/05/2022,1583,Laptop,Office,1305.92,3,Germany,3917.76
8417,24/07/2022,1153,USB Cable,Accessories,1284.45,3,Israel,3853.35
8418,29/01/2022,1462,Webcam,Electronics,1256.23,3,France,3768.69
8419,21/03/2023,1568,Keyboard,Office,825.68,1,Israel,825.68
8420,23/08/2024,1768,Laptop,Office,979.77,3,France,2939.31
8421,09/04/2023,1155,Keyboard,Office,1164.44,1,UK,1164.44
8422,31/05/2022,1624,Mouse,Office,142.07,4,UK,568.28
8423,28/08/2022,1317,Mouse,Accessories,454.39,4,USA,1817.56
8424,23/09/2022,1558,Keyboard,Electronics,257.79,4,Israel,1031.16
8425,01/07/2024,1237,Headphones,Electronics,769.64,1,USA,769.64
8426,12/05/2023,1333,Desk Lamp,Electronics,1257.31,4,Canada,5029.24
8427,16/11/2023,1105,Headphones,Electronics,349.91,4,USA,1399.64
8428,07/06/2022,1481,Desk Lamp,Electronics,1097.7,1,France,1097.7
8429,21/06/2022,1698,Laptop,Electronics,611.71,3,France,1835.13
8430,09/05/2023,1670,Keyboard,Office,1355.1,3,USA,4065.3
8431,27/08/2024,1709,Monitor,Electronics,942.05,3,Canada,2826.15
8432,07/11/2023,1381,Headphones,Office,1464.95,3,France,4394.85
8433,21/10/2023,1688,USB Cable,Accessories,372.28,2,Canada,744.56
8434,21/06/2024,1260,Headphones,Office,1386.32,4,UK,5545.28
8435,28/10/2023,1798,Webcam,Accessories,538.8,3,UK,1616.4
8436,02/01/2023,1292,Mouse,Electronics,934.84,3,Israel,2804.52
8437,04/07/2023,1334,Headphones,Accessories,265.89,3,UK,797.67
8438,05/10/2023,1654,USB Cable,Accessories,1140.88,3,Canada,3422.64
8439,12/09/2022,1819,Headphones,Office,1467.48,3,USA,4402.44
8440,27/07/2022,1708,USB Cable,Office,1182.2,2,Germany,2364.4
8441,26/03/2023,1475,Desk Lamp,Accessories,925.62,2,France,1851.24
8442,05/04/2022,1224,Webcam,Accessories,675.08,1,USA,675.08
8443,18/04/2024,1906,Desk Lamp,Electronics,521.13,1,France,521.13
8444,23/04/2023,1554,USB Cable,Office,631.42,3,Israel,1894.26
8445,14/11/2023,1453,Headphones,Accessories,495.79,1,USA,495.79
8446,01/02/2024,1662,Webcam,Office,1249.9,2,USA,2499.8
8447,09/07/2022,1295,Keyboard,Electronics,1340.2,3,USA,4020.6
8448,12/12/2023,1574,Keyboard,Electronics,1424.74,1,Israel,1424.74
8449,26/01/2024,1641,Mouse,Accessories,630.45,1,USA,630.45
8450,15/04/2024,1766,Laptop,Electronics,821.6,2,France,1643.2
8451,13/05/2022,1462,Webcam,Accessories,867.46,4,Germany,3469.84
8452,24/02/2022,1854,Headphones,Office,978.38,3,USA,2935.14
8453,25/05/2023,1213,Laptop,Office,8.67,1,Israel,8.67
8454,01/11/2023,1584,Keyboard,Accessories,1264.82,2,Israel,2529.64
8455,14/02/2023,1942,Headphones,Accessories,405.87,3,USA,1217.61
8456,13/09/2024,1615,Laptop,Accessories,710.89,2,Israel,1421.78
8457,04/01/2024,1157,Webcam,Office,1263.14,3,UK,3789.42
8458,16/09/2022,1271,Webcam,Office,1495.3,4,Canada,5981.2
8459,26/10/2022,1826,Laptop,Electronics,1193.35,4,Israel,4773.4
8460,15/07/2023,1237,USB Cable,Electronics,42.13,3,Germany,126.39
8461,24/10/2022,1302,Webcam,Office,556.29,3,UK,1668.87
8462,28/12/2022,1883,Monitor,Office,374.58,2,France,749.16
8463,12/08/2023,1669,Keyboard,Accessories,1446.38,3,UK,4339.14
8464,07/05/2022,1620,Mouse,Office,400.02,1,Germany,400.02
8465,16/07/2022,1520,Mouse,Office,1415.31,3,Canada,4245.93
8466,09/08/2022,1320,Monitor,Electronics,1406.59,3,UK,4219.77
8467,21/09/2024,1058,Laptop,Electronics,1259.92,4,USA,5039.68
8468,01/04/2022,1357,Webcam,Accessories,151.62,4,Israel,606.48
8469,15/02/2023,1703,Monitor,Electronics,7.98,2,USA,15.96
8470,08/01/2022,1647,Monitor,Accessories,1191.86,3,USA,3575.58
8471,28/06/2023,1250,Webcam,Office,1265.73,1,USA,1265.73
8472,13/04/2023,1890,Keyboard,Office,1443.46,1,UK,1443.46
8473,16/11/2022,1435,Webcam,Accessories,331.48,3,France,994.44
8474,26/09/2022,1145,Desk Lamp,Electronics,1101.05,2,Canada,2202.1
8475,02/03/2022,1858,Webcam,Electronics,781,1,Israel,781
8476,07/03/2024,1977,USB Cable,Office,496.08,2,UK,992.16
8477,07/07/2023,1351,Headphones,Electronics,911.41,3,Canada,2734.23
8478,14/07/2024,1569,Laptop,Accessories,824.56,2,USA,1649.12
8479,23/10/2023,1688,Mouse,Office,441.98,3,Germany,1325.94
8480,17/12/2023,1799,Mouse,Electronics,406.35,4,Germany,1625.4
8481,18/02/2024,1244,Monitor,Office,732.44,3,USA,2197.32
8482,13/07/2022,1559,USB Cable,Office,713.68,2,France,1427.36
8483,27/04/2023,1300,Monitor,Electronics,456.57,1,Canada,456.57
8484,04/05/2024,1437,Monitor,Accessories,399.28,3,Israel,1197.84
8485,13/05/2023,1867,Laptop,Electronics,1431.69,3,Canada,4295.07
8486,31/07/2022,1099,Monitor,Electronics,1294.24,3,UK,3882.72
8487,27/10/2023,1724,Monitor,Electronics,1226.08,4,France,4904.32
8488,01/11/2023,1813,Headphones,Electronics,325.35,4,Germany,1301.4
8489,09/08/2022,1479,Laptop,Electronics,287.99,4,USA,1151.96
8490,30/09/2022,1414,Keyboard,Electronics,1214.95,1,UK,1214.95
8491,06/10/2022,1164,USB Cable,Accessories,281.09,1,France,281.09
8492,26/03/2024,1911,Keyboard,Office,757.79,3,Canada,2273.37
8493,03/10/2022,1941,Webcam,Accessories,336.03,1,France,336.03
8494,01/10/2024,1637,Headphones,Electronics,570.21,2,France,1140.42
8495,29/05/2023,1301,Mouse,Accessories,1280.91,2,Canada,2561.82
8496,11/07/2024,1973,Webcam,Office,1337.67,4,UK,5350.68
8497,04/10/2023,1120,Keyboard,Accessories,1495.04,2,Israel,2990.08
8498,20/05/2023,1087,Laptop,Electronics,1416.14,2,Canada,2832.28
8499,13/08/2023,1216,Mouse,Office,1008.52,3,UK,3025.56
8500,11/02/2024,1572,Desk Lamp,Electronics,650.43,4,Canada,2601.72
8501,10/01/2024,1813,Monitor,Electronics,91.25,4,USA,365
8502,06/11/2023,1178,Laptop,Office,914.21,4,UK,3656.84
8503,10/10/2024,1701,Mouse,Office,319.97,2,France,639.94
8504,08/05/2022,1162,Keyboard,Electronics,1275.95,1,Israel,1275.95
8505,18/05/2023,1592,Webcam,Accessories,825.6,3,Israel,2476.8
8506,20/06/2024,1169,Monitor,Office,1101.59,1,USA,1101.59
8507,27/06/2023,1300,Monitor,Accessories,1011.88,4,USA,4047.52
8508,07/05/2023,1373,USB Cable,Accessories,524.26,4,Germany,2097.04
8509,10/11/2024,1707,Laptop,Office,1139.83,2,Germany,2279.66
8510,15/12/2023,1202,Webcam,Accessories,1265.85,3,Germany,3797.55
8511,01/03/2024,1046,Monitor,Office,1117.48,3,UK,3352.44
8512,20/02/2023,1462,Mouse,Office,1166.33,3,Israel,3498.99
8513,28/05/2022,1669,USB Cable,Office,543.22,2,USA,1086.44
8514,27/08/2024,1407,USB Cable,Office,1415.81,1,Germany,1415.81
8515,29/01/2022,1193,Headphones,Accessories,639.74,3,USA,1919.22
8516,04/11/2022,1426,Keyboard,Accessories,1346.09,1,Germany,1346.09
8517,11/06/2022,1929,Laptop,Office,1287.43,2,UK,2574.86
8518,18/05/2024,1790,Webcam,Office,190.87,2,Canada,381.74
8519,01/05/2024,1316,Desk Lamp,Office,1449.57,1,UK,1449.57
8520,02/03/2022,1478,Desk Lamp,Office,1494.53,3,France,4483.59
8521,05/05/2022,1420,Headphones,Electronics,911.19,1,USA,911.19
8522,30/12/2024,1268,Desk Lamp,Accessories,1175.75,3,Canada,3527.25
8523,17/04/2024,1480,Headphones,Accessories,1400.86,4,Canada,5603.44
8524,11/04/2023,1710,Laptop,Office,34.94,4,France,139.76
8525,31/08/2022,1735,Mouse,Electronics,1395.34,3,Canada,4186.02
8526,18/04/2023,1262,Webcam,Electronics,942.91,1,UK,942.91
8527,16/08/2024,1425,Keyboard,Electronics,1243.54,3,Canada,3730.62
8528,17/06/2023,1165,Laptop,Office,813.38,3,UK,2440.14
8529,09/05/2023,1691,Webcam,Electronics,798.17,3,Canada,2394.51
8530,17/06/2024,1427,Headphones,Office,1346.79,4,Canada,5387.16
8531,23/03/2022,1703,Headphones,Electronics,763.67,2,USA,1527.34
8532,05/05/2024,1396,Laptop,Office,710.33,4,France,2841.32
8533,28/05/2024,1215,Webcam,Office,914.24,3,Canada,2742.72
8534,11/07/2024,1795,Headphones,Accessories,780.26,1,Canada,780.26
8535,12/01/2022,1863,Laptop,Office,672.2,2,France,1344.4
8536,25/03/2023,1106,USB Cable,Electronics,274.88,3,France,824.64
8537,01/02/2024,1977,Laptop,Accessories,599.11,2,USA,1198.22
8538,26/01/2022,1097,Keyboard,Electronics,426.66,1,USA,426.66
8539,23/05/2023,1879,Laptop,Office,603.69,2,USA,1207.38
8540,03/03/2022,1481,USB Cable,Accessories,891.77,2,Israel,1783.54
8541,17/08/2022,1498,Webcam,Office,915.23,3,Canada,2745.69
8542,30/08/2023,1229,Webcam,Office,361.8,1,UK,361.8
8543,24/11/2024,1256,Desk Lamp,Electronics,131.3,1,Israel,131.3
8544,09/06/2024,1042,Headphones,Electronics,1117.93,4,Israel,4471.72
8545,31/01/2024,1241,Desk Lamp,Electronics,795.21,2,UK,1590.42
8546,18/08/2023,1553,Monitor,Accessories,665.94,3,Canada,1997.82
8547,14/11/2024,1094,Keyboard,Electronics,198.75,2,Germany,397.5
8548,21/11/2024,1945,Webcam,Office,624.92,2,Germany,1249.84
8549,01/11/2024,1765,Headphones,Accessories,1228.17,2,Germany,2456.34
8550,01/01/2022,1187,Headphones,Electronics,874.25,3,USA,2622.75
8551,13/05/2022,1384,Keyboard,Electronics,141.01,2,USA,282.02
8552,27/03/2022,1818,Desk Lamp,Electronics,501.75,3,France,1505.25
8553,31/05/2023,1399,Keyboard,Office,1469.8,1,France,1469.8
8554,24/06/2022,1505,Desk Lamp,Electronics,819.04,2,Israel,1638.08
8555,02/02/2024,1166,Headphones,Office,433.16,4,France,1732.64
8556,10/11/2024,1782,USB Cable,Accessories,1370.6,1,USA,1370.6
8557,23/09/2024,1124,Monitor,Electronics,507.32,4,Israel,2029.28
8558,01/08/2023,1672,USB Cable,Office,1096.21,2,France,2192.42
8559,18/02/2022,1086,Mouse,Electronics,225.09,1,France,225.09
8560,12/06/2023,1820,USB Cable,Electronics,238.96,3,Germany,716.88
8561,25/05/2022,1488,Headphones,Accessories,844.16,2,USA,1688.32
8562,01/02/2024,1225,Keyboard,Accessories,363.54,2,Israel,727.08
8563,17/07/2024,1656,Laptop,Office,78.75,3,UK,236.25
8564,04/03/2024,1344,Laptop,Office,1390.07,4,Canada,5560.28
8565,15/11/2022,1759,Keyboard,Office,88.7,1,France,88.7
8566,29/11/2023,1873,USB Cable,Accessories,1077.57,1,USA,1077.57
8567,26/04/2024,1517,Keyboard,Office,502.81,3,Israel,1508.43
8568,22/02/2024,1030,Mouse,Accessories,1400.59,1,Canada,1400.59
8569,11/02/2022,1708,Webcam,Accessories,1479.15,3,USA,4437.45
8570,13/06/2023,1743,Desk Lamp,Electronics,506.47,4,USA,2025.88
8571,19/10/2022,1295,Keyboard,Electronics,888.7,4,Israel,3554.8
8572,26/08/2024,1413,Desk Lamp,Office,1160.61,1,Germany,1160.61
8573,07/04/2022,1836,Desk Lamp,Accessories,189.5,3,Canada,568.5
8574,15/03/2022,1971,Laptop,Accessories,1065.65,3,Germany,3196.95
8575,27/12/2024,1134,Monitor,Accessories,1359.77,3,France,4079.31
8576,28/01/2024,1524,Keyboard,Electronics,271.86,3,Germany,815.58
8577,27/07/2022,1003,Mouse,Accessories,1258.87,1,France,1258.87
8578,14/02/2023,1177,Desk Lamp,Office,177.83,2,France,355.66
8579,27/11/2022,1745,Monitor,Office,854.61,1,Israel,854.61
8580,10/12/2022,1258,Mouse,Electronics,512.35,3,USA,1537.05
8581,15/09/2024,1651,Monitor,Office,710.22,2,UK,1420.44
8582,10/02/2024,1064,Keyboard,Accessories,454.45,2,UK,908.9
8583,15/03/2022,1794,Desk Lamp,Accessories,394.51,1,Germany,394.51
8584,11/09/2022,1362,Laptop,Office,1115.99,3,Israel,3347.97
8585,16/08/2024,1817,Monitor,Electronics,338.55,3,UK,1015.65
8586,30/03/2024,1716,Headphones,Accessories,615.58,3,USA,1846.74
8587,12/09/2024,1016,Webcam,Accessories,415.46,3,France,1246.38
8588,28/11/2022,1199,Mouse,Electronics,361.76,3,France,1085.28
8589,17/01/2024,1543,Monitor,Accessories,942.51,2,Israel,1885.02
8590,15/04/2024,1211,Desk Lamp,Office,72.92,1,Germany,72.92
8591,31/03/2023,1434,Mouse,Office,1184.4,1,USA,1184.4
8592,09/11/2022,1272,Laptop,Electronics,821.62,4,Germany,3286.48
8593,14/10/2024,1289,Mouse,Electronics,1243.51,1,Germany,1243.51
8594,16/08/2022,1802,Mouse,Office,323.46,2,Israel,646.92
8595,13/04/2024,1482,Headphones,Electronics,1065.56,4,France,4262.24
8596,07/05/2024,1997,Mouse,Office,633.77,2,Germany,1267.54
8597,28/03/2024,1233,Monitor,Electronics,119.82,1,Germany,119.82
8598,14/10/2024,1407,Desk Lamp,Office,1129.95,2,USA,2259.9
8599,12/06/2023,1693,Mouse,Accessories,1144.47,2,Canada,2288.94
8600,07/08/2024,1145,Desk Lamp,Accessories,410.02,1,France,410.02
8601,03/03/2023,1561,Keyboard,Office,1374.49,2,Germany,2748.98
8602,11/02/2022,1429,Mouse,Accessories,1147.13,4,Canada,4588.52
8603,10/04/2023,1431,Keyboard,Office,463.6,4,UK,1854.4
8604,05/10/2022,1614,Webcam,Electronics,362.47,3,Canada,1087.41
8605,15/04/2024,1544,Mouse,Accessories,662.93,4,UK,2651.72
8606,19/01/2022,1496,USB Cable,Accessories,442.72,4,France,1770.88
8607,07/03/2022,1982,Webcam,Accessories,329.45,1,France,329.45
8608,16/06/2022,1088,Desk Lamp,Office,601.66,4,Israel,2406.64
8609,16/10/2024,1996,USB Cable,Accessories,43.43,1,Canada,43.43
8610,07/02/2023,1410,Mouse,Electronics,605.11,4,Germany,2420.44
8611,13/02/2023,1896,Monitor,Accessories,336.39,1,UK,336.39
8612,22/04/2022,1852,USB Cable,Electronics,400.18,1,Canada,400.18
8613,20/08/2023,1826,Keyboard,Accessories,128.42,2,UK,256.84
8614,13/10/2023,1240,Desk Lamp,Accessories,885.45,4,France,3541.8
8615,28/11/2024,1777,Webcam,Electronics,710.65,1,France,710.65
8616,15/04/2022,1222,Webcam,Accessories,1127.19,4,USA,4508.76
8617,20/11/2022,1747,Keyboard,Electronics,1480.71,3,USA,4442.13
8618,18/09/2024,1664,Headphones,Electronics,183.7,2,France,367.4
8619,05/03/2023,1467,Mouse,Electronics,412.28,2,USA,824.56
8620,27/09/2023,1568,Mouse,Accessories,1025.27,1,France,1025.27
8621,31/12/2023,1321,Monitor,Accessories,359.78,4,Canada,1439.12
8622,07/06/2024,1374,Headphones,Electronics,50.07,2,France,100.14
8623,20/12/2024,1111,Headphones,Accessories,169.16,2,Israel,338.32
8624,28/01/2023,1526,USB Cable,Office,653.27,2,USA,1306.54
8625,23/07/2022,1411,Desk Lamp,Electronics,649.02,1,Germany,649.02
8626,15/09/2022,1268,Monitor,Electronics,1458.6,3,Germany,4375.8
8627,01/05/2023,1625,Webcam,Office,701.6,1,Canada,701.6
8628,22/03/2023,1251,Keyboard,Office,1018.71,3,Israel,3056.13
8629,20/10/2024,1373,Webcam,Electronics,740.84,2,Germany,1481.68
8630,08/12/2022,1653,Laptop,Office,408.53,3,Germany,1225.59
8631,13/05/2022,1625,Monitor,Electronics,162.65,1,Canada,162.65
8632,19/03/2023,1449,Keyboard,Accessories,1289.32,1,Canada,1289.32
8633,10/09/2022,1801,Webcam,Office,233.23,4,Israel,932.92
8634,22/09/2022,1994,Webcam,Electronics,149.86,4,UK,599.44
8635,03/04/2022,1868,Headphones,Electronics,324.67,1,Israel,324.67
8636,18/05/2022,1536,Monitor,Electronics,8.72,4,Israel,34.88
8637,28/09/2024,1367,Laptop,Office,112.59,2,USA,225.18
8638,03/11/2022,1821,Mouse,Accessories,954.62,3,Germany,2863.86
8639,23/09/2022,1254,Monitor,Accessories,369.1,1,Germany,369.1
8640,08/10/2023,1462,Desk Lamp,Office,511.08,1,UK,511.08
8641,14/11/2022,1267,Laptop,Electronics,1253.77,4,Israel,5015.08
8642,19/06/2024,1125,Desk Lamp,Electronics,1160.48,1,France,1160.48
8643,30/03/2023,1392,Laptop,Electronics,740.91,4,UK,2963.64
8644,10/07/2022,1761,Desk Lamp,Office,921.4,2,UK,1842.8
8645,10/04/2024,1798,Monitor,Office,133.29,1,Germany,133.29
8646,06/07/2022,1333,Keyboard,Electronics,1143.58,2,Germany,2287.16
8647,29/03/2024,1988,Monitor,Electronics,776.71,2,Germany,1553.42
8648,17/10/2024,1564,Webcam,Electronics,858.57,1,Germany,858.57
8649,12/05/2022,1367,USB Cable,Office,999.96,4,UK,3999.84
8650,21/05/2024,1554,Headphones,Office,752.76,4,Canada,3011.04
8651,27/09/2023,1677,Webcam,Accessories,784.93,2,Israel,1569.86
8652,22/11/2023,1553,Laptop,Electronics,751.96,4,Canada,3007.84
8653,23/11/2023,1891,Laptop,Electronics,747.74,4,Canada,2990.96
8654,23/11/2024,1455,Mouse,Accessories,1126.56,2,Germany,2253.12
8655,05/08/2023,1687,Laptop,Electronics,643.68,1,USA,643.68
8656,20/06/2022,1066,USB Cable,Accessories,9.33,1,UK,9.33
8657,23/02/2024,1065,Mouse,Office,920.03,3,France,2760.09
8658,18/12/2024,1911,Laptop,Accessories,1429.23,1,France,1429.23
8659,30/06/2022,1594,Laptop,Accessories,389.15,4,Israel,1556.6
8660,19/01/2022,1861,Monitor,Office,1225.21,3,UK,3675.63
8661,30/05/2024,1616,Monitor,Electronics,685.96,3,UK,2057.88
8662,24/06/2022,1399,Headphones,Accessories,966.26,3,UK,2898.78
8663,23/02/2022,1286,Webcam,Accessories,1336.86,1,Canada,1336.86
8664,26/11/2023,1885,Keyboard,Electronics,1157.67,3,USA,3473.01
8665,12/05/2024,1185,Headphones,Accessories,1327.44,3,USA,3982.32
8666,15/12/2022,1283,Laptop,Office,19.23,3,Canada,57.69
8667,19/03/2023,1515,Headphones,Accessories,285.04,1,Germany,285.04
8668,12/04/2024,1649,Monitor,Electronics,638.12,1,Canada,638.12
8669,03/08/2023,1690,Webcam,Electronics,1272.52,1,France,1272.52
8670,09/10/2022,1236,Laptop,Accessories,1258.4,1,Canada,1258.4
8671,26/12/2022,1017,Desk Lamp,Electronics,281.78,2,USA,563.56
8672,03/07/2024,1814,Laptop,Electronics,217.65,1,France,217.65
8673,02/04/2024,1927,Headphones,Accessories,1252.88,4,Canada,5011.52
8674,10/06/2024,1413,Webcam,Accessories,814.44,3,UK,2443.32
8675,10/08/2024,1931,Desk Lamp,Electronics,942.02,1,USA,942.02
8676,03/10/2023,1008,USB Cable,Accessories,1214.76,4,France,4859.04
8677,28/10/2024,1419,Mouse,Office,321.56,4,USA,1286.24
8678,17/07/2023,1028,USB Cable,Accessories,209.04,4,UK,836.16
8679,06/05/2023,1655,Desk Lamp,Electronics,1289.27,2,UK,2578.54
8680,07/12/2022,1347,Desk Lamp,Office,172.1,2,UK,344.2
8681,17/04/2023,1660,Keyboard,Electronics,136.83,2,Germany,273.66
8682,06/09/2022,1575,Desk Lamp,Electronics,419.23,4,Canada,1676.92
8683,23/08/2022,1878,Webcam,Office,478.69,1,France,478.69
8684,03/04/2024,1449,Headphones,Accessories,365.5,4,Germany,1462
8685,24/09/2023,1379,USB Cable,Electronics,1113.73,2,Israel,2227.46
8686,13/06/2023,1698,Headphones,Accessories,1460.16,2,Israel,2920.32
8687,02/05/2022,1365,Keyboard,Accessories,303.39,2,USA,606.78
8688,10/06/2024,1226,Laptop,Office,1173.87,1,USA,1173.87
8689,10/01/2022,1117,Laptop,Electronics,71.14,4,USA,284.56
8690,17/04/2024,1411,Mouse,Office,182.76,2,Germany,365.52
8691,23/01/2024,1950,Headphones,Office,775.1,4,Canada,3100.4
8692,04/06/2024,1355,Keyboard,Electronics,1499.42,4,UK,5997.68
8693,09/04/2023,1253,Headphones,Electronics,1424.3,2,USA,2848.6
8694,13/12/2023,1542,Monitor,Office,172.35,3,USA,517.05
8695,29/12/2023,1672,Headphones,Office,363.33,3,Canada,1089.99
8696,18/12/2023,1726,Headphones,Office,1418.96,3,Israel,4256.88
8697,21/03/2022,1443,Monitor,Electronics,230.33,2,UK,460.66
8698,25/04/2023,1680,Monitor,Electronics,1115.47,4,Germany,4461.88
8699,20/06/2024,1080,USB Cable,Office,6.66,3,Canada,19.98
8700,09/06/2024,1045,Desk Lamp,Electronics,949.41,1,UK,949.41
8701,18/01/2022,1048,Desk Lamp,Electronics,744.43,3,Israel,2233.29
8702,21/07/2022,1448,Keyboard,Electronics,709.18,1,Germany,709.18
8703,11/01/2024,1809,USB Cable,Accessories,1244.64,3,France,3733.92
8704,15/11/2022,1406,Laptop,Accessories,125.7,3,USA,377.1
8705,05/08/2022,1879,Mouse,Office,569.11,3,Germany,1707.33
8706,23/11/2024,1282,USB Cable,Accessories,671.83,1,Israel,671.83
8707,23/09/2022,1472,Monitor,Office,190.27,1,UK,190.27
8708,25/12/2023,1415,Laptop,Office,133.07,3,Germany,399.21
8709,14/02/2024,1978,Desk Lamp,Electronics,273.52,1,Israel,273.52
8710,17/02/2023,1599,Keyboard,Office,365.37,4,Canada,1461.48
8711,01/11/2024,1120,Webcam,Office,1449.26,3,Germany,4347.78
8712,05/02/2023,1002,Headphones,Office,716.04,4,USA,2864.16
8713,25/12/2023,1315,Keyboard,Office,767.88,2,Canada,1535.76
8714,09/10/2022,1459,Keyboard,Electronics,1061.96,2,UK,2123.92
8715,24/12/2023,1226,Monitor,Electronics,1027.98,2,Canada,2055.96
8716,21/01/2024,1078,Mouse,Office,756.65,4,UK,3026.6
8717,25/09/2022,1656,USB Cable,Accessories,513.06,1,Germany,513.06
8718,25/10/2022,1753,Monitor,Accessories,499.92,2,Canada,999.84
8719,24/07/2023,1543,Headphones,Office,91.28,3,Israel,273.84
8720,24/05/2023,1774,Monitor,Electronics,1349.95,3,USA,4049.85
8721,30/06/2023,1722,Headphones,Office,1155.24,1,USA,1155.24
8722,14/02/2024,1070,Monitor,Office,936.9,3,Germany,2810.7
8723,31/12/2022,1895,Webcam,Electronics,597.14,4,France,2388.56
8724,01/07/2023,1196,Desk Lamp,Accessories,875.79,2,Canada,1751.58
8725,28/09/2022,1057,Mouse,Office,730.21,4,Germany,2920.84
8726,09/01/2024,1423,Webcam,Electronics,414.53,3,Canada,1243.59
8727,21/06/2023,1468,Laptop,Electronics,451.37,4,USA,1805.48
8728,28/02/2022,1623,Desk Lamp,Office,1312.35,1,Canada,1312.35
8729,27/03/2022,1047,Desk Lamp,Electronics,954.19,4,UK,3816.76
8730,02/02/2024,1434,Desk Lamp,Office,7.13,3,Germany,21.39
8731,25/01/2023,1184,Mouse,Accessories,493.67,3,Germany,1481.01
8732,20/12/2023,1878,USB Cable,Office,513.22,2,UK,1026.44
8733,05/05/2024,1838,Monitor,Accessories,1060.97,4,Canada,4243.88
8734,29/05/2022,1164,Desk Lamp,Electronics,1052.18,1,Germany,1052.18
8735,06/08/2023,1726,Keyboard,Office,698.91,2,Israel,1397.82
8736,01/05/2022,1330,Laptop,Electronics,1426.71,3,UK,4280.13
8737,04/02/2024,1329,Desk Lamp,Office,1308.98,4,UK,5235.92
8738,28/08/2023,1120,Keyboard,Electronics,1299.99,1,Canada,1299.99
8739,13/09/2022,1212,Desk Lamp,Accessories,525.66,3,UK,1576.98
8740,05/02/2024,1822,Webcam,Office,649.34,3,USA,1948.02
8741,13/05/2024,1506,USB Cable,Electronics,631.35,2,Germany,1262.7
8742,10/03/2024,1552,Mouse,Office,663.2,3,France,1989.6
8743,28/02/2022,1864,USB Cable,Office,1334.37,1,Germany,1334.37
8744,18/10/2024,1915,Laptop,Accessories,377.44,1,Germany,377.44
8745,28/12/2024,1800,Webcam,Electronics,1204.28,2,USA,2408.56
8746,23/01/2023,1167,Monitor,Office,773.49,2,Israel,1546.98
8747,25/02/2024,1994,Keyboard,Office,377.38,1,Israel,377.38
8748,16/08/2023,1545,Monitor,Office,793.3,2,USA,1586.6
8749,27/06/2024,1829,Headphones,Office,297.19,3,USA,891.57
8750,20/07/2023,1995,USB Cable,Office,166.73,1,USA,166.73
8751,03/02/2023,1986,Laptop,Electronics,1258.08,2,Germany,2516.16
8752,17/06/2024,1786,Keyboard,Office,1050.49,1,USA,1050.49
8753,20/10/2022,1426,Mouse,Office,311.44,3,France,934.32
8754,30/04/2023,1708,Desk Lamp,Office,1413.73,2,UK,2827.46
8755,13/03/2024,1702,Mouse,Electronics,41.48,1,Israel,41.48
8756,08/06/2024,1220,Mouse,Office,503.25,3,Canada,1509.75
8757,01/09/2022,1009,Webcam,Office,37.37,2,France,74.74
8758,17/08/2024,1119,Mouse,Accessories,217.73,1,Canada,217.73
8759,26/03/2024,1634,Keyboard,Accessories,274.22,3,Israel,822.66
8760,30/09/2022,1246,Desk Lamp,Office,1216.45,3,Germany,3649.35
8761,04/06/2023,1359,USB Cable,Office,1489.59,3,Germany,4468.77
8762,22/07/2023,1908,USB Cable,Accessories,1301.64,4,USA,5206.56
8763,30/09/2023,1220,USB Cable,Electronics,954.52,3,Israel,2863.56
8764,08/06/2022,1772,Webcam,Electronics,1085.77,3,Germany,3257.31
8765,14/10/2023,1505,Headphones,Accessories,786.62,2,Germany,1573.24
8766,25/06/2022,1057,Mouse,Office,636.7,4,Canada,2546.8
8767,12/09/2023,1826,USB Cable,Accessories,1039.79,3,Canada,3119.37
8768,30/07/2022,1459,Mouse,Electronics,1459.81,2,Israel,2919.62
8769,23/03/2023,1127,Desk Lamp,Accessories,48.2,2,Germany,96.4
8770,09/08/2023,1698,Desk Lamp,Electronics,474.56,1,USA,474.56
8771,16/06/2022,1716,Webcam,Office,498.44,1,Germany,498.44
8772,05/04/2023,1085,Mouse,Office,624.31,4,France,2497.24
8773,04/07/2024,1103,Headphones,Office,942.2,2,France,1884.4
8774,18/11/2024,1142,Webcam,Electronics,773.06,3,USA,2319.18
8775,15/12/2023,1204,Webcam,Accessories,33,3,France,99
8776,20/04/2024,1640,Laptop,Office,620.36,2,Canada,1240.72
8777,17/05/2024,1757,Webcam,Electronics,931.08,4,Germany,3724.32
8778,19/11/2023,1037,Mouse,Office,759.71,3,France,2279.13
8779,26/11/2022,1362,Webcam,Accessories,1308.73,4,France,5234.92
8780,05/04/2022,1620,Mouse,Office,600.9,2,Germany,1201.8
8781,24/02/2024,1308,Mouse,Electronics,23.78,4,Israel,95.12
8782,11/10/2023,1051,USB Cable,Electronics,430.92,1,USA,430.92
8783,19/12/2022,1000,Webcam,Office,207.83,4,Israel,831.32
8784,18/07/2024,1010,Laptop,Office,379.09,4,Israel,1516.36
8785,29/07/2024,1825,Mouse,Electronics,546.32,3,France,1638.96
8786,10/09/2024,1746,USB Cable,Office,1016.6,4,UK,4066.4
8787,08/11/2024,1639,Laptop,Office,489.63,3,Israel,1468.89
8788,08/10/2023,1935,Laptop,Office,1326.74,3,Germany,3980.22
8789,18/09/2023,1213,Webcam,Accessories,452.85,1,Germany,452.85
8790,19/05/2022,1994,Monitor,Accessories,209.72,3,Germany,629.16
8791,17/12/2023,1955,USB Cable,Accessories,257.45,2,UK,514.9
8792,01/02/2024,1754,Monitor,Office,1402.2,3,UK,4206.6
8793,12/09/2022,1555,Mouse,Electronics,684.95,2,Canada,1369.9
8794,07/11/2023,1517,Keyboard,Office,607.67,3,USA,1823.01
8795,02/04/2022,1667,Monitor,Office,108.01,2,UK,216.02
8796,28/12/2024,1414,USB Cable,Accessories,1101.31,1,USA,1101.31
8797,06/02/2022,1007,Webcam,Electronics,1043.51,4,Canada,4174.04
8798,20/05/2022,1004,USB Cable,Accessories,566.73,3,Germany,1700.19
8799,16/05/2024,1361,Webcam,Electronics,1039.19,1,UK,1039.19
8800,11/11/2023,1693,Monitor,Office,554.34,1,France,554.34
8801,17/05/2022,1111,Keyboard,Office,114.37,3,Canada,343.11
8802,09/07/2022,1272,Headphones,Office,1108.46,3,France,3325.38
8803,08/12/2022,1421,Mouse,Electronics,1447.98,2,France,2895.96
8804,25/10/2024,1264,USB Cable,Accessories,974.19,3,UK,2922.57
8805,29/08/2024,1457,Headphones,Accessories,418.31,3,UK,1254.93
8806,24/10/2023,1211,Headphones,Accessories,408.53,2,UK,817.06
8807,31/08/2022,1077,Laptop,Electronics,1393.82,2,France,2787.64
8808,19/02/2023,1781,Laptop,Electronics,458.42,3,Germany,1375.26
8809,08/12/2023,1665,Mouse,Office,1153.45,3,Israel,3460.35
8810,09/12/2022,1220,Keyboard,Accessories,966.16,3,Germany,2898.48
8811,13/11/2023,1368,Laptop,Electronics,890.94,4,UK,3563.76
8812,15/10/2023,1957,USB Cable,Accessories,275.71,4,Israel,1102.84
8813,26/05/2022,1346,USB Cable,Accessories,56.44,1,Canada,56.44
8814,19/11/2022,1024,Monitor,Electronics,735.57,1,Israel,735.57
8815,02/05/2022,1975,USB Cable,Electronics,1482.3,3,Germany,4446.9
8816,07/11/2022,1419,Mouse,Office,297.66,2,France,595.32
8817,24/08/2023,1353,Webcam,Office,807.62,3,USA,2422.86
8818,20/04/2023,1719,Headphones,Office,1008.11,3,France,3024.33
8819,24/07/2023,1416,USB Cable,Accessories,728.1,1,France,728.1
8820,29/07/2023,1514,Mouse,Accessories,762.87,3,Israel,2288.61
8821,13/12/2022,1214,Webcam,Office,993.54,3,UK,2980.62
8822,30/03/2024,1906,Webcam,Accessories,1223.28,1,UK,1223.28
8823,17/01/2023,1111,Laptop,Accessories,503.26,1,Israel,503.26
8824,13/03/2022,1953,Webcam,Accessories,1349.42,2,France,2698.84
8825,05/06/2023,1703,Keyboard,Accessories,729.93,2,Germany,1459.86
8826,21/07/2024,1913,Webcam,Electronics,994.51,2,Canada,1989.02
8827,05/12/2022,1558,Webcam,Electronics,164.24,4,USA,656.96
8828,26/10/2023,1427,Headphones,Office,741.26,4,France,2965.04
8829,09/02/2022,1732,Keyboard,Office,29.08,3,France,87.24
8830,28/07/2023,1698,Mouse,Accessories,589.58,2,USA,1179.16
8831,23/08/2024,1561,Keyboard,Accessories,86.45,1,Germany,86.45
8832,04/08/2023,1708,Keyboard,Electronics,1345.99,2,USA,2691.98
8833,19/06/2022,1215,Mouse,Accessories,1010.84,3,Israel,3032.52
8834,02/12/2023,1412,Headphones,Accessories,1188.86,4,USA,4755.44
8835,26/05/2023,1732,USB Cable,Office,704.18,4,USA,2816.72
8836,07/08/2023,1379,Desk Lamp,Accessories,1278.59,3,France,3835.77
8837,10/09/2024,1601,Webcam,Electronics,1310.2,2,France,2620.4
8838,04/04/2023,1231,Keyboard,Accessories,538.44,3,UK,1615.32
8839,13/06/2023,1834,Keyboard,Accessories,568.4,3,USA,1705.2
8840,07/12/2022,1257,USB Cable,Accessories,764.82,4,Israel,3059.28
8841,26/02/2022,1664,Mouse,Accessories,68.15,4,UK,272.6
8842,06/08/2022,1255,Monitor,Accessories,1493.67,4,Canada,5974.68
8843,11/09/2023,1402,USB Cable,Electronics,541.98,3,USA,1625.94
8844,26/03/2024,1423,Keyboard,Office,708.91,2,France,1417.82
8845,01/01/2024,1769,Laptop,Accessories,1133.36,3,Israel,3400.08
8846,09/04/2023,1978,Webcam,Office,449.78,2,Germany,899.56
8847,04/09/2022,1064,Webcam,Office,306.44,2,UK,612.88
8848,31/12/2023,1189,USB Cable,Electronics,195.54,3,France,586.62
8849,08/01/2023,1602,Headphones,Office,794.39,2,Germany,1588.78
8850,21/02/2023,1949,USB Cable,Accessories,13.22,2,USA,26.44
8851,20/11/2024,1172,Keyboard,Accessories,1065.73,3,Israel,3197.19
8852,03/01/2023,1758,Mouse,Accessories,694.78,4,France,2779.12
8853,13/07/2023,1767,Laptop,Accessories,800.08,3,France,2400.24
8854,18/04/2022,1627,USB Cable,Electronics,398.49,4,Israel,1593.96
8855,07/08/2023,1560,Mouse,Office,271.49,2,France,542.98
8856,18/04/2024,1226,USB Cable,Electronics,1051.48,4,France,4205.92
8857,22/02/2023,1580,Keyboard,Office,319.36,4,USA,1277.44
8858,31/03/2024,1933,Laptop,Electronics,1171.23,1,UK,1171.23
8859,14/11/2023,1387,Headphones,Electronics,309.49,1,Germany,309.49
8860,13/09/2022,1400,Headphones,Electronics,920.96,4,Canada,3683.84
8861,19/02/2024,1637,USB Cable,Accessories,967.59,1,Israel,967.59
8862,17/04/2024,1948,Desk Lamp,Accessories,760.94,4,Germany,3043.76
8863,03/07/2024,1212,Headphones,Electronics,1495.2,1,Israel,1495.2
8864,23/08/2022,1052,Desk Lamp,Office,566.89,2,Canada,1133.78
8865,07/07/2023,1623,Desk Lamp,Office,1325.57,3,Israel,3976.71
8866,30/06/2022,1670,Monitor,Accessories,258,1,France,258
8867,06/06/2022,1751,Mouse,Electronics,509.13,3,Canada,1527.39
8868,25/07/2023,1661,Keyboard,Accessories,222.32,1,Canada,222.32
8869,06/05/2024,1138,Laptop,Accessories,907.42,4,USA,3629.68
8870,13/11/2024,1417,USB Cable,Accessories,959.19,1,Israel,959.19
8871,05/08/2024,1624,USB Cable,Electronics,682.99,1,Canada,682.99
8872,15/08/2023,1142,Webcam,Electronics,1081.64,3,Germany,3244.92
8873,14/05/2022,1881,Webcam,Accessories,1302.14,3,UK,3906.42
8874,25/02/2023,1508,Mouse,Electronics,1165.96,1,Germany,1165.96
8875,01/08/2022,1649,Keyboard,Office,366.29,3,Canada,1098.87
8876,18/06/2024,1485,Monitor,Office,484,1,USA,484
8877,27/04/2023,1991,Keyboard,Accessories,573.51,4,UK,2294.04
8878,14/12/2022,1436,Mouse,Office,309.63,4,France,1238.52
8879,15/06/2022,1815,Keyboard,Accessories,545.05,2,Germany,1090.1
8880,25/07/2024,1542,Webcam,Accessories,360.88,3,Germany,1082.64
8881,14/12/2022,1292,Webcam,Accessories,1493.61,1,Canada,1493.61
8882,28/04/2024,1619,Laptop,Electronics,1175.96,4,Israel,4703.84
8883,02/02/2023,1283,Monitor,Electronics,1290.73,2,Israel,2581.46
8884,06/08/2023,1670,Webcam,Electronics,1383.61,2,UK,2767.22
8885,27/12/2023,1837,Laptop,Electronics,999.18,1,France,999.18
8886,04/11/2022,1013,Monitor,Accessories,268.08,2,Israel,536.16
8887,17/09/2024,1633,Webcam,Electronics,1139,2,Canada,2278
8888,08/03/2024,1726,Monitor,Office,28.34,1,Germany,28.34
8889,20/12/2023,1271,Desk Lamp,Office,174.28,2,UK,348.56
8890,11/04/2023,1024,Keyboard,Electronics,49.23,2,Israel,98.46
8891,09/04/2022,1934,Laptop,Office,207.49,1,Israel,207.49
8892,07/06/2022,1321,Monitor,Office,1129.25,1,USA,1129.25
8893,02/09/2023,1805,USB Cable,Electronics,1328.79,4,UK,5315.16
8894,08/07/2023,1680,Monitor,Accessories,421.87,2,UK,843.74
8895,13/10/2023,1102,Keyboard,Accessories,183.1,4,Canada,732.4
8896,08/07/2024,1865,Webcam,Accessories,413.07,4,France,1652.28
8897,15/08/2022,1882,Webcam,Electronics,972.44,3,Israel,2917.32
8898,27/02/2023,1039,USB Cable,Accessories,528.55,1,UK,528.55
8899,31/12/2024,1234,Mouse,Accessories,1441.91,3,Canada,4325.73
8900,31/08/2022,1831,Mouse,Office,200.81,1,France,200.81
8901,14/06/2023,1088,Webcam,Accessories,1485.56,3,Israel,4456.68
8902,04/12/2024,1099,Desk Lamp,Electronics,23.62,1,Germany,23.62
8903,06/01/2023,1143,USB Cable,Accessories,680.28,2,USA,1360.56
8904,14/10/2023,1081,Headphones,Office,381.46,2,France,762.92
8905,20/11/2023,1588,Headphones,Office,851.6,4,USA,3406.4
8906,04/01/2024,1570,USB Cable,Office,149.34,3,Germany,448.02
8907,02/04/2022,1228,Monitor,Office,1314.36,4,UK,5257.44
8908,11/11/2024,1602,Webcam,Accessories,209.11,3,Israel,627.33
8909,21/06/2022,1865,Mouse,Office,883.15,1,UK,883.15
8910,28/06/2022,1394,Monitor,Office,54.85,1,USA,54.85
8911,26/08/2022,1512,Laptop,Office,469.93,3,UK,1409.79
8912,26/05/2024,1780,USB Cable,Accessories,228.84,3,UK,686.52
8913,20/06/2024,1797,USB Cable,Electronics,1466.88,2,France,2933.76
8914,07/10/2022,1196,Desk Lamp,Office,22.97,3,Canada,68.91
8915,08/11/2024,1273,Mouse,Office,531.83,2,France,1063.66
8916,10/01/2024,1589,Mouse,Office,457.65,3,Germany,1372.95
8917,06/01/2023,1652,Mouse,Accessories,987.77,2,France,1975.54
8918,19/05/2024,1799,USB Cable,Accessories,89.29,4,France,357.16
8919,15/10/2024,1582,Headphones,Office,1216.87,2,France,2433.74
8920,09/08/2022,1967,Keyboard,Electronics,702.45,4,France,2809.8
8921,08/07/2024,1561,Desk Lamp,Office,681.89,2,Canada,1363.78
8922,31/10/2022,1966,Keyboard,Electronics,344.05,1,Germany,344.05
8923,14/03/2023,1371,Desk Lamp,Electronics,737.62,2,France,1475.24
8924,10/01/2023,1880,USB Cable,Accessories,549.02,3,France,1647.06
8925,16/01/2023,1079,Headphones,Accessories,371.48,4,USA,1485.92
8926,12/09/2024,1234,Desk Lamp,Accessories,257.16,3,France,771.48
8927,14/01/2022,1286,Webcam,Electronics,1093.86,3,Germany,3281.58
8928,13/01/2024,1818,Webcam,Electronics,217.35,1,Canada,217.35
8929,31/10/2023,1666,USB Cable,Electronics,256.13,2,Germany,512.26
8930,15/05/2023,1571,USB Cable,Accessories,867.72,1,UK,867.72
8931,19/07/2023,1544,Headphones,Accessories,342.99,2,France,685.98
8932,14/06/2023,1436,Headphones,Accessories,691.77,3,Israel,2075.31
8933,07/05/2023,1126,Webcam,Office,831.61,2,UK,1663.22
8934,25/01/2024,1732,Keyboard,Electronics,415.27,1,Germany,415.27
8935,27/10/2022,1711,Monitor,Electronics,518.61,4,UK,2074.44
8936,25/03/2024,1416,Headphones,Office,319.26,1,Israel,319.26
8937,01/07/2023,1637,Monitor,Electronics,693.33,1,USA,693.33
8938,28/12/2023,1040,Monitor,Electronics,1488.64,1,Israel,1488.64
8939,01/01/2024,1786,Laptop,Office,547.25,4,Canada,2189
8940,07/04/2024,1468,Keyboard,Electronics,981.73,3,Canada,2945.19
8941,25/08/2023,1296,Desk Lamp,Accessories,955.66,1,UK,955.66
8942,28/10/2024,1596,USB Cable,Office,1180.79,1,France,1180.79
8943,07/02/2024,1600,Monitor,Electronics,1069.32,1,USA,1069.32
8944,24/05/2024,1041,USB Cable,Accessories,22.61,4,Canada,90.44
8945,25/07/2024,1631,USB Cable,Electronics,467.28,4,Israel,1869.12
8946,11/05/2022,1278,Keyboard,Office,1306,4,France,5224
8947,31/08/2023,1458,Keyboard,Accessories,811.63,3,Israel,2434.89
8948,26/01/2022,1032,Laptop,Electronics,160.82,2,Germany,321.64
8949,27/09/2023,1275,Desk Lamp,Office,417.82,3,France,1253.46
8950,29/04/2023,1664,USB Cable,Electronics,428.66,3,Germany,1285.98
8951,11/11/2023,1089,Webcam,Electronics,1310.4,3,USA,3931.2
8952,10/12/2024,1615,Desk Lamp,Accessories,832.33,2,USA,1664.66
8953,05/01/2022,1947,Desk Lamp,Electronics,914.44,1,USA,914.44
8954,12/08/2023,1523,Keyboard,Office,553.76,4,USA,2215.04
8955,27/07/2022,1159,Monitor,Office,95.16,3,Germany,285.48
8956,14/09/2022,1928,Webcam,Accessories,117.5,4,Germany,470
8957,11/01/2022,1457,Webcam,Accessories,633.47,4,Canada,2533.88
8958,06/08/2024,1707,Mouse,Electronics,270.35,4,UK,1081.4
8959,08/01/2022,1398,Monitor,Office,160.87,1,UK,160.87
8960,24/07/2024,1818,Monitor,Accessories,397.05,4,Germany,1588.2
8961,01/02/2022,1773,Keyboard,Electronics,1114.36,4,USA,4457.44
8962,24/06/2023,1090,Monitor,Electronics,114.16,1,UK,114.16
8963,01/10/2024,1708,Desk Lamp,Office,675.1,4,France,2700.4
8964,22/01/2023,1580,USB Cable,Office,1240,2,Germany,2480
8965,02/10/2023,1465,Mouse,Electronics,405.55,2,France,811.1
8966,26/07/2022,1219,Keyboard,Office,456.3,3,USA,1368.9
8967,11/07/2023,1418,Headphones,Electronics,1326.89,2,Canada,2653.78
8968,14/12/2022,1378,Monitor,Electronics,976.76,2,Germany,1953.52
8969,03/03/2024,1725,Monitor,Office,1197.58,2,UK,2395.16
8970,22/08/2022,1929,Laptop,Accessories,437.36,1,Canada,437.36
8971,03/12/2024,1446,Headphones,Electronics,1495.19,2,UK,2990.38
8972,02/10/2024,1963,Headphones,Office,215.64,4,France,862.56
8973,07/01/2024,1145,USB Cable,Electronics,1443.1,3,Germany,4329.3
8974,30/07/2024,1232,Mouse,Electronics,1353.64,4,Canada,5414.56
8975,25/06/2022,1370,USB Cable,Electronics,830.08,4,USA,3320.32
8976,25/03/2023,1921,Headphones,Office,880.02,2,Israel,1760.04
8977,15/08/2023,1233,USB Cable,Office,1163.7,3,Israel,3491.1
8978,23/03/2022,1725,Desk Lamp,Office,463.64,4,Canada,1854.56
8979,15/05/2022,1366,USB Cable,Accessories,793.57,3,USA,2380.71
8980,05/05/2024,1480,Laptop,Electronics,1354.05,2,UK,2708.1
8981,16/03/2023,1572,Desk Lamp,Accessories,107.03,4,Israel,428.12
8982,15/12/2024,1362,Mouse,Electronics,1358.77,1,USA,1358.77
8983,28/11/2023,1589,USB Cable,Office,1094.52,4,Canada,4378.08
8984,23/02/2023,1510,USB Cable,Electronics,1155.92,4,Canada,4623.68
8985,29/03/2022,1094,Headphones,Electronics,101.75,3,Canada,305.25
8986,18/10/2023,1841,Mouse,Electronics,285.7,3,France,857.1
8987,28/10/2024,1215,Desk Lamp,Accessories,1388.27,3,UK,4164.81
8988,03/08/2022,1724,Headphones,Office,190.46,2,USA,380.92
8989,06/07/2023,1815,Headphones,Office,948.62,3,Canada,2845.86
8990,18/05/2023,1711,USB Cable,Electronics,1175.13,2,France,2350.26
8991,30/11/2023,1863,Webcam,Office,350.77,3,Germany,1052.31
8992,02/09/2022,1542,Headphones,Accessories,1049.69,1,Israel,1049.69
8993,05/11/2022,1801,USB Cable,Accessories,103.04,3,Israel,309.12
8994,19/08/2022,1854,Monitor,Office,750.66,2,Israel,1501.32
8995,04/06/2022,1984,Headphones,Accessories,504.98,2,USA,1009.96
8996,27/04/2024,1134,Monitor,Accessories,970.38,4,Germany,3881.52
8997,25/04/2022,1082,Desk Lamp,Office,1334.06,3,USA,4002.18
8998,07/11/2022,1390,Keyboard,Office,192.61,2,Canada,385.22
8999,19/09/2024,1046,Webcam,Electronics,678.21,4,USA,2712.84
9000,27/10/2022,1391,Desk Lamp,Electronics,637.67,1,Germany,637.67
9001,07/11/2024,1717,Laptop,Accessories,489.07,2,Canada,978.14
9002,23/02/2024,1384,Mouse,Office,722.85,3,Canada,2168.55
9003,12/01/2022,1380,Mouse,Accessories,1321.69,1,France,1321.69
9004,20/08/2022,1076,Keyboard,Office,1460.62,2,Canada,2921.24
9005,12/08/2024,1258,Headphones,Accessories,9.25,3,UK,27.75
9006,31/12/2023,1948,Laptop,Accessories,1109.85,2,Israel,2219.7
9007,14/10/2024,1603,Keyboard,Accessories,924.55,3,Germany,2773.65
9008,25/09/2024,1933,Keyboard,Electronics,1491.8,4,France,5967.2
9009,30/10/2022,1946,Mouse,Office,139.45,2,Canada,278.9
9010,25/06/2023,1398,Monitor,Accessories,1217.96,2,Germany,2435.92
9011,15/04/2023,1099,Desk Lamp,Electronics,1401.22,1,UK,1401.22
9012,23/03/2024,1500,Desk Lamp,Accessories,1368.61,4,Germany,5474.44
9013,18/03/2022,1382,Monitor,Accessories,843.06,1,Germany,843.06
9014,16/10/2024,1706,Headphones,Office,494.7,2,France,989.4
9015,24/01/2022,1191,Headphones,Accessories,961.66,4,Israel,3846.64
9016,04/11/2024,1579,USB Cable,Office,462.58,3,Israel,1387.74
9017,07/11/2023,1900,USB Cable,Electronics,621.34,4,France,2485.36
9018,09/06/2023,1753,Desk Lamp,Electronics,671.36,4,France,2685.44
9019,13/12/2022,1601,Keyboard,Accessories,456.42,3,USA,1369.26
9020,21/06/2022,1344,Headphones,Electronics,516.03,2,USA,1032.06
9021,13/12/2023,1009,Monitor,Office,15.93,2,UK,31.86
9022,04/05/2023,1263,Desk Lamp,Office,449.13,1,USA,449.13
9023,13/01/2023,1267,Laptop,Electronics,711.1,2,USA,1422.2
9024,07/01/2023,1831,Mouse,Office,263.65,2,Germany,527.3
9025,26/09/2024,1629,Monitor,Office,1209.35,3,Germany,3628.05
9026,03/09/2024,1761,USB Cable,Accessories,808.77,1,France,808.77
9027,27/01/2024,1570,Webcam,Accessories,1191.85,4,Canada,4767.4
9028,22/04/2023,1194,Headphones,Office,196.51,1,Israel,196.51
9029,17/01/2023,1986,Mouse,Electronics,1231.66,2,UK,2463.32
9030,04/06/2022,1561,Webcam,Office,1437.6,1,USA,1437.6
9031,14/09/2022,1406,Desk Lamp,Accessories,531.92,4,Germany,2127.68
9032,05/11/2023,1295,Mouse,Electronics,429.51,3,Israel,1288.53
9033,09/03/2022,1889,Keyboard,Office,972.01,2,USA,1944.02
9034,10/12/2022,1096,Desk Lamp,Electronics,955.69,2,Canada,1911.38
9035,04/11/2023,1461,Headphones,Electronics,173.14,4,Israel,692.56
9036,26/01/2023,1638,Keyboard,Electronics,1390.5,3,Germany,4171.5
9037,16/09/2022,1757,Desk Lamp,Office,721.19,1,France,721.19
9038,03/11/2022,1086,Mouse,Accessories,1147.8,4,Canada,4591.2
9039,07/08/2024,1990,Keyboard,Electronics,542.18,1,Canada,542.18
9040,27/08/2024,1076,Desk Lamp,Electronics,396,3,USA,1188
9041,03/09/2022,1888,Desk Lamp,Office,171.35,3,USA,514.05
9042,03/01/2024,1715,Headphones,Accessories,415.41,3,UK,1246.23
9043,06/07/2022,1482,Monitor,Accessories,1490.18,3,USA,4470.54
9044,13/07/2024,1145,Laptop,Office,988.65,1,Germany,988.65
9045,24/02/2024,1660,Webcam,Electronics,1205.16,4,Israel,4820.64
9046,12/02/2023,1110,Monitor,Office,1437.97,4,Canada,5751.88
9047,07/12/2022,1640,Desk Lamp,Accessories,123.09,1,Israel,123.09
9048,17/07/2023,1764,Mouse,Electronics,251.22,3,France,753.66
9049,13/10/2023,1677,Desk Lamp,Electronics,1392.31,3,Canada,4176.93
9050,09/08/2024,1296,Monitor,Accessories,849.01,2,Canada,1698.02
9051,28/11/2024,1425,Keyboard,Electronics,954.1,2,France,1908.2
9052,10/03/2022,1648,Headphones,Office,644.31,1,Germany,644.31
9053,16/01/2023,1790,Monitor,Accessories,1222.57,4,Israel,4890.28
9054,26/02/2022,1333,Monitor,Accessories,778.28,2,Canada,1556.56
9055,29/04/2024,1522,Headphones,Electronics,1240.06,2,France,2480.12
9056,04/07/2024,1582,Keyboard,Accessories,1488.32,4,Canada,5953.28
9057,21/11/2022,1670,Laptop,Office,971.86,2,France,1943.72
9058,06/04/2023,1727,Monitor,Accessories,795.58,4,UK,3182.32
9059,28/06/2022,1537,Webcam,Electronics,550.91,1,UK,550.91
9060,23/04/2024,1797,Mouse,Accessories,296.07,2,Germany,592.14
9061,28/07/2023,1161,USB Cable,Electronics,986.7,3,Germany,2960.1
9062,29/04/2022,1429,Keyboard,Electronics,98.64,1,Germany,98.64
9063,03/07/2023,1613,Desk Lamp,Office,1434.65,2,Germany,2869.3
9064,08/10/2023,1068,Keyboard,Accessories,973.1,4,Israel,3892.4
9065,26/01/2022,1132,Monitor,Office,1439.25,1,USA,1439.25
9066,28/10/2024,1188,Webcam,Office,412.05,2,Germany,824.1
9067,26/08/2024,1722,USB Cable,Accessories,1420.04,1,UK,1420.04
9068,17/06/2023,1754,Desk Lamp,Office,920.13,3,Canada,2760.39
9069,29/05/2022,1677,Headphones,Office,1216.34,2,USA,2432.68
9070,14/11/2024,1923,USB Cable,Electronics,272.49,2,USA,544.98
9071,17/10/2023,1921,Monitor,Office,752.67,4,Israel,3010.68
9072,02/08/2024,1572,Monitor,Accessories,855.6,1,France,855.6
9073,09/07/2023,1873,Headphones,Electronics,592.32,3,Canada,1776.96
9074,01/03/2023,1278,Mouse,Office,383.58,4,Canada,1534.32
9075,20/10/2022,1429,Headphones,Office,1357.64,2,USA,2715.28
9076,08/07/2023,1624,Monitor,Accessories,132.16,4,Israel,528.64
9077,07/03/2023,1541,Laptop,Office,235.21,4,Israel,940.84
9078,27/08/2023,1834,Headphones,Accessories,484.16,3,Israel,1452.48
9079,13/11/2022,1987,Desk Lamp,Office,1380.06,2,Germany,2760.12
9080,02/02/2023,1160,Mouse,Office,848.49,3,Canada,2545.47
9081,19/08/2023,1745,Headphones,Accessories,562.89,2,France,1125.78
9082,30/06/2023,1898,Headphones,Electronics,607,1,Germany,607
9083,17/03/2022,1452,Keyboard,Accessories,1257.48,1,UK,1257.48
9084,14/05/2024,1888,Keyboard,Electronics,45.04,3,France,135.12
9085,04/07/2024,1850,Monitor,Electronics,21.95,4,Germany,87.8
9086,10/12/2023,1169,Desk Lamp,Accessories,73.9,2,France,147.8
9087,01/05/2023,1829,Monitor,Accessories,706.46,2,UK,1412.92
9088,17/01/2024,1697,USB Cable,Office,873.97,3,Germany,2621.91
9089,27/10/2024,1056,Desk Lamp,Office,938.58,4,France,3754.32
9090,04/07/2023,1239,Headphones,Electronics,1098.05,4,UK,4392.2
9091,02/09/2024,1768,Laptop,Office,288.64,2,Canada,577.28
9092,11/12/2024,1357,Webcam,Accessories,397.12,1,Israel,397.12
9093,30/07/2024,1200,Monitor,Electronics,369.04,2,France,738.08
9094,07/07/2024,1443,Headphones,Office,228.01,1,UK,228.01
9095,29/12/2022,1836,Headphones,Office,370.37,3,Canada,1111.11
9096,17/01/2023,1826,Webcam,Accessories,922.41,4,Israel,3689.64
9097,28/09/2022,1301,Headphones,Accessories,552.79,2,UK,1105.58
9098,03/11/2024,1105,Webcam,Office,1153.03,3,Canada,3459.09
9099,25/10/2022,1801,Webcam,Electronics,806.95,4,Canada,3227.8
9100,30/09/2024,1100,USB Cable,Electronics,322,1,Canada,322
9101,22/08/2022,1096,Headphones,Accessories,703.74,3,USA,2111.22
9102,29/07/2023,1664,USB Cable,Accessories,892.09,3,UK,2676.27
9103,27/01/2022,1937,Headphones,Accessories,1299.96,2,Germany,2599.92
9104,03/04/2022,1028,Keyboard,Office,1251.41,3,Germany,3754.23
9105,09/09/2023,1505,Webcam,Office,642.59,3,Germany,1927.77
9106,05/11/2022,1664,Mouse,Accessories,973.28,2,Germany,1946.56
9107,21/02/2022,1437,Webcam,Electronics,450.22,3,Canada,1350.66
9108,15/11/2022,1378,Mouse,Accessories,951.34,1,Canada,951.34
9109,30/06/2022,1072,Headphones,Accessories,1369.62,2,USA,2739.24
9110,24/05/2024,1253,Monitor,Electronics,938.69,1,USA,938.69
9111,02/12/2024,1962,Laptop,Electronics,459.14,2,USA,918.28
9112,09/10/2023,1910,USB Cable,Electronics,967.76,4,Israel,3871.04
9113,16/07/2022,1515,Headphones,Electronics,1354.62,3,France,4063.86
9114,07/10/2023,1748,Laptop,Office,209.89,4,Germany,839.56
9115,28/08/2024,1549,Keyboard,Office,726.26,1,France,726.26
9116,12/09/2022,1019,Mouse,Accessories,484.97,4,Germany,1939.88
9117,02/01/2024,1624,USB Cable,Office,365.99,1,Germany,365.99
9118,02/12/2022,1534,Keyboard,Accessories,597.33,4,Germany,2389.32
9119,16/09/2024,1420,Monitor,Accessories,593.98,1,USA,593.98
9120,18/06/2024,1445,Monitor,Electronics,319.6,3,Canada,958.8
9121,29/05/2023,1878,Webcam,Electronics,608.42,4,Israel,2433.68
9122,30/08/2022,1135,USB Cable,Office,952.43,1,Germany,952.43
9123,29/05/2022,1504,USB Cable,Office,43.47,1,Germany,43.47
9124,27/01/2024,1932,USB Cable,Office,1483.89,4,Germany,5935.56
9125,12/09/2023,1759,Headphones,Office,447.44,4,UK,1789.76
9126,29/03/2023,1300,Desk Lamp,Electronics,937.35,4,Germany,3749.4
9127,31/07/2022,1608,Desk Lamp,Electronics,428.91,3,USA,1286.73
9128,30/10/2023,1032,Webcam,Office,593.34,3,USA,1780.02
9129,17/08/2023,1646,Monitor,Accessories,826.11,3,France,2478.33
9130,11/05/2022,1766,Monitor,Electronics,919.72,4,Canada,3678.88
9131,04/09/2023,1277,Webcam,Electronics,1156.83,1,Canada,1156.83
9132,13/09/2022,1132,Keyboard,Electronics,1188.57,1,USA,1188.57
9133,15/07/2023,1749,Laptop,Electronics,780.46,1,France,780.46
9134,04/03/2022,1526,Mouse,Office,118.21,2,Israel,236.42
9135,11/02/2023,1788,Monitor,Office,838.89,4,UK,3355.56
9136,12/03/2024,1125,Webcam,Accessories,718.98,1,USA,718.98
9137,15/01/2022,1344,Monitor,Electronics,327,4,Germany,1308
9138,16/09/2022,1016,Keyboard,Office,20.19,4,Israel,80.76
9139,24/12/2023,1823,USB Cable,Office,477.37,1,Germany,477.37
9140,06/09/2023,1561,USB Cable,Electronics,392.94,4,France,1571.76
9141,04/12/2024,1646,Desk Lamp,Office,726.95,2,France,1453.9
9142,23/03/2024,1629,Mouse,Office,1143.59,2,UK,2287.18
9143,27/11/2022,1377,Desk Lamp,Office,661.36,1,Israel,661.36
9144,14/06/2022,1817,USB Cable,Accessories,1427.59,4,France,5710.36
9145,24/12/2024,1059,USB Cable,Office,335.86,2,Germany,671.72
9146,22/01/2023,1636,Keyboard,Electronics,335.32,1,Canada,335.32
9147,19/11/2024,1466,Desk Lamp,Electronics,908.65,3,USA,2725.95
9148,24/11/2022,1627,Laptop,Electronics,1344.91,3,USA,4034.73
9149,16/11/2022,1390,Keyboard,Office,1009.43,3,Canada,3028.29
9150,03/02/2023,1935,Mouse,Accessories,1012.15,3,Israel,3036.45
9151,15/04/2022,1684,USB Cable,Office,1210.4,2,Israel,2420.8
9152,27/11/2023,1186,Desk Lamp,Electronics,1004.68,1,France,1004.68
9153,13/10/2024,1497,Mouse,Accessories,1140.22,2,USA,2280.44
9154,26/11/2022,1599,Monitor,Accessories,1299.86,3,Canada,3899.58
9155,22/10/2023,1714,Laptop,Office,16.83,4,UK,67.32
9156,06/12/2024,1360,Headphones,Electronics,1329.01,3,Canada,3987.03
9157,22/08/2023,1822,Monitor,Office,326.82,4,UK,1307.28
9158,31/03/2024,1831,USB Cable,Electronics,1368.6,1,Canada,1368.6
9159,03/10/2023,1448,Webcam,Accessories,402.94,2,Canada,805.88
9160,10/11/2022,1693,Keyboard,Office,685.58,4,Canada,2742.32
9161,07/04/2023,1863,Desk Lamp,Accessories,1401.16,3,Canada,4203.48
9162,01/05/2023,1679,Desk Lamp,Electronics,169.07,2,Canada,338.14
9163,14/02/2023,1180,Keyboard,Accessories,1119.2,4,Canada,4476.8
9164,27/01/2022,1811,Mouse,Accessories,591.71,1,UK,591.71
9165,18/11/2024,1958,Webcam,Accessories,41.03,4,UK,164.12
9166,28/09/2022,1129,Mouse,Office,1409,4,France,5636
9167,17/11/2023,1974,Webcam,Electronics,181.15,1,Canada,181.15
9168,16/05/2023,1148,Mouse,Accessories,1162.34,2,Germany,2324.68
9169,20/01/2023,1471,Headphones,Accessories,579.48,1,UK,579.48
9170,01/03/2022,1817,Headphones,Accessories,1216.82,2,France,2433.64
9171,08/08/2022,1720,Monitor,Accessories,1126.68,2,UK,2253.36
9172,10/02/2024,1622,Headphones,Electronics,951.66,2,UK,1903.32
9173,18/07/2023,1947,Webcam,Electronics,1409.14,4,Canada,5636.56
9174,30/06/2023,1499,Mouse,Office,152.89,3,Germany,458.67
9175,06/04/2022,1648,Webcam,Electronics,1198.88,3,UK,3596.64
9176,15/09/2024,1354,Monitor,Electronics,1007.82,4,France,4031.28
9177,07/04/2024,1915,Monitor,Accessories,475.51,2,Canada,951.02
9178,19/08/2022,1210,USB Cable,Office,821.23,1,France,821.23
9179,25/08/2024,1657,Laptop,Office,968.72,1,USA,968.72
9180,02/10/2022,1595,Headphones,Accessories,1105.73,3,Israel,3317.19
9181,03/09/2022,1029,Keyboard,Office,284.65,2,UK,569.3
9182,21/04/2022,1999,Keyboard,Electronics,157.66,4,Canada,630.64
9183,22/08/2022,1576,Laptop,Office,157.57,4,UK,630.28
9184,21/02/2023,1023,Mouse,Accessories,444.33,3,France,1332.99
9185,09/11/2023,1983,Laptop,Office,235.49,2,UK,470.98
9186,13/03/2024,1942,Mouse,Office,805.78,1,Canada,805.78
9187,11/09/2023,1722,Desk Lamp,Office,658.37,1,France,658.37
9188,08/12/2023,1221,Headphones,Accessories,1340.13,4,USA,5360.52
9189,30/04/2024,1601,Headphones,Electronics,1077.52,3,Canada,3232.56
9190,20/04/2023,1617,Monitor,Office,312.69,4,UK,1250.76
9191,17/10/2023,1683,Monitor,Electronics,73.36,1,Canada,73.36
9192,30/01/2023,1741,Monitor,Electronics,1065.19,4,Canada,4260.76
9193,21/04/2022,1924,Desk Lamp,Electronics,1269.51,2,USA,2539.02
9194,31/03/2022,1588,Monitor,Office,1052.99,1,USA,1052.99
9195,02/02/2024,1579,Keyboard,Electronics,967.47,1,Israel,967.47
9196,12/05/2022,1876,USB Cable,Office,377.73,4,France,1510.92
9197,02/11/2024,1400,Monitor,Office,744.43,4,USA,2977.72
9198,02/04/2023,1864,Desk Lamp,Office,1088.82,3,France,3266.46
9199,08/04/2022,1900,Monitor,Electronics,294.1,4,Israel,1176.4
9200,20/10/2022,1603,Monitor,Office,717.43,2,France,1434.86
9201,21/10/2024,1511,Mouse,Accessories,179.96,3,Canada,539.88
9202,26/07/2023,1087,Webcam,Accessories,798.42,3,Israel,2395.26
9203,07/09/2022,1464,Monitor,Accessories,862.44,1,UK,862.44
9204,14/10/2023,1049,Desk Lamp,Office,805.4,2,Israel,1610.8
9205,29/05/2022,1102,Laptop,Accessories,706.85,2,Israel,1413.7
9206,13/02/2022,1367,Monitor,Office,883.24,3,Israel,2649.72
9207,03/12/2024,1935,Monitor,Office,1495.22,3,Germany,4485.66
9208,11/06/2022,1491,Keyboard,Office,935.69,1,USA,935.69
9209,10/09/2022,1557,Webcam,Electronics,1130.09,4,France,4520.36
9210,12/05/2022,1690,Monitor,Accessories,292.22,2,Canada,584.44
9211,19/04/2023,1778,Webcam,Office,797.38,2,France,1594.76
9212,07/12/2023,1267,Mouse,Accessories,16.22,1,Germany,16.22
9213,24/11/2024,1396,Headphones,Accessories,52.03,3,UK,156.09
9214,02/10/2022,1319,Webcam,Electronics,487.11,2,Canada,974.22
9215,06/07/2022,1519,Webcam,Accessories,702.57,1,USA,702.57
9216,06/08/2024,1448,Monitor,Office,865.58,3,USA,2596.74
9217,31/08/2022,1776,USB Cable,Office,1332.57,1,USA,1332.57
9218,21/09/2022,1475,Monitor,Accessories,1158.78,2,USA,2317.56
9219,06/06/2023,1897,Monitor,Accessories,453.47,3,Germany,1360.41
9220,20/08/2024,1589,Keyboard,Electronics,1116.51,1,France,1116.51
9221,22/02/2024,1908,USB Cable,Office,826.34,1,UK,826.34
9222,19/06/2023,1239,Headphones,Accessories,1169.88,1,Canada,1169.88
9223,29/07/2022,1257,Keyboard,Accessories,619.52,2,Canada,1239.04
9224,15/02/2022,1707,Desk Lamp,Office,142.38,2,UK,284.76
9225,26/01/2022,1971,Keyboard,Accessories,929.64,4,UK,3718.56
9226,24/06/2022,1943,Keyboard,Electronics,837.77,2,Germany,1675.54
9227,18/11/2022,1841,USB Cable,Accessories,1430.64,1,Germany,1430.64
9228,24/02/2022,1642,Mouse,Accessories,247.38,2,Israel,494.76
9229,30/10/2023,1963,Headphones,Electronics,985.92,1,Germany,985.92
9230,27/05/2022,1389,Mouse,Electronics,713.74,1,USA,713.74
9231,22/08/2023,1342,Mouse,Electronics,571.49,1,France,571.49
9232,20/01/2022,1772,Headphones,Office,1192.88,3,UK,3578.64
9233,29/11/2022,1753,Mouse,Accessories,1216.92,4,Germany,4867.68
9234,25/06/2024,1386,USB Cable,Accessories,1073.33,4,France,4293.32
9235,01/08/2024,1393,Headphones,Electronics,129.98,1,USA,129.98
9236,29/06/2024,1682,Webcam,Office,520.94,2,Germany,1041.88
9237,05/02/2023,1658,Desk Lamp,Electronics,74.89,4,Germany,299.56
9238,07/08/2024,1269,Webcam,Accessories,518.8,1,France,518.8
9239,28/01/2022,1148,Monitor,Office,973.64,2,Canada,1947.28
9240,12/04/2023,1379,Keyboard,Office,780.47,3,Canada,2341.41
9241,08/09/2024,1810,Desk Lamp,Accessories,1055.89,3,USA,3167.67
9242,11/04/2022,1027,Webcam,Office,829.44,1,Germany,829.44
9243,05/07/2023,1148,Webcam,Office,835.94,2,France,1671.88
9244,12/03/2024,1419,Mouse,Electronics,768.89,3,USA,2306.67
9245,19/12/2022,1279,Headphones,Office,549.67,3,Germany,1649.01
9246,23/10/2022,1181,Laptop,Electronics,672.61,3,Canada,2017.83
9247,19/12/2022,1165,Mouse,Office,173.09,2,Germany,346.18
9248,26/06/2024,1016,Mouse,Electronics,1252.59,1,UK,1252.59
9249,15/10/2024,1149,USB Cable,Electronics,1334.37,1,Israel,1334.37
9250,31/03/2023,1338,Headphones,Office,1150.57,3,USA,3451.71
9251,13/12/2023,1044,Laptop,Electronics,877.46,1,France,877.46
9252,06/09/2024,1501,Laptop,Accessories,855.92,4,UK,3423.68
9253,09/01/2024,1841,Monitor,Accessories,708.13,3,Germany,2124.39
9254,03/09/2024,1188,Mouse,Office,350.86,2,France,701.72
9255,21/08/2022,1650,USB Cable,Office,578.79,1,UK,578.79
9256,20/10/2024,1060,Keyboard,Office,1484.91,2,UK,2969.82
9257,12/04/2022,1293,Webcam,Accessories,222.98,1,Canada,222.98
9258,10/08/2024,1833,Mouse,Office,816.31,2,Canada,1632.62
9259,26/04/2023,1032,Keyboard,Office,1300.46,2,Israel,2600.92
9260,18/04/2022,1298,Desk Lamp,Electronics,682.24,1,Canada,682.24
9261,30/08/2024,1414,Keyboard,Office,910.39,3,UK,2731.17
9262,05/12/2023,1623,Desk Lamp,Accessories,1242.55,3,USA,3727.65
9263,01/12/2022,1802,Desk Lamp,Accessories,823.6,2,Israel,1647.2
9264,27/03/2022,1548,Headphones,Office,1098.55,4,Israel,4394.2
9265,04/01/2024,1430,Mouse,Accessories,524.17,2,Germany,1048.34
9266,24/05/2024,1494,Headphones,Electronics,1100.87,4,Germany,4403.48
9267,30/12/2022,1099,Monitor,Electronics,66.33,3,USA,198.99
9268,01/03/2022,1022,Keyboard,Office,233.58,4,France,934.32
9269,14/07/2023,1419,Laptop,Office,957.76,1,Canada,957.76
9270,27/04/2022,1423,Keyboard,Electronics,676.19,4,Canada,2704.76
9271,23/05/2024,1486,Monitor,Electronics,1243.38,1,USA,1243.38
9272,03/07/2024,1729,Keyboard,Office,516.25,2,Israel,1032.5
9273,25/08/2024,1088,Headphones,Accessories,1151.98,4,Germany,4607.92
9274,25/09/2024,1208,Desk Lamp,Office,212.97,1,USA,212.97
9275,13/02/2022,1270,Mouse,Office,1395.57,2,Germany,2791.14
9276,24/05/2023,1932,Laptop,Office,630.57,4,USA,2522.28
9277,28/04/2024,1748,Headphones,Office,350.2,4,Canada,1400.8
9278,05/07/2024,1899,Webcam,Office,1184.78,1,USA,1184.78
9279,16/06/2024,1405,Desk Lamp,Office,1422.09,2,UK,2844.18
9280,09/03/2024,1720,Mouse,Office,1377.53,1,USA,1377.53
9281,25/05/2024,1277,Laptop,Accessories,360.72,4,Germany,1442.88
9282,13/10/2022,1976,Monitor,Office,1009.65,2,USA,2019.3
9283,15/11/2023,1205,Keyboard,Electronics,822.55,3,France,2467.65
9284,29/03/2024,1589,Laptop,Office,1089.03,3,Canada,3267.09
9285,01/05/2022,1912,USB Cable,Accessories,732.96,3,Canada,2198.88
9286,02/08/2024,1327,Webcam,Electronics,707.3,4,UK,2829.2
9287,14/10/2024,1609,Monitor,Office,1324.65,3,USA,3973.95
9288,25/06/2024,1857,Mouse,Office,1307.53,4,France,5230.12
9289,13/01/2022,1876,USB Cable,Electronics,1182.46,2,Germany,2364.92
9290,26/08/2023,1861,Laptop,Office,1058.82,1,France,1058.82
9291,19/07/2022,1981,Monitor,Accessories,1019.16,4,Canada,4076.64
9292,09/08/2023,1335,Mouse,Office,88.99,2,UK,177.98
9293,24/03/2023,1605,USB Cable,Accessories,1125.56,2,Germany,2251.12
9294,20/04/2024,1591,USB Cable,Office,958.97,2,USA,1917.94
9295,30/12/2024,1037,Headphones,Electronics,457.11,1,USA,457.11
9296,13/08/2023,1919,Keyboard,Accessories,1231.05,4,France,4924.2
9297,07/06/2024,1227,Monitor,Office,1249.51,2,USA,2499.02
9298,12/02/2022,1482,USB Cable,Office,1398.63,3,Germany,4195.89
9299,04/06/2023,1133,Headphones,Electronics,630.45,3,Canada,1891.35
9300,02/11/2024,1707,Webcam,Electronics,829.12,2,Germany,1658.24
9301,26/12/2023,1977,Desk Lamp,Accessories,1359.4,3,USA,4078.2
9302,15/09/2023,1389,Webcam,Accessories,478.62,3,France,1435.86
9303,14/09/2024,1793,Mouse,Accessories,1195.98,4,USA,4783.92
9304,13/03/2024,1612,USB Cable,Office,1487.99,1,Canada,1487.99
9305,19/06/2023,1986,USB Cable,Office,979.64,4,Israel,3918.56
9306,29/10/2022,1424,Laptop,Accessories,1475.64,2,USA,2951.28
9307,11/06/2023,1586,USB Cable,Office,776.14,2,UK,1552.28
9308,05/04/2023,1805,Keyboard,Electronics,233.81,3,USA,701.43
9309,11/04/2024,1509,Mouse,Office,267.52,4,Canada,1070.08
9310,20/05/2023,1719,Monitor,Accessories,1098.4,2,Israel,2196.8
9311,20/07/2024,1594,USB Cable,Office,6.36,2,UK,12.72
9312,21/11/2022,1426,Desk Lamp,Electronics,994.52,3,France,2983.56
9313,02/08/2023,1948,Keyboard,Accessories,231.15,3,UK,693.45
9314,31/01/2024,1654,USB Cable,Accessories,1476.63,2,Germany,2953.26
9315,30/04/2024,1473,Headphones,Accessories,248.88,4,Canada,995.52
9316,17/08/2024,1567,Keyboard,Accessories,830.93,1,Israel,830.93
9317,17/05/2023,1360,Headphones,Office,1005.82,4,Germany,4023.28
9318,30/11/2022,1951,Mouse,Electronics,1230.15,3,Germany,3690.45
9319,11/10/2022,1798,Desk Lamp,Office,691.6,2,UK,1383.2
9320,20/04/2023,1210,USB Cable,Office,1401.03,3,UK,4203.09
9321,13/12/2024,1952,Laptop,Accessories,722.97,2,Germany,1445.94
9322,24/09/2023,1178,Webcam,Electronics,381.83,2,Canada,763.66
9323,04/12/2023,1919,Keyboard,Office,891.59,1,France,891.59
9324,13/02/2023,1057,Laptop,Electronics,988.72,3,USA,2966.16
9325,08/09/2024,1072,Laptop,Electronics,763.55,1,USA,763.55
9326,13/07/2023,1214,Webcam,Electronics,1101.11,4,Israel,4404.44
9327,10/08/2022,1899,Keyboard,Electronics,633.92,3,UK,1901.76
9328,07/06/2022,1777,USB Cable,Office,11.48,1,USA,11.48
9329,14/12/2022,1958,Desk Lamp,Electronics,400.49,3,France,1201.47
9330,07/06/2024,1072,Keyboard,Office,1419.13,1,Israel,1419.13
9331,10/07/2024,1466,Laptop,Electronics,1146.02,1,Canada,1146.02
9332,24/10/2023,1270,Monitor,Electronics,288.35,3,UK,865.05
9333,09/02/2023,1498,Monitor,Office,104.65,4,USA,418.6
9334,08/11/2023,1353,Keyboard,Accessories,529.44,1,Germany,529.44
9335,12/08/2023,1233,Desk Lamp,Office,1255.27,1,France,1255.27
9336,12/07/2023,1318,Laptop,Electronics,163.44,3,France,490.32
9337,23/06/2024,1018,Laptop,Office,817.31,4,UK,3269.24
9338,06/12/2024,1624,Mouse,Electronics,416.13,3,Canada,1248.39
9339,24/04/2023,1574,Laptop,Office,1090.75,2,France,2181.5
9340,02/05/2023,1371,Webcam,Office,5.61,3,UK,16.83
9341,20/07/2023,1183,Monitor,Office,419.38,2,France,838.76
9342,08/06/2023,1276,Mouse,Accessories,1020.48,1,USA,1020.48
9343,05/12/2023,1673,USB Cable,Office,822.39,4,Canada,3289.56
9344,26/10/2024,1754,Webcam,Office,1169.4,4,UK,4677.6
9345,31/03/2024,1144,USB Cable,Accessories,240.73,3,France,722.19
9346,07/05/2024,1657,Monitor,Accessories,798.81,2,USA,1597.62
9347,08/08/2023,1080,Webcam,Electronics,297.68,3,Canada,893.04
9348,17/11/2023,1321,Headphones,Electronics,960.63,4,USA,3842.52
9349,20/08/2022,1434,Keyboard,Office,201.36,2,USA,402.72
9350,27/09/2022,1832,Desk Lamp,Electronics,227.3,4,Canada,909.2
9351,28/07/2024,1042,Headphones,Office,495.67,2,UK,991.34
9352,23/05/2024,1312,Keyboard,Accessories,605.85,3,UK,1817.55
9353,21/02/2022,1905,Monitor,Accessories,750.35,1,France,750.35
9354,26/04/2022,1292,Monitor,Office,873.16,1,Canada,873.16
9355,22/06/2023,1687,Headphones,Electronics,705.88,2,Canada,1411.76
9356,25/06/2023,1887,Desk Lamp,Electronics,73.23,2,Canada,146.46
9357,08/11/2024,1068,Webcam,Electronics,518.47,1,Germany,518.47
9358,25/03/2024,1055,Desk Lamp,Office,96.77,3,Germany,290.31
9359,01/03/2024,1630,USB Cable,Electronics,181.54,3,Israel,544.62
9360,10/09/2023,1203,Keyboard,Accessories,143.77,4,Germany,575.08
9361,23/02/2023,1419,Keyboard,Accessories,241.35,4,Canada,965.4
9362,05/11/2022,1926,Mouse,Accessories,1220.32,1,Germany,1220.32
9363,13/05/2024,1566,Laptop,Accessories,943.22,1,France,943.22
9364,05/07/2022,1549,Webcam,Accessories,762.64,1,UK,762.64
9365,18/09/2022,1242,Webcam,Accessories,1099.72,2,Germany,2199.44
9366,09/06/2022,1200,Mouse,Accessories,1442.03,4,Israel,5768.12
9367,19/05/2024,1747,Monitor,Accessories,629.42,1,France,629.42
9368,01/02/2024,1473,Headphones,Accessories,554.28,1,USA,554.28
9369,12/08/2022,1526,Desk Lamp,Office,1466.77,4,USA,5867.08
9370,29/06/2022,1655,Webcam,Office,1158.14,1,Israel,1158.14
9371,20/01/2022,1076,Keyboard,Accessories,1166.78,1,UK,1166.78
9372,24/09/2023,1984,Mouse,Accessories,901.91,3,Canada,2705.73
9373,27/02/2022,1477,Headphones,Accessories,762.98,4,USA,3051.92
9374,24/12/2023,1820,USB Cable,Electronics,828.13,3,UK,2484.39
9375,07/09/2023,1439,Headphones,Office,979.87,4,Germany,3919.48
9376,16/07/2023,1262,Webcam,Accessories,568.37,1,Germany,568.37
9377,09/01/2023,1184,Laptop,Office,1174.53,2,Germany,2349.06
9378,14/09/2023,1054,Desk Lamp,Accessories,1364.29,2,USA,2728.58
9379,29/03/2022,1307,Keyboard,Electronics,859.07,3,USA,2577.21
9380,09/11/2024,1515,Headphones,Accessories,575.31,2,UK,1150.62
9381,10/10/2024,1298,USB Cable,Office,1044.91,2,UK,2089.82
9382,14/01/2022,1551,Keyboard,Office,277.34,3,Canada,832.02
9383,13/05/2022,1229,Webcam,Office,1453.02,1,Israel,1453.02
9384,23/11/2024,1376,Mouse,Office,988.69,4,Canada,3954.76
9385,10/06/2024,1285,USB Cable,Accessories,106.02,1,Germany,106.02
9386,15/08/2023,1137,Headphones,Electronics,796.98,3,France,2390.94
9387,06/08/2023,1477,USB Cable,Electronics,1126.76,1,France,1126.76
9388,16/10/2022,1614,Webcam,Accessories,420.38,1,Germany,420.38
9389,09/10/2024,1006,Headphones,Accessories,81.23,3,Israel,243.69
9390,28/05/2024,1675,USB Cable,Office,736.3,3,Canada,2208.9
9391,07/01/2022,1418,Mouse,Accessories,1251.27,3,UK,3753.81
9392,28/08/2022,1471,USB Cable,Electronics,381.04,2,USA,762.08
9393,20/06/2023,1934,Keyboard,Accessories,1076.93,3,Israel,3230.79
9394,11/03/2022,1419,Keyboard,Accessories,614.65,3,Israel,1843.95
9395,04/08/2022,1876,Headphones,Electronics,94.15,3,Germany,282.45
9396,13/12/2024,1275,Webcam,Electronics,459.42,3,UK,1378.26
9397,16/03/2024,1560,Mouse,Accessories,474.28,1,France,474.28
9398,26/11/2022,1607,Monitor,Office,1357.47,3,France,4072.41
9399,27/04/2024,1570,Keyboard,Office,1472.71,4,Canada,5890.84
9400,14/02/2022,1742,USB Cable,Office,318.6,3,Canada,955.8
9401,08/04/2024,1688,Monitor,Electronics,648.62,4,France,2594.48
9402,17/07/2022,1089,USB Cable,Electronics,1465.17,4,Israel,5860.68
9403,14/06/2024,1281,Headphones,Office,613.87,2,Canada,1227.74
9404,28/11/2022,1547,Monitor,Accessories,527.01,2,USA,1054.02
9405,27/11/2023,1170,Webcam,Accessories,169.27,1,UK,169.27
9406,27/01/2022,1637,USB Cable,Accessories,1131.16,3,USA,3393.48
9407,14/11/2022,1994,Webcam,Electronics,673.27,3,France,2019.81
9408,31/12/2022,1810,USB Cable,Electronics,959.8,4,USA,3839.2
9409,17/08/2024,1354,Monitor,Office,767.24,3,Israel,2301.72
9410,08/01/2023,1203,Webcam,Accessories,265.93,4,Germany,1063.72
9411,02/09/2022,1288,Keyboard,Electronics,268.67,2,USA,537.34
9412,23/04/2023,1867,Headphones,Electronics,1409.94,1,Canada,1409.94
9413,05/05/2022,1461,Monitor,Office,1334.83,2,USA,2669.66
9414,21/06/2023,1608,USB Cable,Accessories,917.9,3,USA,2753.7
9415,07/12/2023,1749,Keyboard,Electronics,6.86,4,Canada,27.44
9416,15/06/2023,1172,USB Cable,Electronics,652.78,2,France,1305.56
9417,25/02/2024,1300,Monitor,Electronics,797.99,3,USA,2393.97
9418,11/09/2022,1599,USB Cable,Electronics,676.91,4,UK,2707.64
9419,01/05/2022,1910,Keyboard,Accessories,1388.55,3,Israel,4165.65
9420,21/11/2024,1862,Webcam,Office,66.09,3,UK,198.27
9421,23/10/2023,1528,Webcam,Accessories,984.12,1,UK,984.12
9422,26/11/2024,1139,Desk Lamp,Office,474.19,2,France,948.38
9423,02/11/2024,1765,Desk Lamp,Electronics,841.42,3,USA,2524.26
9424,29/03/2022,1277,Headphones,Accessories,985.6,3,Israel,2956.8
9425,15/02/2022,1662,USB Cable,Office,664.03,1,Israel,664.03
9426,21/07/2024,1510,Webcam,Office,226.82,1,Israel,226.82
9427,15/01/2024,1345,Mouse,Electronics,780.96,4,USA,3123.84
9428,24/08/2024,1845,Keyboard,Office,1399.77,3,Israel,4199.31
9429,02/02/2024,1139,Keyboard,Office,806.14,3,Israel,2418.42
9430,01/02/2024,1113,Monitor,Office,188.8,3,Germany,566.4
9431,04/03/2024,1579,Headphones,Electronics,1237.12,3,Germany,3711.36
9432,14/01/2024,1506,Laptop,Accessories,336.51,1,Israel,336.51
9433,05/12/2024,1365,Desk Lamp,Electronics,558.47,2,Canada,1116.94
9434,12/07/2023,1690,Desk Lamp,Office,645.99,1,UK,645.99
9435,10/06/2023,1636,Webcam,Office,512.85,4,Canada,2051.4
9436,20/08/2023,1396,Desk Lamp,Accessories,609.66,1,USA,609.66
9437,19/04/2024,1824,Laptop,Office,1194.24,2,UK,2388.48
9438,03/01/2022,1822,Mouse,Accessories,338.92,3,UK,1016.76
9439,17/11/2024,1849,Headphones,Office,708.28,4,USA,2833.12
9440,06/06/2022,1874,Keyboard,Office,34.91,4,USA,139.64
9441,04/05/2024,1923,Laptop,Electronics,763.96,3,France,2291.88
9442,26/05/2023,1869,Mouse,Electronics,171.97,2,France,343.94
9443,18/11/2023,1744,Headphones,Accessories,426.94,1,France,426.94
9444,25/07/2023,1939,Mouse,Electronics,490.69,3,Israel,1472.07
9445,16/12/2023,1658,Webcam,Accessories,128.12,2,Canada,256.24
9446,27/08/2022,1941,Desk Lamp,Electronics,544.05,2,Israel,1088.1
9447,30/10/2022,1110,Laptop,Accessories,749.6,2,Israel,1499.2
9448,30/08/2023,1874,Monitor,Office,649.49,3,Canada,1948.47
9449,17/09/2024,1357,Monitor,Accessories,424.24,2,France,848.48
9450,30/11/2022,1237,Headphones,Electronics,445.81,4,Canada,1783.24
9451,23/04/2022,1002,Mouse,Accessories,952.21,4,USA,3808.84
9452,28/12/2022,1722,Keyboard,Electronics,1079,1,Israel,1079
9453,11/03/2024,1403,Laptop,Office,866.91,1,USA,866.91
9454,07/04/2022,1024,Monitor,Electronics,1464.4,2,Canada,2928.8
9455,16/01/2022,1842,Monitor,Office,1417.59,2,France,2835.18
9456,10/07/2023,1508,Mouse,Office,152.21,2,USA,304.42
9457,11/01/2023,1695,Monitor,Electronics,395.75,1,Israel,395.75
9458,12/01/2024,1464,USB Cable,Office,1303.25,4,USA,5213
9459,25/01/2023,1060,Desk Lamp,Electronics,49.35,4,France,197.4
9460,12/09/2023,1507,Mouse,Accessories,890.33,3,Israel,2670.99
9461,03/04/2024,1122,Laptop,Office,1431.98,1,Israel,1431.98
9462,16/11/2022,1496,Mouse,Accessories,1019.68,2,France,2039.36
9463,15/07/2022,1054,Monitor,Accessories,142.44,4,UK,569.76
9464,22/02/2023,1162,Mouse,Electronics,1122.99,3,Germany,3368.97
9465,30/08/2023,1973,Monitor,Electronics,567.84,4,France,2271.36
9466,22/07/2023,1698,Webcam,Office,1382.69,3,Canada,4148.07
9467,28/06/2023,1038,Headphones,Electronics,433.04,2,USA,866.08
9468,19/08/2022,1696,Monitor,Accessories,712.48,2,UK,1424.96
9469,02/06/2024,1082,USB Cable,Accessories,1121.18,4,France,4484.72
9470,05/06/2023,1706,USB Cable,Accessories,390.02,1,Germany,390.02
9471,04/12/2023,1545,USB Cable,Office,276.76,4,Israel,1107.04
9472,25/04/2024,1112,USB Cable,Electronics,9.05,1,Canada,9.05
9473,04/11/2023,1424,Monitor,Accessories,734.5,4,Germany,2938
9474,21/01/2022,1917,Monitor,Office,1393.28,1,Germany,1393.28
9475,11/08/2023,1229,Headphones,Electronics,425.82,2,Canada,851.64
9476,16/06/2024,1282,Webcam,Electronics,69.85,3,France,209.55
9477,06/01/2023,1916,Desk Lamp,Accessories,932.54,1,Israel,932.54
9478,19/03/2022,1936,Keyboard,Office,88.97,2,Israel,177.94
9479,10/10/2023,1286,Monitor,Accessories,762.83,3,Germany,2288.49
9480,20/05/2022,1154,Keyboard,Accessories,575.39,2,France,1150.78
9481,07/07/2023,1164,Laptop,Office,715.76,2,Israel,1431.52
9482,24/09/2024,1961,Webcam,Accessories,248.15,2,Israel,496.3
9483,09/10/2022,1181,Desk Lamp,Office,139.85,1,USA,139.85
9484,16/03/2023,1238,Mouse,Office,1124.74,2,Germany,2249.48
9485,27/09/2022,1648,Keyboard,Accessories,372.27,2,UK,744.54
9486,16/01/2024,1338,USB Cable,Accessories,1201.63,2,Germany,2403.26
9487,14/04/2022,1937,Webcam,Electronics,1138.88,1,France,1138.88
9488,05/02/2024,1511,Laptop,Electronics,301.58,4,Canada,1206.32
9489,05/04/2022,1931,Webcam,Office,1362.89,2,Canada,2725.78
9490,30/12/2023,1265,Mouse,Office,246.11,4,Israel,984.44
9491,25/04/2023,1186,Monitor,Office,1196.73,2,Israel,2393.46
9492,19/02/2024,1039,Monitor,Electronics,633.7,1,USA,633.7
9493,13/01/2022,1821,USB Cable,Accessories,278.61,4,Israel,1114.44
9494,24/08/2023,1492,Monitor,Accessories,1407.48,2,Israel,2814.96
9495,05/04/2022,1678,Headphones,Electronics,1445.07,4,Canada,5780.28
9496,20/10/2022,1390,Headphones,Accessories,769.5,3,UK,2308.5
9497,25/01/2022,1259,Headphones,Accessories,706.42,4,Germany,2825.68
9498,27/07/2024,1654,USB Cable,Accessories,1351.76,2,Israel,2703.52
9499,01/02/2024,1715,Headphones,Electronics,896.22,4,France,3584.88
9500,16/10/2023,1175,Laptop,Office,402.73,2,UK,805.46
9501,11/09/2024,1773,Desk Lamp,Accessories,640.67,4,UK,2562.68
9502,30/09/2023,1763,USB Cable,Accessories,1254.8,4,USA,5019.2
9503,06/05/2023,1328,Webcam,Office,1290.05,1,France,1290.05
9504,29/07/2023,1930,Laptop,Accessories,1409.18,1,UK,1409.18
9505,21/10/2022,1199,Monitor,Accessories,435.95,4,Germany,1743.8
9506,14/06/2024,1710,Mouse,Office,1021.53,1,France,1021.53
9507,09/02/2022,1195,Headphones,Electronics,107.24,1,Germany,107.24
9508,15/02/2024,1825,Webcam,Electronics,1090.22,3,USA,3270.66
9509,04/06/2023,1588,Mouse,Accessories,846.98,2,USA,1693.96
9510,30/06/2023,1530,USB Cable,Accessories,378.4,2,Israel,756.8
9511,24/08/2022,1061,USB Cable,Office,983.67,3,Germany,2951.01
9512,08/04/2023,1326,Laptop,Office,207.1,4,Canada,828.4
9513,28/04/2023,1905,Headphones,Accessories,504.04,1,Germany,504.04
9514,06/03/2023,1280,USB Cable,Accessories,604.37,2,USA,1208.74
9515,11/11/2024,1939,Laptop,Electronics,1166.82,3,Canada,3500.46
9516,09/12/2022,1761,Laptop,Electronics,466.63,2,Germany,933.26
9517,29/11/2024,1226,Keyboard,Electronics,78.31,4,France,313.24
9518,13/05/2022,1638,Webcam,Electronics,275.21,3,Israel,825.63
9519,17/12/2022,1057,Laptop,Office,914.1,4,Israel,3656.4
9520,21/05/2023,1920,Monitor,Electronics,27.8,4,France,111.2
9521,25/03/2022,1476,USB Cable,Electronics,1189.39,3,UK,3568.17
9522,19/09/2024,1375,Laptop,Accessories,1352.17,2,Canada,2704.34
9523,09/04/2024,1715,Headphones,Electronics,745.62,1,Canada,745.62
9524,10/05/2024,1242,USB Cable,Accessories,1062.91,1,Germany,1062.91
9525,09/12/2022,1366,Desk Lamp,Accessories,696.7,3,UK,2090.1
9526,15/05/2024,1935,Desk Lamp,Electronics,466.6,1,UK,466.6
9527,20/10/2022,1843,USB Cable,Electronics,251.48,4,Germany,1005.92
9528,21/08/2023,1499,Monitor,Accessories,779.65,2,Canada,1559.3
9529,07/10/2023,1837,Laptop,Office,1395.18,3,USA,4185.54
9530,24/03/2023,1251,Monitor,Accessories,1335.51,4,Germany,5342.04
9531,21/11/2023,1905,Laptop,Office,1379.84,4,USA,5519.36
9532,28/09/2024,1321,Webcam,Office,1449.79,2,France,2899.58
9533,04/05/2024,1375,Monitor,Electronics,252.21,2,USA,504.42
9534,17/05/2023,1408,Mouse,Electronics,224.06,1,UK,224.06
9535,03/02/2024,1710,Keyboard,Electronics,644.5,2,UK,1289
9536,05/01/2024,1487,Monitor,Electronics,1035.52,3,UK,3106.56
9537,07/09/2022,1342,Headphones,Accessories,662.34,3,Canada,1987.02
9538,24/08/2023,1239,Desk Lamp,Office,1339.07,2,Canada,2678.14
9539,05/05/2022,1138,Keyboard,Accessories,1077.51,2,USA,2155.02
9540,23/04/2022,1121,Keyboard,Office,952.79,4,UK,3811.16
9541,07/09/2024,1419,Laptop,Accessories,111.2,3,Israel,333.6
9542,30/05/2022,1560,Monitor,Office,267.13,1,Germany,267.13
9543,24/05/2024,1303,Webcam,Electronics,645.09,4,UK,2580.36
9544,09/12/2022,1114,USB Cable,Office,1464.68,4,Canada,5858.72
9545,03/08/2023,1342,Keyboard,Electronics,504.94,1,USA,504.94
9546,22/02/2024,1250,Headphones,Office,946.81,1,UK,946.81
9547,17/11/2022,1006,Desk Lamp,Accessories,1483.41,2,USA,2966.82
9548,01/04/2024,1730,Webcam,Office,399.72,2,Germany,799.44
9549,16/06/2023,1588,Desk Lamp,Accessories,254.17,4,USA,1016.68
9550,07/05/2023,1178,Desk Lamp,Accessories,821.77,3,Germany,2465.31
9551,04/09/2023,1144,Webcam,Electronics,830.08,3,UK,2490.24
9552,09/09/2022,1415,Headphones,Office,1383.22,4,Canada,5532.88
9553,22/06/2022,1665,USB Cable,Accessories,44.51,3,Israel,133.53
9554,24/05/2024,1120,Headphones,Office,614.03,3,UK,1842.09
9555,20/07/2022,1123,Laptop,Electronics,471.96,1,Germany,471.96
9556,05/08/2022,1149,Desk Lamp,Electronics,858.72,2,Canada,1717.44
9557,11/01/2023,1396,Mouse,Office,18.95,2,France,37.9
9558,11/01/2022,1380,USB Cable,Accessories,1068.04,4,France,4272.16
9559,01/11/2024,1779,Monitor,Accessories,730.06,1,France,730.06
9560,10/06/2024,1838,Keyboard,Accessories,1052.53,3,UK,3157.59
9561,11/03/2023,1000,Monitor,Office,674.47,4,USA,2697.88
9562,28/03/2024,1672,Webcam,Accessories,713.92,4,Israel,2855.68
9563,19/07/2024,1243,Keyboard,Accessories,1343.85,3,Canada,4031.55
9564,22/11/2023,1886,USB Cable,Accessories,320.29,2,Israel,640.58
9565,04/05/2024,1397,Laptop,Electronics,330.15,3,Canada,990.45
9566,23/02/2024,1250,Desk Lamp,Accessories,841.42,4,UK,3365.68
9567,15/11/2022,1878,Desk Lamp,Office,992.04,2,Germany,1984.08
9568,23/04/2024,1575,Monitor,Office,535.26,4,UK,2141.04
9569,13/09/2023,1298,Laptop,Accessories,781.67,1,France,781.67
9570,24/02/2024,1759,Laptop,Office,345.65,2,Germany,691.3
9571,01/02/2023,1953,USB Cable,Office,208.19,4,Israel,832.76
9572,17/12/2024,1296,Monitor,Accessories,361.2,4,UK,1444.8
9573,05/04/2023,1976,Monitor,Electronics,1374.98,1,USA,1374.98
9574,02/03/2022,1963,USB Cable,Accessories,1203.72,3,USA,3611.16
9575,04/01/2023,1499,USB Cable,Office,214.67,2,Israel,429.34
9576,20/12/2023,1114,Keyboard,Office,74.61,4,Germany,298.44
9577,30/06/2023,1806,Webcam,Accessories,144.31,4,France,577.24
9578,06/11/2024,1000,Webcam,Office,443.68,4,USA,1774.72
9579,11/05/2023,1552,USB Cable,Electronics,1217.98,4,USA,4871.92
9580,12/05/2023,1684,Headphones,Accessories,485.45,3,UK,1456.35
9581,20/05/2023,1599,Laptop,Office,282.55,3,Canada,847.65
9582,26/08/2024,1481,Desk Lamp,Electronics,596.78,3,Israel,1790.34
9583,28/12/2024,1609,Webcam,Office,190.46,2,USA,380.92
9584,10/06/2022,1599,Mouse,Electronics,707.97,3,UK,2123.91
9585,19/12/2023,1762,USB Cable,Office,1014.95,2,Germany,2029.9
9586,19/09/2024,1509,USB Cable,Accessories,556.43,3,Canada,1669.29
9587,26/09/2022,1334,Keyboard,Office,264.55,4,USA,1058.2
9588,30/11/2023,1464,USB Cable,Accessories,682.53,1,Israel,682.53
9589,14/05/2024,1140,Keyboard,Electronics,1144.92,2,UK,2289.84
9590,16/12/2022,1582,Headphones,Electronics,119.51,1,Germany,119.51
9591,20/04/2022,1136,Headphones,Office,111.05,1,UK,111.05
9592,11/02/2023,1958,USB Cable,Accessories,480.58,4,France,1922.32
9593,12/10/2023,1610,Laptop,Accessories,625.5,4,Israel,2502
9594,20/02/2022,1662,Keyboard,Electronics,328.63,2,Israel,657.26
9595,27/12/2024,1949,Keyboard,Electronics,45.23,2,Canada,90.46
9596,19/08/2023,1686,Mouse,Office,333.24,2,USA,666.48
9597,05/09/2024,1166,Laptop,Electronics,655.88,3,Canada,1967.64
9598,01/12/2024,1342,Laptop,Electronics,123.74,3,UK,371.22
9599,01/01/2024,1409,Webcam,Accessories,1075.26,1,Germany,1075.26
9600,26/02/2022,1768,Headphones,Accessories,830.39,2,USA,1660.78
9601,08/01/2024,1909,Webcam,Accessories,654.49,1,Israel,654.49
9602,15/07/2022,1735,Desk Lamp,Electronics,780.47,3,UK,2341.41
9603,21/12/2024,1879,Laptop,Office,985.43,1,Germany,985.43
9604,22/04/2022,1841,USB Cable,Office,1492.22,1,Canada,1492.22
9605,04/02/2024,1064,Mouse,Electronics,1163.8,2,Israel,2327.6
9606,12/12/2023,1580,USB Cable,Office,812.84,2,Germany,1625.68
9607,05/08/2024,1066,USB Cable,Electronics,1156.95,1,Canada,1156.95
9608,26/01/2022,1432,Laptop,Office,715.46,3,UK,2146.38
9609,14/02/2023,1049,Webcam,Electronics,469.81,1,Germany,469.81
9610,28/01/2024,1313,Monitor,Accessories,396.63,3,USA,1189.89
9611,15/06/2023,1308,USB Cable,Office,602.22,1,USA,602.22
9612,19/01/2024,1602,USB Cable,Accessories,8.41,1,UK,8.41
9613,03/09/2022,1114,Monitor,Accessories,269.55,2,Canada,539.1
9614,24/10/2023,1885,Mouse,Office,194.17,1,Israel,194.17
9615,27/06/2024,1568,Headphones,Electronics,1440.71,3,France,4322.13
9616,31/01/2023,1341,Keyboard,Accessories,101.95,1,France,101.95
9617,06/06/2023,1529,Laptop,Accessories,753.95,1,France,753.95
9618,14/07/2024,1783,Webcam,Electronics,1379.98,3,Israel,4139.94
9619,21/09/2022,1641,Desk Lamp,Electronics,913.24,1,USA,913.24
9620,29/02/2024,1494,Headphones,Office,745.43,1,USA,745.43
9621,21/06/2022,1268,Webcam,Office,1115.78,1,Canada,1115.78
9622,22/09/2022,1940,Headphones,Electronics,533.3,1,Canada,533.3
9623,15/11/2024,1079,Laptop,Accessories,294.6,3,USA,883.8
9624,21/04/2023,1455,Keyboard,Electronics,1271.69,4,Canada,5086.76
9625,22/12/2022,1298,Laptop,Office,89.59,3,UK,268.77
9626,15/11/2024,1967,Keyboard,Accessories,1212.65,3,Canada,3637.95
9627,03/02/2022,1821,Webcam,Accessories,159.53,4,USA,638.12
9628,21/09/2022,1201,Mouse,Office,940.22,3,Canada,2820.66
9629,26/03/2024,1502,Keyboard,Accessories,718.19,1,USA,718.19
9630,24/05/2024,1736,Desk Lamp,Electronics,1497.82,3,USA,4493.46
9631,24/01/2024,1670,Headphones,Office,584.94,1,France,584.94
9632,20/07/2023,1715,Mouse,Accessories,1436.14,2,Germany,2872.28
9633,07/04/2023,1648,Webcam,Office,608.65,1,USA,608.65
9634,17/10/2023,1484,Monitor,Accessories,1024.14,1,Germany,1024.14
9635,22/03/2022,1584,Mouse,Electronics,967.27,3,Canada,2901.81
9636,27/01/2024,1559,Keyboard,Office,134.25,3,USA,402.75
9637,19/05/2024,1017,Desk Lamp,Accessories,1116.33,3,France,3348.99
9638,05/12/2024,1477,Mouse,Electronics,316.96,2,France,633.92
9639,22/08/2023,1991,Desk Lamp,Electronics,585.72,4,Canada,2342.88
9640,17/03/2024,1487,Desk Lamp,Electronics,1174.39,1,Canada,1174.39
9641,12/12/2024,1982,Webcam,Accessories,1416.75,4,Canada,5667
9642,10/09/2024,1778,Mouse,Accessories,841.91,4,Germany,3367.64
9643,05/12/2023,1445,Webcam,Electronics,781.48,2,France,1562.96
9644,21/04/2023,1339,Monitor,Electronics,759.86,1,UK,759.86
9645,15/08/2023,1530,Keyboard,Electronics,1225.76,1,Israel,1225.76
9646,16/01/2022,1611,USB Cable,Electronics,1489.71,2,Israel,2979.42
9647,02/05/2023,1115,Headphones,Electronics,952.22,2,Canada,1904.44
9648,07/12/2023,1857,Mouse,Accessories,571.04,1,USA,571.04
9649,12/09/2023,1073,USB Cable,Office,331.9,2,France,663.8
9650,15/10/2024,1791,Laptop,Office,302.24,3,Israel,906.72
9651,16/02/2024,1268,Headphones,Office,1284.95,1,Germany,1284.95
9652,23/03/2023,1636,Mouse,Accessories,1488.57,4,Germany,5954.28
9653,17/10/2022,1115,Headphones,Office,1048.5,3,Canada,3145.5
9654,28/07/2022,1685,USB Cable,Office,1433.96,4,Germany,5735.84
9655,17/02/2023,1692,Laptop,Office,528.24,2,USA,1056.48
9656,08/11/2023,1737,Headphones,Office,943.25,4,Israel,3773
9657,26/10/2023,1668,USB Cable,Electronics,769.97,3,Israel,2309.91
9658,17/10/2022,1163,Headphones,Accessories,725.62,2,Israel,1451.24
9659,31/05/2022,1582,Laptop,Office,950.4,3,Germany,2851.2
9660,04/05/2024,1221,Desk Lamp,Electronics,468.96,2,Canada,937.92
9661,31/08/2023,1125,Laptop,Office,962.73,1,Germany,962.73
9662,05/01/2023,1656,Laptop,Office,1010.93,4,USA,4043.72
9663,06/12/2023,1175,Desk Lamp,Office,1254.99,4,Canada,5019.96
9664,05/04/2024,1972,Desk Lamp,Office,1097.07,1,UK,1097.07
9665,01/10/2024,1663,Monitor,Office,483.06,1,Israel,483.06
9666,12/01/2023,1693,Webcam,Electronics,678.95,4,USA,2715.8
9667,30/08/2024,1374,Webcam,Office,184.96,1,Germany,184.96
9668,28/04/2022,1990,USB Cable,Electronics,389.65,2,UK,779.3
9669,25/10/2024,1858,Laptop,Office,783.81,4,France,3135.24
9670,20/03/2023,1497,USB Cable,Accessories,155.64,3,UK,466.92
9671,25/01/2024,1084,Webcam,Electronics,858.06,1,USA,858.06
9672,02/10/2023,1875,Headphones,Office,588.47,2,UK,1176.94
9673,04/05/2022,1382,Laptop,Electronics,56.98,4,Germany,227.92
9674,20/10/2023,1632,Desk Lamp,Office,654.5,4,UK,2618
9675,01/04/2024,1640,Mouse,Office,425.3,2,Germany,850.6
9676,26/10/2023,1462,Laptop,Electronics,105.13,1,UK,105.13
9677,26/12/2022,1450,Desk Lamp,Office,443.59,4,USA,1774.36
9678,15/09/2023,1517,Laptop,Office,444.67,1,France,444.67
9679,16/12/2024,1845,Webcam,Office,535.84,2,Israel,1071.68
9680,07/07/2024,1694,USB Cable,Office,552.88,3,UK,1658.64
9681,28/03/2023,1549,Keyboard,Office,647.51,2,France,1295.02
9682,30/04/2022,1928,Headphones,Office,142.48,1,UK,142.48
9683,05/08/2023,1115,Desk Lamp,Electronics,12.89,4,Canada,51.56
9684,09/04/2022,1613,Desk Lamp,Accessories,1105.33,1,France,1105.33
9685,29/05/2023,1007,Desk Lamp,Office,509.33,1,Germany,509.33
9686,26/10/2023,1217,Webcam,Electronics,922.35,3,France,2767.05
9687,05/02/2023,1718,USB Cable,Accessories,464.02,4,Israel,1856.08
9688,31/12/2022,1589,USB Cable,Electronics,1476.36,3,France,4429.08
9689,04/08/2023,1879,Headphones,Accessories,476.56,3,Israel,1429.68
9690,13/09/2023,1403,USB Cable,Accessories,909.54,2,Israel,1819.08
9691,07/04/2024,1566,Desk Lamp,Accessories,333.86,2,France,667.72
9692,04/09/2022,1303,Mouse,Electronics,779.11,4,Israel,3116.44
9693,10/03/2023,1466,Desk Lamp,Accessories,871.1,3,Israel,2613.3
9694,07/09/2023,1951,Monitor,Office,278.32,3,Canada,834.96
9695,31/07/2024,1992,Keyboard,Office,189.86,1,Germany,189.86
9696,20/08/2024,1739,Mouse,Accessories,1460.53,1,USA,1460.53
9697,16/09/2023,1087,Mouse,Accessories,1340.44,2,Germany,2680.88
9698,17/11/2022,1009,Desk Lamp,Office,991.8,3,USA,2975.4
9699,05/05/2024,1307,Headphones,Electronics,1292.28,4,USA,5169.12
9700,03/03/2022,1433,Keyboard,Electronics,147.86,3,Germany,443.58
9701,27/10/2022,1801,Headphones,Office,1095.42,2,Israel,2190.84
9702,07/02/2023,1163,Monitor,Electronics,431.98,4,Canada,1727.92
9703,12/08/2024,1238,USB Cable,Electronics,811.54,3,Germany,2434.62
9704,10/09/2022,1316,Headphones,Accessories,1148.4,1,Israel,1148.4
9705,23/04/2023,1995,Laptop,Electronics,55.05,3,Germany,165.15
9706,09/06/2022,1655,Headphones,Office,1043.78,2,Germany,2087.56
9707,18/08/2024,1334,USB Cable,Electronics,655.13,2,Canada,1310.26
9708,24/07/2022,1017,Laptop,Accessories,662.31,3,UK,1986.93
9709,07/05/2024,1070,Mouse,Office,1361.38,2,France,2722.76
9710,30/01/2024,1174,Monitor,Office,1290.31,1,Germany,1290.31
9711,22/12/2023,1853,USB Cable,Office,91.01,1,France,91.01
9712,06/11/2024,1799,Webcam,Accessories,929.38,1,Israel,929.38
9713,09/03/2022,1810,Laptop,Office,656.59,3,UK,1969.77
9714,13/05/2022,1338,Monitor,Accessories,181.13,2,Canada,362.26
9715,07/07/2024,1935,Headphones,Accessories,1277.32,1,UK,1277.32
9716,06/03/2023,1247,Webcam,Electronics,111.91,4,USA,447.64
9717,04/11/2022,1192,Headphones,Office,52.99,2,Canada,105.98
9718,12/10/2023,1418,USB Cable,Electronics,300.29,2,Canada,600.58
9719,16/02/2023,1324,Mouse,Electronics,458.55,4,France,1834.2
9720,07/04/2022,1305,USB Cable,Accessories,96.02,2,UK,192.04
9721,16/11/2024,1779,Desk Lamp,Electronics,963.76,1,Israel,963.76
9722,19/12/2024,1203,USB Cable,Electronics,658.54,2,USA,1317.08
9723,21/07/2022,1852,USB Cable,Electronics,621.22,1,UK,621.22
9724,01/02/2024,1122,Headphones,Office,222.28,1,Israel,222.28
9725,23/05/2024,1569,Laptop,Electronics,659.49,1,France,659.49
9726,04/08/2023,1850,Mouse,Accessories,588.3,3,Israel,1764.9
9727,05/01/2023,1446,Monitor,Office,578.55,2,Israel,1157.1
9728,17/06/2023,1712,Mouse,Accessories,331.76,4,Israel,1327.04
9729,17/06/2024,1490,Desk Lamp,Office,146.18,3,Germany,438.54
9730,30/08/2023,1432,Monitor,Office,394.76,3,Canada,1184.28
9731,22/05/2024,1623,Keyboard,Office,1002.57,3,UK,3007.71
9732,09/02/2024,1127,Laptop,Accessories,114.02,3,Israel,342.06
9733,13/04/2024,1547,Desk Lamp,Electronics,576.58,1,USA,576.58
9734,25/09/2024,1745,Laptop,Office,773.99,1,Germany,773.99
9735,26/07/2024,1821,Monitor,Accessories,1444.91,4,Israel,5779.64
9736,24/08/2022,1046,Headphones,Office,1266.52,2,Israel,2533.04
9737,11/06/2022,1504,Webcam,Electronics,1375.34,4,Canada,5501.36
9738,08/07/2023,1114,Headphones,Office,1230.9,2,UK,2461.8
9739,27/02/2024,1415,Keyboard,Accessories,885.73,1,Germany,885.73
9740,27/12/2024,1766,Monitor,Office,1291.88,2,Israel,2583.76
9741,13/07/2023,1994,Keyboard,Accessories,850.04,2,Israel,1700.08
9742,18/09/2022,1222,Monitor,Electronics,539.83,3,France,1619.49
9743,05/08/2022,1635,Keyboard,Electronics,561.65,4,USA,2246.6
9744,15/03/2024,1948,Monitor,Office,850.37,3,USA,2551.11
9745,20/07/2022,1502,Laptop,Electronics,1215.11,3,UK,3645.33
9746,06/02/2023,1671,Desk Lamp,Accessories,204.81,3,Germany,614.43
9747,02/10/2022,1957,Keyboard,Office,63.7,3,Canada,191.1
9748,25/07/2022,1932,Keyboard,Accessories,1185.41,1,Canada,1185.41
9749,29/11/2024,1095,Desk Lamp,Office,973.15,4,Israel,3892.6
9750,16/05/2024,1106,Monitor,Accessories,1232.86,3,Canada,3698.58
9751,03/04/2022,1631,Mouse,Office,1465.13,4,Germany,5860.52
9752,01/12/2024,1612,Mouse,Accessories,380.83,3,UK,1142.49
9753,14/01/2023,1614,Laptop,Accessories,295.47,1,France,295.47
9754,06/03/2022,1677,Headphones,Office,514.76,3,UK,1544.28
9755,31/12/2022,1925,Headphones,Accessories,1317.55,2,USA,2635.1
9756,31/03/2024,1697,Laptop,Electronics,25.88,1,France,25.88
9757,13/11/2024,1031,Headphones,Accessories,20.75,4,Israel,83
9758,24/06/2023,1492,Desk Lamp,Office,329.1,2,UK,658.2
9759,21/12/2024,1065,Webcam,Electronics,566.99,2,Germany,1133.98
9760,06/05/2023,1178,Desk Lamp,Electronics,457.01,1,Germany,457.01
9761,17/08/2022,1778,Webcam,Accessories,1238.25,4,USA,4953
9762,09/11/2024,1442,Webcam,Accessories,1036.13,1,USA,1036.13
9763,03/01/2022,1915,USB Cable,Accessories,1257.56,3,Canada,3772.68
9764,29/06/2024,1548,USB Cable,Electronics,578.72,1,USA,578.72
9765,03/11/2022,1200,Webcam,Electronics,895.74,1,USA,895.74
9766,08/03/2023,1869,Monitor,Electronics,775.61,3,Israel,2326.83
9767,16/05/2022,1048,Mouse,Office,714.72,3,France,2144.16
9768,30/05/2023,1786,Laptop,Office,435.71,4,Canada,1742.84
9769,12/07/2022,1950,Desk Lamp,Accessories,1065.28,1,USA,1065.28
9770,22/05/2024,1679,Monitor,Office,788.42,3,UK,2365.26
9771,28/10/2023,1262,Webcam,Office,122.51,4,Israel,490.04
9772,28/07/2022,1132,Laptop,Accessories,5.78,4,France,23.12
9773,09/08/2024,1809,Mouse,Accessories,35.38,3,Israel,106.14
9774,23/11/2024,1343,Headphones,Electronics,118.55,3,Germany,355.65
9775,11/10/2023,1175,Monitor,Electronics,559.58,4,Israel,2238.32
9776,30/04/2022,1390,Mouse,Accessories,461.97,2,Canada,923.94
9777,19/09/2023,1010,Laptop,Accessories,239.18,3,Israel,717.54
9778,09/06/2023,1200,Keyboard,Office,775.6,2,Germany,1551.2
9779,08/02/2024,1944,Monitor,Office,1455.42,4,Germany,5821.68
9780,27/05/2023,1925,Desk Lamp,Office,245.24,1,Germany,245.24
9781,16/02/2022,1808,USB Cable,Accessories,379.63,2,Canada,759.26
9782,11/02/2024,1002,Laptop,Accessories,695.84,2,Canada,1391.68
9783,10/01/2024,1213,Desk Lamp,Electronics,963.06,2,Israel,1926.12
9784,06/06/2023,1807,Laptop,Office,902.37,2,Germany,1804.74
9785,14/05/2022,1306,USB Cable,Electronics,784.19,2,USA,1568.38
9786,05/09/2022,1979,Mouse,Accessories,1107.22,2,UK,2214.44
9787,12/03/2023,1543,Desk Lamp,Office,1269.69,1,UK,1269.69
9788,17/11/2023,1559,Desk Lamp,Electronics,1498.46,1,Germany,1498.46
9789,09/08/2023,1326,Laptop,Accessories,700.94,1,France,700.94
9790,17/12/2022,1763,Monitor,Electronics,1492.46,2,Israel,2984.92
9791,23/05/2022,1198,Webcam,Office,1097.1,4,UK,4388.4
9792,24/08/2024,1915,USB Cable,Electronics,987.73,3,Canada,2963.19
9793,14/03/2024,1600,Monitor,Electronics,961.33,2,Canada,1922.66
9794,19/12/2023,1108,USB Cable,Accessories,1366.56,1,USA,1366.56
9795,05/10/2023,1290,Laptop,Office,1422.16,4,France,5688.64
9796,16/05/2023,1107,Mouse,Electronics,271.85,4,France,1087.4
9797,05/01/2023,1407,Monitor,Accessories,742.67,2,USA,1485.34
9798,26/02/2024,1551,Keyboard,Office,1412.47,1,Israel,1412.47
9799,09/01/2024,1972,Webcam,Accessories,576.26,3,Israel,1728.78
9800,07/08/2024,1051,USB Cable,Office,352.85,3,Germany,1058.55
9801,06/06/2023,1111,Headphones,Accessories,158.47,1,USA,158.47
9802,04/05/2023,1294,Mouse,Accessories,897.84,1,USA,897.84
9803,01/02/2023,1579,Mouse,Accessories,1051.91,4,Canada,4207.64
9804,14/06/2024,1188,Headphones,Electronics,297.34,2,USA,594.68
9805,21/12/2022,1843,Headphones,Electronics,1012.09,2,Germany,2024.18
9806,04/08/2024,1720,Monitor,Accessories,1349.93,2,UK,2699.86
9807,15/10/2022,1064,Laptop,Office,369.15,3,Israel,1107.45
9808,24/09/2024,1573,Laptop,Accessories,187.39,3,Germany,562.17
9809,20/06/2023,1464,Keyboard,Electronics,1253.96,3,Germany,3761.88
9810,30/04/2024,1257,Webcam,Office,1375.09,2,Canada,2750.18
9811,17/04/2024,1645,USB Cable,Electronics,326.22,1,Germany,326.22
9812,17/06/2022,1633,Laptop,Accessories,1083.46,1,Canada,1083.46
9813,07/08/2024,1330,Desk Lamp,Electronics,888.42,2,Canada,1776.84
9814,13/09/2023,1500,Keyboard,Electronics,362.6,2,USA,725.2
9815,04/03/2023,1682,Keyboard,Electronics,1236.37,1,Germany,1236.37
9816,05/05/2023,1209,Mouse,Accessories,708.3,1,UK,708.3
9817,21/12/2022,1807,Mouse,Electronics,1052,3,France,3156
9818,15/07/2022,1088,Webcam,Accessories,455.63,4,Germany,1822.52
9819,29/06/2023,1678,Monitor,Accessories,1224.59,4,Canada,4898.36
9820,18/12/2023,1027,Desk Lamp,Electronics,400.11,2,UK,800.22
9821,03/04/2024,1237,Headphones,Office,550.36,4,Canada,2201.44
9822,20/07/2024,1335,Headphones,Electronics,590.25,4,USA,2361
9823,29/09/2024,1062,Webcam,Electronics,313.61,4,France,1254.44
9824,21/10/2023,1959,Keyboard,Electronics,1312.18,3,Israel,3936.54
9825,27/07/2024,1766,Webcam,Office,174.66,3,Israel,523.98
9826,19/02/2024,1907,Headphones,Office,846.88,1,USA,846.88
9827,11/01/2022,1552,Keyboard,Accessories,1222.16,2,USA,2444.32
9828,31/01/2023,1499,Headphones,Office,873.45,4,Israel,3493.8
9829,01/01/2024,1540,Monitor,Office,493.71,1,USA,493.71
9830,13/02/2023,1790,Mouse,Electronics,1173.13,3,Israel,3519.39
9831,28/12/2022,1468,Mouse,Accessories,751.27,4,USA,3005.08
9832,23/10/2024,1591,Keyboard,Accessories,248.7,2,Israel,497.4
9833,25/03/2022,1050,Webcam,Office,478.71,4,UK,1914.84
9834,05/06/2022,1111,Headphones,Office,889.95,3,USA,2669.85
9835,08/12/2023,1872,Laptop,Electronics,989.87,4,Israel,3959.48
9836,17/04/2023,1300,Monitor,Office,824.46,4,USA,3297.84
9837,11/09/2023,1089,Headphones,Office,411.65,4,Israel,1646.6
9838,14/05/2022,1228,USB Cable,Accessories,892.66,4,Israel,3570.64
9839,27/02/2024,1149,Laptop,Office,502.02,3,Canada,1506.06
9840,25/06/2024,1754,Monitor,Electronics,341.26,1,Canada,341.26
9841,13/05/2024,1137,Monitor,Accessories,1418.57,4,France,5674.28
9842,29/10/2023,1134,Mouse,Accessories,475.74,2,USA,951.48
9843,04/10/2022,1456,Keyboard,Office,506.75,4,UK,2027
9844,31/05/2024,1600,Headphones,Electronics,1345.68,2,Germany,2691.36
9845,13/01/2022,1493,Monitor,Accessories,218.33,2,Germany,436.66
9846,08/12/2022,1526,Headphones,Electronics,878.97,4,Canada,3515.88
9847,04/02/2022,1332,Monitor,Electronics,1176.65,4,USA,4706.6
9848,13/07/2023,1361,Webcam,Office,414.13,2,Canada,828.26
9849,09/02/2023,1173,Desk Lamp,Electronics,1266.9,3,Israel,3800.7
9850,20/10/2023,1601,Mouse,Accessories,1155.63,1,Israel,1155.63
9851,08/06/2022,1212,Keyboard,Office,731.71,2,UK,1463.42
9852,13/08/2024,1342,Laptop,Accessories,182.48,3,USA,547.44
9853,03/07/2023,1060,Laptop,Electronics,1455.31,1,Germany,1455.31
9854,11/09/2024,1875,Webcam,Electronics,938.22,1,UK,938.22
9855,06/10/2022,1731,USB Cable,Office,778.06,1,USA,778.06
9856,24/04/2023,1060,Mouse,Office,1328.75,4,USA,5315
9857,21/04/2022,1818,Monitor,Accessories,634.93,4,Canada,2539.72
9858,07/03/2023,1677,Mouse,Accessories,847.64,2,Canada,1695.28
9859,26/06/2023,1523,Keyboard,Electronics,1288.33,4,USA,5153.32
9860,26/12/2022,1215,Desk Lamp,Office,592.49,3,France,1777.47
9861,07/01/2023,1588,Laptop,Electronics,1159.73,1,UK,1159.73
9862,04/11/2024,1743,Headphones,Electronics,387.93,1,USA,387.93
9863,12/08/2024,1623,Laptop,Accessories,1055.04,1,Canada,1055.04
9864,16/09/2022,1577,USB Cable,Accessories,768.1,4,UK,3072.4
9865,17/02/2024,1693,USB Cable,Accessories,251.54,4,Germany,1006.16
9866,30/04/2022,1422,USB Cable,Office,208.33,4,USA,833.32
9867,02/09/2024,1715,USB Cable,Accessories,689.24,3,Israel,2067.72
9868,01/07/2024,1422,Keyboard,Office,1067.72,4,USA,4270.88
9869,24/12/2023,1370,Monitor,Electronics,906.93,4,USA,3627.72
9870,07/06/2023,1205,Mouse,Office,1282.81,4,UK,5131.24
9871,21/11/2022,1285,Laptop,Accessories,587.54,3,UK,1762.62
9872,09/12/2024,1104,USB Cable,Office,1266.24,4,Canada,5064.96
9873,10/03/2022,1753,Laptop,Office,60.36,2,France,120.72
9874,26/01/2023,1746,USB Cable,Accessories,551.88,4,USA,2207.52
9875,18/01/2023,1687,Headphones,Accessories,114.11,2,Canada,228.22
9876,16/01/2022,1722,Mouse,Electronics,1379.27,3,Germany,4137.81
9877,25/04/2024,1542,Headphones,Office,715.59,2,UK,1431.18
9878,18/05/2024,1746,Headphones,Electronics,477.65,3,France,1432.95
9879,22/07/2023,1241,USB Cable,Electronics,741.27,4,Israel,2965.08
9880,12/05/2022,1490,Desk Lamp,Office,801.6,4,Israel,3206.4
9881,30/09/2022,1664,Monitor,Electronics,1270.12,2,France,2540.24
9882,29/04/2023,1707,Laptop,Office,815.93,4,Canada,3263.72
9883,04/07/2023,1497,Desk Lamp,Electronics,649.92,2,Israel,1299.84
9884,23/12/2022,1434,Webcam,Electronics,1442.22,3,USA,4326.66
9885,07/12/2024,1780,Mouse,Office,1452.99,4,UK,5811.96
9886,30/10/2024,1483,Desk Lamp,Accessories,62.43,4,Germany,249.72
9887,21/08/2022,1446,Monitor,Office,1061.73,4,Israel,4246.92
9888,05/02/2022,1383,Webcam,Accessories,560.78,1,USA,560.78
9889,17/02/2023,1509,Monitor,Office,1014.42,1,Canada,1014.42
9890,24/10/2024,1169,Desk Lamp,Office,957.2,2,UK,1914.4
9891,13/02/2022,1949,USB Cable,Accessories,498.51,1,USA,498.51
9892,22/07/2023,1868,USB Cable,Accessories,1480.05,4,USA,5920.2
9893,10/01/2024,1322,Monitor,Office,538.88,1,Canada,538.88
9894,24/04/2022,1847,Desk Lamp,Office,949.81,2,UK,1899.62
9895,01/02/2023,1473,Keyboard,Office,1221.01,1,Israel,1221.01
9896,11/04/2023,1231,Keyboard,Accessories,222.47,3,Israel,667.41
9897,26/04/2024,1695,Monitor,Office,454.35,3,USA,1363.05
9898,17/05/2023,1358,Keyboard,Accessories,302.46,1,France,302.46
9899,17/03/2023,1274,Mouse,Electronics,1173.82,3,Israel,3521.46
9900,10/03/2022,1941,Laptop,Accessories,1202.81,3,USA,3608.43
9901,22/11/2022,1910,Webcam,Electronics,387.64,1,Canada,387.64
9902,08/03/2022,1031,USB Cable,Office,11.17,3,Germany,33.51
9903,31/10/2022,1176,Mouse,Office,637.91,2,Germany,1275.82
9904,29/08/2024,1916,Laptop,Accessories,1032.27,2,France,2064.54
9905,29/04/2023,1064,Keyboard,Electronics,935.64,4,Canada,3742.56
9906,17/07/2024,1709,Webcam,Office,671.32,2,USA,1342.64
9907,29/05/2022,1026,Mouse,Office,456.4,4,Germany,1825.6
9908,16/11/2024,1662,Headphones,Electronics,714.21,4,Canada,2856.84
9909,13/09/2024,1814,USB Cable,Office,27.58,1,Israel,27.58
9910,07/08/2023,1478,Monitor,Office,115.44,3,USA,346.32
9911,05/09/2022,1267,USB Cable,Accessories,248.2,1,France,248.2
9912,03/12/2023,1596,Laptop,Office,939.98,4,France,3759.92
9913,06/04/2022,1065,Laptop,Electronics,332.1,1,Israel,332.1
9914,09/10/2022,1132,Headphones,Office,637.95,3,Germany,1913.85
9915,18/11/2022,1904,Headphones,Accessories,934.01,3,Canada,2802.03
9916,13/06/2023,1915,Monitor,Office,1246.71,3,Germany,3740.13
9917,20/09/2022,1365,Keyboard,Electronics,826.74,4,France,3306.96
9918,03/08/2023,1081,USB Cable,Office,269.8,1,UK,269.8
9919,21/10/2022,1892,Mouse,Electronics,1427.85,1,Canada,1427.85
9920,30/01/2023,1830,Desk Lamp,Accessories,139.57,4,Canada,558.28
9921,28/05/2023,1981,Desk Lamp,Office,553.84,4,Canada,2215.36
9922,09/07/2024,1327,Mouse,Office,1382.38,2,France,2764.76
9923,20/03/2024,1097,Mouse,Accessories,905.49,1,Canada,905.49
9924,08/07/2024,1584,Keyboard,Electronics,995.67,3,France,2987.01
9925,24/11/2023,1326,USB Cable,Electronics,456.03,1,USA,456.03
9926,23/08/2022,1541,USB Cable,Office,122.42,2,Israel,244.84
9927,09/08/2024,1124,Desk Lamp,Electronics,551.81,3,USA,1655.43
9928,28/10/2024,1209,Monitor,Electronics,606.23,2,France,1212.46
9929,23/06/2023,1986,Mouse,Office,409.06,4,USA,1636.24
9930,30/03/2024,1783,Laptop,Electronics,327.15,4,Germany,1308.6
9931,29/09/2022,1724,Laptop,Electronics,536.49,1,France,536.49
9932,25/10/2024,1132,Laptop,Office,960.93,4,Germany,3843.72
9933,16/08/2023,1502,Headphones,Office,1423.81,4,Germany,5695.24
9934,02/09/2024,1156,Headphones,Electronics,1057.15,1,Israel,1057.15
9935,25/04/2022,1558,Keyboard,Office,1170.51,2,Germany,2341.02
9936,20/09/2022,1868,Mouse,Electronics,462.57,2,USA,925.14
9937,26/07/2022,1874,Headphones,Electronics,161.52,3,USA,484.56
9938,30/10/2022,1381,Laptop,Electronics,440.81,3,Canada,1322.43
9939,22/04/2022,1021,Headphones,Electronics,606.97,2,UK,1213.94
9940,04/07/2022,1973,USB Cable,Office,1036.37,4,Israel,4145.48
9941,19/06/2024,1952,Laptop,Office,1409.34,3,Canada,4228.02
9942,09/08/2022,1594,Mouse,Accessories,1214.89,2,Canada,2429.78
9943,29/12/2024,1418,USB Cable,Office,403.27,4,Canada,1613.08
9944,16/06/2024,1471,Keyboard,Accessories,1231.35,4,UK,4925.4
9945,29/12/2024,1233,Monitor,Electronics,620.56,2,Germany,1241.12
9946,14/09/2023,1571,Monitor,Office,267.28,1,Canada,267.28
9947,03/03/2023,1453,USB Cable,Electronics,694.57,2,France,1389.14
9948,06/10/2023,1699,Laptop,Accessories,847.01,4,USA,3388.04
9949,22/07/2023,1569,Headphones,Office,1146.29,3,France,3438.87
9950,19/03/2023,1770,Headphones,Office,528.1,4,UK,2112.4
9951,24/08/2023,1161,Laptop,Office,224.44,4,Canada,897.76
9952,19/05/2023,1300,Desk Lamp,Office,146.06,2,UK,292.12
9953,11/05/2022,1305,Mouse,Electronics,173.11,4,USA,692.44
9954,06/08/2022,1001,USB Cable,Office,1425.29,1,Canada,1425.29
9955,19/11/2023,1270,Laptop,Accessories,1427.87,3,UK,4283.61
9956,20/06/2022,1420,Desk Lamp,Office,1453.29,2,France,2906.58
9957,04/09/2023,1142,Mouse,Accessories,457.22,1,UK,457.22
9958,18/09/2024,1699,Keyboard,Accessories,291.46,3,France,874.38
9959,26/02/2022,1863,Keyboard,Electronics,1471.47,1,Canada,1471.47
9960,03/09/2022,1852,USB Cable,Office,1482.45,4,Germany,5929.8
9961,24/05/2022,1959,Laptop,Accessories,122.13,4,Canada,488.52
9962,10/12/2024,1976,Keyboard,Office,1130.03,1,Israel,1130.03
9963,03/01/2023,1993,Headphones,Electronics,436.55,3,USA,1309.65
9964,06/08/2022,1735,Mouse,Electronics,1364.4,1,UK,1364.4
9965,08/09/2023,1878,Monitor,Office,138.39,1,Canada,138.39
9966,18/03/2023,1691,Desk Lamp,Accessories,1333.42,1,USA,1333.42
9967,20/04/2024,1534,Monitor,Electronics,8.92,3,UK,26.76
9968,13/08/2024,1866,Keyboard,Accessories,785.36,1,Germany,785.36
9969,30/11/2023,1036,Desk Lamp,Accessories,506.67,4,France,2026.68
9970,25/05/2024,1106,Mouse,Office,643.86,2,USA,1287.72
9971,15/02/2024,1296,Headphones,Electronics,653.51,4,Germany,2614.04
9972,01/02/2024,1740,Monitor,Office,982.14,4,Germany,3928.56
9973,02/08/2024,1824,Headphones,Office,39.53,1,Israel,39.53
9974,11/07/2024,1096,Headphones,Office,1038.59,2,Germany,2077.18
9975,23/07/2024,1280,Monitor,Accessories,38.19,1,Israel,38.19
9976,25/01/2022,1109,Monitor,Office,281.98,2,Germany,563.96
9977,16/03/2024,1548,Desk Lamp,Electronics,912.08,4,France,3648.32
9978,03/02/2024,1551,Keyboard,Accessories,134.22,3,Germany,402.66
9979,19/12/2024,1596,Desk Lamp,Office,1486.4,1,Canada,1486.4
9980,10/03/2023,1813,USB Cable,Electronics,1177.65,4,France,4710.6
9981,28/05/2024,1187,Mouse,Office,1059.97,2,UK,2119.94
9982,25/12/2024,1751,Laptop,Office,405.18,4,Germany,1620.72
9983,28/06/2024,1869,Mouse,Office,77.6,4,Germany,310.4
9984,19/07/2023,1487,Desk Lamp,Accessories,1468.28,4,UK,5873.12
9985,16/04/2022,1353,Laptop,Office,226.03,3,Israel,678.09
9986,06/04/2022,1018,Desk Lamp,Electronics,1246.7,1,France,1246.7
9987,17/06/2022,1858,Monitor,Office,300.29,1,UK,300.29
9988,11/02/2022,1392,Headphones,Office,564.27,1,UK,564.27
9989,14/04/2022,1836,Mouse,Accessories,1041.92,3,Canada,3125.76
9990,04/06/2023,1260,Desk Lamp,Office,1418.32,3,USA,4254.96
9991,09/10/2022,1984,Headphones,Electronics,34.57,2,UK,69.14
9992,02/12/2024,1409,Mouse,Electronics,394.85,1,Israel,394.85
9993,04/08/2024,1402,USB Cable,Office,1148.62,2,Israel,2297.24
9994,19/01/2024,1669,Webcam,Electronics,264.22,4,Israel,1056.88
9995,10/04/2024,1483,Mouse,Electronics,171.63,2,France,343.26
9996,18/02/2022,1303,Headphones,Office,74.05,2,France,148.1
9997,25/04/2022,1623,Webcam,Electronics,756.22,4,Germany,3024.88
9998,18/05/2023,1655,Keyboard,Electronics,1152.76,4,UK,4611.04
9999,12/09/2024,1767,USB Cable,Office,1442.79,2,Canada,2885.58
10000,12/03/2022,1966,Monitor,Accessories,404.89,2,Israel,809.78
